40n_no,40n_set_ciat,40n_sample_id,40n_gene_bank_breeding_program_id,40n_genus,40n_species,40n_tax_name,40n_family,40n_order,40n_functional_group,40n_ot,40n_dm_percentage,40n_av_dm_105,40n_ash_dm,40n_av_ash_percentage,40n_om_percentage,40n_om_percentage,40n_pc_percentage_dm,40n_av_pc_percentage,40n_adf_percentage_dm,40n_av_adf_percentage_dm,40n_ndf_percentage_dm,40n_av_ndf_percentage_dm
No,Set CIAT,Sample ID,Gene bank /Breeding program ID,Genus,Species,Tax Name,Family,Order,Functional Group,OT,"DM, %",Av DM 105,Ash/DM,"Av Ash, %","OM, %","OM, %","PC (%), DM","Av PC, %","ADF, % (DM)"," Av ADF, % (DM)","NDF, % (DM)"," Av NDF, % (DM)"
1,23,F24 3540,ABC-1467-1,Stylosanthes,hamata,Stylosanthes hamata,Fabaceae,Fabales,Herbaceous,OT-033,92.5,92.615,8.49,8.54,91.51,91.46,13.64,13.64,35.11,34.775,53.65239714,52.92729421
2,23,F24 3540,ABC-1467-1,Stylosanthes,hamata,Stylosanthes hamata,Fabaceae,Fabales,Herbaceous,OT-033,92.73,,8.59,,91.41,,13.64,,34.44,,52.20219129,
3,23,F24 3541,ABC-1475-1,Stylosanthes,hamata,Stylosanthes hamata,Fabaceae,Fabales,Herbaceous,OT-033,90.62,90.79,8.7,8.755,91.3,91.245,17.29,17.29,37.69,37.43,58.2158637,56.45312509
4,23,F24 3541,ABC-1475-1,Stylosanthes,hamata,Stylosanthes hamata,Fabaceae,Fabales,Herbaceous,OT-033,90.96,,8.81,,91.19,,17.29,,37.17,,54.69038649,
5,23,F25 0954,ABC-23326,Desmodium,velutinum,Desmodium velutinum,Fabaceae,Fabales,Shrub,OT-005,95.77,95.84,14.95,15.05,85.05,84.95,18.11,18.11,23.08,23,40.57,40
6,23,F25 0954,ABC-23326,Desmodium,velutinum,Desmodium velutinum,Fabaceae,Fabales,Shrub,OT-005,95.91,,15.15,,84.85,,18.11,,22.92,,39.43,
7,23,F25 0971,ABC-13149,Desmodium,strigillosum,Desmodium strigillosum,Fabaceae,Fabales,Herbaceous,OT-005,93.7,93.775,8.14,8.185,91.86,91.815,13.45,13.45,35.26,35.325,51,49.675
8,23,F25 0971,ABC-13149,Desmodium,strigillosum,Desmodium strigillosum,Fabaceae,Fabales,Herbaceous,OT-005,93.85,,8.23,,91.77,,13.45,,35.39,,48.35,
9,23,F25 0974,ABC-13946,Desmodium,sequax,Desmodium sequax,Fabaceae,Fabales,Herbaceous,OT-005,93.83,93.825,6.83,6.805,93.17,93.195,14.37,14.37,52.96,53.08,60.63,60.83
10,23,F25 0974,ABC-13946,Desmodium,sequax,Desmodium sequax,Fabaceae,Fabales,Herbaceous,OT-005,93.82,,6.78,,93.22,,14.37,,53.2,,61.03,
11,23,F25 0980,ABC-19867,Uraria,lagopodioides,Uraria lagopodioides,Fabaceae,Fabales,Herbaceous,OT-005,95.86,95.9,15.49,15.455,84.51,84.545,19.32,19.32,25.22,25.83,43.08,44.285
12,23,F25 0980,ABC-19867,Uraria,lagopodioides,Uraria lagopodioides,Fabaceae,Fabales,Herbaceous,OT-005,95.94,,15.42,,84.58,,19.32,,26.44,,45.49,
13,23,F25 1651,CIAT-798,Galactia,striata,Galactia striata,Fabaceae,Fabales,Climber,OT-008,92.59074093,92.61258014,11.098894,11.09612094,88.901106,88.90387906,17.13448106,17.14905641,24.78973458,24.94540367,56.07531623,56.89266389
14,23,F25 1651,CIAT-798,Galactia,striata,Galactia striata,Fabaceae,Fabales,Climber,OT-008,92.63441935,,11.09334788,,88.90665212,,17.16363176,,25.10107275,,57.71001155,
15,23,F25 1652,CIAT-822,Calopogonium,mucunoides,Calopogonium mucunoides,Fabaceae,Fabales,Climber,OT-008,94.03238705,94.05208276,6.706366116,6.642926026,93.29363388,93.35707397,17.00895537,17.00895537,27.16761458,26.71941801,47.17079133,46.80180129
16,23,F25 1652,CIAT-822,Calopogonium,mucunoides,Calopogonium mucunoides,Fabaceae,Fabales,Climber,OT-008,94.07177847,,6.579485935,,93.42051406,,17.00895537,,26.27122145,,46.43281125,
17,23,F25 1653,CIAT-852,Dioclea,sericea,Dioclea sericea,Fabaceae,Fabales,Climber,OT-008,93.72313843,93.7684251,9.540020776,9.555531325,90.45997922,90.44446867,14.73367257,14.73367257,45.57818948,45.61641176,64.52916051,63.41092761
18,23,F25 1653,CIAT-852,Dioclea,sericea,Dioclea sericea,Fabaceae,Fabales,Climber,OT-008,93.81371177,,9.571041874,,90.42895813,,14.73367257,,45.65463403,,62.29269472,
19,23,F25 1654,CIAT-907,Dioclea,virgata,Dioclea virgata,Fabaceae,Fabales,Climber,OT-008,92.92212336,92.96745912,9.290787184,9.284946755,90.70921282,90.71505325,16.70905083,16.70905083,33.0690178,33.35026429,61.15222931,61.77493281
20,23,F25 1654,CIAT-907,Dioclea,virgata,Dioclea virgata,Fabaceae,Fabales,Climber,OT-008,93.01279488,,9.279106326,,90.72089367,,16.70905083,,33.63151079,,62.39763632,
21,23,F25 1655,CIAT-1992,Stylosanthes,guianensis,Stylosanthes guianensis,Fabaceae,Fabales,Herbaceous,OT-008,93.64,92.46630611,8.467949386,8.31531848,91.53205061,91.68468152,19.94531352,19.94531352,37.8621994,38.55258672,60.93641064,60.22108633
22,23,F25 1655,CIAT-1992,Stylosanthes,guianensis,Stylosanthes guianensis,Fabaceae,Fabales,Herbaceous,OT-008,91.29261222,,8.162687575,,91.83731243,,19.94531352,,39.24297403,,59.50576202,
23,23,F25 1656,CIAT-3001,Codariocalyx,gyroides,Codariocalyx gyroides,Fabaceae,Fabales,Shrub,OT-008,94.43111378,94.49582886,6.961877939,6.972807418,93.03812206,93.02719258,15.81615439,15.81615439,39.57242705,40.09354549,58.11104238,57.839963
24,23,F25 1656,CIAT-3001,Codariocalyx,gyroides,Codariocalyx gyroides,Fabaceae,Fabales,Shrub,OT-008,94.56054395,,6.983736897,,93.0162631,,15.81615439,,40.61466393,,57.56888362,
25,23,F25 1657,CIAT-3304,Desmodium,cajanifolium,Desmodium cajanifolium,Fabaceae,Fabales,Shrub,OT-008,94.87102579,94.91076537,8.19553428,8.195944015,91.80446572,91.80405598,20.82484313,20.82484313,24.77690357,24.96748591,47.72310356,46.60975324
26,23,F25 1657,CIAT-3304,Desmodium,cajanifolium,Desmodium cajanifolium,Fabaceae,Fabales,Shrub,OT-008,94.95050495,,8.196353751,,91.80364625,,20.82484313,,25.15806825,,45.49640292,
27,23,F25 1658,CIAT-5713,Centrosema,macrocarpum,Centrosema macrocarpum,Fabaceae,Fabales,Climber,OT-008,94.60269865,94.6424129,9.377996552,9.341498746,90.62200345,90.65850125,15.88423229,15.88423229,24.7272453,24.60852453,45.3831957,45.89872594
28,23,F25 1658,CIAT-5713,Centrosema,macrocarpum,Centrosema macrocarpum,Fabaceae,Fabales,Climber,OT-008,94.68212715,,9.305000939,,90.69499906,,15.88423229,,24.48980377,,46.41425618,
29,23,F25 1659,CIAT-7381,Galactia,glaucescens,Galactia glaucescens,Fabaceae,Fabales,Herbaceous,OT-008,94.14175747,94.47087874,12.68793541,12.77452078,87.31206459,87.22547922,13.57733849,13.57733849,46.78905476,46.85874716,69.35196774,68.33942305
30,23,F25 1659,CIAT-7381,Galactia,glaucescens,Galactia glaucescens,Fabaceae,Fabales,Herbaceous,OT-008,94.8,,12.86110616,,87.13889384,,13.57733849,,46.92843955,,67.32687836,
31,23,F25 1660,CIAT-7799,Dioclea,guianensis,Dioclea guianensis,Fabaceae,Fabales,Climber,OT-008,93.39198241,93.46293104,7.818936959,7.769646262,92.18106304,92.23035374,20.9527222,20.37739203,52.63036648,52.91980391,65.46390562,65.24709435
32,23,F25 1660,CIAT-7799,Dioclea,guianensis,Dioclea guianensis,Fabaceae,Fabales,Climber,OT-008,93.53387967,,7.720355565,,92.27964444,,19.80206186,,53.20924133,,65.03028307,
33,23,F25 1661,CIAT-7803,Dioclea,holtiana,Dioclea holtiana,Fabaceae,Fabales,Climber,OT-008,94.21289355,94.24259232,11.443454,11.45463261,88.556546,88.54536739,20.26242214,20.30719452,42.34795436,41.01564449,57.90467215,58.23852862
34,23,F25 1661,CIAT-7803,Dioclea,holtiana,Dioclea holtiana,Fabaceae,Fabales,Climber,OT-008,94.27229108,,11.46581123,,88.53418877,,20.3519669,,39.68333463,,58.57238508,
35,23,F25 1662,CIAT-8182,Eriosema,diffusum,Eriosema diffusum,Fabaceae,Fabales,Herbaceous,OT-008,93.16478465,93.32304419,7.26000462,7.31538588,92.73999538,92.68461412,13.82686494,13.82686494,47.43167711,46.99468757,63.34230175,63.36005574
36,23,F25 1662,CIAT-8182,Eriosema,diffusum,Eriosema diffusum,Fabaceae,Fabales,Herbaceous,OT-008,93.48130374,,7.37076714,,92.62923286,,13.82686494,,46.55769802,,63.37780974,
37,23,F25 1663,CIAT-8434,Dioclea,sericea,Dioclea sericea,Fabaceae,Fabales,Climber,OT-008,93.49195241,93.51597621,8.41315038,8.366292233,91.58684962,91.63370777,18.04924226,18.04924226,45.53654535,46.46920206,63.32727069,62.40995594
38,23,F25 1663,CIAT-8434,Dioclea,sericea,Dioclea sericea,Fabaceae,Fabales,Climber,OT-008,93.54,,8.319434086,,91.68056591,,18.04924226,,47.40185878,,61.49264118,
39,23,F25 1664,CIAT-8702,Calopogonium,caeruleum,Calopogonium caeruleum,Fabaceae,Fabales,Climber,OT-008,92.91495953,93.00885921,8.670523453,8.677197194,91.32947655,91.32280281,23.9176173,23.9176173,31.95085835,31.38909249,50.63369361,50.99436438
40,23,F25 1664,CIAT-8702,Calopogonium,caeruleum,Calopogonium caeruleum,Fabaceae,Fabales,Climber,OT-008,93.1027589,,8.683870935,,91.31612906,,23.9176173,,30.82732663,,51.35503515,
41,23,F25 1665,CIAT-8816,Crotalaria,micans,Crotalaria micans,Fabaceae,Fabales,Herbaceous,OT-008,93.40065993,93.44598084,9.319961125,9.292747145,90.68003887,90.70725285,25.37682176,25.37682176,21.39620134,21.11361378,41.25203665,41.71649983
42,23,F25 1665,CIAT-8816,Crotalaria,micans,Crotalaria micans,Fabaceae,Fabales,Herbaceous,OT-008,93.49130174,,9.265533166,,90.73446683,,25.37682176,,20.83102622,,42.18096301,
43,23,F25 1666,CIAT-8826,Zapoteca,formosa,Zapoteca formosa,Fabaceae,Fabales,Shrub,OT-008,93.62063794,93.70687069,9.560776092,9.521533042,90.43922391,90.47846696,17.79474143,17.79474143,12.29338578,11.18826073,37.82826716,38.61537092
44,23,F25 1666,CIAT-8826,Zapoteca,formosa,Zapoteca formosa,Fabaceae,Fabales,Shrub,OT-008,93.79310345,,9.482289992,,90.51771001,,17.79474143,,10.08313569,,39.40247468,
45,23,F25 1667,CIAT-9578,Dioclea,sericea,Dioclea sericea,Fabaceae,Fabales,Climber,OT-008,95.05049495,95.07598225,7.22507715,7.245384357,92.77492285,92.75461564,14.70468713,14.70468713,49.077856,50.07506471,63.24887269,63.42742148
46,23,F25 1667,CIAT-9578,Dioclea,sericea,Dioclea sericea,Fabaceae,Fabales,Climber,OT-008,95.10146956,,7.265691564,,92.73430844,,14.70468713,,51.07227343,,63.60597027,
47,23,F25 1668,CIAT-9740,Chamaecrista,desvauxii,Chamaecrista desvauxii,Fabaceae,Fabales,Herbaceous,OT-008,95.26189524,95.38162242,8.258246254,8.269140098,91.74175375,91.7308599,17.1158244,17.1158244,37.59678561,37.57409195,53.17945358,53.42921321
48,23,F25 1668,CIAT-9740,Chamaecrista,desvauxii,Chamaecrista desvauxii,Fabaceae,Fabales,Herbaceous,OT-008,95.5013496,,8.280033942,,91.71996606,,17.1158244,,37.55139829,,53.67897284,
49,23,F25 1669,CIAT-9934,Aeschynomene,americana,Aeschynomene americana,Fabaceae,Fabales,Herbaceous,OT-008,93.82,93.805,7.899365705,7.856724055,92.10063429,92.14327594,18.35356516,18.35356516,23.44788858,23.99150083,60.95531778,61.13696239
50,23,F25 1669,CIAT-9934,Aeschynomene,americana,Aeschynomene americana,Fabaceae,Fabales,Herbaceous,OT-008,93.79,,7.814082405,,92.1859176,,18.35356516,,24.53511309,,61.318607,
51,23,F25 2096,CIAT-PM21_4448,Megathyrsus,maximus,Megathyrsus maximus,Poaceae,Poales,grasses,OT-013,95.45,95.49,11.22,11.265,88.78,88.735,11.97,12.025,30.8,31.225,71.78,72.065
52,23,F25 2096,CIAT-PM21_4448,Megathyrsus,maximus,Megathyrsus maximus,Poaceae,Poales,grasses,OT-013,95.53,,11.31,,88.69,,12.08,,31.65,,72.35,
53,23,F25 2101,CIAT-CIAT_16071,Megathyrsus,maximus,Megathyrsus maximus,Poaceae,Poales,grasses,OT-013,92.96,93.03,13.6,13.63,86.4,86.37,16.88,16.955,28.86,28.87,66.57,66.515
54,23,F25 2101,CIAT-CIAT_16071,Megathyrsus,maximus,Megathyrsus maximus,Poaceae,Poales,grasses,OT-013,93.1,,13.66,,86.34,,17.03,,28.88,,66.46,
55,23,F25 2105,CIAT-BR09_4467,Urochloa,interespecifico,Brachiaria interespecifico,Poaceae,Poales,grasses,OT-013,92.32,92.305,14.58,14.625,85.42,85.375,13.61,13.655,24.69,24.32,59.75,58.96
56,23,F25 2105,CIAT-BR09_4467,Urochloa,interespecifico,Brachiaria interespecifico,Poaceae,Poales,grasses,OT-013,92.29,,14.67,,85.33,,13.7,,23.95,,58.17,
57,23,F25 2131,Muestra # 02,Cynodon,nlenfuensis,Cynodon nlemfuensis, Poaceae,Poales,grasses,OT-016,92.11,92.175,9.45,9.295,90.55,90.705,5.75,5.74,39.56,40.04,77.29,77.785
58,23,F25 2131,Muestra # 02,Cynodon,nlenfuensis,Cynodon nlemfuensis, Poaceae,Poales,grasses,OT-016,92.24,,9.14,,90.86,,5.73,,40.52,,78.28,
59,23,F25 2170,CIAT-BH22_0765,Urochloa,humidicola,Urochloa humidicola,Poaceae,Poales,grasses,OT-020,97.37,97.485,10.96,10.745,89.04,89.255,9.8,9.79,37.41,36.16,73.32,72.255
60,23,F25 2170,CIAT-BH22_0765,Urochloa,humidicola,Urochloa humidicola,Poaceae,Poales,grasses,OT-020,97.6,,10.53,,89.47,,9.78,,34.91,,71.19,
61,23,F25 2171,CIAT-BH22_2531,Urochloa,humidicola,Urochloa humidicola,Poaceae,Poales,grasses,OT-020,96.47,96.45,12.31,12.34,87.69,87.66,6.21,6.22,32.78,33.045,70.94,71.22
62,23,F25 2171,CIAT-BH22_2531,Urochloa,humidicola,Urochloa humidicola,Poaceae,Poales,grasses,OT-020,96.43,,12.37,,87.63,,6.23,,33.31,,71.5,
63,23,F25 0017,Hohenheimer Heustandard,Hohenheimer,Heustandard,Hohenheimer Heustandard,0,0,0,OT-002,91.34432784,91.33303174,9.990152095,10.05857506,90.0098479,89.94142494,0,#DIV/0!,0,#DIV/0!,0,#DIV/0!
64,23,F25 0017,Hohenheimer Heustandard,Hohenheimer,Heustandard,Hohenheimer Heustandard,0,0,0,OT-002,91.32173565,,10.12699803,,89.87300197,,0,,0,,0,
65,23,F25 0008,Sample 8,Cynodon,nlemfuensis ,Cynodon nlemfuensis ,0,0,0,OT-001,93.64063594,93.73093584,11.33,11.415,88.67058195,88.58614349,0,13.1,0,37.8,0,76.1
66,23,F25 0008,Sample 8,Cynodon,nlemfuensis ,Cynodon nlemfuensis ,0,0,0,OT-001,93.82123575,,11.5,,88.50170503,,0,,0,,0,
67,24,F25 1667,CIAT-9578,Dioclea,sericea,Dioclea sericea,Fabaceae,Fabales,Climber,OT-008,95.05049495,95.07598225,7.22507715,7.245384357,92.77492285,92.75461564,14.70468713,14.70468713,49.077856,50.07506471,63.24887269,63.42742148
68,24,F25 1667,CIAT-9578,Dioclea,sericea,Dioclea sericea,Fabaceae,Fabales,Climber,OT-008,95.10146956,,7.265691564,,92.73430844,,14.70468713,,51.07227343,,63.60597027,
69,24,F25 1670,CIAT-13158,Desmodium,strigillosum,Desmodium strigillosum,Fabaceae,Fabales,Herbaceous,OT-008,93.45196441,93.51726569,7.29058379,7.322286218,92.70941621,92.67771378,16.80819025,16.5277926,37.46459205,38.16590332,49.74924242,50.2888795
70,24,F25 1670,CIAT-13158,Desmodium,strigillosum,Desmodium strigillosum,Fabaceae,Fabales,Herbaceous,OT-008,93.58256697,,7.353988645,,92.64601135,,16.24739495,,38.86721458,,50.82851659,
71,24,F25 1671,CIAT-13329,Desmodium,cajanifolium,Desmodium cajanifolium,Fabaceae,Fabales,Shrub,OT-008,94.08295852,94.17205315,11.51570699,11.52274237,88.48429301,88.47725763,20.27549341,20.27549341,26.2439701,25.92967063,52.02906088,52.31473756
72,24,F25 1671,CIAT-13329,Desmodium,cajanifolium,Desmodium cajanifolium,Fabaceae,Fabales,Shrub,OT-008,94.26114777,,11.52977775,,88.47022225,,20.27549341,,25.61537115,,52.60041423,
73,24,F25 1672,CIAT-13387,Desmodium,sequax,Desmodium sequax,Fabaceae,Fabales,Shrub,OT-008,92.5214957,92.57795752,5.216181392,5.231331626,94.78381861,94.76866837,18.43450369,18.43450369,57.08983488,57.23105105,63.60823844,63.9246525
74,24,F25 1672,CIAT-13387,Desmodium,sequax,Desmodium sequax,Fabaceae,Fabales,Shrub,OT-008,92.63441935,,5.246481861,,94.75351814,,18.43450369,,57.37226721,,64.24106655,
75,24,F25 1673,CIAT-13547,Codariocalyx,gyroides,Codariocalyx gyroides,Fabaceae,Fabales,Shrub,OT-008,94.74210316,94.80758966,7.654552961,7.606351872,92.34544704,92.39364813,17.23665416,17.23665416,42.79058774,42.41983851,58.08298714,58.2670102
76,24,F25 1673,CIAT-13547,Codariocalyx,gyroides,Codariocalyx gyroides,Fabaceae,Fabales,Shrub,OT-008,94.87307615,,7.558150783,,92.44184922,,17.23665416,,42.04908929,,58.45103326,
77,24,F25 1674,CIAT-13953,Desmodium,velutinum,Desmodium velutinum,Fabaceae,Fabales,Shrub,OT-008,92.87,92.93534997,10.04999713,10.14094696,89.95000287,89.85905304,22.1380071,22.1380071,28.53235004,28.43350712,44.43673647,44.47220374
78,24,F25 1674,CIAT-13953,Desmodium,velutinum,Desmodium velutinum,Fabaceae,Fabales,Shrub,OT-008,93.00069993,,10.2318968,,89.7681032,,22.1380071,,28.3346642,,44.50767102,
79,24,F25 1675,CIAT-15086,Centrosema,acutifolium,Centrosema acutifolium,Fabaceae,Fabales,Climber,OT-008,95.03049695,95.09597426,6.624223698,6.670867898,93.3757763,93.3291321,25.42628158,25.42628158,26.93609793,27.19367748,55.38060158,56.24999975
80,24,F25 1675,CIAT-15086,Centrosema,acutifolium,Centrosema acutifolium,Fabaceae,Fabales,Climber,OT-008,95.16145156,,6.717512097,,93.2824879,,25.42628158,,27.45125703,,57.11939791,
81,24,F25 1676,CIAT-17403,Flemingia,macrophylla,Flemingia macrophylla,Fabaceae,Fabales,Shrub,OT-008,93.93121376,93.94560688,5.842638524,6.104011992,94.15736148,93.89598801,18.3851851,18.3851851,51.52755452,51.91427615,63.61391173,64.1901126
82,24,F25 1676,CIAT-17403,Flemingia,macrophylla,Flemingia macrophylla,Fabaceae,Fabales,Shrub,OT-008,93.96,,6.365385459,,93.63461454,,18.3851851,,52.30099778,,64.76631348,
83,24,F25 1677,CIAT-17519,Mimosa,somnians,Mimosa somnians,Fabaceae,Fabales,Herbaceous,OT-008,93.99,94.495,8.741203238,8.751785809,91.25879676,91.24821419,17.65179446,17.65179446,25.59568862,25.5611725,46.60433872,46.20691915
84,24,F25 1677,CIAT-17519,Mimosa,somnians,Mimosa somnians,Fabaceae,Fabales,Herbaceous,OT-008,95,,8.762368379,,91.23763162,,17.65179446,,25.52665638,,45.80949958,
85,24,F25 1678,CIAT-17896,Chamaecrista,desvauxii,Chamaecrista desvauxii,Fabaceae,Fabales,Herbaceous,OT-008,94.68319009,94.70712194,6.363179501,6.327503235,93.6368205,93.67249677,15.64033488,15.64033488,39.38483751,40.33039923,52.92619891,51.7417056
86,24,F25 1678,CIAT-17896,Chamaecrista,desvauxii,Chamaecrista desvauxii,Fabaceae,Fabales,Herbaceous,OT-008,94.73105379,,6.291826968,,93.70817303,,15.64033488,,41.27596095,,50.55721229,
87,24,F25 1679,CIAT-18123,Dioclea,virgata,Dioclea virgata,Fabaceae,Fabales,Climber,OT-008,94.48055194,94.60711918,8.190953434,8.309968172,91.80904657,91.69003183,14.9986906,14.9986906,42.28676206,40.99020228,63.71362875,62.79093768
88,24,F25 1679,CIAT-18123,Dioclea,virgata,Dioclea virgata,Fabaceae,Fabales,Climber,OT-008,94.73368642,,8.42898291,,91.57101709,,14.9986906,,39.6936425,,61.86824661,
89,24,F25 1680,CIAT-18126,Dioclea,virgata,Dioclea virgata,Fabaceae,Fabales,Climber,OT-008,92.79072093,92.79715956,10.27945913,10.30433129,89.72054087,89.69566871,17.86623651,18.01766567,40.83493966,40.49189741,56.25746006,56.41229591
90,24,F25 1680,CIAT-18126,Dioclea,virgata,Dioclea virgata,Fabaceae,Fabales,Climber,OT-008,92.8035982,,10.32920344,,89.67079656,,18.16909484,,40.14885516,,56.56713176,
91,24,F25 1681,CIAT-18127,Dioclea,virgata,Dioclea virgata,Fabaceae,Fabales,Climber,OT-008,94.04416908,94.18765143,9.134931263,9.200904419,90.86506874,90.79909558,17.34307537,17.34307537,37.05032581,37.76793925,54.98675123,54.54240007
92,24,F25 1681,CIAT-18127,Dioclea,virgata,Dioclea virgata,Fabaceae,Fabales,Climber,OT-008,94.33113377,,9.266877576,,90.73312242,,17.34307537,,38.48555269,,54.0980489,
93,24,F25 1682,CIAT-18668,Cratylia,argentea,Cratylia argentea,Fabaceae,Fabales,Shrub,OT-008,94.07237105,94.10677141,12.8632167,12.82200635,87.1367833,87.17799365,21.25858579,21.25858579,27.06397155,27.9997488,50.63536382,50.1053531
94,24,F25 1682,CIAT-18668,Cratylia,argentea,Cratylia argentea,Fabaceae,Fabales,Shrub,OT-008,94.14117177,,12.78079601,,87.21920399,,21.25858579,,28.93552604,,49.57534238,
95,24,F25 1683,CIAT-19228,Eriosema,psoraleoides,Eriosema psoraleoides,Fabaceae,Fabales,Herbaceous,OT-008,93.71125775,93.68689637,9.444469501,9.422186265,90.5555305,90.57781374,17.92705995,17.92705995,47.89445932,47.96777384,62.14975858,62.310629
96,24,F25 1683,CIAT-19228,Eriosema,psoraleoides,Eriosema psoraleoides,Fabaceae,Fabales,Herbaceous,OT-008,93.66253499,,9.399903029,,90.60009697,,17.92705995,,48.04108836,,62.47149943,
97,24,F25 1684,CIAT-19537,Crotalaria,verrucosa,Crotalaria verrucosa,Fabaceae,Fabales,Herbaceous,OT-008,93.42131574,93.50065787,9.003483535,9.03646922,90.99651646,90.96353078,28.31684495,28.31684495,24.28334695,24.02234761,44.77658373,44.45502558
98,24,F25 1684,CIAT-19537,Crotalaria,verrucosa,Crotalaria verrucosa,Fabaceae,Fabales,Herbaceous,OT-008,93.58,,9.069454904,,90.9305451,,28.31684495,,23.76134828,,44.13346742,
99,24,F25 1685,CIAT-20208,Aeschynomene,sensitiva,Aeschynomene sensitiva,Fabaceae,Fabales,Herbaceous,OT-008,95.33140058,95.4561422,7.812763536,7.865523699,92.18723646,92.1344763,19.00166881,19.00166881,24.4870656,25.3826256,58.34101098,59.6430658
100,24,F25 1685,CIAT-20208,Aeschynomene,sensitiva,Aeschynomene sensitiva,Fabaceae,Fabales,Herbaceous,OT-008,95.58088382,,7.918283861,,92.08171614,,19.00166881,,26.2781856,,60.94512061,
101,24,F25 1686,CIAT-20345,Pachyrhizus,erosus,Pachyrhizus erosus,Fabaceae,Fabales,Climber,OT-008,94.20231907,93.71751299,10.6980961,10.62876647,89.3019039,89.37123353,17.93719194,17.93719194,23.26109268,22.48245579,38.18978026,38.50445451
102,24,F25 1686,CIAT-20345,Pachyrhizus,erosus,Pachyrhizus erosus,Fabaceae,Fabales,Climber,OT-008,93.23270692,,10.55943683,,89.44056317,,17.93719194,,21.70381891,,38.81912876,
103,24,F25 1687,CIAT-20927,Mimosa,albida,Mimosa albida,Fabaceae,Fabales,Herbaceous,OT-008,93.82,93.67532347,8.753639375,8.619775455,91.24636062,91.38022454,13.92710416,13.92710416,41.86055494,41.21777057,57.35156864,59.00822426
104,24,F25 1687,CIAT-20927,Mimosa,albida,Mimosa albida,Fabaceae,Fabales,Herbaceous,OT-008,93.53064694,,8.485911535,,91.51408847,,13.92710416,,40.5749862,,60.66487987,
105,24,F25 1688,CIAT-21849,Chamaecrista,desvauxii,Chamaecrista desvauxii,Fabaceae,Fabales,Herbaceous,OT-008,94.86,94.9010116,5.900885466,5.920771925,94.09911453,94.07922808,17.50614857,17.50614857,42.82984546,43.79236021,58.86466038,58.22557704
106,24,F25 1688,CIAT-21849,Chamaecrista,desvauxii,Chamaecrista desvauxii,Fabaceae,Fabales,Herbaceous,OT-008,94.94202319,,5.940658384,,94.05934162,,17.50614857,,44.75487496,,57.58649369,
107,24,F25 1689,CIAT-22072,Bauhinia,sp.,Bauhinia sp.,Fabaceae,Fabales,Shrub,OT-008,93.57257097,93.61192036,7.827068545,7.779789906,92.17293146,92.22021009,26.74599813,26.74332406,29.76349318,29.96617525,45.92972813,45.09826938
108,24,F25 1689,CIAT-22072,Bauhinia,sp.,Bauhinia sp.,Fabaceae,Fabales,Shrub,OT-008,93.65126975,,7.732511268,,92.26748873,,26.74065,,30.16885731,,44.26681064,
109,24,F25 1690,CIAT-22409,Cratylia,argentea,Cratylia argentea,Fabaceae,Fabales,Shrub,OT-008,92.86428143,92.92854215,11.36751052,11.38478179,88.63248948,88.61521821,19.1435264,19.09002208,30.9802417,30.48124597,56.4329839,55.89666272
110,24,F25 1690,CIAT-22409,Cratylia,argentea,Cratylia argentea,Fabaceae,Fabales,Shrub,OT-008,92.99280288,,11.40205307,,88.59794693,,19.03651776,,29.98225023,,55.36034153,
111,24,F25 1691,CIAT-22692,Lablab,purpureus,Lablab purpureus,Fabaceae,Fabales,Climber,OT-008,92.17156569,92.2669285,7.314267831,7.389746311,92.68573217,92.61025369,25.29868124,25.29868124,25.65925088,24.26003402,44.03638142,42.74357346
112,24,F25 1691,CIAT-22692,Lablab,purpureus,Lablab purpureus,Fabaceae,Fabales,Climber,OT-008,92.36229131,,7.465224791,,92.53477521,,25.29868124,,22.86081715,,41.4507655,
113,24,F25 1692,CIAT-23715,Desmodium,sequax,Desmodium sequax,Fabaceae,Fabales,Shrub,OT-008,93.76374175,93.79248875,5.199855362,5.216884679,94.80014464,94.78311532,16.813217,16.813217,58.10429458,59.1384802,64.69971686,65.41813429
114,24,F25 1692,CIAT-23715,Desmodium,sequax,Desmodium sequax,Fabaceae,Fabales,Shrub,OT-008,93.82123575,,5.233913996,,94.766086,,16.813217,,60.17266582,,66.13655172,
115,24,F25 1693,CIAT-23746,Codariocalyx,gyroides,Codariocalyx gyroides,Fabaceae,Fabales,Shrub,OT-008,93.77124575,93.8365376,6.882935393,6.88259135,93.11706461,93.11740865,18.87599604,18.87599604,41.54960311,40.50069508,55.31609704,56.60026432
116,24,F25 1693,CIAT-23746,Codariocalyx,gyroides,Codariocalyx gyroides,Fabaceae,Fabales,Shrub,OT-008,93.90182945,,6.882247306,,93.11775269,,18.87599604,,39.45178704,,57.88443161,
117,24,F25 1694,CIAT-23985,Desmodium,velutinum,Desmodium velutinum,Fabaceae,Fabales,Shrub,OT-008,95.10048995,95.16548345,12.03047019,12.04097715,87.96952981,87.95902285,18.34068238,18.34068238,24.66270241,24.8690683,39.75223693,39.70345079
118,24,F25 1694,CIAT-23985,Desmodium,velutinum,Desmodium velutinum,Fabaceae,Fabales,Shrub,OT-008,95.23047695,,12.05148411,,87.94851589,,18.34068238,,25.07543419,,39.65466464,
119,24,F25 1695,CIAT-32265,Chamaecrista,diphylla,Chamaecrista diphylla,Fabaceae,Fabales,Herbaceous,OT-008,95.76,95.80582967,8.068402546,8.040705499,91.93159745,91.9592945,17.04227797,17.04227797,37.34095933,37.98091387,54.2817187,53.25953053
120,24,F25 1695,CIAT-32265,Chamaecrista,diphylla,Chamaecrista diphylla,Fabaceae,Fabales,Herbaceous,OT-008,95.85165934,,8.013008451,,91.98699155,,17.04227797,,38.62086841,,52.23734236,
121,24,F25 1696,CIAT-33070,Desmodium,oblongum,Desmodium oblongum,Fabaceae,Fabales,Shrub,OT-008,96.01,95.99560282,10.0108752,10.01978804,89.9891248,89.98021196,16.08644516,16.08644516,39.02928157,39.34447648,54.61927237,54.17887651
122,24,F25 1696,CIAT-33070,Desmodium,oblongum,Desmodium oblongum,Fabaceae,Fabales,Shrub,OT-008,95.98120564,,10.02870088,,89.97129912,,16.08644516,,39.65967139,,53.73848065,
123,24,F25 1697,CIAT-33079,Desmodium,oblongum,Desmodium oblongum,Fabaceae,Fabales,Shrub,OT-008,95.6117553,95.65609263,10.481287,10.50899172,89.518713,89.49100828,18.2657918,18.2657918,29.01546471,28.90196151,47.09665479,45.96281247
124,24,F25 1697,CIAT-33079,Desmodium,oblongum,Desmodium oblongum,Fabaceae,Fabales,Shrub,OT-008,95.70042996,,10.53669643,,89.46330357,,18.2657918,,28.7884583,,44.82897014,
125,24,F25 1698,CIAT-33131,Codariocalyx,gyroides,Codariocalyx gyroides,Fabaceae,Fabales,Shrub,OT-008,94.82,94.83654407,6.906620295,6.904549551,93.09337971,93.09545045,17.67105206,17.67105206,40.6832769,41.11176551,55.22776158,56.04829259
126,24,F25 1698,CIAT-33131,Codariocalyx,gyroides,Codariocalyx gyroides,Fabaceae,Fabales,Shrub,OT-008,94.85308815,,6.902478808,,93.09752119,,17.67105206,,41.54025411,,56.8688236,
127,24,F25 1699,CIAT-33195,Dalea,carthagenensis,Dalea carthagenensis,Fabaceae,Fabales,Herbaceous,OT-008,95.68043196,95.71149321,6.310000876,6.438946834,93.68999912,93.56105317,16.46952677,16.46952677,23.28306389,23.47900133,44.21996024,43.57814362
128,24,F25 1699,CIAT-33195,Dalea,carthagenensis,Dalea carthagenensis,Fabaceae,Fabales,Herbaceous,OT-008,95.74255447,,6.567892791,,93.43210721,,16.46952677,,23.67493878,,42.936327,
129,24,F25 1700,CIAT-43055,Desmodium,discolor,Desmodium discolor,Fabaceae,Fabales,Herbaceous,OT-008,94.75209916,94.82283683,8.992126422,9.01712506,91.00787358,90.98287494,27.97875246,28.01944151,21.98323896,22.44849579,41.98171086,43.07367301
130,24,F25 1700,CIAT-43055,Desmodium,discolor,Desmodium discolor,Fabaceae,Fabales,Herbaceous,OT-008,94.8935745,,9.042123699,,90.9578763,,28.06013055,,22.91375263,,44.16563516,
131,24,F25 0017,Hohenheimer Heustandard,Hohenheimer,Heustandard,Hohenheimer Heustandard,0,0,0,OT-002,91.34432784,91.33303174,9.990152095,10.05857506,90.0098479,89.94142494,0,#REF!,0,#DIV/0!,0,#DIV/0!
132,24,F25 0017,Hohenheimer Heustandard,Hohenheimer,Heustandard,Hohenheimer Heustandard,0,0,0,OT-002,91.32173565,,10.12699803,,89.87300197,,0,,0,,0,
133,24,F25 0008,Sample 8,Cynodon,nlemfuensis ,Cynodon nlemfuensis ,0,0,0,OT-001,93.64063594,93.73093584,11.33,11.415,88.67058195,88.58614349,0,13.1,0,37.8,0,76.1
134,24,F25 0008,Sample 8,Cynodon,nlemfuensis ,Cynodon nlemfuensis ,0,0,0,OT-001,93.82123575,,11.5,,88.50170503,,0,,0,,0,
135,25,F25 2136,CIAT_6962_Mombaza _Ex,Megathyrsus ,maximus,Megathyrsus maximus,Poaceae,Poales,grasses,OT-018,96.92184689,96.9368379,12.06247745,12.02639311,87.93752255,87.97360689,0,13.1,37.86377705,37.83183283,69.12975235,68.7941444
136,25,F25 2136,CIAT_6962_Mombaza _Ex,Megathyrsus ,maximus,Megathyrsus maximus,Poaceae,Poales,grasses,OT-018,96.9518289,,11.99030878,,88.00969122,,0,,37.79988862,,68.45853645,
137,25,F25 2137,CIAT_606_Basilisk_Opt,Brachiaria,interespecifico,Brachiaria interespecifico,Poaceae,Poales,grasses,OT-018,96.70032997,96.78532147,10.74435663,10.5945555,89.25564337,89.4054445,5.233264588,5.254881288,30.94339318,31.26614986,62.19319958,62.47008518
138,25,F25 2137,CIAT_606_Basilisk_Opt,Brachiaria,interespecifico,Brachiaria interespecifico,Poaceae,Poales,grasses,OT-018,96.87031297,,10.44475438,,89.55524562,,5.276497987,,31.58890653,,62.74697079,
139,25,F25 2138,CIAT_6294_Marandu_Opt,Brachiaria,interespecifico,Brachiaria interespecifico ,Poaceae,Poales,grasses,OT-018,96.07196402,96.11598201,11.35559613,11.29601044,88.64440387,88.70398956,8.59396902,8.499632808,32.06626398,32.37136234,64.31258378,64.62485697
140,25,F25 2138,CIAT_6294_Marandu_Opt,Brachiaria,interespecifico,Brachiaria interespecifico ,Poaceae,Poales,grasses,OT-018,96.16,,11.23642476,,88.76357524,,8.405296596,,32.6764607,,64.93713016,
141,25,F25 2139,CIAT_36087_MulatoII_Opt,Brachiaria,interespecifico,Brachiaria interespecifico,Poaceae,Poales,grasses,OT-018,96.97151424,96.95106406,11.51551858,11.54818282,88.48448142,88.45181718,7.711576656,7.591958095,28.98832437,29.43895046,58.62142309,59.22655141
142,25,F25 2139,CIAT_36087_MulatoII_Opt,Brachiaria,interespecifico,Brachiaria interespecifico,Poaceae,Poales,grasses,OT-018,96.93061388,,11.58084706,,88.41915294,,7.472339535,,29.88957654,,59.83167972,
143,25,F25 2140,CIAT_6133_Llanero _Opt,Brachiaria,humidicola,Brachiaria humidicola,Poaceae,Poales,grasses,OT-018,97.32,97.39012699,12.96846035,13.06021458,87.03153965,86.93978542,10.3571472,10.3341284,30.85190064,30.98334134,64.02927966,64.12482081
144,25,F25 2140,CIAT_6133_Llanero _Opt,Brachiaria,humidicola,Brachiaria humidicola,Poaceae,Poales,grasses,OT-018,97.46025397,,13.15196881,,86.84803119,,10.3111096,,31.11478204,,64.22036196,
145,25,F25 2141,CIAT_6962_Mombaza _Opt,Megathyrsus ,maximus,Megathyrsus maximus ,Poaceae,Poales,grasses,OT-018,97.50024998,97.52061679,12.37563247,12.24052503,87.62436753,87.75947497,9.516927232,9.461505036,32.61553164,32.96455445,64.95567797,65.42258686
146,25,F25 2141,CIAT_6962_Mombaza _Opt,Megathyrsus ,maximus,Megathyrsus maximus ,Poaceae,Poales,grasses,OT-018,97.54098361,,12.10541758,,87.89458242,,9.406082841,,33.31357727,,65.88949575,
147,25,F25 2566,Paja Sabana Madura,0,0,0,Poaceae,Poales,grasses,OT-028,92.41075892,92.40537946,7.304039123,7.326048086,92.69596088,92.67395191,7.088053565,7.205838303,46.45504982,46.15231025,78.93818278,77.95737831
148,25,F25 2566,Paja Sabana Madura,0,0,0,Poaceae,Poales,grasses,OT-028,92.4,,7.34805705,,92.65194295,,7.323623042,,45.84957068,,76.97657383,
149,25,F25 2567,Humidicola 679,Urochloa,humidicola,Urochloa humidicola,Poaceae,Poales,grasses,OT-028,92.21389305,92.24733249,6.002592416,6.074248511,93.99740758,93.92575149,5.979910186,6.015455806,43.09982027,43.85594512,80.94822765,81.88270004
150,25,F25 2567,Humidicola 679,Urochloa,humidicola,Urochloa humidicola,Poaceae,Poales,grasses,OT-028,92.28077192,,6.145904606,,93.85409539,,6.051001425,,44.61206996,,82.81717242,
151,25,F25 2568,Sabana Quemada,0,0,0,Poaceae,Poales,grasses,OT-028,93.75374775,93.61850306,11.39048531,11.39105455,88.60951469,88.60894545,2.29074845,2.286884733,51.04375622,49.66183353,78.63735444,77.83093467
152,25,F25 2568,Sabana Quemada,0,0,0,Poaceae,Poales,grasses,OT-028,93.48325837,,11.39162379,,88.60837621,,2.283021015,,48.27991085,,77.02451491,
153,25,F24 3548,ABC-2783-1,Stylosanthes,humilis,Stylosanthes humilis,Fabaceae,Fabales,Herbaceous,OT-033,89.80305908,89.74756033,10.11423239,10.10916793,89.88576761,89.89083207,4.055548602,4.070618715,31.10006232,31.29929558,49.93660615,49.64805484
154,25,F24 3548,ABC-2783-1,Stylosanthes,humilis,Stylosanthes humilis,Fabaceae,Fabales,Herbaceous,OT-033,89.69206159,,10.10410348,,89.89589652,,4.085688827,,31.49852885,,49.35950353,
155,25,F24 3549,ABC-10440-1,Stylosanthes,humilis,Stylosanthes humilis,Fabaceae,Fabales,Herbaceous,OT-033,90.2509749,90.24048745,11.72305514,11.90648605,88.27694486,88.09351395,17.78325823,17.78325823,31.24625668,31.36834392,52.05369224,51.77233393
156,25,F24 3549,ABC-10440-1,Stylosanthes,humilis,Stylosanthes humilis,Fabaceae,Fabales,Herbaceous,OT-033,90.23,,12.08991696,,87.91008304,,17.78325823,,31.49043116,,51.49097562,
157,25,F24 3550,ABC-10613-1,Stylosanthes,scabra,Stylosanthes scabra,Fabaceae,Fabales,Herbaceous,OT-033,92.82287085,92.83643543,8.92611321,7.893821676,91.07388679,92.10617832,19.4411267,19.4411267,45.358954,46.21376338,59.70617907,59.51261586
158,25,F24 3550,ABC-10613-1,Stylosanthes,scabra,Stylosanthes scabra,Fabaceae,Fabales,Herbaceous,OT-033,92.85,,6.861530143,,93.13846986,,19.4411267,,47.06857275,,59.31905266,
159,25,F24 3551,ABC-10627-1,Stylosanthes,scabra,Stylosanthes scabra,Fabaceae,Fabales,Herbaceous,OT-033,93.35,93.38631547,13.71721321,13.71447086,86.28278679,86.28552914,15.96040922,15.96040922,39.45479194,39.59186487,58.35505896,57.4958606
160,25,F24 3551,ABC-10627-1,Stylosanthes,scabra,Stylosanthes scabra,Fabaceae,Fabales,Herbaceous,OT-033,93.42263095,,13.71172852,,86.28827148,,15.96040922,,39.7289378,,56.63666224,
161,25,F24 3552,ABC-10634-1,Stylosanthes,scabra,Stylosanthes scabra,Fabaceae,Fabales,Herbaceous,OT-033,92.91,93.02,10.52461836,10.56224468,89.47538164,89.43775532,11.82940985,11.82940985,33.72865462,33.59233204,57.2811761,56.98831656
162,25,F24 3552,ABC-10634-1,Stylosanthes,scabra,Stylosanthes scabra,Fabaceae,Fabales,Herbaceous,OT-033,93.13,,10.599871,,89.400129,,11.82940985,,33.45600945,,56.69545701,
163,25,F24 3553,ABC-10639-1,Stylosanthes,scabra,Stylosanthes scabra,Fabaceae,Fabales,Herbaceous,OT-033,93.19,93.2,11.25536481,11.08369099,88.74463519,88.91630901,15.7419787,15.7419787,35.55480029,35.0443924,54.97199008,53.93931167
164,25,F24 3553,ABC-10639-1,Stylosanthes,scabra,Stylosanthes scabra,Fabaceae,Fabales,Herbaceous,OT-033,93.21,,10.91201717,,89.08798283,,15.7419787,,34.5339845,,52.90663325,
165,25,F24 3554,ABC-10725-1,Stylosanthes,scabra,Stylosanthes scabra,Fabaceae,Fabales,Herbaceous,OT-033,92.41227632,92.39151962,11.44783309,11.55179076,88.55216691,88.44820924,15.71943231,15.71943231,40.30334159,41.09118789,58.24573888,58.80649323
166,25,F24 3554,ABC-10725-1,Stylosanthes,scabra,Stylosanthes scabra,Fabaceae,Fabales,Herbaceous,OT-033,92.37076292,,11.65574844,,88.34425156,,15.71943231,,41.87903418,,59.36724757,
167,25,F24 3555,ABC-11199-1,Stylosanthes,hamata,Stylosanthes hamata,Fabaceae,Fabales,Herbaceous,OT-033,91.73248026,91.81704997,8.699477626,8.770691309,91.30052237,91.22930869,15.00091825,15.00091825,36.49417764,36.30474699,57.1970024,58.27901371
168,25,F24 3555,ABC-11199-1,Stylosanthes,hamata,Stylosanthes hamata,Fabaceae,Fabales,Herbaceous,OT-033,91.90161968,,8.841904992,,91.15809501,,15.00091825,,36.11531634,,59.36102501,
169,25,F24 3556,ABC-11215-1,Stylosanthes,hamata,Stylosanthes hamata,Fabaceae,Fabales,Herbaceous,OT-033,92.88,92.9,10.48439182,10.52206674,89.51560818,89.47793326,14.80076413,14.80076413,28.43807975,27.87275201,54.30137458,52.52701023
170,25,F24 3556,ABC-11215-1,Stylosanthes,hamata,Stylosanthes hamata,Fabaceae,Fabales,Herbaceous,OT-033,92.92,,10.55974166,,89.44025834,,14.80076413,,27.30742426,,50.75264587,
171,25,F24 3557,ABC-11220-1,Stylosanthes,hamata,Stylosanthes hamata,Fabaceae,Fabales,Herbaceous,OT-033,91.84081592,91.8762168,8.412652748,8.423114233,91.58734725,91.57688577,18.30888052,18.30888052,25.67973267,26.31273256,55.61370624,56.95355568
172,25,F24 3557,ABC-11220-1,Stylosanthes,hamata,Stylosanthes hamata,Fabaceae,Fabales,Herbaceous,OT-033,91.91161768,,8.433575717,,91.56642428,,18.30888052,,26.94573244,,58.29340512,
173,25,F24 3558,ABC-11232-1,Stylosanthes,hamata,Stylosanthes hamata,Fabaceae,Fabales,Herbaceous,OT-033,91.22087791,91.23043896,7.310425274,7.316271422,92.68957473,92.68372858,17.36776998,17.36776998,34.31355844,34.63570984,54.27373961,54.20360849
174,25,F24 3558,ABC-11232-1,Stylosanthes,hamata,Stylosanthes hamata,Fabaceae,Fabales,Herbaceous,OT-033,91.24,,7.32211757,,92.67788243,,17.36776998,,34.95786124,,54.13347738,
175,25,F24 3559,ABC-11313-1,Stylosanthes,guianensis,Stylosanthes guianensis,Fabaceae,Fabales,Herbaceous,OT-033,92.11,92.18538696,11.55280718,11.53595966,88.44719282,88.46404034,15.08813852,15.08813852,38.48584936,38.8232651,55.72613235,55.96398381
176,25,F24 3559,ABC-11313-1,Stylosanthes,guianensis,Stylosanthes guianensis,Fabaceae,Fabales,Herbaceous,OT-033,92.26077392,,11.51911215,,88.48088785,,15.08813852,,39.16068084,,56.20183527,
177,25,F24 3560,ABC-11417-1,Stylosanthes,guianensis,Stylosanthes guianensis,Fabaceae,Fabales,Herbaceous,OT-033,91.48170366,91.50254715,11.93170767,12.06160643,88.06829233,87.93839357,14.93631922,14.93631922,41.32332356,41.47768079,57.71167596,57.22621539
178,25,F24 3560,ABC-11417-1,Stylosanthes,guianensis,Stylosanthes guianensis,Fabaceae,Fabales,Herbaceous,OT-033,91.52339064,,12.19150519,,87.80849481,,14.93631922,,41.63203801,,56.74075483,
179,25,F24 3561,ABC-11624-1,Stylosanthes,humilis,Stylosanthes humilis,Fabaceae,Fabales,Herbaceous,OT-033,92.03,92.04039746,12.04905705,12.0430228,87.95094295,87.9569772,12.26457661,12.26457661,33.92655369,33.73017171,56.3179606,54.88064863
180,25,F24 3561,ABC-11624-1,Stylosanthes,humilis,Stylosanthes humilis,Fabaceae,Fabales,Herbaceous,OT-033,92.05079492,,12.03698856,,87.96301144,,12.26457661,,33.53378972,,53.44333665,
181,25,F24 3562,ABC-11690-1,Stylosanthes,humilis,Stylosanthes humilis,Fabaceae,Fabales,Herbaceous,OT-033,91.04,90.675,12.3628343,12.88668321,87.6371657,87.11331679,15.6237236,15.6237236,33.91666319,33.51359341,54.57110674,54.32808491
182,25,F24 3562,ABC-11690-1,Stylosanthes,humilis,Stylosanthes humilis,Fabaceae,Fabales,Herbaceous,OT-033,90.31,,13.41053212,,86.58946788,,15.6237236,,33.11052362,,54.08506308,
183,25,F24 3563,ABC-11762-1,Stylosanthes,hamata,Stylosanthes hamata,Fabaceae,Fabales,Herbaceous,OT-033,90.65186963,90.70639677,7.969178081,8.057764328,92.03082192,91.94223567,16.73097066,16.73097066,39.51782231,39.80471006,57.93619465,58.72585915
184,25,F24 3563,ABC-11762-1,Stylosanthes,hamata,Stylosanthes hamata,Fabaceae,Fabales,Herbaceous,OT-033,90.76092391,,8.146350574,,91.85364943,,16.73097066,,40.09159782,,59.51552365,
185,25,F24 3564,ABC-11778-1,Stylosanthes,hamata,Stylosanthes hamata,Fabaceae,Fabales,Herbaceous,OT-033,91.94161168,92.05580584,8.612617363,8.580889697,91.38738264,91.4191103,15.948572,15.948572,26.82255337,26.27003041,53.88886015,54.21235109
186,25,F24 3564,ABC-11778-1,Stylosanthes,hamata,Stylosanthes hamata,Fabaceae,Fabales,Herbaceous,OT-033,92.17,,8.549162031,,91.45083797,,15.948572,,25.71750744,,54.53584203,
187,25,F24 3565,ABC-11784-1,Stylosanthes,hamata,Stylosanthes hamata,Fabaceae,Fabales,Herbaceous,OT-033,92.20077992,92.30076992,8.742281443,8.64478388,91.25771856,91.35521612,16.98998622,16.98998622,35.05749648,35.90932008,58.07859794,59.39246008
188,25,F24 3565,ABC-11784-1,Stylosanthes,hamata,Stylosanthes hamata,Fabaceae,Fabales,Herbaceous,OT-033,92.40075992,,8.547286318,,91.45271368,,16.98998622,,36.76114368,,60.70632222,
189,25,F24 3566,ABC-11820-1,Stylosanthes,scabra,Stylosanthes scabra,Fabaceae,Fabales,Herbaceous,OT-033,91.72082792,91.80541396,9.268678957,11.13177764,90.73132104,88.86822236,16.92081178,16.90349842,31.61176221,31.37797779,53.22390107,52.8942614
190,25,F24 3566,ABC-11820-1,Stylosanthes,scabra,Stylosanthes scabra,Fabaceae,Fabales,Herbaceous,OT-033,91.89,,12.99487632,,87.00512368,,16.88618505,,31.14419337,,52.56462172,
191,25,F24 3567,ABC-12042-1,Stylosanthes,humilis,Stylosanthes humilis,Fabaceae,Fabales,Herbaceous,OT-033,91.25087491,91.34629329,14.62419946,15.08316523,85.37580054,84.91683477,18.05508462,18.05508462,31.69802268,31.39103807,53.88658337,53.81308682
192,25,F24 3567,ABC-12042-1,Stylosanthes,humilis,Stylosanthes humilis,Fabaceae,Fabales,Herbaceous,OT-033,91.44171166,,15.542131,,84.457869,,18.05508462,,31.08405347,,53.73959026,
193,25,Dieta 1_Exp1,Dieta 1_Exp1,Dieta 1_Exp1,Dieta 1_Exp1,Dieta 1_Exp1,0,0,0,0,89,89,9.5,9.5,89.53,89.53,17.67538478,17.67538478,35.48,35.48,71.52,71.52
194,25,Dieta 1_Exp1,Dieta 1_Exp1,Dieta 1_Exp1,Dieta 1_Exp1,Dieta 1_Exp1,0,0,0,0,89,,9.5,,89.53,,17.67538478,,35.48,,71.52,
195,25,Dieta 2_Exp1,Dieta 2_Exp1,Dieta 2_Exp1,Dieta 2_Exp1,Dieta 2_Exp1,0,0,0,0,89,89,9.1,9.1,89.58,89.58,13.79,13.79,33.91,33.91,67.86,67.86
196,25,Dieta 2_Exp1,Dieta 2_Exp1,Dieta 2_Exp1,Dieta 2_Exp1,Dieta 2_Exp1,0,0,0,0,89,,9.1,,89.58,,13.79,,33.91,,67.86,
197,25,F25 0017,Hohenheimer Heustandard,0,0,Hohenheimer Heustandard,0,0,0,OT-002,91.34432784,91.33303174,9.990152095,10.05857506,90.0098479,89.94142494,13.29,13.29,0,#DIV/0!,0,#DIV/0!
198,25,F25 0017,Hohenheimer Heustandard,0,0,Hohenheimer Heustandard,0,0,0,OT-002,91.32173565,,10.12699803,,89.87300197,,13.29,,0,,0,
199,25,F25 0008,Sample 8,Cynodon,nlemfuensis ,Cynodon nlemfuensis ,0,0,0,OT-001,93.64063594,93.73093584,11.33,11.415,88.67058195,88.58614349,0,#DIV/0!,0,37.8,0,76.1
200,25,F25 0008,Sample 8,Cynodon,nlemfuensis ,Cynodon nlemfuensis ,0,0,0,OT-001,93.82123575,,11.5,,88.50170503,,0,,0,,0,
201,26,F25 0008,Sample 8,Cynodon, nlemfuensis ,Cynodon nlemfuensis ,0,0,0,OT-001,93.64063594,93.73093584,11.33,11.415,88.67058195,88.58614349,0,13.1,0,37.8,0,76.1
202,26,F25 0008,Sample 8,Cynodon, nlemfuensis ,Cynodon nlemfuensis ,0,0,0,OT-001,93.82123575,,11.5,,88.50170503,,0,,0,,0,
203,26,F25 2624,CIAT_6294_Marandu_Exc,Urochloa, interespecifico,Urochloa interespecifico,Poaceae,Poales,grasses,OT-032,96.08039196,96.18019598,10.35452673,10.3030587,89.64547327,89.6969413,12.81540684,12.79505553,30.57595105,30.46681618,63.58882866,63.39943472
204,26,F25 2624,CIAT_6294_Marandu_Exc,Urochloa, interespecifico,Urochloa interespecifico,Poaceae,Poales,grasses,OT-032,96.28,,10.25159067,,89.74840933,,12.77470423,,30.35768132,,63.21004079,
205,26,F25 2625,CIAT_36087_MulatoII_Exc,Urochloa, interespecifico,Urochloa interespecifico,Poaceae,Poales,grasses,OT-032,96.9518289,97.01106094,10.47705443,10.32506735,89.52294557,89.67493265,12.56130524,12.48033098,29.54307318,29.37088023,63.44384941,62.99443398
206,26,F25 2625,CIAT_36087_MulatoII_Exc,Urochloa, interespecifico,Urochloa interespecifico,Poaceae,Poales,grasses,OT-032,97.07029297,,10.17308027,,89.82691973,,12.39935672,,29.19868727,,62.54501855,
207,26,F25 2626,CIAT_606_Basilisk_Exc,Urochloa, interespecifico,Urochloa interespecifico,Poaceae,Poales,grasses,OT-032,96.88187088,96.87624838,9.480640983,9.456735773,90.51935902,90.54326423,11.78358852,11.82323376,30.7548803,30.29630038,66.15510635,65.32222998
208,26,F25 2626,CIAT_606_Basilisk_Exc,Urochloa, interespecifico,Urochloa interespecifico,Poaceae,Poales,grasses,OT-032,96.87062587,,9.432830563,,90.56716944,,11.862879,,29.83772045,,64.48935361,
209,26,F25 2627,BR02_1752_Cayman_Exc,Urochloa, interespecifico,Urochloa interespecifico,Poaceae,Poales,grasses,OT-032,96.6,96.6359984,17.22960416,17.20892552,82.77039584,82.79107448,10.93139136,10.93241242,29.51361496,29.65042301,59.67263734,59.76409327
210,26,F25 2627,BR02_1752_Cayman_Exc,Urochloa, interespecifico,Urochloa interespecifico,Poaceae,Poales,grasses,OT-032,96.6719968,,17.18824688,,82.81175312,,10.93343348,,29.78723106,,59.85554921,
211,26,F25 2628, BR06_423_Cayman_Exc,Urochloa, interespecifico,Urochloa interespecifico,Poaceae,Poales,grasses,OT-032,96.57,96.67048435,10.41682998,10.42560924,89.58317002,89.57439076,13.91473526,13.86945646,29.82243235,29.45370158,61.75201956,61.5969139
212,26,F25 2628, BR06_423_Cayman_Exc,Urochloa, interespecifico,Urochloa interespecifico,Poaceae,Poales,grasses,OT-032,96.77096871,,10.43438851,,89.56561149,,13.82417766,,29.0849708,,61.44180824,
213,26,F25 2629,CIAT 20692,Clitoria ,ternatea,Clitoria ternatea ,Fabaceae,Fabales,Herbáceas ,OT-033,95.49180328,95.52112412,8.664773788,8.697476899,91.33522621,91.3025231,27.22199798,27.04985095,30.6828915,30.20424416,53.1292052,52.99283637
214,26,F25 2629,CIAT 20692,Clitoria ,ternatea,Clitoria ternatea ,Fabaceae,Fabales,Herbáceas ,OT-033,95.55044496,,8.73018001,,91.26981999,,26.87770392,,29.72559683,,52.85646753,
215,26,F25 2630,CIAT 20692,Clitoria ,ternatea,Clitoria ternatea ,Fabaceae,Fabales,Herbáceas ,OT-033,93.89061094,93.88652898,7.423112927,7.342148182,92.57688707,92.65785182,23.44936461,23.76409216,29.29073261,29.03088171,49.84947921,49.63699347
216,26,F25 2630,CIAT 20692,Clitoria ,ternatea,Clitoria ternatea ,Fabaceae,Fabales,Herbáceas ,OT-033,93.88244702,,7.261183436,,92.73881656,,24.07881971,,28.77103081,,49.42450773,
217,26,F25 2631,CIAT 17768,Clitoria ,ternatea,Clitoria ternatea ,Fabaceae,Fabales,Herbáceas ,OT-033,92.81143771,92.80787756,7.616364546,7.679453105,92.38363545,92.3205469,24.73813252,24.62346236,33.60357368,32.84655801,54.11248908,55.01149716
218,26,F25 2631,CIAT 17768,Clitoria ,ternatea,Clitoria ternatea ,Fabaceae,Fabales,Herbáceas ,OT-033,92.80431741,,7.742541663,,92.25745834,,24.5087922,,32.08954235,,55.91050524,
219,26,F25 2632,CIAT 17768,Clitoria ,ternatea,Clitoria ternatea ,Fabaceae,Fabales,Herbáceas ,OT-033,93.46196141,93.46598071,7.829377709,7.766357636,92.17062229,92.23364236,26.08054842,26.03670779,29.13530131,28.53017878,48.79029556,47.70698998
220,26,F25 2632,CIAT 17768,Clitoria ,ternatea,Clitoria ternatea ,Fabaceae,Fabales,Herbáceas ,OT-033,93.47,,7.703337563,,92.29666244,,25.99286716,,27.92505625,,46.6236844,
221,26,F25 2633,CIAT 712,Clitoria ,ternatea,Clitoria ternatea ,Fabaceae,Fabales,Herbáceas ,OT-033,95.13,95.1054919,8.401197281,8.421382404,91.59880272,91.5786176,26.19869808,26.14820489,32.1612832,32.33378701,52.38009466,52.45562349
222,26,F25 2633,CIAT 712,Clitoria ,ternatea,Clitoria ternatea ,Fabaceae,Fabales,Herbáceas ,OT-033,95.0809838,,8.441567527,,91.55843247,,26.0977117,,32.50629081,,52.53115232,
223,26,F25 2634,CIAT 712,Clitoria ,ternatea,Clitoria ternatea ,Fabaceae,Fabales,Herbáceas ,OT-033,91.31086891,91.26306988,7.165380339,7.147163922,92.83461966,92.85283608,20.0349409,20.06408722,34.4972745,33.6978823,51.88354333,50.39099649
224,26,F25 2634,CIAT 712,Clitoria ,ternatea,Clitoria ternatea ,Fabaceae,Fabales,Herbáceas ,OT-033,91.21527084,,7.128947504,,92.8710525,,20.09323354,,32.8984901,,48.89844964,
225,26,F25 2635,CIAT 9432,Clitoria ,ternatea,Clitoria ternatea ,Fabaceae,Fabales,Herbáceas ,OT-033,96.38,96.33018598,8.387817295,8.439297566,91.61218271,91.56070243,24.24979186,24.27831451,34.91776872,35.28468203,56.83156237,58.05173019
226,26,F25 2635,CIAT 9432,Clitoria ,ternatea,Clitoria ternatea ,Fabaceae,Fabales,Herbáceas ,OT-033,96.28037196,,8.490777837,,91.50922216,,24.30683715,,35.65159534,,59.271898,
227,26,F25 2636,CIAT 9432,Clitoria ,ternatea,Clitoria ternatea ,Fabaceae,Fabales,Herbáceas ,OT-033,94.35282359,94.46668277,6.85613322,7.005689889,93.14386678,92.99431011,19.63905813,19.50407785,35.76739675,34.980106,49.88292119,50.18459635
228,26,F25 2636,CIAT 9432,Clitoria ,ternatea,Clitoria ternatea ,Fabaceae,Fabales,Herbáceas ,OT-033,94.58054195,,7.155246558,,92.84475344,,19.36909757,,34.19281524,,50.48627152,
229,26,F25 2637,CIAT 17462,Leucaena ,leucocephala ,Leucaena leucocephala ,Leguminosae,Fabales,Arbustiva ,OT-033,92.6114777,92.62610682,6.940499259,6.876076172,93.05950074,93.12392383,29.88775894,29.8654513,38.6732834,39.13359514,58.55672921,57.51440363
230,26,F25 2637,CIAT 17462,Leucaena ,leucocephala ,Leucaena leucocephala ,Leguminosae,Fabales,Arbustiva ,OT-033,92.64073593,,6.811653086,,93.18834691,,29.84314365,,39.59390688,,56.47207805,
231,26,F25 2638,N/A,Tithonia ,diversifolia ,Tithonia diversifolia,Compositae,Asterales,Arbustiva ,OT-033,92.22388806,92.20889555,17.6900981,17.70635738,82.3099019,82.29364262,16.50953845,16.52959249,28.33401517,28.36022494,42.18083602,42.24462621
232,26,F25 2638,N/A,Tithonia ,diversifolia ,Tithonia diversifolia,Compositae,Asterales,Arbustiva ,OT-033,92.19390305,,17.72261666,,82.27738334,,16.54964653,,28.38643471,,42.3084164,
233,26,F25 2639,N/A,Gliricidia  ,sepium,Gliricidia sepium ,Fabaceae,Fabales,Arbustiva ,OT-033,88.90665601,88.948328,10.82001841,10.81202193,89.17998159,89.18797807,22.53378675,22.5254399,19.09963007,19.56643945,39.34867028,40.75942634
234,26,F25 2639,N/A,Gliricidia  ,sepium,Gliricidia sepium ,Fabaceae,Fabales,Arbustiva ,OT-033,88.99,,10.80402546,,89.19597454,,22.51709305,,20.03324883,,42.17018241,
235,26,Dieta 1_Exp2,Dieta 1_Exp2,Dieta 1_Exp2,Dieta 1_Exp2,Dieta 1_Exp2,0,0,0,0,89,89,9.5,9.5,89.53,89.53,0,#DIV/0!,0,#DIV/0!,0,#DIV/0!
236,26,Dieta 1_Exp2,Dieta 1_Exp2,Dieta 1_Exp2,Dieta 1_Exp2,Dieta 1_Exp2,0,0,0,0,89,,9.5,,89.53,,0,,0,,0,
237,26,Dieta 2_Exp2,Dieta 2_Exp2,Dieta 2_Exp2,Dieta 2_Exp2,Dieta 2_Exp2,0,0,0,0,89,89,9.1,9.1,89.58,89.58,0,#DIV/0!,0,#DIV/0!,0,#DIV/0!
238,26,Dieta 2_Exp2,Dieta 2_Exp2,Dieta 2_Exp2,Dieta 2_Exp2,Dieta 2_Exp2,0,0,0,0,89,,9.1,,89.58,,0,,0,,0,
239,26,F24 3568,ABC-12115-1,Stylosanthes,humilis,Stylosanthes humilis,Fabaceae,Fabales,Herbaceous,OT-033 (2024),92.4,92.47574485,9.10509022,8.914978922,90.89490978,91.08502108,15.32414022,15.32414022,35.06593749,34.71126936,54.65835442,55.54869239
240,26,F24 3568,ABC-12115-1,Stylosanthes,humilis,Stylosanthes humilis,Fabaceae,Fabales,Herbaceous,OT-033 (2024),92.5514897,,8.724867624,,91.27513238,,15.32414022,,34.35660123,,56.43903036,
241,26,F24 3569,ABC-12140-1,Stylosanthes,humilis,Stylosanthes humilis,Fabaceae,Fabales,Herbaceous,OT-033 (2024),91.55,91.57,11.27006662,11.21546358,88.72993338,88.78453642,19.39058885,19.39058885,28.380861,28.23452539,53.46449684,54.15129619
242,26,F24 3569,ABC-12140-1,Stylosanthes,humilis,Stylosanthes humilis,Fabaceae,Fabales,Herbaceous,OT-033 (2024),91.59,,11.16086054,,88.83913946,,19.39058885,,28.08818978,,54.83809555,
243,26,F24 3570,ABC-12184-1,Stylosanthes,humilis,Stylosanthes humilis,Fabaceae,Fabales,Herbaceous,OT-033 (2024),92.14078592,92.53645314,10.22197607,10.36679888,89.77802393,89.63320112,15.38042263,15.38042263,25.75981408,25.67043224,46.83641859,48.48595278
244,26,F24 3570,ABC-12184-1,Stylosanthes,humilis,Stylosanthes humilis,Fabaceae,Fabales,Herbaceous,OT-033 (2024),92.93212036,,10.51162169,,89.48837831,,15.38042263,,25.58105041,,50.13548697,
245,26,F24 3571,ABC-12202-1,Stylosanthes,humilis,Stylosanthes humilis,Fabaceae,Fabales,Herbaceous,OT-033 (2024),92.5814837,92.62647471,10.68595175,10.68055481,89.31404825,89.31944519,18.21514073,18.21514073,24.87410292,24.08270746,47.97015418,48.05879332
246,26,F24 3571,ABC-12202-1,Stylosanthes,humilis,Stylosanthes humilis,Fabaceae,Fabales,Herbaceous,OT-033 (2024),92.67146571,,10.67515786,,89.32484214,,18.21514073,,23.29131201,,48.14743247,
247,26,F24 3572,ABC-12311-1,Stylosanthes,guianensis,Stylosanthes guianensis,Fabaceae,Fabales,Herbaceous,OT-033 (2024),91.67333067,91.76207279,15.02198652,15.03513625,84.97801348,84.96486375,16.63289803,16.63289803,35.04148121,34.79194319,52.67527835,53.68168372
248,26,F24 3572,ABC-12311-1,Stylosanthes,guianensis,Stylosanthes guianensis,Fabaceae,Fabales,Herbaceous,OT-033 (2024),91.85081492,,15.04828598,,84.95171402,,16.63289803,,34.54240517,,54.6880891,
249,26,F24 3573,ABC-12381-1,Stylosanthes,hamata,Stylosanthes hamata,Fabaceae,Fabales,Herbaceous,OT-033 (2024),92.2523243,92.24616215,13.23235332,13.21265705,86.76764668,86.78734295,17.10536308,17.10536308,33.29359135,33.25021625,56.60893353,56.8060671
250,26,F24 3573,ABC-12381-1,Stylosanthes,hamata,Stylosanthes hamata,Fabaceae,Fabales,Herbaceous,OT-033 (2024),92.24,,13.19296079,,86.80703921,,17.10536308,,33.20684116,,57.00320067,
251,26,F24 3574,ABC-12374-1,Stylosanthes,hamata,Stylosanthes hamata,Fabaceae,Fabales,Herbaceous,OT-033 (2024),91.27,91.94036946,8.407623381,8.793284266,91.59237662,91.20671573,17.41634934,17.41634934,30.45973111,30.51862479,56.96825623,56.26443289
252,26,F24 3574,ABC-12374-1,Stylosanthes,hamata,Stylosanthes hamata,Fabaceae,Fabales,Herbaceous,OT-033 (2024),92.61073893,,9.178945151,,90.82105485,,17.41634934,,30.57751847,,55.56060956,
253,26,F24 3575,ABC-12457-1,Stylosanthes,hamata,Stylosanthes hamata,Fabaceae,Fabales,Herbaceous,OT-033 (2024),93.63,93.69531197,11.84691077,11.90501352,88.15308923,88.09498648,16.95910506,16.95910506,28.31125958,27.68868071,57.25213931,55.42977173
254,26,F24 3575,ABC-12457-1,Stylosanthes,hamata,Stylosanthes hamata,Fabaceae,Fabales,Herbaceous,OT-033 (2024),93.76062394,,11.96311627,,88.03688373,,16.95910506,,27.06610183,,53.60740415,
255,26,F24 3576,ABC-12462-1,Stylosanthes,hamata,Stylosanthes hamata,Fabaceae,Fabales,Herbaceous,OT-033 (2024),92.4615077,92.55185752,9.484676576,9.446397189,90.51532342,90.55360281,19.36295011,19.36295011,27.16457821,26.71292012,59.10634175,57.4468751
256,26,F24 3576,ABC-12462-1,Stylosanthes,hamata,Stylosanthes hamata,Fabaceae,Fabales,Herbaceous,OT-033 (2024),92.64220734,,9.408117802,,90.5918822,,19.36295011,,26.26126203,,55.78740844,
257,26,F24 3577,ABC-12485-1,Stylosanthes,scabra,Stylosanthes scabra,Fabaceae,Fabales,Herbaceous,OT-033 (2024),94.06118776,93.95090185,13.11061017,13.34540708,86.88938983,86.65459292,14.59175284,14.59175284,30.83407709,30.77609226,56.53726026,55.78517656
258,26,F24 3577,ABC-12485-1,Stylosanthes,scabra,Stylosanthes scabra,Fabaceae,Fabales,Herbaceous,OT-033 (2024),93.84061594,,13.580204,,86.419796,,14.59175284,,30.71810744,,55.03309286,
259,26,F24 3578,ABC-12615-1,Stylosanthes,guianensis,Stylosanthes guianensis,Fabaceae,Fabales,Herbaceous,OT-033 (2024),89.78306508,89.75704599,10.41388533,10.3982165,89.58611467,89.6017835,14.06737697,14.06737697,35.9821802,35.31520225,54.7603639,53.46225478
260,26,F24 3578,ABC-12615-1,Stylosanthes,guianensis,Stylosanthes guianensis,Fabaceae,Fabales,Herbaceous,OT-033 (2024),89.7310269,,10.38254768,,89.61745232,,14.06737697,,34.6482243,,52.16414567,
261,26,F24 3579,ABC-12686-1,Stylosanthes,hamata,Stylosanthes hamata,Fabaceae,Fabales,Herbaceous,OT-033 (2024),90.94,90.95545145,10.2357801,10.24626166,89.7642199,89.75373834,16.00449418,16.00449418,33.80115551,34.51631143,47.42377574,48.94313966
262,26,F24 3579,ABC-12686-1,Stylosanthes,hamata,Stylosanthes hamata,Fabaceae,Fabales,Herbaceous,OT-033 (2024),90.97090291,,10.25674321,,89.74325679,,16.00449418,,35.23146734,,50.46250358,
263,26,F24 3580,ABC-12710-1,Stylosanthes,scabra,Stylosanthes scabra,Fabaceae,Fabales,Herbaceous,OT-033 (2024),91.68,91.725,10.74952303,11.20741346,89.25047697,88.79258654,11.49501692,11.49501692,38.95588039,38.43009228,58.26437237,58.37526429
264,26,F24 3580,ABC-12710-1,Stylosanthes,scabra,Stylosanthes scabra,Fabaceae,Fabales,Herbaceous,OT-033 (2024),91.77,,11.6653039,,88.3346961,,11.49501692,,37.90430417,,58.4861562,
265,26,F24 3581,ABC-12758-1,Stylosanthes,guianensis,Stylosanthes guianensis,Fabaceae,Fabales,Herbaceous,OT-033 (2024),91.36,91.37586083,9.466395087,9.520156742,90.53360491,90.47984326,14.95347019,14.95347019,33.00440393,34.10889047,58.26469765,56.96677962
266,26,F24 3581,ABC-12758-1,Stylosanthes,guianensis,Stylosanthes guianensis,Fabaceae,Fabales,Herbaceous,OT-033 (2024),91.39172166,,9.573918397,,90.4260816,,14.95347019,,35.21337701,,55.66886158,
267,26,F25 2134,Hohenheimer Heustandard IAG 2025/1 S1,Hohenheimer,Heustandard,Hohenheimer Heustandard, Heustandard,Green meal ,0,OT-017,91.34432784,91.33303174,9.990152095,10.05857506,90.0098479,89.94142494,0,#DIV/0!,0,#DIV/0!,0,#DIV/0!
268,26,F25 2134,Hohenheimer Heustandard IAG 2025/1 S1,Hohenheimer,Heustandard,Hohenheimer Heustandard, Heustandard,Green meal ,0,OT-017,91.32173565,,10.12699803,,89.87300197,,0,,0,,0,
