41_sample_serial_no,41_date,41_requisitioner,41_set_ciat,41_ciat_lab_id,41_gene_bank_breeding_program_id,41_genus,41_species,41_tax_name,41_family,41_order,41_functional_group,41_net_gas_8h_ml,41_net_gas_8_24h_ml,41_net_gas_24h_ml,41_ch4_8h_ml,41_ch4_8_24h_ml,41_ch4_24h_ml,41_gas_ml_g_dm_incubated_24h,41_percentage_dmd_truly_digestibility,41_part_fact,41_ch4_ml_in_gas_8h,41_ch4_ml_in_gas_24h,41_ch4_ml_g_dm_incubated_24h,41_ch4_ml_g_dmd_24h2,41_ch4_ml_g_ndf_digested_in_24h,41_ch4_g_g_dm_incubated_24h,41_ch4_g_g_dmd_24h,41_column1
Sample serial No,"Date (M,D.Y)",Requisitioner,Set CIAT,CIAT Lab-ID,Gene bank /Breeding program ID,Genus,Species,Tax Name,Family,Order,Functional Group,"Net gas 8h, ml","Net gas 8-24h, ml","Net gas 24h, ml","CH4 8h, ml","CH4 8-24h, ml","CH4 24h, ml","Gas ml/g DM Incubated, 24h","% DMD, Truly digestibility",Part Fact,"CH4 ml in gas, h8","CH4 ml in gas, 24h","CH4 ml/gDM incubated, 24h","CH4 ml/g DMD, 24h2",CH4 ml/g NDF digested in 24 h,"CH4 g/g DM incubated, 24h","CH4 g/g DMD, 24h",Column1
1,46041,Genbank,27,F251728,CIAT-13262,Dendrolobium,triangulare,Dendrolobium triangulare,Fabaceae,Fabales,Tree,27.49789884,19.46122617,46.959125,3.703881554,3.351632777,7.055514331,98.84056907,31.32656502,3.217513525,13.5,15.04962502,14.85060089,48.86737395,-0.823700208,8.242340423,27.122238,
2,46041,Genbank,27,F251729,CIAT-13528,Dendrolobium,lanceolatum,Dendrolobium lanceolatum,Fabaceae,Fabales,Tree,24.1820126,13.98653759,38.16855019,3.085000731,2.420217733,5.505218463,80.26639215,25.89177669,3.219943836,12.775,14.422833,11.57715476,46.62151982,-0.203109158,6.42552119,25.8757501,
3,46041,Genbank,27,F251730,CIAT-13529,Dendrolobium,triangulare,Dendrolobium triangulare,Fabaceae,Fabales,Tree,26.51587444,25.08283269,51.59870713,3.640124062,4.424403883,8.064527945,109.2848485,31.83174013,2.942753548,13.72857143,15.61971359,17.08051105,55.06432626,2.807344953,9.479979144,30.56165374,
4,46041,Genbank,27,F251731,CIAT-13710,Dendrolobium,lanceolatum,Dendrolobium lanceolatum,Fabaceae,Fabales,Tree,21.44444587,12.79711841,34.24156427,2.983753855,2.240495721,5.224249576,72.70626061,18.10396918,2.495840669,13.91428571,15.25693584,11.09286207,63.85628071,-0.203522048,6.156730365,35.44134057,
5,46041,Genbank,27,F251732,CIAT-22004,Dendrolobium,triangulare,Dendrolobium triangulare,Fabaceae,Fabales,Tree,23.69033897,20.79711841,44.48745737,3.187125026,3.545704038,6.732829064,94.3112386,23.51233157,2.501394268,13.47142857,15.14487976,14.2733354,61.94519767,-0.356499795,7.921948089,34.38065643,
6,46041,Genbank,27,F251733,CIAT-23104,Dendrolobium,triangulare,Dendrolobium triangulare,Fabaceae,Fabales,Tree,21.80123067,20.01184901,41.81307968,3.143333873,3.526409986,6.669743859,90.22355511,18.16343299,2.016450027,14.43333333,15.96387845,14.39186573,80.76868989,-0.315453247,7.987734472,44.82802027,
7,46041,Genbank,27,F251734,CIAT-23106,Dendrolobium,triangulare,Dendrolobium triangulare,Fabaceae,Fabales,Tree,20.49015887,15.6262237,36.11638257,2.979113725,2.818911647,5.798025372,76.27875797,18.82922748,2.509690411,14.54285714,16.0791883,12.24563582,69.06453297,-0.332570546,6.796539742,38.33201069,
8,46041,Genbank,27,F251735,CIAT-23107,Dendrolobium,triangulare,Dendrolobium triangulare,Fabaceae,Fabales,Tree,18.19248086,15.45172444,33.6442053,2.590113506,2.79750686,5.387620367,70.82221004,18.21895633,2.574117411,14.26,16.03838379,11.34119328,62.46812486,-0.250342515,6.294558485,34.67089006,
9,46041,Genbank,27,F251736,CIAT-23108,Dendrolobium,triangulare,Dendrolobium triangulare,Fabaceae,Fabales,Tree,19.94444587,16.65426126,36.59870713,2.713265877,3.066103697,5.779369574,77.36699936,17.48474808,2.258474647,13.61428571,15.78826187,12.21728192,71.58418824,-0.323115389,6.78080284,39.73046295,
10,46041,Genbank,27,F251737,CIAT-23412,Dendrolobium,triangulare,Dendrolobium triangulare,Fabaceae,Fabales,Tree,21.47605325,12.65426126,34.13031452,2.900300218,2.190303266,5.090603484,72.44046935,19.6400097,2.724121824,13.51428571,14.92099429,10.80475906,58.16194776,-0.177793401,5.996828212,32.28088727,
11,46041,Genbank,27,F251738,CIAT-23413,Dendrolobium,triangulare,Dendrolobium triangulare,Fabaceae,Fabales,Tree,23.1820126,18.29903759,41.48105019,3.260534533,3.069487223,6.330021756,88.66021804,22.61704297,2.571495521,14.125,15.299081,13.52951023,62.63200706,-0.227830556,7.509112252,34.76184752,
12,46041,Genbank,27,F251739,CIAT-23419,Dendrolobium,triangulare,Dendrolobium triangulare,Fabaceae,Fabales,Tree,22.3695126,17.29903759,39.66855019,3.130497534,3.124546593,6.255044127,84.38830183,17.59472273,2.10006033,14.0375,15.78708227,13.3066999,80.56479343,-0.173242534,7.385448663,44.71485421,
13,46041,Genbank,27,F251740,CIAT-23422,Dendrolobium,triangulare,Dendrolobium triangulare,Fabaceae,Fabales,Tree,21.27587315,18.48336656,39.75923971,3.12720692,3.335522581,6.462729501,86.5262889,21.77453948,2.933695192,14.62857143,16.18892912,14.0646075,69.2883491,-0.234047144,7.806100495,38.45623251,
14,46041,Genbank,27,F251741,CIAT-23734,Dendrolobium,triangulare,Dendrolobium triangulare,Fabaceae,Fabales,Tree,25.6945126,23.48653759,49.18105019,3.882813253,4.113122972,7.995936226,103.8005006,30.16278143,2.913767755,15.125,16.26147067,16.87606931,60.39251227,-0.497502702,9.36651044,33.51888916,
15,46041,Genbank,27,F251742,CIAT-23932,Dendrolobium,triangulare,Dendrolobium triangulare,Fabaceae,Fabales,Tree,24.3070126,22.23653759,46.54355019,3.560050038,3.990512234,7.550562272,97.80327902,22.75716369,2.347393716,14.7,16.24092396,15.86623645,73.45886738,-0.284185884,8.806035731,40.77094231,
16,46041,Genbank,27,F251743,CIAT-23933,Dendrolobium,triangulare,Dendrolobium triangulare,Fabaceae,Fabales,Tree,21.55123067,26.01184901,47.56307968,3.24142041,3.772637152,7.014057562,101.4114667,22.8698901,2.257007806,15.03333333,14.65140815,14.95518945,65.72324418,-0.400952028,8.300388883,36.4775376,
17,46041,Genbank,27,F251744,CIAT-23934,Dendrolobium,triangulare,Dendrolobium triangulare,Fabaceae,Fabales,Tree,27.0570126,23.67403759,50.73105019,3.887705571,4.063246025,7.950951596,107.6700565,29.85559982,2.795999018,14.45,15.71159855,16.87475072,58.41782912,-0.15912786,9.365778601,32.42290585,
18,46041,Genbank,27,F251745,CIAT-23936,Dendrolobium,triangulare,Dendrolobium triangulare,Fabaceae,Fabales,Tree,21.56158744,20.76908084,42.33066828,3.064389315,3.64608662,6.710475935,89.96633926,21.50932216,2.407995595,14.27142857,15.86623542,14.26201625,69.63117183,-0.279533322,7.915665764,38.64650506,
19,46041,Genbank,27,F251746,CIAT-33119,Dendrolobium,triangulare,Dendrolobium triangulare,Fabaceae,Fabales,Tree,26.73435389,24.64580518,51.38015907,3.914468579,4.439130345,8.353598924,107.7849509,29.75501341,2.753773505,14.65,16.26552554,17.52410438,60.36736842,88.57067355,9.726181114,33.50493389,
20,46041,Genbank,27,F251747,CIAT-33383,Dendrolobium,sp.,Dendrolobium sp.,Fabaceae,Fabales,Tree,23.5570126,25.67403759,49.23105019,3.379107164,4.469473468,7.848580631,103.9593366,30.61755447,2.943504105,14.325,15.93825273,16.57359628,56.50951317,-0.648067215,9.198632676,31.36375748,
21,46041,Genbank,27,F251748,CIAT-33402,Dendrolobium,triangulare,Dendrolobium triangulare,Fabaceae,Fabales,Tree,24.8070126,26.86153759,51.66855019,3.573565893,4.629600556,8.203166448,109.1302903,29.72607901,2.742173897,14.3875,15.87998584,17.32612059,60.27406123,-0.606716785,9.616296687,33.45314678,
22,46041,Genbank,27,F251749,CIAT-33508,Dendrolobium,umbellatum,Dendrolobium umbellatum,Fabaceae,Fabales,Tree,27.80158872,29.01140412,56.81299285,4.091316909,5.524229271,9.61554618,121.0948781,31.78123604,2.628780643,14.74285714,16.93878898,20.49516462,67.34287572,-0.079366685,11.37517095,37.37646112,
23,46041,Genbank,27,F251750,CIAT-33515,Dendrolobium,triangulare,Dendrolobium triangulare,Fabaceae,Fabales,Tree,21.21102356,20.62789283,41.83891639,2.999916988,3.508862395,6.508779384,89.53830203,18.94105893,2.143628078,14.2,15.58148912,13.92926278,79.12204295,-0.241077379,7.730981836,43.91410273,
24,46041,Genbank,27,F251751,CIAT-7353,Prosopis,juliflora,Prosopis juliflora,Fabaceae,Fabales,Tree,18.6820126,12.29903759,30.98105019,2.133343808,0.933989092,3.067332901,65.4522611,44.36618433,6.97926598,11.2125,9.589990542,6.480004249,15.03630548,-0.30425458,3.596514469,8.345409688,
25,46041,Genbank,27,F251752,CIAT-7976,Cassia,sp.,Cassia sp.,Fabaceae,Fabales,Tree,31.5570126,28.36153759,59.91855019,4.022342739,4.425174396,8.447517135,128.200471,41.56475893,3.262999497,12.775,14.11735211,18.07429718,44.8072801,-0.330589807,10.03154764,24.86881567,
26,46041,Genbank,27,F251753,CIAT-8018,Acacia,aroma,Acacia aroma,Fabaceae,Fabales,Tree,25.81768722,16.14580518,41.9634924,3.632890574,2.955099015,6.587989589,89.4454659,19.41127334,2.18179675,14.06666667,15.69614079,14.04230056,74.58552359,-0.490551433,7.793719759,41.396256,
27,46041,Genbank,27,F251754,CIAT-9990,Prosopis,juliflora,Prosopis juliflora,Fabaceae,Fabales,Tree,15.3695126,11.17403759,26.54355019,1.440309331,0.365002819,1.80531215,57.06963182,52.35233286,9.245082369,9.275,6.778127861,3.881368815,7.527369822,-0.120603354,2.154226844,4.177820482,
28,46041,Genbank,27,F251755,CIAT-13258,Dendrolobium,lanceolatum,Dendrolobium lanceolatum,Fabaceae,Fabales,Tree,18.8070126,10.17403759,28.98105019,2.420982265,1.391301243,3.812283508,61.24397881,19.79826505,3.219924174,12.8875,13.14689053,8.056323877,41.84795505,-0.138179075,4.471399134,23.22633907,
29,46041,Genbank,27,F251756,CIAT-13260,Dendrolobium,lanceolatum,Dendrolobium lanceolatum,Fabaceae,Fabales,Tree,21.6195126,12.36153759,33.98105019,2.928492131,1.993369275,4.921861406,72.2047447,18.90269372,2.655826361,13.575,14.50468514,10.45827438,60.34874125,-0.252875346,5.804523221,33.49459549,
30,46041,Genbank,27,F251757,CIAT-17263,Leucaena,leucocephala,Leucaena leucocephala,Fabaceae,Fabales,Tree,31.61891039,27.15426126,58.77317166,3.899828275,4.100880059,8.000708334,124.3554359,48.81001022,3.930252583,12.34285714,13.60283895,16.92844817,35.31161615,-0.122435422,9.395581612,19.59855789,
31,46041,Isabel Molina,27,F252640, Cayman Br02_1752,Urochloa,interespecifico,Urochloa interespecifico,Poaceae,Poales,grasses,39.4320126,48.86153759,88.29355019,5.109537246,6.692009544,11.80154679,181.983201,50.22159682,2.761954236,12.9875,13.37204682,24.32436778,50.16872179,-4.203087871,13.50044495,27.84450857,
32,46041,Mauricio Sotelo,27,F252641,N/A,Gliricidia  ,sepium,Gliricidia sepium ,Fabaceae,Fabales,Arbustiva ,37.63301601,40.91193799,78.54495399,5.152074444,6.616763413,11.76883786,167.9046979,55.91029838,3.328332806,13.68571429,14.9840288,25.15813548,45.48307962,-3.094962552,13.96320046,25.24389609,
33,46041,Jacobo Arango/Alejandro Montoya,27,F250008,Sample 8,Cynodon, nlemfuensis ,Cynodon nlemfuensis ,Poaceae,Poales,grasses,18.67904096,27.56247185,46.24151281,2.903302295,4.501104794,7.404407089,98.81551345,22.15673608,2.191665244,15.475,15.94961403,15.82270256,74.18038038,-0.473928622,8.781873671,41.17139451,
34,46048,Genbank,28,F251758,CIAT-17459,Erythrina,berteroana,Erythrina berteroana,Fabaceae,Fabales,Tree,27.84701147,38.93177059,66.77878206,3.654933334,5.804757675,9.45969101,141.1216729,55.89733121,3.974989067,13.125,14.15237764,19.99106343,35.8414821,0.679474688,11.09538607,19.89264266,
35,46048,Genbank,28,F251759,CIAT-17482,Leucaena,leucocephala,Leucaena leucocephala,Fabaceae,Fabales,Tree,34.07569305,26.34934713,60.42504018,3.736050851,3.580289128,7.31633998,130.3735023,48.78590924,3.76860485,10.94285714,12.09634315,15.7858591,32.96331592,1.328102265,8.761424912,18.29521063,
36,46048,Genbank,28,F251760,CIAT-17502,Leucaena,leucocephala,Leucaena leucocephala,Fabaceae,Fabales,Tree,31.53451147,30.36927059,61.90378206,3.690597979,4.4517372,8.142335179,131.2855704,48.38650849,3.677667147,11.675,13.14544747,17.2683463,35.96500722,-2.000340747,9.584230958,19.96120124,
37,46048,Genbank,28,F251761,CIAT-19384,Prosopis,juliflora,Prosopis juliflora,Fabaceae,Fabales,Tree,12.97201147,12.05677059,25.02878206,1.075813906,0.328491321,1.404305228,53.5810446,60.95246623,11.54695215,8.275,5.604190101,3.006315554,4.917882018,0.055380146,1.668557145,2.729509605,
38,46048,Genbank,28,F251762,CIAT-19571,Senna,cobanensis,Senna cobanensis,Fabaceae,Fabales,Tree,39.40951147,37.81927059,77.22878206,5.466230199,6.879321441,12.34555164,165.6187534,44.59240617,2.687952047,13.8375,15.9709978,26.47538586,61.87182709,1.011274113,14.6942972,34.33993448,
39,46048,Genbank,28,F251763,CIAT-20126,Acacia,angustissima,Acacia angustissima,Fabaceae,Fabales,Tree,19.98706288,14.87663964,34.86370252,2.440389366,1.807221506,4.247610871,74.16575872,25.99495407,3.544761372,12.2,12.1768739,9.035968353,35.13246837,-0.158723937,5.015118767,19.49912778,
40,46048,Genbank,28,F251764,CIAT-20788,Senna,pallida,Senna pallida,Fabaceae,Fabales,Tree,48.8812311,48.82408181,97.70531291,6.334261439,8.560434532,14.89469597,207.9737734,67.10127835,3.23145105,12.92857143,15.23487429,31.70483053,47.30670889,0.394086477,17.59672947,26.25604189,
41,46048,Genbank,28,F251765,CIAT-21242,Leucaena,diversifolia,Leucaena diversifolia,Fabaceae,Fabales,Tree,23.28451147,18.68177059,41.96628206,2.650760366,2.604432872,5.255193239,90.00558869,32.07956813,3.591470977,11.325,12.50305542,11.27099701,35.98003184,0.037331835,6.255598339,19.96954017,
42,46048,Genbank,28,F251766,CIAT-21512,Calliandra,calothyrsus,Calliandra calothyrsus,Fabaceae,Fabales,Tree,13.34701147,12.11927059,25.46628206,1.497588208,1.58822707,3.085815278,54.86531953,25.14845933,4.882151276,11.1,12.11047352,6.648249263,27.96359185,-0.078674879,3.689893363,15.52027727,
43,46048,Genbank,28,F251767,CIAT-21601,Erythrina,fusca,Erythrina fusca,Fabaceae,Fabales,Tree,21.28451147,27.49427059,48.77878206,3.00033249,4.226436452,7.226768942,104.5741715,29.91695715,2.897893883,13.9875,14.7767638,15.49322109,52.41417013,-6.823539774,8.599005752,29.09077124,
44,46048,Genbank,28,F251768,CIAT-21809,Acacia,farnesiana,Acacia farnesiana,Fabaceae,Fabales,Tree,33.78451147,29.93177059,63.71628206,4.622729895,5.395472803,10.0182027,134.6206645,38.96699498,2.898134424,13.6625,15.71738483,21.16677319,54.95130425,0.211734819,11.74792533,30.49892457,
45,46048,Genbank,28,F251769,CIAT-21810,Acacia,angustissima,Acacia angustissima,Fabaceae,Fabales,Tree,17.84701147,17.11927059,34.96628206,1.954580138,1.936750776,3.891330913,73.75811748,33.76165717,4.619209609,10.9375,11.11360793,8.20837979,26.04157784,-0.184700894,4.555792797,14.45352625,
46,46048,Genbank,28,F251770,CIAT-21888,Leucaena,leucocephala,Leucaena leucocephala,Fabaceae,Fabales,Tree,32.66694538,33.18122466,65.84817005,3.64635107,4.712314066,8.358665136,140.4670849,46.46562937,3.329719378,11.14285714,12.68313637,17.83076228,39.88244248,0.529023016,9.896381554,22.13544559,
47,46048,Genbank,28,F251771,CIAT-22310,Calliandra,calothyrsus,Calliandra calothyrsus,Fabaceae,Fabales,Tree,17.73837396,11.96693895,29.70531291,1.933614356,1.487279718,3.420894074,62.59250193,22.64914649,3.692618746,10.88571429,11.49120606,7.208227679,32.87983028,-0.086438953,4.000691072,18.24887466,
48,46048,Genbank,28,F251772,CIAT-22311,Calliandra,calothyrsus,Calliandra calothyrsus,Fabaceae,Fabales,Tree,,,,,,,,,,,,,,,,,Repetir 
49,46048,Genbank,28,F251773,CIAT-22316,Calliandra,calothyrsus,Calliandra calothyrsus,Fabaceae,Fabales,Tree,19.95265967,11.53836752,31.49102719,2.480216896,1.487610985,3.967827881,65.90615669,31.08489344,4.62714549,12.41428571,12.59782545,8.304048289,28.13928842,-0.141731393,4.608890469,15.61779191,
50,46048,Genbank,28,F251774,CIAT-23239,Dendrolobium,triangulare,Dendrolobium triangulare,Fabaceae,Fabales,Tree,25.8812311,23.68122466,49.56245576,3.572307891,4.208522498,7.780830389,103.3560215,22.68750593,2.218875971,13.71428571,15.68189159,16.22593875,72.8257369,-0.47009318,9.005676734,40.41954394,
51,46048,Genbank,28,F251775,CIAT-33116,Dendrolobium,triangulare,Dendrolobium triangulare,Fabaceae,Fabales,Tree,24.13522737,17.25022061,41.38544798,3.385503304,3.005197342,6.390700645,86.48734892,26.21417121,3.078068906,13.88,15.40726741,13.35535919,51.54755744,-0.577588784,7.412455414,28.6097862,
52,46048,Genbank,28,F252184,CIAT-BH22_0303,Urochloa,humidicola,Urochloa humidicola,Poaceae,Poales,grasses,37.16298063,51.71484916,88.87782979,5.237420981,7.952468868,13.18988985,187.3378004,22.13072574,1.19453399,14.06,14.79178929,27.80204895,129.3003226,-1.068920924,15.43061817,71.76391607,
53,46048,Genbank,28,F252185,CIAT-BH22_1594,Urochloa,humidicola,Urochloa humidicola,Poaceae,Poales,grasses,35.0101906,53.18049676,88.19068736,5.010722016,8.175290318,13.18601233,185.4122707,37.18490528,1.996237352,14.28333333,14.90728572,27.7223911,77.1754129,1.649834993,15.38640669,42.83368937,
54,46048,Genbank,28,F252186,CIAT-BH22_0468,Urochloa,humidicola,Urochloa humidicola,Poaceae,Poales,grasses,32.53451147,48.68177059,81.21628206,4.681343228,7.378592558,12.05993579,169.1142779,34.62541793,2.064412213,14.35,14.80479543,25.11204674,75.49837774,0.132084468,13.93762041,41.90290585,
55,46048,Genbank,28,F252187,CIAT-BH22_3830,Urochloa,humidicola,Urochloa humidicola,Poaceae,Poales,grasses,40.5101906,56.84716343,97.35735403,5.635777727,8.780793958,14.41657168,202.7846334,40.7968901,2.00071721,13.9,14.78473963,30.02839954,75.10254247,0.76123829,16.66628126,41.68321042,
56,46048,Genbank,28,F252188,CIAT-BH22_1710,Urochloa,humidicola,Urochloa humidicola,Poaceae,Poales,grasses,35.30980253,51.46693895,86.77674148,4.930338945,7.815497181,12.74583613,178.3360566,36.11117161,2.034866572,13.94285714,14.66138453,26.19426523,73.82096346,-9.634574403,14.53827039,40.9719119,
57,46048,Genbank,28,F252189,CIAT-BH22_2365,Urochloa,humidicola,Urochloa humidicola,Poaceae,Poales,grasses,35.6907339,51.9794777,87.6702116,5.001936226,7.676440431,12.67837666,180.4722785,39.82659126,2.213274819,14,14.43798511,26.09912892,66.84135692,0.842980164,14.48546809,37.09810952,
58,46048,Genbank,28,F252190,CIAT-BH22_3572,Urochloa,humidicola,Urochloa humidicola,Poaceae,Poales,grasses,36.7907339,52.3794777,89.1702116,5.004024042,7.693506807,12.69753085,184.6796033,20.75609529,1.167015957,13.58,14.19184223,26.29800112,154.8543702,-1.056966339,14.5958456,85.94685459,
59,46048,Genbank,28,F252191,CIAT-BH22_0517,Urochloa,humidicola,Urochloa humidicola,Poaceae,Poales,grasses,,,,,,,,,,,,,,,,,Repetir 
60,46048,Genbank,28,F252192,CIAT-BH22_0519,Urochloa,humidicola,Urochloa humidicola,Poaceae,Poales,grasses,,,,,,,,,,,,,,,,,Repetir 
61,46048,Genbank,28,F252193,CIAT-BH22_0521,Urochloa,humidicola,Urochloa humidicola,Poaceae,Poales,grasses,33.95599279,42.34061233,52.96734803,23.52566914,39.78039664,7.797917342,83.14410955,26.51026363,77.92228881,17.46290772,9.452529293,17.62323243,66.24763141,10.04304349,69.1507735,28.42582439,
62,46048,Genbank,28,F252574,CIAT326,Desmodium,scorpiurus,Desmodium scorpiurus,Fabaceae,Fabales,Herbaceous,30.10144829,31.95487768,62.05632597,4.134039651,5.320906347,9.454945999,135.329476,39.09368901,3.240635358,13.76666667,15.23107344,20.61887127,55.45175871,-1.654341347,11.44383028,30.77668546,
63,46048,Jacobo Arango/Alejandro Montoya,28,F250008,Sample 8,Cynodon, nlemfuensis ,Cynodon nlemfuensis ,Poaceae,Poales,grasses,18.9129071,37.2587348,56.17164189,2.589359312,5.895463432,8.484822744,120.0204979,26.6260767,2.214655355,13.71666667,15.09934792,18.1293087,73.86438559,-1.798438506,10.06207998,40.99601193,
64,46048,Genbank,28,F252575,CIAT415,Vigna,radiata,Vigna radiata,Fabaceae,Fabales,Herbaceous,27.62030054,25.4794777,72.73574965,3.095052082,6.923042266,10.01809435,157.7945737,51.38635704,3.284234113,11.225,13.7918464,21.73578093,43.25144987,-0.033090554,12.06373447,24.00530297,
65,46048,Genbank,28,F252576,CIAT416,Vigna,radiata,Vigna radiata,Fabaceae,Fabales,Herbaceous,39.50749099,28.8794777,86.30825641,4.889591062,7.879531865,12.76912293,188.7240572,56.44559141,2.991686889,12.375,14.79408953,27.92130594,50.25659624,13.58228791,15.49680787,27.8932804,
66,46048,Genbank,28,F252577,CIAT517,Macroptilium,atropurpureum,Macroptilium atropurpureum,Fabaceae,Fabales,Herbaceous,33.38249099,21.34716343,67.49575641,3.864194889,5.065397016,8.929591906,148.1091618,37.98714998,2.568688878,11.575,13.23493265,19.59463986,52.88274715,-0.291840525,10.87536413,29.35083959,
67,46048,Genbank,28,F252578,CIAT563,Macroptilium,bracteatum,Macroptilium bracteatum,Fabaceae,Fabales,Herbaceous,31.19499099,21.59716343,72.62075641,3.801993111,6.11638719,9.9183803,156.1342619,40.95053574,2.623646663,12.1875,13.66057036,21.32449235,53.48688682,-0.063157629,11.83546219,29.68614756,
68,46048,Genbank,28,F252579,CIAT789,Zornia,latifolia,Zornia latifolia,Fabaceae,Fabales,Herbaceous,45.63249099,24.84716343,96.05825641,6.028166304,8.09973191,14.12789821,216.1617154,40.55323433,1.882147549,13.2,14.71062797,31.79226273,84.23295178,-0.952499333,17.64525585,46.75074556,
69,46048,Genbank,28,F252580,CIAT2085,Stylosanthes,seabrana,Stylosanthes seabrana,Fabaceae,Fabales,Herbaceous,29.76124118,46.12008854,75.88132972,3.237939869,6.719559492,9.957499361,164.9369129,35.99113335,2.184758475,10.86666667,13.12535554,21.64378263,60.40938476,-0.948322512,12.01267382,33.52825369,
70,46048,Genbank,28,F252581,CIAT2690,Stylosanthes,angustifolia,Stylosanthes angustifolia,Fabaceae,Fabales,Herbaceous,35.88249099,18.59716343,79.49575641,3.950343994,6.654495001,10.604839,174.6597038,29.90379806,1.715045398,11,13.34745827,23.29983056,85.56658817,-1.153058153,12.93180907,47.49093683,
71,46048,Genbank,28,F252582,CIAT4069,Macroptilium,atropurpureum,Macroptilium atropurpureum,Fabaceae,Fabales,Herbaceous,28.69499099,27.45997298,64.12075641,3.257930847,4.871900551,8.129831398,138.893068,33.67775928,2.426862173,11.35,12.67771972,17.61022059,57.026247,-0.499350435,9.773977103,31.6505537,
72,46048,Genbank,28,F252583,CIAT4141,Vigna,radiata,Vigna radiata,Fabaceae,Fabales,Herbaceous,34.64790634,46.56477562,81.21268197,4.643526106,7.296500922,11.94002703,178.4928755,40.83183497,2.291678699,13.4,14.70091545,26.24236235,67.85928599,-0.048330081,14.56496513,37.66307776,
73,46048,Genbank,28,F252584,CIAT4532,Vigna,unguiculata,Vigna unguiculata,Fabaceae,Fabales,Herbaceous,40.63249099,21.17540147,87.05825641,5.34746349,7.362215533,12.70967902,189.0443298,37.30564615,1.980968374,13.175,14.60317376,27.59877268,78.96514323,-1.653602113,15.31779632,43.82702067,
74,46048,Genbank,28,F252585,CIAT4537,Vigna,unguiculata,Vigna unguiculata,Fabaceae,Fabales,Herbaceous,39.06999099,15.01484916,84.05825641,4.592569557,6.934049042,11.5266186,182.1787096,46.91691303,2.744960553,11.75,13.70950207,24.98155639,52.99634249,0.547603197,13.86519601,29.41388698,
75,46048,Genbank,28,F252586,CIAT7289,Chamaecrista,mimosoides,Chamaecrista mimosoides,Fabaceae,Fabales,Herbaceous,36.99624043,29.51637775,75.61101605,5.200560108,6.78569738,11.98625749,165.3284409,34.87926782,2.115975007,14.05,15.85443901,26.20883467,78.43083966,-0.633369415,14.54635668,43.53047295,
76,46048,Genbank,28,F252587,CIAT7826,Tephrosia,purpurea,Tephrosia purpurea,Fabaceae,Fabales,Herbaceous,32.00749099,32.7638301,68.24575641,4.283938473,5.83121963,10.1151581,150.3368636,34.58584734,2.314349612,13.375,14.83085002,22.28241925,66.84575003,-0.695972889,12.36712819,37.10054777,
77,46048,Genbank,28,F252588,CIAT8014,Crotalaria,retusa,Crotalaria retusa,Fabaceae,Fabales,Herbaceous,43.38909757,49.55676979,92.94586736,5.323491496,7.077092815,12.40058431,203.4291873,51.7643234,2.546392943,12.27142857,13.34710482,27.14104505,53.28871664,1.779125339,15.06374957,29.57615968,
78,46048,Genbank,28,F252589,CIAT8849,Zornia,brasiliensis,Zornia brasiliensis,Fabaceae,Fabales,Herbaceous,33.50749099,54.7638301,71.30825641,4.253816349,6.527699993,10.78151634,157.9311571,37.41206124,2.369300643,12.7,15.12023476,23.87854387,65.40904568,-0.735911058,13.25300497,36.303152,
79,46048,Genbank,28,F252590,CIAT9326,Crotalaria,retusa,Crotalaria retusa,Fabaceae,Fabales,Herbaceous,38.60338329,51.91391265,90.51729593,4.696495793,7.591221952,12.28771774,196.6795848,44.23694377,2.255119933,12.15714286,13.57956017,26.69920976,62.07170015,-1.657281333,14.81852334,34.45086749,
80,46048,Genbank,28,F252591,CIAT9337,Crotalaria,retusa,Crotalaria retusa,Fabaceae,Fabales,Herbaceous,36.95790935,53.8794777,81.46664415,4.434312457,5.926163184,10.36047564,176.6265466,46.30470117,2.615851408,12,12.71849064,22.46231127,50.53553733,0.08425234,12.46697138,28.04809754,
81,46048,Genbank,28,F252592,CIAT9350,Crotalaria,pumila,Crotalaria pumila,Fabaceae,Fabales,Herbaceous,42.75749099,51.9794777,89.68325641,5.4870104,7.053827695,12.5408381,196.5860404,59.87649304,3.04551437,12.825,13.98423983,27.48959754,46.70534092,0.552404904,15.25720223,25.92227226,
82,46048,Genbank,28,F252593,CIAT9352,Crotalaria,pumila,Crotalaria pumila,Fabaceae,Fabales,Herbaceous,43.38249099,54.09716343,83.99575641,5.599695081,6.74926385,12.34895893,179.755324,47.09054297,2.624714389,12.9,14.70169022,26.42741014,57.37629615,4.985397624,14.66766985,31.84483703,
83,46048,Genbank,28,F252594,CIAT9472,Zornia,brasiliensis,Zornia brasiliensis,Fabaceae,Fabales,Herbaceous,32.10338329,30.41391265,62.51729593,3.96041078,5.33125006,9.29166084,135.7060149,35.26854447,2.622661193,12.32857143,14.85765758,20.16936161,61.18332892,-0.401853891,11.19434464,33.95780609,
84,46048,Genbank,28,F252595,CIAT9531,Indigofera,spicata,Indigofera spicata,Fabaceae,Fabales,Herbaceous,31.46052614,44.84248407,76.30301022,3.911312735,7.261386974,11.17269971,166.564987,50.84988426,3.058798002,12.42857143,14.64510683,24.38936982,48.4878629,-1.409332578,13.53652221,26.9116028,
85,46048,Genbank,28,F252596,CIAT10026,Stylosanthes,seabrana,Stylosanthes seabrana,Fabaceae,Fabales,Herbaceous,29.60338329,38.24624043,73.01729593,3.341965704,6.378654891,9.720620594,157.3873706,42.25408371,2.679981627,11.28571429,13.3131259,20.95259015,51.61003146,0.517034455,11.62905003,28.64446037,
86,46048,Genbank,28,F252597,CIAT12411,Stylosanthes,sympodialis,Stylosanthes sympodialis,Fabaceae,Fabales,Herbaceous,38.24624043,44.62819836,82.87443879,4.274257136,6.844929072,11.11918621,180.6476518,55.05720739,3.052408537,11.17142857,13.41677376,24.23733287,44.51362657,0.491251328,13.45213908,24.70583288,
87,46048,Genbank,28,F252598,CIAT13494,Desmodium,tortuosum,Desmodium tortuosum,Fabaceae,Fabales,Shurb_Tree,39.63249099,31.5087348,82.68325641,4.802773435,7.024902492,11.82767593,180.2948057,47.78764241,2.675361929,12.1125,14.30624252,25.79082649,56.12592192,-0.318398392,14.31435491,31.1508577,
88,46048,Genbank,28,F252599,CIAT13562,Desmodium,tortuosum,Desmodium tortuosum,Fabaceae,Fabales,Shurb_Tree,36.81457301,31.98144229,68.7960153,5.18419104,5.386472917,10.57066396,149.8064818,46.73469521,3.1411946,14.06666667,15.36369072,23.01813865,49.56075484,2.125068819,12.77546519,27.50707639,
89,46048,Genbank,28,F252600,CIAT13593,Desmodium,scorpiurus,Desmodium scorpiurus,Fabaceae,Fabales,Herbaceous,32.56457301,32.89810895,65.46268197,4.785967852,5.680650142,10.46661799,144.2843615,34.39219326,2.399895174,14.68333333,15.98700287,23.0692877,76.03065924,-2.552948575,12.80385379,42.19833129,
90,46048,Genbank,28,F252601,CIAT13608,Desmodium,incanum,Desmodium incanum,Fabaceae,Fabales,Herbaceous,28.23123968,32.89810895,61.12934863,3.690373022,5.401875386,9.092248408,131.9551535,31.24339346,2.385799875,13.08333333,14.87568373,19.62674482,64.76867634,-1.101146947,10.89318294,35.94773594,
91,46048,Genbank,28,F252602,CIAT18277,Indigofera,jamaicensis,Indigofera jamaicensis,Fabaceae,Fabales,Herbaceous,22.98123968,37.89810895,60.87934863,2.850289764,5.941697065,8.791986829,135.4796906,39.45925659,2.933870377,12.41666667,14.44291761,19.56554307,51.21641187,-0.694803048,10.85921491,28.42599469,
92,46048,Genbank,28,F252603,CIAT18952,Indigofera,atriceps,Indigofera atriceps,Fabaceae,Fabales,Herbaceous,22.98123968,26.31477562,49.2960153,2.899898896,3.90150637,6.801405267,109.0725585,32.47101605,3.014951801,12.61666667,13.79529233,15.04887712,51.45745045,-0.200359126,8.352387165,28.55977527,
93,46048,Jacobo Arango/ Alejandro Montoya,28,F250008,Sample 8,Cynodon, nlemfuensis ,Cynodon nlemfuensis ,Poaceae,Poales,grasses,24.1074741,44.06059206,68.16806617,3.821588382,7.313183283,11.13477166,145.6987721,29.31146806,2.007991084,15.9,16.33975862,23.79892339,85.63570363,-2.875109422,13.20881423,47.5292971,
94,46055,Genbank,29,F252604,CIAT18953,Indigofera,atriceps,Indigofera atriceps,Fabaceae,Fabales,Herbaceous,33.85039771,29.97841062,63.82880833,4.715923787,4.183094055,8.899017843,142.5023353,39.30567298,2.749803964,13.88333333,13.92123963,19.86790758,51.32954373,-0.817199314,11.02703244,28.48878483,
95,46055,Genbank,29,F252605,CIAT18954,Indigofera,atriceps,Indigofera atriceps,Fabaceae,Fabales,Herbaceous,28.17623335,28.96756286,57.14379622,3.415176149,4.043908167,7.459084316,122.9274194,33.48045034,2.704262672,12.02857143,13.02004982,16.0458765,49.97898633,-0.497027179,8.905739071,27.7392021,
96,46055,Genbank,29,F252606,CIAT19198,Tephrosia,villosa,Tephrosia villosa,Fabaceae,Fabales,Herbaceous,33.28029603,30.06113719,69.982536,4.629174093,6.433643999,11.06281809,154.4872541,45.87455921,3.371063588,13.7125,15.69764735,24.4213013,53.5526074,-1.362165422,13.55424474,29.72262363,
97,46055,Genbank,29,F252607,CIAT19460,Sesbania,cannabina,Sesbania cannabina,Fabaceae,Fabales,Shurb_Tree,36.45414978,34.86708689,78.19214316,5.180916733,6.60237188,11.78328861,171.6775658,25.96465287,1.501034912,14.15,15.03996433,25.87115546,105.581748,-0.407051425,14.35893888,58.59969684,
98,46055,Genbank,29,F252608,CIAT20044,Tephrosia,purpurea,Tephrosia purpurea,Fabaceae,Fabales,Herbaceous,40.90529603,40.7754229,78.795036,5.890011649,6.942951146,12.8329628,170.8653701,57.06397432,3.389662776,14.3375,16.27916549,27.82800688,49.36188768,1.092470107,15.44502527,27.39670167,
99,46055,Genbank,29,F252609,CIAT22423,Vigna,unguiculata,Vigna unguiculata,Fabaceae,Fabales,Herbaceous,42.14105615,41.49033253,83.63138868,5.720803968,6.704744644,12.42554861,184.4928874,64.95353569,3.522633638,13.5,14.82167912,27.41099737,42.49315436,0.695769158,15.21357778,23.58443584,
100,46055,Genbank,29,F252610,CIAT22480,Sesbania,cannabina,Sesbania cannabina,Fabaceae,Fabales,Shurb_Tree,45.03029603,34.88970862,88.670036,6.245268313,7.082085112,13.32735343,191.6895772,56.25527665,2.937835474,13.8125,14.99775973,28.81164884,51.38769056,-3.651405415,15.99096358,28.52105732,
101,46055,Genbank,29,F252611,CIAT23116,Desmodium,tortuosum,Desmodium tortuosum,Fabaceae,Fabales,Shurb_Tree,40.34279603,34.86708689,77.607536,5.712797641,6.462279366,12.17507701,167.5497127,38.28970244,2.310325279,14.1125,15.65922024,26.28529221,69.81458745,-3.532236,14.58879194,38.7483039,
102,46055,Genbank,29,F252612,CIAT23416,Codariocalyx,motorius,Codariocalyx motorius,Fabaceae,Fabales,Shurb_Tree,28.03029603,38.11708689,61.857536,3.656267666,5.321120946,8.977388612,133.2344671,36.60887326,2.749221317,13,14.47781829,19.33639939,56.65223578,-1.189998321,10.7320362,31.442971,
103,46055,Genbank,29,F252613,CIAT23806,Desmodium,angustifolium,Desmodium angustifolium,Fabaceae,Fabales,Herbaceous,39.46779603,34.59425183,81.607536,5.343582113,6.990501968,12.33408408,175.8052782,44.03855184,2.523779983,13.4875,15.07131336,26.57108367,60.64140942,2.189880027,14.74741114,33.65703139,
104,46055,Genbank,29,F252614,CIAT24104,Macroptilium,atropurpureum,Macroptilium atropurpureum,Fabaceae,Fabales,Herbaceous,39.46779603,33.39301472,73.732536,5.110476119,5.501633508,10.61210963,159.6812633,56.78411499,3.581693335,12.875,14.34775342,22.98238341,40.92944778,0.617509159,12.75562041,22.71655164,
105,46055,Genbank,29,F252615,CIAT24565,Vigna,unguiculata,Vigna unguiculata,Fabaceae,Fabales,Herbaceous,30.86123367,42.88476661,73.74600029,4.001537647,6.647775167,10.64931281,163.6491149,50.41393023,3.084567769,12.91666667,14.38115912,23.63179531,46.92112006,0.069977521,13.11605525,26.04203342,
106,46055,Genbank,29,F252616,CIAT33561,Desmodium,wigginsii,Desmodium wigginsii,Fabaceae,Fabales,Herbaceous,40.78029603,44.59425183,79.732536,5.689211272,6.553977773,12.24318905,173.5118276,43.12469303,2.487690973,13.8875,15.3152379,26.64323838,62.432481,-1.681270867,14.78745826,34.6511071,
107,46055,Genbank,29,F252617,CIAT34038,Vigna,unguiculata,Vigna unguiculata,Fabaceae,Fabales,Herbaceous,37.78029603,40.04672669,82.420036,4.881886447,7.038514688,11.92040113,179.5181005,55.34103588,3.088579953,12.9,14.4367161,25.96366106,47.67993336,0.384994225,14.41028109,26.46318793,
108,46055,Genbank,29,F252618,CIAT34040,Vigna,aconitifolia,Vigna aconitifolia,Fabaceae,Fabales,Herbaceous,44.96779603,45.53587186,88.982536,6.105958205,7.622558114,13.72851632,196.207529,54.28251943,2.769528856,13.5,15.39791829,30.27162527,56.11029845,5.864588585,16.80127575,31.14218641,
109,46055,Genbank,29,F252619,CIAT34042,Vigna,aconitifolia,Vigna aconitifolia,Fabaceae,Fabales,Herbaceous,38.78029603,43.95706138,83.582536,5.252556488,7.491648822,12.74420531,183.4847031,49.93304202,2.726932639,13.475,15.20412431,27.9767456,56.26540624,1.790279004,15.52757784,31.22827391,
110,46055,Genbank,29,F252620,CIAT34044,Vigna,aconitifolia,Vigna aconitifolia,Fabaceae,Fabales,Herbaceous,49.75647906,51.24934713,101.0058262,7.000900035,9.01126632,16.01216635,220.4571412,57.39987997,2.610142421,14.04,15.84627806,34.94843694,62.53485459,-1.760618582,19.39698715,34.70792621,
111,46055,Genbank,29,F252621,CIAT34148,Vigna,radiata,Vigna radiata,Fabaceae,Fabales,Herbaceous,33.78029603,45.5131022,76.982536,4.707757366,7.157515431,11.8652728,171.851419,46.55242573,2.72292166,13.8875,15.40556576,26.48735512,58.17394676,13.10071819,14.70094035,32.28754692,
112,46055,Genbank,29,F252622,CIAT34159,Vigna,unguiculata,Vigna unguiculata,Fabaceae,Fabales,Herbaceous,44.96779603,34.26201035,89.107536,6.353106865,7.237020614,13.59012748,196.9023074,54.02098815,2.757363847,14.0875,15.22033743,30.03023848,56.71945413,1.445355978,16.66730191,31.48027835,
113,46055,Genbank,29,F252623,CIAT34347,Vigna,unguiculata,Vigna unguiculata,Fabaceae,Fabales,Herbaceous,42.00622842,43.90538795,85.91161637,5.320695992,7.125741991,12.44643798,191.8945248,61.00810992,3.178529586,12.66666667,14.4904881,27.80073795,45.6424724,2.191541277,15.42989054,25.33236185,
114,46055,Genbank,29,F251692,CIAT-23715,Desmodium,sequax,Desmodium sequax,Fabaceae,Fabales,Shrub,,,,,,,,,,,,,,,,,Repetir 
115,46055,Jacobo Arango/ Alejandro Montoya,29,F250008,Sample 8,Cynodon, nlemfuensis ,Cynodon nlemfuensis ,Poaceae,Poales,grasses,24.69341512,40.47543898,65.1688541,3.768690893,6.851815892,10.62050678,139.2408005,23.07492382,1.665214796,15.275,16.28008565,22.69204061,123.4739108,2.119434606,12.59447514,68.53015671,
116,46062,Genbank,30,F260013,CIAT590,Macroptilium,bracteatum,Macroptilium bracteatum,Fabaceae,Fabales,Herbaceous,37.65765742,34.17685727,75.53861193,4.930251514,6.077984954,11.00823647,163.0995865,44.66308163,2.750767301,13.08571429,14.55843532,23.76846714,55.64763405,-12.93965852,13.19191048,30.88539966,
117,46062,Genbank,30,F260014,CIAT778,Macroptilium,atropurpureum,Macroptilium atropurpureum,Fabaceae,Fabales,Herbaceous,31.65765742,32.37685727,62.32432622,3.562169935,4.632800282,8.194970217,134.5670418,38.61575779,2.916812313,11.24285714,13.13284943,17.69398268,48.69260094,-1.090498294,9.820466511,27.02523596,
118,46062,Genbank,30,F260015,CIAT827,Indigofera,jamaicensis,Indigofera jamaicensis,Fabaceae,Fabales,Herbaceous,29.08622885,37.87685727,71.61004051,4.061672579,6.959743955,11.02141653,151.0585167,45.19031624,3.007175864,13.92857143,15.37793538,23.24925384,52.8658991,-0.206298256,12.90373812,29.34148864,
119,46062,Genbank,30,F260016,CIAT997,Macroptilium,atropurpureum,Macroptilium atropurpureum,Fabaceae,Fabales,Herbaceous,33.87194313,43.30185727,64.25289765,4.107841711,4.793212856,8.901054568,137.290469,42.42336443,3.099649529,12.11428571,13.85113006,19.01900644,46.3087112,-1.99598722,10.55587762,25.70213591,
120,46062,Genbank,30,F260017,CIAT1405,Stylosanthes,capitata,Stylosanthes capitata,Fabaceae,Fabales,Herbaceous,35.05972984,44.67976886,68.38607833,4.648042079,5.665960755,10.31400283,144.4509118,38.76531052,2.709283658,13.26,15.07960751,21.78612611,58.91010868,2.047657526,12.09167691,32.69612953,Repetir 
121,46062,Genbank,30,F260018,CIAT1812,Stylosanthes,viscosa,Stylosanthes viscosa,Fabaceae,Fabales,Herbaceous,23.55539546,41.43122466,33.85828454,2.969305642,1.499600021,4.468905663,70.92022168,19.41989934,2.745172366,12.6,13.21757073,9.360671561,51.64943479,-0.107294935,5.195334665,28.6663299,
122,46062,Genbank,30,F260019,CIAT3694,Desmodium,sandwicense,Desmodium sandwicense,Fabaceae,Fabales,Herbaceous,27.58622885,35.38209814,57.18146908,3.871328641,4.937157353,8.808485995,121.0135919,21.40353914,1.773954083,14.04285714,15.41206561,18.64139981,96.04402868,-0.359562255,10.34629941,53.30609758,
123,46062,Genbank,30,F260020,CIAT4080,Macroptilium,bracteatum,Macroptilium bracteatum,Fabaceae,Fabales,Herbaceous,36.08622885,34.59789133,72.39575479,4.815738244,5.975543396,10.79128164,152.8717207,38.61317727,2.528988288,13.34285714,14.90622517,22.78697319,60.76043573,-0.205075218,12.64716436,33.72309305,
124,46062,Genbank,30,F260021,CIAT7162,Indigofera,jamaicensis,Indigofera jamaicensis,Fabaceae,Fabales,Herbaceous,27.37194313,31.43122466,70.46718336,3.514520312,6.658789476,10.17330979,149.8434383,41.56442145,2.771099464,12.81428571,14.44125886,21.63274578,53.04213224,-0.485089741,12.00654818,29.43930108,
125,46062,Genbank,30,F260022,CIAT8820,Tephrosia,cinerea,Tephrosia cinerea,Fabaceae,Fabales,Herbaceous,46.37194313,31.24443943,84.82432622,6.988540727,7.094819899,14.08336063,178.3494508,45.42044018,2.556937668,15.05714286,16.60865475,29.61123639,66.37605885,1.14215537,16.4347485,36.83986104,
126,46062,Genbank,30,F260023,CIAT14080,Zornia,brasiliensis,Zornia brasiliensis,Fabaceae,Fabales,Herbaceous,41.30051456,30.03015372,76.96718336,5.049986511,6.207188041,11.25717455,162.4460398,44.37028797,2.74837261,12.21428571,14.62520534,23.75921257,54.78802747,0.229154361,13.18677404,30.40830313,
127,46062,Genbank,30,F260024,CIAT18950,Indigofera,spicata,Indigofera spicata,Fabaceae,Fabales,Herbaceous,40.80051456,29.38729658,83.82432622,5.676376329,7.338592691,13.01496902,179.2110967,47.30289805,2.658221987,13.91428571,15.55172312,27.82523151,59.58598433,-0.670319443,15.44348489,33.0712522,
128,46062,Genbank,30,F260025,CIAT19193,Tephrosia,villosa,Tephrosia villosa,Fabaceae,Fabales,Herbaceous,40.58622885,31.22935051,73.32432622,6.081438071,6.175773742,12.25721181,155.3915156,39.26257668,2.558951157,14.98571429,16.69950268,25.97592983,68.15154228,3.591993493,14.41709047,37.82528506,
129,46062,Genbank,30,F260026,CIAT19641,Tephrosia,purpurea,Tephrosia purpurea,Fabaceae,Fabales,Herbaceous,39.58622885,34.66685051,73.11004051,5.713679796,6.171203137,11.88488293,152.1563287,36.64068245,2.42984466,14.42857143,16.24773702,24.73484309,71.68435126,2.576379161,13.72826586,39.78605516,
130,46062,Genbank,30,F260027,CIAT23503,Desmodium,macrodesmum,Desmodium macrodesmum,Fabaceae,Fabales,Herbaceous,34.72908599,33.10435051,64.39575479,4.493879397,4.759081545,9.252960942,137.9517355,32.86839424,2.398283598,12.94285714,14.36849342,19.82217247,64.15661257,-0.696464947,11.00164867,35.60802995,
131,46062,Genbank,30,F260028,CIAT24333,Macroptilium,bracteatum,Macroptilium bracteatum,Fabaceae,Fabales,Herbaceous,44.01480028,31.79185051,84.89575479,6.4012837,6.828049223,13.22933292,179.768211,35.63052945,1.977044779,14.54285714,15.58602551,28.01336612,84.67656082,-0.498218206,15.54790285,46.99695625,
132,46062,Genbank,30,F260029,CIAT33235,Desmodium,scorpiurus,Desmodium scorpiurus,Fabaceae,Fabales,Herbaceous,30.51480028,34.76685051,58.11004051,4.51388168,4.439060544,8.952942224,124.4863341,33.7810963,2.735606412,14.78571429,15.42442897,19.17942162,58.31421002,-1.843206075,10.64491082,32.36539546,
133,46062,Genbank,30,F260030,CIAT33605,Desmodium,sandwicense x intortum,Desmodium sandwicense x intortum,Fabaceae,Fabales,Herbaceous,29.87194313,36.70435051,59.75289765,4.086377088,4.77887308,8.865250168,125.0108827,31.26798542,2.509056544,13.68571429,14.84310829,18.54721213,60.55246027,-0.885817174,10.29402362,33.60766307,
134,46062,Genbank,30,F260031,CIAT34144,Vigna,radiata,Vigna radiata,Fabaceae,Fabales,Herbaceous,40.05539546,46.38622241,86.44161787,5.625050974,7.916008613,13.54105959,190.1239905,54.60977248,2.737461259,14.05,15.67218303,29.78291804,59.12509784,-0.312070224,16.53003479,32.81545223,
135,46062,Genbank,30,F260032,CIAT7934,Sesbania,sesban,Sesbania sesban,Fabaceae,Fabales,Shurb_Tree,37.06158744,39.63381359,76.69540103,5.33423627,6.063965992,11.39820226,159.4848747,38.75869218,2.518103242,14.31428571,14.94880419,23.70611251,61.66029445,-1.042699689,13.15730258,34.2225302,
136,46062,Genbank,30,F260033,CIAT7937,Mimosa,nuda,Mimosa nuda,Fabaceae,Fabales,Shurb_Tree,27.01480028,30.60435051,55.96718336,3.500607788,4.201343312,7.701951101,116.3249835,28.94794022,2.486971153,12.95714286,13.76320941,16.00810503,61.51181423,-0.612079105,8.884775249,34.14012112,
137,46062,Genbank,30,F260034,CIAT8056,Mimosa,diplotricha,Mimosa diplotricha,Fabaceae,Fabales,Shurb_Tree,32.04980381,33.37845886,65.42826267,4.191516813,5.499900687,9.6914175,137.871705,34.00896641,2.469257174,13.08571429,14.85780734,20.43118695,61.5574737,0.535504921,11.33966224,34.16546291,
138,46062,Genbank,30,F260035,CIAT17514,Mimosa,pudica,Mimosa pudica,Fabaceae,Fabales,Shurb_Tree,31.72908599,31.10435051,62.03861193,4.357201549,5.028796049,9.385997598,128.6152989,30.35577378,2.355380837,13.72857143,15.13088517,19.45858986,69.96536047,1.864551214,10.79985403,38.83198553,
139,46062,Genbank,30,F260036,CIAT17725,Mimosa,polycarpa,Mimosa polycarpa,Fabaceae,Fabales,Shurb_Tree,30.4433717,31.35435051,65.55289765,3.959132951,5.772184484,9.731317435,136.9973959,30.02145518,2.185013899,13,14.84620957,20.33723157,71.02960231,-1.075202206,11.28751537,39.42265817,
140,46062,Genbank,30,F260037,CIAT18947,Sesbania,sesban,Sesbania sesban,Fabaceae,Fabales,Shurb_Tree,35.22908599,33.97935051,73.89575479,4.827859412,5.343179126,10.17103854,154.7470737,51.99321674,3.35787203,13.67142857,13.7602564,21.29935473,41.93165647,-0.473181001,11.82151038,23.2727948,
141,46062,Genbank,30,F260038,CIAT19165,Sesbania,keniensis,Sesbania keniensis,Fabaceae,Fabales,Shurb_Tree,36.4433717,36.54185051,76.11004051,5.343429747,6.233521649,11.5769514,157.7597071,44.02902362,2.794625633,14.65714286,15.21012253,23.99650577,56.24253746,-8.226448463,13.31847586,31.21558134,
142,46062,Genbank,30,F260039,CIAT21899,Sesbania,sesban,Sesbania sesban,Fabaceae,Fabales,Shurb_Tree,36.08622885,35.66542097,68.89575479,5.073877371,5.130744875,10.20462225,143.7110126,36.07185156,2.506704025,14.05714286,14.81295465,21.2860392,61.07361576,0.434091112,11.81412003,33.89691339,
143,46062,Genbank,30,F260040,CIAT23414,Codariocalyx,motorius,Codariocalyx motorius,Fabaceae,Fabales,Shurb_Tree,26.77587315,24.20524216,50.98111531,3.761325785,3.749763561,7.511089346,106.1386454,24.09716873,2.360257799,13.85714286,14.38120265,15.62908889,64.05229122,-0.446274255,8.674414736,35.5501298,
144,46062,Genbank,30,F260041,CIAT23767,Desmodium,nicaraguense,Desmodium nicaraguense,Fabaceae,Fabales,Shurb_Tree,39.4433717,30.91351492,74.68146908,6.411290659,6.156304385,12.56759504,157.1400967,46.73247797,2.974771642,16.24285714,16.82325397,26.44396804,56.96940951,1.715304292,14.67685977,31.61900791,
145,46062,Genbank,30,F260042,CIAT33127,Codariocalyx,motorius,Codariocalyx motorius,Fabaceae,Fabales,Shurb_Tree,,,,,,,,,,,,,,,,,
146,46062,Breeding,30,F252104,CIAT-BR06_1348,Urochloa,interespecifico,Brachiaria interespecifico,Poaceae,Poales,grasses,39.30051456,33.16685051,89.03861193,5.289282504,7.704533394,12.9938159,191.1839796,54.58106112,2.85846,13.45714286,14.59109337,27.9003099,51.50184615,0.626844625,15.4851547,28.58441565,
147,46062,Breeding,30,F252166,CIAT-BH22_0528,Urochloa,humidicola,Urochloa humidicola,Poaceae,Poales,grasses,33.51480028,30.41685051,87.61004051,4.582001922,8.39258642,12.97458834,178.3109925,43.19160962,2.421069643,13.67142857,14.80838631,26.40685495,61.78634985,0.620938013,14.65626136,34.29249313,
148,46062,Jacobo Arango/ Alejandro Montoya,30,F250008,Sample 8,Cynodon, nlemfuensis ,Cynodon nlemfuensis ,Poaceae,Poales,grasses,26.37194313,40.59524023,66.96718336,4.075855109,6.669661714,10.74551682,142.8860356,33.28606297,2.325999613,15.44285714,16.04445824,22.92744005,71.27555774,0.177959129,12.72512589,39.55916769,
