41_sample_serial_no,41_date,41_requisitioner,41_set_ciat,41_ciat_lab_id,41_gene_bank_breeding_program_id,41_genus,41_species,41_tax_name,41_family,41_order,41_functional_group,41_net_gas_8h_ml,41_net_gas_8_24h_ml,41_net_gas_24h_ml,41_ch4_8h_ml,41_ch4_8_24h_ml,41_ch4_24h_ml,41_gas_ml_g_dm_incubated_24h,41_percentage_dmd_truly_digestibility,41_part_fact,41_ch4_ml_in_gas_8h,41_ch4_ml_in_gas_24h,41_ch4_ml_g_dm_incubated_24h,41_ch4_ml_g_dmd_24h2,41_ch4_ml_g_ndf_digested_in_24h,41_ch4_g_dm_incubated_24h,41_ch4_g_g_dmd_24h,41_column4,41_column5
Sample serial No,"Date (M,D.Y)",Requisitioner,Set CIAT,CIAT Lab-ID,Gene bank /Breeding program ID,Genus,Species,Tax Name,Family,Order,Functional Group,"Net gas 8h, ml","Net gas 8-24h, ml","Net gas 24h, ml","CH4 8h, ml","CH4 8-24h, ml","CH4 24h, ml","Gas ml/g DM Incubated, 24h","% DMD, Truly digestibility",Part Fact,"CH4 ml in gas, h8","CH4 ml in gas, 24h","CH4 ml/gDM incubated, 24h","CH4 ml/g DMD, 24h2",CH4 ml/g NDF digested in 24 h,"CH4 g/g DM incubated, 24h","CH4 g/g DMD, 24h",Column4,Column5
1,46041,Genbank,27,F251728,CIAT-13262,Dendrolobium,triangulare,Dendrolobium triangulare,Fabaceae,Fabales,Tree,12.8672846,9.315738102,21.99653173,1.727928833,1.60614957,3.298640856,46.29472869,6.060535143,1.623411126,6.286891124,6.998190825,6.942451881,24.51705107,0.69916055,3.853180906,12.1162967,,
2,46041,Genbank,27,F251729,CIAT-13528,Dendrolobium,lanceolatum,Dendrolobium lanceolatum,Fabaceae,Fabales,Tree,1.728402398,1.390319089,1.331024708,0.195620991,0.263664678,0.287440571,2.811306282,5.697885811,0.662461937,0.629625739,0.529157234,0.60518663,10.40589485,0.076700419,0.33588905,10.79359768,,
3,46041,Genbank,27,F251730,CIAT-13529,Dendrolobium,triangulare,Dendrolobium triangulare,Fabaceae,Fabales,Tree,9.452124296,9.741674995,18.72446486,1.307822876,1.70706596,2.948350958,39.65747243,5.003420102,1.198007248,4.895898429,5.542024422,6.244572477,21.88658009,8.440164935,3.465845762,12.8532575,,
4,46041,Genbank,27,F251731,CIAT-13710,Dendrolobium,lanceolatum,Dendrolobium lanceolatum,Fabaceae,Fabales,Tree,7.603381494,4.669080095,12.17761245,1.060363562,0.8238003,1.862800615,25.85771573,7.469667725,1.034862514,4.932038118,5.408615618,3.955547303,25.96459048,0.090855723,2.195397189,16.56059644,,
5,46041,Genbank,27,F251732,CIAT-22004,Dendrolobium,triangulare,Dendrolobium triangulare,Fabaceae,Fabales,Tree,8.428997139,7.39479069,15.77375598,1.135623868,1.261675174,2.390470508,33.43923258,8.958635147,0.972470023,4.822103127,5.392218824,5.067813608,23.70947844,0.158525051,2.812724231,15.08082676,,
6,46041,Genbank,27,F251733,CIAT-23104,Dendrolobium,triangulare,Dendrolobium triangulare,Fabaceae,Fabales,Tree,10.12551109,9.273704474,19.39121539,1.456912623,1.635908331,3.090670633,41.84283966,8.703512596,0.971212449,6.695360867,7.407317153,6.66913005,38.99309409,0.154422135,3.701482561,20.70138002,,
7,46041,Genbank,27,F251734,CIAT-23106,Dendrolobium,triangulare,Dendrolobium triangulare,Fabaceae,Fabales,Tree,7.285822726,6.72650296,13.38749667,1.073828398,1.173203126,2.136230578,28.27523597,7.98896336,1.114375438,5.22022167,5.730864892,4.511997021,31.21788096,0.174831778,2.504236409,18.6027884,,
8,46041,Genbank,27,F251735,CIAT-23107,Dendrolobium,triangulare,Dendrolobium triangulare,Fabaceae,Fabales,Tree,9.467913543,8.013871264,17.44736336,1.346187252,1.452671224,2.788579022,36.7267668,9.477920038,1.338495658,7.403944412,8.319195469,5.870096424,32.46805351,0.130867777,3.258005074,15.50393261,,
9,46041,Genbank,27,F251736,CIAT-23108,Dendrolobium,triangulare,Dendrolobium triangulare,Fabaceae,Fabales,Tree,7.076906127,5.925211283,12.95883158,0.963113821,1.102245949,2.061978843,27.39438762,6.844150721,0.878825733,4.843091545,5.616480675,4.359282903,27.50533867,0.141615385,2.419477431,18.2523325,,
10,46041,Genbank,27,F251737,CIAT-23412,Dendrolobium,triangulare,Dendrolobium triangulare,Fabaceae,Fabales,Tree,7.700204008,4.556857472,12.20897442,1.056060655,0.795691582,1.845957333,25.91471065,7.812652809,1.107283846,4.89219495,5.374202756,3.918554307,26.9821735,0.067447996,2.174865435,15.74530263,,
11,46041,Genbank,27,F251738,CIAT-23413,Dendrolobium,triangulare,Dendrolobium triangulare,Fabaceae,Fabales,Tree,1.589606462,1.346924279,2.160975647,0.121572329,0.23822881,0.208378682,4.62535796,4.363956453,0.583736253,1.129791384,0.989999183,0.444811804,16.93319806,0.045937841,0.246878247,15.46945044,,
12,46041,Genbank,27,F251739,CIAT-23419,Dendrolobium,triangulare,Dendrolobium triangulare,Fabaceae,Fabales,Tree,1.313629699,0.645244505,1.617720056,0.114848817,0.185702963,0.285418653,3.428157342,4.360685358,0.582456065,0.972386607,0.884065339,0.608394747,23.68553153,0.033894966,0.33766961,21.26724446,,
13,46041,Genbank,27,F251740,CIAT-23422,Dendrolobium,triangulare,Dendrolobium triangulare,Fabaceae,Fabales,Tree,9.284815038,8.148308926,17.37835666,1.38026502,1.476316129,2.853837707,37.82076361,9.426289515,2.004729753,5.226853738,5.750548884,6.210990322,36.06604787,0.139890396,3.447207085,19.60447141,,
14,46041,Genbank,27,F251741,CIAT-23734,Dendrolobium,triangulare,Dendrolobium triangulare,Fabaceae,Fabales,Tree,0.987551663,0.701235781,1.367312334,0.130723818,0.135898958,0.255553375,2.888689458,8.852423448,0.891768326,0.627352715,0.434284246,0.540209248,17.63591985,0.996181964,0.299825479,14.15308316,,
15,46041,Genbank,27,F251742,CIAT-23932,Dendrolobium,triangulare,Dendrolobium triangulare,Fabaceae,Fabales,Tree,2.013220788,1.137013346,2.730709327,0.236151462,0.202855649,0.422385005,5.713262274,5.695227967,0.672435429,1.09021623,0.760074392,0.883754009,17.58396158,0.122804481,0.490498765,17.80529275,,
16,46041,Genbank,27,F251743,CIAT-23933,Dendrolobium,triangulare,Dendrolobium triangulare,Fabaceae,Fabales,Tree,10.03545245,12.06430342,22.07941694,1.52004611,2.347319608,3.684907867,47.0771749,3.676527085,1.086636215,6.997091232,7.603886611,7.857047343,34.73962195,0.262201384,4.36079721,17.36247018,,
17,46041,Genbank,27,F251744,CIAT-23934,Dendrolobium,triangulare,Dendrolobium triangulare,Fabaceae,Fabales,Tree,4.014965187,3.203091599,6.218669075,0.465299009,0.553906526,0.858004807,13.20794459,6.706621753,0.647095373,0.92736185,0.671855312,1.821555495,11.55222204,0.572702978,1.010994814,12.70550275,,
18,46041,Genbank,27,F251745,CIAT-23936,Dendrolobium,triangulare,Dendrolobium triangulare,Fabaceae,Fabales,Tree,8.000135538,8.317188777,15.50764524,1.116148645,1.442204027,2.452740994,32.96160328,9.107895155,1.020229498,5.094096724,5.628613927,5.213552986,29.60694994,0.155775026,2.893612107,17.96468346,,
19,46041,Genbank,27,F251746,CIAT-33119,Dendrolobium,triangulare,Dendrolobium triangulare,Fabaceae,Fabales,Tree,1.609871748,0.683130051,1.557434653,0.319125035,0.07264034,0.276443511,3.251425329,5.801304824,0.479105363,0.985393322,0.574823626,0.576881913,9.284404178,217.9164879,0.320179443,5.153004949,,
20,46041,Genbank,27,F251747,CIAT-33383,Dendrolobium,sp.,Dendrolobium sp.,Fabaceae,Fabales,Tree,1.190259016,0.640311183,1.600802915,0.348328698,0.100335387,0.413796385,3.366968416,5.806412712,0.539760864,1.012422837,0.533772208,0.873456897,15.13660097,0.34579415,0.48478369,12.80849357,,
21,46041,Genbank,27,F251748,CIAT-33402,Dendrolobium,triangulare,Dendrolobium triangulare,Fabaceae,Fabales,Tree,1.542268918,2.272985853,3.003783784,0.361812915,0.308062041,0.477049805,6.332383377,5.020884059,0.565143165,0.840811683,0.371768562,1.00623969,13.50541317,0.310600068,0.558480437,13.33733508,,
22,46041,Genbank,27,F251749,CIAT-33508,Dendrolobium,umbellatum,Dendrolobium umbellatum,Fabaceae,Fabales,Tree,10.02753088,10.28201582,20.24256079,1.475331017,1.957120982,3.414938536,43.1454074,8.68997099,1.090993933,5.289612462,6.009734384,7.278573657,27.61475576,1.33312271,4.039734307,15.97714771,,
23,46041,Genbank,27,F251750,CIAT-33515,Dendrolobium,triangulare,Dendrolobium triangulare,Fabaceae,Fabales,Tree,10.01789719,9.597470588,19.51375911,1.405494559,1.63066268,3.022177936,41.76040614,9.532684604,1.115423275,6.614918205,7.224709916,6.467630064,44.03549998,0.11723463,3.589646582,21.93519859,,
24,46041,Genbank,27,F251751,CIAT-7353,Prosopis,juliflora,Prosopis juliflora,Fabaceae,Fabales,Tree,4.315673162,3.332455243,6.217737338,0.67721327,0.963382401,1.363349938,13.12291123,6.504865342,1.512324814,1.299931317,2.437271822,2.879078489,7.743729722,0.409342727,1.597938373,3.9781547,,
25,46041,Genbank,27,F251752,CIAT-7976,Cassia,sp.,Cassia sp.,Fabaceae,Fabales,Tree,3.445874686,2.135179287,4.85802206,0.482486972,0.346918352,0.593693531,10.38866054,7.318184393,0.605745819,1.0633505,0.539984407,1.272125591,9.758473597,0.747761256,0.706051712,8.522160412,,
26,46041,Genbank,27,F251753,CIAT-8018,Acacia,aroma,Acacia aroma,Fabaceae,Fabales,Tree,12.02213344,7.486787131,19.48183927,1.698125508,1.371314944,3.063925318,41.52510079,9.414169082,1.073569088,6.529274735,7.272954604,6.530591137,37.15674809,0.259883481,3.624591067,19.33832036,,
27,46041,Genbank,27,F251754,CIAT-9990,Prosopis,juliflora,Prosopis juliflora,Fabaceae,Fabales,Tree,2.346250689,1.486965413,3.38820914,0.361009603,0.286225738,0.446730443,7.27829898,6.123238154,1.14878868,1.212730096,1.326477105,0.959940806,2.151883905,0.410646713,0.532783755,1.374815148,,
28,46041,Genbank,27,F251755,CIAT-13258,Dendrolobium,lanceolatum,Dendrolobium lanceolatum,Fabaceae,Fabales,Tree,1.290980129,0.516857106,1.550571686,0.191945979,0.319800837,0.434705187,3.291421695,4.312987479,0.601313345,0.81842619,1.235416951,0.920086263,7.765632384,0.05251617,0.510663795,10.12868162,,
29,46041,Genbank,27,F251756,CIAT-13260,Dendrolobium,lanceolatum,Dendrolobium lanceolatum,Fabaceae,Fabales,Tree,1.779548174,0.831764949,2.155724704,0.211253471,0.207427766,0.212661001,4.572367882,6.027573966,0.954854459,0.774135462,0.481214143,0.451153247,18.85341057,0.172512959,0.250397858,15.98720705,,
30,46041,Genbank,27,F251757,CIAT-17263,Leucaena,leucocephala,Leucaena leucocephala,Fabaceae,Fabales,Tree,11.37601539,10.23635911,21.03356913,1.408499188,1.5366421,2.890034186,44.50788607,4.836565483,1.49278077,4.406488722,4.832852238,6.115738254,13.56251962,1.190565502,3.39434054,7.28512201,,
31,46041,Isabel Molina,27,F252640, Cayman Br02_1752,Urochloa,interespecifico,Urochloa interespecifico,Poaceae,Poales,grasses,3.98557666,3.991175272,2.053460834,0.420031389,0.460287099,0.245061141,4.247492589,9.374942226,0.52795676,0.524914959,0.395300396,0.508186469,10.77099157,12.17970122,0.282052282,8.460607385,,
32,46041,Mauricio Sotelo,27,F252641,N/A,Gliricidia  ,sepium,Gliricidia sepium ,Fabaceae,Fabales,Arbustiva ,2.588468169,2.390584592,2.693935295,0.404087363,0.295605862,0.43794307,5.743033092,7.051481968,0.38837614,0.348466026,0.251834671,0.934520004,4.717210311,12.15840228,0.518674771,2.618133335,,
33,46041,Jacobo Arango/Alejandro Montoya,27,F250008,Sample 8,Cynodon, nlemfuensis ,Cynodon nlemfuensis ,Poaceae,Poales,grasses,9.836509476,16.55693915,26.24890211,1.522986646,2.69955461,4.194304999,56.08120981,8.695598407,0.986207474,7.108232149,7.358154311,8.961136434,41.80713955,1.168473522,4.973585758,21.59958092,,
34,46048,Genbank,28,F251758,CIAT-17459,Erythrina,berteroana,Erythrina berteroana,Fabaceae,Fabales,Tree,2.507592616,2.388787691,4.480765423,0.349518959,0.535306368,0.870490585,9.450475743,2.427110939,0.288854552,0.380788655,0.551922403,1.840005633,3.90278184,0.217633436,1.02123496,4.828468436,,
35,46048,Genbank,28,F251759,CIAT-17482,Leucaena,leucocephala,Leucaena leucocephala,Fabaceae,Fabales,Tree,12.15303544,9.821125186,21.77273377,1.371871258,1.330269201,2.674037448,46.9804997,7.072229676,1.473299904,3.92455639,4.306552298,5.770160358,12.81919625,3.868574789,3.202538828,6.853242572,,
36,46048,Genbank,28,F251760,CIAT-17502,Leucaena,leucocephala,Leucaena leucocephala,Fabaceae,Fabales,Tree,2.199025238,2.012387756,2.734178038,0.425401058,0.243203338,0.550369229,5.772671515,5.563092988,0.311385403,0.592211352,0.459635479,1.166409277,3.229918801,2.069262557,0.647377329,5.514557463,,
37,46048,Genbank,28,F251761,CIAT-19384,Prosopis,juliflora,Prosopis juliflora,Fabaceae,Fabales,Tree,2.718146393,1.344296529,3.167926577,0.368758637,0.248601554,0.524179858,6.787362963,2.358056364,1.619435692,2.406983886,2.007293475,1.12238255,1.759104549,0.018760694,0.622941734,0.962339666,,
38,46048,Genbank,28,F251762,CIAT-19571,Senna,cobanensis,Senna cobanensis,Fabaceae,Fabales,Tree,2.446140608,2.018456288,2.508158707,0.611524912,0.485595402,0.85660057,5.383849272,9.195822267,0.531486394,0.7670677,0.65621322,1.838961471,14.45779757,2.962525456,1.020655433,11.55227329,,
39,46048,Genbank,28,F251763,CIAT-20126,Acacia,angustissima,Acacia angustissima,Fabaceae,Fabales,Tree,1.1672834,1.934387531,2.917896541,0.193996507,0.224999191,0.395692249,6.21166827,2.176197035,0.593235909,0.363318042,0.239892202,0.842314524,5.667353191,0.013805563,0.467499134,3.145479072,,
40,46048,Genbank,28,F251764,CIAT-20788,Senna,pallida,Senna pallida,Fabaceae,Fabales,Tree,2.117211403,5.4177377,5.118679291,0.686367257,0.871643209,1.143876517,10.9177481,2.685840521,0.155827743,0.840068024,0.608571945,2.44102132,4.080764352,0.058538475,1.354809065,2.264894817,,
41,46048,Genbank,28,F251765,CIAT-21242,Leucaena,diversifolia,Leucaena diversifolia,Fabaceae,Fabales,Tree,1.873046925,1.643093282,2.10231644,0.432931027,0.227191562,0.503326262,4.523617386,5.056115607,0.738381247,0.999642793,0.690943068,1.081922184,6.79250545,1.170633352,0.600485531,7.546747499,,
42,46048,Genbank,28,F251766,CIAT-21512,Calliandra,calothyrsus,Calliandra calothyrsus,Fabaceae,Fabales,Tree,2.681916773,2.552679748,4.752372678,0.42149316,0.294159108,0.609340325,10.2323284,5.091567539,1.998254663,1.180798761,0.567940801,1.312582022,9.490794161,0.015572273,0.728505731,7.107634041,,
43,46048,Genbank,28,F251767,CIAT-21601,Erythrina,fusca,Erythrina fusca,Fabaceae,Fabales,Tree,4.305819995,1.990687628,5.671900351,0.73425686,0.354019476,1.053975049,12.13612293,4.114209268,0.531242078,0.910945349,0.755389264,2.258123688,9.217994459,15.41004571,1.253297715,11.1769697,,
44,46048,Genbank,28,F251768,CIAT-21809,Acacia,farnesiana,Acacia farnesiana,Fabaceae,Fabales,Tree,1.259999932,1.152504165,1.324676146,0.483732619,0.153288712,0.585500382,2.820169939,4.269053302,0.348404221,1.055512739,0.722848905,1.241672058,7.347389683,2.663969015,0.689149475,10.08672685,,
45,46048,Genbank,28,F251769,CIAT-21810,Acacia,angustissima,Acacia angustissima,Fabaceae,Fabales,Tree,0.907511672,1.496393801,2.290027925,0.23138702,0.21666623,0.401721382,4.823674959,7.740241366,1.236676358,1.00418766,0.614745798,0.846599207,8.971316407,0.085396305,0.469877207,6.147929339,,
46,46048,Genbank,28,F251770,CIAT-21888,Leucaena,leucocephala,Leucaena leucocephala,Fabaceae,Fabales,Tree,1.560807028,2.227949669,3.550089785,0.377101692,0.347358907,0.672078824,7.553548393,8.468507495,0.71399338,0.699659781,0.477892002,1.433312263,10.04529913,1.090898436,0.795513104,5.575314811,,
47,46048,Genbank,28,F251771,CIAT-22310,Calliandra,calothyrsus,Calliandra calothyrsus,Fabaceae,Fabales,Tree,6.556909457,4.670762113,11.08010794,0.731419683,0.587004104,1.302569099,23.34409801,8.878394518,1.576583407,3.894226496,4.085967577,2.744369027,13.95921902,0.034918034,1.52317229,8.398963307,,
48,46048,Genbank,28,F251772,CIAT-22311,Calliandra,calothyrsus,Calliandra calothyrsus,Fabaceae,Fabales,Tree,,,,,,,,,,,,,,,,,Repetir ,
49,46048,Genbank,28,F251773,CIAT-22316,Calliandra,calothyrsus,Calliandra calothyrsus,Fabaceae,Fabales,Tree,1.494499948,2.21341206,3.319848312,0.240609652,0.266715488,0.415522489,6.943574585,1.81904863,0.684280511,0.664580068,0.518920577,0.868862786,3.039953926,0.02532133,0.482233879,1.687227023,,
50,46048,Genbank,28,F251774,CIAT-23239,Dendrolobium,triangulare,Dendrolobium triangulare,Fabaceae,Fabales,Tree,10.2312893,8.562040537,18.4368111,1.472290862,1.519850165,2.928238998,38.45158483,8.726898647,0.866736083,4.904516869,5.573252114,6.107186659,29.14539775,0.259066933,3.389594256,18.137037,,
51,46048,Genbank,28,F251775,CIAT-33116,Dendrolobium,triangulare,Dendrolobium triangulare,Fabaceae,Fabales,Tree,5.982950921,1.818641145,6.742088915,1.065179445,0.251385653,1.186400113,14.09688122,3.748595051,0.543857343,1.279453008,0.722595887,2.480742266,11.14250827,0.290800618,1.376854877,6.184284869,,
52,46048,Genbank,28,F252184,CIAT-BH22_0303,Urochloa,humidicola,Urochloa humidicola,Poaceae,Poales,grasses,2.195120177,4.995369121,7.101185497,0.594881398,1.16826916,1.75957403,15.02213634,3.560165301,0.263917945,0.838450953,0.821577904,3.716169581,32.05194965,0.548436465,2.062538411,17.78938659,,
53,46048,Genbank,28,F252185,CIAT-BH22_1594,Urochloa,humidicola,Urochloa humidicola,Poaceae,Poales,grasses,2.937412339,5.41187525,8.177155674,0.57234646,1.192297119,1.737334943,17.20523417,8.71461153,0.38544263,0.515428624,0.619604198,3.654861992,15.88277437,2.145727893,2.028511638,8.815214561,,
54,46048,Genbank,28,F252186,CIAT-BH22_0468,Urochloa,humidicola,Urochloa humidicola,Poaceae,Poales,grasses,4.075008385,4.513286623,8.279779049,0.711997835,0.970101775,1.647927255,17.24644416,7.104270672,0.45421947,0.542481073,0.559370257,3.431905068,20.38911636,1.505993396,1.904766688,16.43175419,,
55,46048,Genbank,28,F252187,CIAT-BH22_3830,Urochloa,humidicola,Urochloa humidicola,Poaceae,Poales,grasses,18.92824458,26.55682791,45.47565932,2.64574838,4.143590587,6.787704874,94.72355372,7.87385431,0.95699636,6.442437427,6.856704473,14.13910075,35.86040394,1.72024316,7.847445535,17.53506609,,
56,46048,Genbank,28,F252188,CIAT-BH22_1710,Urochloa,humidicola,Urochloa humidicola,Poaceae,Poales,grasses,2.635054715,6.327164025,8.387278752,0.495856912,1.182888688,1.610277021,17.2266691,5.927474885,0.344561188,0.411732692,0.609556887,3.309563026,12.75617849,26.46295894,1.836864738,7.07989976,,
57,46048,Genbank,28,F252189,CIAT-BH22_2365,Urochloa,humidicola,Urochloa humidicola,Poaceae,Poales,grasses,2.523293582,3.859302066,6.149192033,0.474253852,0.843793309,1.301996347,12.7234292,6.157985911,0.365671675,0.435889894,0.465792959,2.690121169,12.26357021,1.214500648,1.493063791,6.806493641,,
58,46048,Genbank,28,F252190,CIAT-BH22_3572,Urochloa,humidicola,Urochloa humidicola,Poaceae,Poales,grasses,0.577350269,2.020725942,2.56580072,0.139076576,0.359263354,0.497214453,4.879171877,9.180727126,0.515411908,0.2081666,0.188935463,0.956681889,17.67726114,1.76601973,0.530975,9.811185766,,
59,46048,Genbank,28,F252191,CIAT-BH22_0517,Urochloa,humidicola,Urochloa humidicola,Poaceae,Poales,grasses,,,,,,,,,,,,,,,,,Repetir ,
60,46048,Genbank,28,F252192,CIAT-BH22_0519,Urochloa,humidicola,Urochloa humidicola,Poaceae,Poales,grasses,,,,,,,,,,,,,,,,,Repetir ,
61,46048,Genbank,28,F252193,CIAT-BH22_0521,Urochloa,humidicola,Urochloa humidicola,Poaceae,Poales,grasses,15.00485374,20.00355842,23.65402766,23.50226584,41.11985861,3.454484203,61.51601395,5.022965235,88.57024471,17.2773354,4.690852372,7.050247447,76.47584531,13.6285036,73.19205065,70.13504916,,
62,46048,Genbank,28,F252574,CIAT326,Desmodium,scorpiurus,Desmodium scorpiurus,Fabaceae,Fabales,Herbaceous,5.101840536,9.515922183,14.51915496,0.658471561,1.581893268,2.218840823,31.68433581,7.212004187,1.857128882,0.427395211,0.149235774,4.8418549,18.51699836,2.721009096,2.687313238,10.27725445,,
63,46048,Jacobo Arango/Alejandro Montoya,28,F250008,Sample 8,Cynodon, nlemfuensis ,Cynodon nlemfuensis ,Poaceae,Poales,grasses,0.875595036,2.207940217,3.056414021,0.151316654,0.522599284,0.56128059,6.519533866,8.521115068,0.687551268,1.01865925,0.372363403,1.198113044,22.49662461,4.610189556,0.664973468,12.48601587,,
64,46048,Genbank,28,F252575,CIAT415,Vigna,radiata,Vigna radiata,Fabaceae,Fabales,Herbaceous,3.342200273,5.168689401,6.439219633,0.351641634,0.682229306,0.76030247,13.59765992,7.177730249,0.560962852,0.384521967,0.397783858,1.627021988,8.572792783,1.211640297,0.903025352,6.998026308,,
65,46048,Genbank,28,F252576,CIAT416,Vigna,radiata,Vigna radiata,Fabaceae,Fabales,Herbaceous,1.95574075,1.284100449,2.282698429,0.295983224,0.218590622,0.383384065,5.026487523,7.051390495,0.367466029,0.365474252,0.146617404,0.842249592,7.562570978,37.02100071,0.467463095,7.021606945,,
66,46048,Genbank,28,F252577,CIAT517,Macroptilium,atropurpureum,Macroptilium atropurpureum,Fabaceae,Fabales,Herbaceous,1.42287206,3.569921614,4.309607459,0.186055463,0.432680486,0.528428612,9.425842531,6.391443265,0.444502479,0.225198325,0.257717176,1.1555035,9.211010617,0.13891681,0.641324434,10.16923138,,
67,46048,Genbank,28,F252578,CIAT563,Macroptilium,bracteatum,Macroptilium bracteatum,Fabaceae,Fabales,Herbaceous,1.475004358,2.364854101,1.954390006,0.243764486,0.278244062,0.296040795,4.195433611,6.481182906,0.414257154,0.519443383,0.343550668,0.636652486,10.55359309,2.236196255,0.353353144,10.05195842,,
68,46048,Genbank,28,F252579,CIAT789,Zornia,latifolia,Zornia latifolia,Fabaceae,Fabales,Herbaceous,4.747131584,1.565742482,4.69110817,0.711273533,0.27662328,0.641949956,10.5802476,9.737221604,0.468923267,0.346410162,0.163190441,1.448036927,28.83563166,1.650167935,0.803685547,18.59390062,,
69,46048,Genbank,28,F252580,CIAT2085,Stylosanthes,seabrana,Stylosanthes seabrana,Fabaceae,Fabales,Herbaceous,2.42663958,2.776175238,3.098798355,0.323861366,0.287467218,0.370711024,6.742022814,2.605188049,0.175275318,0.320416396,0.219850468,0.806602222,5.051815622,0.385355699,0.447678188,2.803845072,,
70,46048,Genbank,28,F252581,CIAT2690,Stylosanthes,angustifolia,Stylosanthes angustifolia,Fabaceae,Fabales,Herbaceous,2.119700729,3.263168759,3.727640811,0.357103581,0.387301128,0.419902853,8.180545119,8.108341248,0.469198216,0.570713839,0.343953558,0.920926512,33.69853221,0.892051297,0.511130147,21.95123044,,
71,46048,Genbank,28,F252582,CIAT4069,Macroptilium,atropurpureum,Macroptilium atropurpureum,Fabaceae,Fabales,Herbaceous,1.739845558,1.327132737,2.120747916,0.238850181,0.148316263,0.361350771,4.576084872,9.57837062,0.679476601,0.333809184,0.323629597,0.782512102,20.37050495,0.434660817,0.434307755,13.68803732,,
72,46048,Genbank,28,F252583,CIAT4141,Vigna,radiata,Vigna radiata,Fabaceae,Fabales,Herbaceous,2.159455479,0.612197977,2.530962916,0.347107347,0.267549721,0.45426089,5.582940439,9.686298992,0.559421495,0.473286383,0.234671435,1.0020078,18.42987315,3.078926723,0.556131665,10.22889846,,
73,46048,Genbank,28,F252584,CIAT4532,Vigna,unguiculata,Vigna unguiculata,Fabaceae,Fabales,Herbaceous,2.131631201,1.487698327,2.48852892,0.231191962,0.189073095,0.289319143,5.360260745,9.484449071,0.535417467,0.51754917,0.269503353,0.625124395,23.82776749,2.450882986,0.346954854,17.27467853,,
74,46048,Genbank,28,F252585,CIAT4537,Vigna,unguiculata,Vigna unguiculata,Fabaceae,Fabales,Herbaceous,2.078184393,1.387478094,3.068517019,0.309883426,0.240694063,0.529369309,6.628547423,9.11412455,0.647948754,0.307059789,0.201338133,1.145384494,15.53642356,3.42868551,0.63570821,9.96783826,,
75,46048,Genbank,28,F252586,CIAT7289,Chamaecrista,mimosoides,Chamaecrista mimosoides,Fabaceae,Fabales,Herbaceous,1.973186822,2.471055999,1.350303365,0.340741154,0.245739175,0.215193561,2.900527809,7.652536865,0.494448221,0.216794834,0.271763728,0.468861355,18.24463769,2.350571729,0.260226164,10.12608957,,
76,46048,Genbank,28,F252587,CIAT7826,Tephrosia,purpurea,Tephrosia purpurea,Fabaceae,Fabales,Herbaceous,1.692606491,3.849166255,3.947053607,0.304912263,0.442500195,0.497897307,8.708308184,6.889989894,0.517287659,0.319597962,0.317998604,1.099030213,14.35831296,0.506927713,0.609980782,13.89033224,,
77,46048,Genbank,28,F252588,CIAT8014,Crotalaria,retusa,Crotalaria retusa,Fabaceae,Fabales,Herbaceous,3.174100241,2.683003034,3.413504898,0.405341325,0.345676464,0.339850223,7.475210318,7.626491447,0.3808668,0.340168026,0.248391589,0.747766181,6.903039626,5.31129153,0.415023168,3.831306422,,
78,46048,Genbank,28,F252589,CIAT8849,Zornia,brasiliensis,Zornia brasiliensis,Fabaceae,Fabales,Herbaceous,1.680750392,3.166339672,2.518915914,0.209177431,0.482406188,0.386146483,5.57368115,5.976415015,0.385888321,0.338061702,0.183836214,0.854375536,11.38286555,0.52531279,0.474193204,12.66544732,,
79,46048,Genbank,28,F252590,CIAT9326,Crotalaria,retusa,Crotalaria retusa,Fabaceae,Fabales,Herbaceous,1.749260298,3.803491045,2.397283818,0.305317318,0.4054145,0.216561508,5.190310695,7.880305146,0.429930195,0.269920623,0.265764041,0.464308722,11.46400363,2.460139938,0.257699374,6.362720357,,
80,46048,Genbank,28,F252591,CIAT9337,Crotalaria,retusa,Crotalaria retusa,Fabaceae,Fabales,Herbaceous,1.094117593,2.097617696,2.993508227,0.10808728,0.280772265,0.376283567,6.482202386,9.844232129,0.52844588,0.089442719,0.153292095,0.812359557,11.50745688,1.109958898,0.450873609,6.386837661,,
81,46048,Genbank,28,F252592,CIAT9350,Crotalaria,pumila,Crotalaria pumila,Fabaceae,Fabales,Herbaceous,2.092483039,2.720710698,0.984506965,0.354968581,0.375391085,0.182449229,2.111596265,7.977592965,0.401988712,0.254950976,0.205663135,0.397670804,6.924520125,1.041697373,0.220714176,6.103052317,,
82,46048,Genbank,28,F252593,CIAT9352,Crotalaria,pumila,Crotalaria pumila,Fabaceae,Fabales,Herbaceous,2.124412532,1.977836921,2.529826229,0.364743376,0.285759955,0.425023124,5.392942688,7.160781933,0.424411984,0.261861468,0.223776294,0.906418516,9.736945817,11.82213899,0.503077959,9.613974315,,
83,46048,Genbank,28,F252594,CIAT9472,Zornia,brasiliensis,Zornia brasiliensis,Fabaceae,Fabales,Herbaceous,2.119334567,2.857423789,3.468814543,0.312245477,0.45138801,0.586972396,7.506406208,8.847005217,0.739873495,0.197604704,0.17889965,1.271120113,19.0458904,0.208887806,0.705493655,10.57079869,,
84,46048,Genbank,28,F252595,CIAT9531,Indigofera,spicata,Indigofera spicata,Fabaceae,Fabales,Herbaceous,1.73929747,2.288807205,2.56788397,0.249080996,0.395535533,0.392832245,5.59342201,5.444127889,0.375851493,0.188982237,0.335783645,0.856646242,5.905657848,1.304406947,0.475453485,3.277742279,,
85,46048,Genbank,28,F252596,CIAT10026,Stylosanthes,seabrana,Stylosanthes seabrana,Fabaceae,Fabales,Herbaceous,1.727208565,2.532328377,2.734594444,0.22027746,0.324090808,0.38626035,5.885938071,9.43880422,0.570685044,0.203540098,0.209307855,0.830953204,10.78656963,4.80966627,0.461193405,5.986732763,,
86,46048,Genbank,28,F252597,CIAT12411,Stylosanthes,sympodialis,Stylosanthes sympodialis,Fabaceae,Fabales,Herbaceous,2.688318703,1.324749804,2.027944522,0.353794326,0.141678753,0.318389117,4.431216223,5.772242506,0.36131462,0.325137334,0.185279944,0.695580256,5.559127607,0.239109366,0.386059076,3.085412001,,
87,46048,Genbank,28,F252598,CIAT13494,Desmodium,tortuosum,Desmodium tortuosum,Fabaceae,Fabales,Shurb_Tree,2.530299573,2.637806253,4.025327381,0.357975951,0.380958343,0.552925606,8.728112529,9.528823711,0.655876764,0.195940953,0.082305085,1.198585932,12.4529111,0.842614745,0.665235929,9.904069034,,
88,46048,Genbank,28,F252599,CIAT13562,Desmodium,tortuosum,Desmodium tortuosum,Fabaceae,Fabales,Shurb_Tree,3.33005094,3.722957455,5.208612979,0.558517242,0.550349816,0.839066646,11.3979799,3.15506206,0.390128301,0.344480285,0.279719923,1.835738533,6.45188227,12.14504903,1.018866646,3.580906284,,
89,46048,Genbank,28,F252600,CIAT13593,Desmodium,scorpiurus,Desmodium scorpiurus,Fabaceae,Fabales,Herbaceous,2.492638003,2.707442495,4.290996483,0.448521313,0.39398077,0.721489794,9.478020038,9.579405854,0.702717724,0.376386326,0.228471361,1.595556547,39.35428047,2.551880922,0.885561489,21.84230653,,
90,46048,Genbank,28,F252601,CIAT13608,Desmodium,incanum,Desmodium incanum,Fabaceae,Fabales,Herbaceous,2.617742892,1.622072238,3.835977313,0.319192877,0.299637807,0.574316913,8.297611664,5.692139292,0.523867923,0.386867764,0.265300129,1.242636895,13.36420631,1.203894681,0.689684976,7.417365719,,
91,46048,Genbank,28,F252602,CIAT18277,Indigofera,jamaicensis,Indigofera jamaicensis,Fabaceae,Fabales,Herbaceous,2.626894839,2.048778625,3.775592988,0.297667984,0.298629707,0.540026735,8.408259579,6.781204102,0.597386897,0.292688686,0.180238802,1.203255547,12.03447853,0.681424631,0.667827646,6.679343795,,
92,46048,Genbank,28,F252603,CIAT18952,Indigofera,atriceps,Indigofera atriceps,Fabaceae,Fabales,Herbaceous,1.485460134,1.755715631,2.718831456,0.226462808,0.232899456,0.410350586,6.01227294,9.544687954,0.987677108,0.444597196,0.228660253,0.908797444,21.30847,0.07935091,0.504398304,11.82656951,,
93,46048,Jacobo Arango/ Alejandro Montoya,28,F250008,Sample 8,Cynodon, nlemfuensis ,Cynodon nlemfuensis ,Poaceae,Poales,grasses,4.976264519,3.597627218,5.171785869,0.617297677,0.655339002,0.94970148,11.02438202,8.656453257,0.49661502,1.125610945,0.543153174,2.026380392,19.10597442,10.81637162,1.124676176,10.60414636,,
94,46055,Genbank,29,F252604,CIAT18953,Indigofera,atriceps,Indigofera atriceps,Fabaceae,Fabales,Herbaceous,2.895278441,1.639518968,4.518273835,0.629383328,0.441348477,0.948220542,10.12523986,6.096863403,0.337279952,0.738692539,0.724197856,2.122807612,7.215192064,0.396898729,1.178194951,4.004556426,,
95,46055,Genbank,29,F252605,CIAT18954,Indigofera,atriceps,Indigofera atriceps,Fabaceae,Fabales,Herbaceous,3.509857131,0.925930905,4.195876133,0.674837536,0.199715208,0.868259088,8.998144219,9.205056717,0.627726149,0.96040666,0.629141102,1.86499403,9.420778104,0.489350147,1.035103953,5.228694837,,
96,46055,Genbank,29,F252606,CIAT19198,Tephrosia,villosa,Tephrosia villosa,Fabaceae,Fabales,Herbaceous,10.08949648,9.634415095,19.16212282,1.570250458,1.743632658,3.219812711,42.29899156,7.313478063,1.740249753,0.895125689,0.679509928,7.107490197,16.54281525,2.604501845,3.944780027,10.78486836,,
97,46055,Genbank,29,F252607,CIAT19460,Sesbania,cannabina,Sesbania cannabina,Fabaceae,Fabales,Shurb_Tree,5.081028405,1.753210434,5.661837837,0.923917577,0.394350666,1.247936632,12.41354085,8.29758004,0.418416219,0.628490254,0.539155971,2.737391291,24.00812406,0.309260882,1.519299526,13.32492422,,
98,46055,Genbank,29,F252608,CIAT20044,Tephrosia,purpurea,Tephrosia purpurea,Fabaceae,Fabales,Herbaceous,4.779629841,9.873281808,10.81070677,0.963514631,1.787484265,1.827298443,23.43080022,8.218173618,0.659106141,0.853459347,0.26516632,3.96058378,8.007228268,3.244066187,2.19819252,7.040113285,,
99,46055,Genbank,29,F252609,CIAT22423,Vigna,unguiculata,Vigna unguiculata,Fabaceae,Fabales,Herbaceous,5.731566516,2.621302203,6.047360568,1.058543441,0.498376467,1.407851562,13.32447225,7.847989551,0.357902605,0.670820393,0.68028436,3.103567961,5.248530488,0.510106405,1.722533913,2.913025226,,
100,46055,Genbank,29,F252610,CIAT22480,Sesbania,cannabina,Sesbania cannabina,Fabaceae,Fabales,Shurb_Tree,5.757396212,1.645519382,7.247860213,1.032505579,0.492982914,1.506610118,15.72160473,5.654303861,0.227668208,0.601040764,0.532215815,3.264451196,5.22293481,13.06916182,1.811826892,6.879021647,,
101,46055,Genbank,29,F252611,CIAT23116,Desmodium,tortuosum,Desmodium tortuosum,Fabaceae,Fabales,Shurb_Tree,5.34782081,4.067470548,9.102107887,0.933659562,0.777512697,1.659070802,19.63568928,5.377197341,0.418982769,0.551459104,0.452774276,3.580423596,12.99007371,10.07682626,1.987197041,13.48142113,,
102,46055,Genbank,29,F252612,CIAT23416,Codariocalyx,motorius,Codariocalyx motorius,Fabaceae,Fabales,Shurb_Tree,2.953564321,2.245743059,5.016665654,0.530861129,0.536151188,1.045958838,10.82717029,9.440898907,0.709338408,0.652467843,0.57047542,2.255792736,18.13949296,3.415770654,1.252003996,12.74430208,,
103,46055,Genbank,29,F252613,CIAT23806,Desmodium,angustifolium,Desmodium angustifolium,Fabaceae,Fabales,Herbaceous,5.174439194,3.087582645,7.729059843,0.899493417,0.78441043,1.616606682,16.6887974,3.117373573,0.278771061,0.657783073,0.655944841,3.486916421,9.692869981,3.11750372,1.935298941,10.51697556,,
104,46055,Genbank,29,F252614,CIAT24104,Macroptilium,atropurpureum,Macroptilium atropurpureum,Fabaceae,Fabales,Herbaceous,5.667338577,1.761225765,6.894327191,0.97286932,0.473515573,1.404598413,14.90722645,6.190769823,0.507535283,0.675594976,0.625051341,3.039010263,7.305584765,0.818588327,1.686703274,5.954723595,,
105,46055,Genbank,29,F252615,CIAT24565,Vigna,unguiculata,Vigna unguiculata,Fabaceae,Fabales,Herbaceous,4.894597746,4.343984622,9.064391087,0.786243894,1.003023505,1.728985452,20.10647489,6.759540346,0.223935167,0.778245891,0.701426164,3.835879137,5.318427514,2.311333414,2.128979286,2.951819285,,
106,46055,Genbank,29,F252616,CIAT33561,Desmodium,wigginsii,Desmodium wigginsii,Fabaceae,Fabales,Herbaceous,6.043629883,3.447223333,9.097778202,1.044142669,0.719663059,1.718028505,19.78066891,6.770244505,0.308355058,0.546253473,0.485330363,3.736134229,8.194079472,3.902047864,2.073619136,10.81091549,,
107,46055,Genbank,29,F252617,CIAT34038,Vigna,unguiculata,Vigna unguiculata,Fabaceae,Fabales,Herbaceous,4.433471254,4.407820641,8.609146917,0.670156943,0.858492249,1.500947437,18.74750423,8.779259907,0.400239543,0.444007722,0.447127589,3.268458839,8.407488623,1.115102311,1.814051203,7.101860427,,
108,46055,Genbank,29,F252618,CIAT34040,Vigna,aconitifolia,Vigna aconitifolia,Fabaceae,Fabales,Herbaceous,6.482886822,2.763729896,8.8767684,1.152397245,0.560344493,1.691282121,19.59878686,6.845781093,0.26221109,0.64807407,0.44598176,3.733138775,6.352035247,17.64615843,2.071956607,7.914970769,,
109,46055,Genbank,29,F252619,CIAT34042,Vigna,aconitifolia,Vigna aconitifolia,Fabaceae,Fabales,Herbaceous,5.093775282,5.602739076,10.35106867,0.929546706,1.035666044,1.919897736,22.7462206,6.92189855,0.261741638,0.677706215,0.489451995,4.217427086,6.274146317,6.548257101,2.340744999,8.599550261,,
110,46055,Genbank,29,F252620,CIAT34044,Vigna,aconitifolia,Vigna aconitifolia,Fabaceae,Fabales,Herbaceous,3.393832014,3.888663373,4.958622856,0.755268042,0.59177452,1.046600436,10.83270231,9.480810798,0.457664266,0.594138031,0.439455333,2.285459793,13.04060568,5.768677079,1.268469726,7.237761769,,
111,46055,Genbank,29,F252621,CIAT34148,Vigna,radiata,Vigna radiata,Fabaceae,Fabales,Herbaceous,5.134280746,6.4372506,11.33552595,0.846850466,1.011672584,1.805198642,25.27253171,9.35348779,0.452996213,0.57180791,0.286975751,4.025060151,11.13834246,39.55495051,2.233978022,10.13116327,,
112,46055,Genbank,29,F252622,CIAT34159,Vigna,unguiculata,Vigna unguiculata,Fabaceae,Fabales,Herbaceous,5.012162744,3.828635686,8.481949465,0.91288822,0.779220631,1.650370134,18.74906149,8.329107165,0.436886267,0.591457039,0.548718017,3.646849227,11.1833516,2.108547707,2.024064415,8.854599009,,
113,46055,Genbank,29,F252623,CIAT34347,Vigna,unguiculata,Vigna unguiculata,Fabaceae,Fabales,Herbaceous,0.250009423,1.106627549,1.290605171,0.278805103,0.12306477,0.305797661,2.861056282,2.57617681,0.094185936,0.665832812,0.455067692,0.683218376,2.732465668,1.744856838,0.379198019,1.51656572,,
114,46055,Genbank,29,F251692,CIAT-23715,Desmodium,sequax,Desmodium sequax,Fabaceae,Fabales,Shrub,,,,,,,,,,,,,,,,,Repetir ,Falta 
115,46055,Jacobo Arango/ Alejandro Montoya,29,F250008,Sample 8,Cynodon, nlemfuensis ,Cynodon nlemfuensis ,Poaceae,Poales,grasses,0.516150925,2.542467381,2.425317503,0.423857406,0.460931701,0.858717259,5.189522621,9.285269594,0.683432336,1.824600413,0.816096537,1.836722323,84.88045182,2.504247796,1.019412666,47.11011928,,
116,46062,Genbank,30,F260013,CIAT590,Macroptilium,bracteatum,Macroptilium bracteatum,Fabaceae,Fabales,Herbaceous,1.90147475,3.935292877,3.949312117,0.349884086,0.825600635,0.93833219,8.549437311,8.237532434,0.548689543,0.470561974,0.711728492,2.027840814,16.56098923,36.67500292,1.125486735,11.12939892,,
117,46062,Genbank,30,F260014,CIAT778,Macroptilium,atropurpureum,Macroptilium atropurpureum,Fabaceae,Fabales,Herbaceous,3.112370544,2.414277846,5.332687933,0.393915261,0.492104073,0.860910301,11.48276831,7.611609215,0.716850952,0.243975018,0.318331676,1.854073315,17.71936058,1.046514998,1.029042767,11.17235027,,
118,46062,Genbank,30,F260015,CIAT827,Indigofera,jamaicensis,Indigofera jamaicensis,Fabaceae,Fabales,Herbaceous,3.408488866,1.837392255,4.839745175,0.579879538,0.423936322,0.917384955,10.20993823,7.301533668,0.552710465,0.446147531,0.332532729,1.935418356,11.07641934,2.597454316,1.074190672,9.524786684,,
119,46062,Genbank,30,F260016,CIAT997,Macroptilium,atropurpureum,Macroptilium atropurpureum,Fabaceae,Fabales,Herbaceous,1.896396463,1.635848933,1.889247157,0.340232557,0.230285761,0.375966527,4.035206851,7.037730232,0.56404768,0.422013315,0.323810197,0.8014886,10.73548617,2.026435442,0.444840039,8.845394626,,
120,46062,Genbank,30,F260017,CIAT1405,Stylosanthes,capitata,Stylosanthes capitata,Fabaceae,Fabales,Herbaceous,2.922492681,1.970469439,3.868568888,0.391743103,0.489117902,0.666253942,8.152698813,7.338275014,0.607568596,0.415932687,0.376383347,1.405052774,18.16704448,1.981809828,0.779828598,10.08302399,,
121,46062,Genbank,30,F260018,CIAT1812,Stylosanthes,viscosa,Stylosanthes viscosa,Fabaceae,Fabales,Herbaceous,8.974230674,4.346401256,12.95756961,1.145300643,0.627998593,1.705587884,27.14075984,8.686211219,1.2186241,4.807979479,5.029879008,3.572537704,24.71830775,0.046075441,1.982820234,14.05877209,,
122,46062,Genbank,30,F260019,CIAT3694,Desmodium,sandwicense,Desmodium sandwicense,Fabaceae,Fabales,Herbaceous,1.671793576,2.222670434,2.858527059,0.206675034,0.359050168,0.351365373,6.074930114,6.944931044,0.603921563,0.395209408,0.2396888,0.746561531,33.17537603,0.164583027,0.414354566,25.56236124,,
123,46062,Genbank,30,F260020,CIAT4080,Macroptilium,bracteatum,Macroptilium bracteatum,Fabaceae,Fabales,Herbaceous,1.730816778,1.766439424,2.907922497,0.261767711,0.295843074,0.437790756,6.142076963,7.356666578,0.486543262,0.222539456,0.116277539,0.924045223,11.16459393,0.942522891,0.512861086,11.72322714,,
124,46062,Genbank,30,F260021,CIAT7162,Indigofera,jamaicensis,Indigofera jamaicensis,Fabaceae,Fabales,Herbaceous,1.956631594,2.806200338,1.526387291,0.380711023,0.391450461,0.122778013,3.270606117,6.186696643,0.383030645,0.628300808,0.277039332,0.260492757,7.898562158,0.393113249,0.144577987,9.52360114,,
125,46062,Genbank,30,F260022,CIAT8820,Tephrosia,cinerea,Tephrosia cinerea,Fabaceae,Fabales,Herbaceous,1.734595463,4.113694743,4.543194337,0.499950105,0.708715973,0.712590017,9.569412672,5.866344162,0.378526884,0.624118426,0.332492647,1.499581339,11.38965402,5.405769189,0.832293587,11.43951048,,
126,46062,Genbank,30,F260023,CIAT14080,Zornia,brasiliensis,Zornia brasiliensis,Fabaceae,Fabales,Herbaceous,1.684014515,2.71941337,3.073261125,0.376854776,0.417009078,0.505436401,6.517435945,6.449552937,0.510690303,0.474090608,0.244380181,1.069625252,10.09271266,2.829607904,0.59366052,9.72078615,,
127,46062,Genbank,30,F260024,CIAT18950,Indigofera,spicata,Indigofera spicata,Fabaceae,Fabales,Herbaceous,3.04543079,6.25598026,7.874669401,0.518925184,0.972667639,0.985892699,16.82179161,5.7323754,0.391690274,0.786190332,0.385228489,2.105886702,8.768504131,0.385445751,1.168803554,9.75818075,,
128,46062,Genbank,30,F260025,CIAT19193,Tephrosia,villosa,Tephrosia villosa,Fabaceae,Fabales,Herbaceous,2.304320835,6.365862221,7.719316406,0.387626361,1.337741977,1.450847747,16.37995369,6.330750654,0.528440436,0.487950036,0.313385918,3.077886495,16.44344522,6.184109936,1.708280255,13.68620452,,
129,46062,Genbank,30,F260026,CIAT19641,Tephrosia,purpurea,Tephrosia purpurea,Fabaceae,Fabales,Herbaceous,1.276510981,4.367195132,4.455368204,0.405617133,0.836145231,0.892498432,9.276922023,8.073760028,0.616950714,0.819988386,0.484477752,1.858965146,22.33327248,3.081451443,1.031757818,15.94409726,,
130,46062,Genbank,30,F260027,CIAT23503,Desmodium,macrodesmum,Desmodium macrodesmum,Fabaceae,Fabales,Herbaceous,0.94110447,3.416610819,3.143760603,0.152385222,0.513822378,0.495699854,6.71786248,7.899164378,0.633300674,0.403555625,0.281917646,1.060332747,18.91867346,0.454982574,0.588503019,14.63073974,,
131,46062,Genbank,30,F260028,CIAT24333,Macroptilium,bracteatum,Macroptilium bracteatum,Fabaceae,Fabales,Herbaceous,2.344182083,3.397543046,4.642870436,0.392517052,0.580165105,0.683881157,9.821117291,9.234297199,0.483435518,0.411732692,0.176107033,1.447104254,28.611168,1.501101606,0.803167897,19.56942036,,
132,46062,Genbank,30,F260029,CIAT33235,Desmodium,scorpiurus,Desmodium scorpiurus,Fabaceae,Fabales,Herbaceous,2.215048154,6.739742576,7.662406281,0.399125046,1.053322707,1.114247975,16.42987008,6.643868745,0.598613518,0.578586126,0.338595549,2.3891502,10.47964177,3.24677974,1.326019696,11.97677203,,
133,46062,Genbank,30,F260030,CIAT33605,Desmodium,sandwicense x intortum,Desmodium sandwicense x intortum,Fabaceae,Fabales,Herbaceous,0.953982242,1.786451147,2.532186469,0.20750283,0.248599827,0.341582968,5.290589252,4.530299931,0.398190279,0.686606562,0.388366919,0.711896854,10.50853729,0.876369368,0.39511507,12.73209053,,
134,46062,Genbank,30,F260031,CIAT34144,Vigna,radiata,Vigna radiata,Fabaceae,Fabales,Herbaceous,1.538661288,2.057912912,2.721298001,0.1579259,0.358991626,0.409232209,5.991317633,8.615985623,0.420788468,0.430116263,0.591202488,0.902423164,8.7331049,1.542078791,0.500860469,4.847024311,,
135,46062,Genbank,30,F260032,CIAT7934,Sesbania,sesban,Sesbania sesban,Fabaceae,Fabales,Shurb_Tree,0.914491433,1.754771883,2.525995958,0.104831256,0.239299672,0.320424055,5.246571937,7.312535848,0.357990394,0.260768096,0.160989967,0.668210174,10.35654082,1.047274271,0.370868207,5.748059333,,
136,46062,Genbank,30,F260033,CIAT7937,Mimosa,nuda,Mimosa nuda,Fabaceae,Fabales,Shurb_Tree,1.077124828,2.05813613,1.758152252,0.174455591,0.287182967,0.215842195,3.667624978,8.869271015,0.75053567,0.350509833,0.120791312,0.450112882,24.81664996,1.605365938,0.249820437,16.10320589,,
137,46062,Genbank,30,F260034,CIAT8056,Mimosa,diplotricha,Mimosa diplotricha,Fabaceae,Fabales,Shurb_Tree,1.913627976,3.047918912,3.817586079,0.384913168,0.505764488,0.621449502,8.022365405,6.796524131,0.496108696,0.517687164,0.198677022,1.305215711,11.36115732,3.099194225,0.724417301,6.305638873,,
138,46062,Genbank,30,F260035,CIAT17514,Mimosa,pudica,Mimosa pudica,Fabaceae,Fabales,Shurb_Tree,1.213228155,2.64675556,3.026666268,0.23605903,0.467494979,0.443509367,6.277957493,9.665227859,0.715379475,0.390360029,0.160078563,0.920368247,22.61589408,5.025805662,0.5108203,16.86419795,,
139,46062,Genbank,30,F260036,CIAT17725,Mimosa,polycarpa,Mimosa polycarpa,Fabaceae,Fabales,Shurb_Tree,1.258407032,2.953877374,2.755619283,0.257604857,0.552645474,0.386500937,5.779415526,6.60658821,0.443869749,0.532290647,0.037101826,0.810631925,17.88344567,0.735425958,0.449914743,16.08361386,,
140,46062,Genbank,30,F260037,CIAT18947,Sesbania,sesban,Sesbania sesban,Fabaceae,Fabales,Shurb_Tree,3.017213112,2.319910949,2.859938116,0.572422311,0.375104141,0.539392964,6.000987097,7.883665746,0.489380531,0.540722621,0.344234232,1.128732815,7.670449107,4.361460784,0.62646624,6.621994853,,
141,46062,Genbank,30,F260038,CIAT19165,Sesbania,keniensis,Sesbania keniensis,Fabaceae,Fabales,Shurb_Tree,1.419155554,1.991829252,2.460087757,0.308908166,0.211241857,0.400483388,5.091930405,7.605277149,0.490201434,0.485994317,0.106305833,0.828405155,12.17967242,14.13132959,0.459779193,10.36458675,,
142,46062,Genbank,30,F260039,CIAT21899,Sesbania,sesban,Sesbania sesban,Fabaceae,Fabales,Shurb_Tree,1.41653192,1.866928374,1.546702366,0.312455784,0.277449282,0.235866956,3.2037211,6.583935376,0.43792685,0.594017797,0.226842073,0.489597627,13.31861384,3.021320285,0.271735154,12.51175636,,
143,46062,Genbank,30,F260040,CIAT23414,Codariocalyx,motorius,Codariocalyx motorius,Fabaceae,Fabales,Shurb_Tree,1.571636294,1.697695861,2.914121717,0.159613667,0.259318658,0.397624779,6.097178877,4.093655108,0.320812004,0.447213595,0.357908194,0.833491106,12.5916492,0.19721258,0.462601984,6.988583156,,
144,46062,Genbank,30,F260041,CIAT23767,Desmodium,nicaraguense,Desmodium nicaraguense,Fabaceae,Fabales,Shurb_Tree,2.700045262,2.101861865,3.984451281,0.534888069,0.502171762,0.762982972,8.363907141,4.822221391,0.280985774,0.403555625,0.214657956,1.602766328,5.158297679,4.740991774,0.889563042,9.023703753,,
145,46062,Genbank,30,F260042,CIAT33127,Codariocalyx,motorius,Codariocalyx motorius,Fabaceae,Fabales,Shurb_Tree,,,,,,,,,,,,,,,,,Repetir ,Coincide con Johanna
146,46062,Breeding,30,F252104,CIAT-BR06_1348,Urochloa,interespecifico,Brachiaria interespecifico,Poaceae,Poales,grasses,1.856766359,6.076972089,7.30418448,0.289956069,0.964103082,1.111951912,15.72079795,7.137869665,0.312689373,0.281999662,0.204735281,2.392064284,4.939831255,0.217705868,1.327637063,7.104950583,,
147,46062,Breeding,30,F252166,CIAT-BH22_0528,Urochloa,humidicola,Urochloa humidicola,Poaceae,Poales,grasses,1.32766591,1.274042568,2.100391527,0.2329688,0.243144452,0.428133586,4.234784664,5.010477914,0.261035945,0.423140188,0.269979656,0.864531324,6.886335652,0.212331846,0.479829842,10.51944991,,
148,46062,Jacobo Arango/ Alejandro Montoya,30,F250008,Sample 8,Cynodon, nlemfuensis ,Cynodon nlemfuensis ,Poaceae,Poales,grasses,1.712720774,2.037986402,2.866807799,0.348629621,0.35530649,0.500308942,6.106038611,6.329086137,0.411720928,0.528700113,0.172185421,1.066607429,15.44121179,1.643521219,0.591985577,15.09716413,,
