id_lab,n_replicates_gas,ch4_percentage_in_gas_8h,ch4_percentage_in_gas_24h,methane_intensity,tddm
Dieta-1_Exp1,6,14.42,14.69,71.84,34.9
Dieta-1_Exp2,8,13.66,14.43,70.34,33.33
Dieta-2_Exp1,6,13.87,14.36,71.36,30.16
Dieta-2_Exp2,7,13.89,14.47,81.9,20.63
F24-3416,9,14.26,17.35,31.84,74.34
F24-3417,9,13.54,16.25,36.44,65.97
F24-3418,9,12.57,14.79,40.73,62.66
F24-3419,9,14.03,15.59,35.43,65.15
F24-3420,9,13.49,15.73,39.08,64.82
F24-3421,9,13.46,14.99,37.92,65.1
F24-3422,8,14.22,16.94,39.4,60.93
F24-3423,9,12.08,15.4,40.88,63.42
F24-3424,9,13.53,16.14,32.83,60.86
F24-3425,9,12.82,14.54,45.45,59.65
F24-3426,9,15.57,16.78,32.85,52.31
F24-3427,9,15.71,17.6,46.32,58.95
F24-3428,9,19.2,19.67,40.86,54.72
F24-3429,9,17.03,18.51,42.18,36.5
F24-3430,9,17.4,18.91,47.73,65.38
F24-3431,9,17.63,19.09,47.82,66.91
F24-3432,8,17.54,18.89,42.1,56.75
F24-3433,8,15.51,17.45,40.52,62.56
F24-3434,9,15.74,17.19,38.18,48.05
F24-3435,9,15.92,17.4,34.3,70.24
F24-3436,9,17.21,19.04,43.86,74.64
F24-3437,9,16.06,17.66,34.71,53.95
F24-3438,9,16.63,18.01,47.75,65.71
F24-3439,6,16.55,18.19,44.69,47.16
F24-3440,8,16.48,17.45,44.47,57.36
F24-3441,12,17.38,18.66,44.37,65.53
F24-3442,12,17.82,19.58,54.11,64.83
F24-3443,6,17.9,19.08,56.38,66.8
F24-3444,6,17.65,21.04,54.82,64.54
F24-3445,6,16.63,19.18,49.52,65.27
F24-3446,6,15.45,17.82,41.04,64.89
F24-3447,6,16.68,18.6,46.55,73.8
F24-3448,6,16.23,18.63,44.18,66.01
F24-3449,6,19.0,20.51,46.97,62.07
F24-3450,5,18.76,20.59,42.3,62.49
F24-3451,6,17.22,20.47,58.52,47.3
F24-3452,5,16.98,20.56,54.13,49.94
F24-3453,12,16.52,19.17,44.01,65.39
F24-3454,6,15.47,17.84,48.75,48.5
F24-3455,5,18.58,20.43,48.94,63.34
F24-3456,6,15.12,16.69,38.2,42.54
F24-3457,6,18.25,20.76,52.29,59.58
F24-3458,6,18.13,20.82,50.83,60.12
F24-3459,6,19.38,22.66,49.11,68.02
F24-3460,6,18.63,20.19,50.58,69.15
F24-3461,6,17.35,18.52,43.23,56.47
F24-3462,6,18.7,20.48,49.48,53.77
F24-3463,5,17.36,18.9,57.24,50.87
F24-3464,6,17.95,19.36,46.43,61.82
F24-3465,6,16.03,18.91,44.69,43.26
F24-3466,6,17.02,19.21,51.12,68.2
F24-3467,4,16.85,18.0,45.14,28.14
F24-3468,6,17.05,19.0,47.26,72.64
F24-3469,6,15.9,18.79,48.31,67.34
F24-3470,6,15.17,18.02,46.12,59.25
F24-3471,9,12.98,16.25,46.61,58.55
F24-3472,9,13.99,16.96,52.27,56.88
F24-3473,9,13.6,16.23,42.43,42.85
F24-3474,9,13.66,16.31,46.39,38.4
F24-3475,9,14.79,17.49,50.03,49.72
F24-3476,9,14.17,16.84,46.29,40.14
F24-3477,9,15.17,17.47,48.83,66.12
F24-3478,9,15.12,17.56,51.29,63.39
F24-3479,9,12.8,15.61,37.55,62.07
F24-3480,9,15.26,18.43,55.22,59.09
F24-3481,9,14.23,15.96,42.47,50.31
F24-3482,8,15.28,18.25,47.47,58.33
F24-3483,8,14.9,16.94,48.91,55.66
F24-3484,9,14.51,16.92,53.02,55.28
F24-3485,9,15.41,18.54,54.18,59.86
F24-3486,9,16.06,21.49,60.94,53.89
F24-3487,9,11.69,15.84,36.23,61.12
F24-3488,9,13.41,16.45,38.58,51.23
F24-3489,9,14.5,16.9,34.19,57.17
F24-3490,9,15.2,17.3,44.91,49.62
F24-3491,9,14.06,16.35,42.05,49.75
F24-3492,9,14.78,17.6,43.52,63.37
F24-3493,9,15.71,17.7,44.5,59.74
F24-3494,9,15.48,17.96,49.24,48.76
F24-3495,9,15.19,17.68,49.01,46.81
F24-3496,9,15.91,18.28,49.18,49.9
F24-3497,9,15.61,18.06,55.12,48.23
F24-3498,9,15.31,17.59,48.49,53.2
F24-3499,9,15.26,17.55,43.21,54.86
F24-3500,9,14.24,17.2,39.74,52.41
F24-3501,9,14.99,16.09,39.14,63.66
F24-3502,9,14.13,15.13,33.82,54.27
F24-3503,9,15.42,16.28,37.31,64.11
F24-3504,9,13.07,14.31,32.52,44.81
F24-3505,9,14.38,15.9,43.95,51.27
F24-3506,9,14.14,15.62,38.27,67.43
F24-3507,9,14.71,15.94,37.98,65.75
F24-3508,9,13.02,15.11,38.26,65.3
F24-3509,9,15.43,17.01,40.0,57.96
F24-3510,9,13.89,15.34,39.36,56.36
F24-3511,9,12.71,14.72,35.46,62.07
F24-3512,9,13.8,15.98,42.61,55.7
F24-3513,9,13.8,15.58,37.14,55.29
F24-3514,9,15.13,17.95,47.36,53.1
F24-3515,9,13.34,16.14,40.3,66.3
F24-3516,9,14.32,15.06,37.31,60.43
F24-3517,9,13.74,15.01,46.93,35.54
F24-3518,9,12.47,14.73,39.86,57.7
F24-3519,9,14.92,15.88,42.07,57.17
F24-3520,9,14.86,15.96,43.2,59.54
F24-3521,9,14.0,15.47,44.51,43.56
F24-3522,9,13.89,14.44,31.77,51.99
F24-3523,9,13.09,14.92,40.72,51.33
F24-3524,8,13.38,14.61,24.79,36.77
F24-3525,9,13.66,14.94,35.36,38.96
F24-3526,8,13.58,15.12,43.14,51.68
F24-3527,9,13.71,15.35,41.67,58.09
F24-3528,8,15.36,16.83,37.41,51.49
F24-3529,9,15.24,16.87,35.07,53.81
F24-3530,9,12.26,13.68,33.56,44.14
F24-3531,9,13.99,15.44,37.12,52.16
F24-3532,9,13.63,14.71,31.71,61.87
F24-3533,9,13.48,15.7,46.27,42.36
F24-3534,8,12.9,14.73,37.06,35.6
F24-3535,9,12.34,14.13,31.7,42.56
F24-3536,8,12.51,14.68,38.16,48.67
F24-3537,9,12.96,15.24,44.36,39.27
F24-3538,9,14.49,15.65,50.33,41.65
F24-3539,6,12.82,14.22,64.24,39.14
F24-3540,5,12.74,14.4,52.16,58.12
F24-3541,9,13.22,14.72,54.15,56.26
F24-3542,7,12.96,14.21,52.62,41.78
F24-3543,7,12.77,14.31,58.93,39.5
F24-3544,9,11.83,14.23,64.29,36.15
F24-3546,6,13.22,14.24,52.88,40.86
F24-3547,6,11.4,12.03,40.06,38.22
F24-3548,6,12.3,13.71,61.98,50.74
F24-3549,9,12.27,13.77,57.24,51.58
F24-3550,9,12.26,13.8,50.74,45.3
F24-3551,9,12.31,13.63,56.51,42.54
F24-3552,9,12.52,13.58,49.55,50.7
F24-3553,9,12.81,14.09,52.82,51.6
F24-3554,9,12.89,14.22,52.85,47.39
F24-3555,6,12.9,14.58,57.28,48.04
F24-3556,9,13.06,14.32,54.75,51.59
F24-3557,9,12.89,14.22,50.46,55.83
F24-3558,9,12.58,14.31,61.27,48.31
F24-3559,9,12.37,13.81,53.3,47.02
F24-3560,9,12.21,12.62,50.02,41.34
F24-3561,9,12.07,12.87,47.32,48.45
F24-3562,9,12.26,13.46,54.81,46.09
F24-3563,9,12.92,14.23,68.27,40.89
F24-3564,9,12.86,14.31,55.78,51.18
F24-3565,9,12.97,14.35,61.02,45.06
F24-3566,9,12.76,14.12,61.0,43.83
F24-3567,9,12.37,13.56,62.04,42.08
F24-3568,6,12.65,14.01,52.95,53.09
F24-3569,7,12.26,13.77,43.51,62.5
F24-3570,9,12.76,14.03,48.43,58.27
F24-3571,9,12.68,14.03,51.07,55.27
F24-3572,9,12.64,13.98,49.75,56.55
F24-3573,9,12.94,14.4,57.46,51.87
F24-3574,9,13.13,14.65,56.36,55.16
F24-3575,9,13.02,14.61,54.9,55.37
F24-3576,9,12.93,14.58,49.69,59.37
F24-3577,9,12.92,14.07,45.31,52.58
F24-3578,9,12.81,13.7,44.78,52.96
F24-3579,9,12.22,13.68,49.39,52.94
F24-3580,7,12.44,13.74,50.99,48.15
F24-3581,9,12.23,12.36,46.35,45.1
F24-3582,9,13.98,14.61,33.83,67.39
F24-3583,9,13.79,14.51,35.77,63.97
F24-3584,8,14.61,15.14,35.98,64.27
F24-3585,8,13.76,14.37,36.04,66.64
F24-3586,9,14.34,15.02,35.76,65.93
F24-3587,9,14.28,14.74,36.15,60.89
F24-3588,8,14.01,14.41,36.06,61.15
F24-3589,8,13.94,14.87,38.23,62.0
F24-3590,9,13.93,14.41,37.16,63.48
F24-3591,9,14.82,15.87,40.73,56.51
F24-3592,9,14.21,14.64,34.27,65.32
F24-3593,9,14.81,16.18,41.92,54.75
F24-3594,9,14.13,15.82,43.25,57.12
F24-3595,9,14.39,15.76,44.07,52.92
F24-3596,9,14.39,15.89,41.34,58.99
F24-3597,9,17.12,18.84,50.14,58.31
F24-3598,8,17.0,19.23,52.93,62.32
F24-3599,7,16.87,18.98,51.18,58.21
F24-3600,8,16.51,18.79,48.38,58.76
F24-3601,9,17.23,19.34,49.84,60.12
F24-3602,9,16.71,18.65,55.06,58.29
F24-3603,9,16.28,18.26,58.06,56.56
F24-3604,8,15.85,18.02,57.88,56.42
F24-3605,9,16.17,18.16,55.41,59.07
F24-3606,9,16.61,18.55,54.65,57.87
F24-3607,9,16.41,18.67,53.66,58.82
F24-3608,9,15.93,17.98,56.09,57.89
F24-3609,9,16.37,17.53,49.87,55.96
F24-3610,9,15.83,17.95,58.33,56.99
F24-3611,9,16.38,18.25,62.67,53.26
F24-3612,9,13.99,15.66,49.86,37.94
F24-3613,9,14.41,15.63,44.76,38.37
F24-3614,9,14.57,15.9,52.27,43.3
F24-3615,9,14.22,15.95,46.59,62.6
F24-3616,9,13.9,15.42,44.06,55.83
F24-3617,9,14.44,16.22,41.52,52.78
F24-3618,9,14.04,16.3,49.82,63.67
F24-3619,9,13.71,15.03,47.74,23.81
F24-3620,9,14.28,16.09,45.89,59.21
F24-3621,9,14.09,15.92,52.67,44.5
F24-3622,9,12.8,14.93,47.4,50.66
F24-3623,8,14.21,16.11,52.4,39.53
F24-3624,8,13.3,14.58,55.01,23.05
F24-3625,8,12.61,14.96,48.52,55.31
F24-3626,8,12.74,15.1,47.01,51.78
F24-3627,7,12.66,15.17,43.86,57.02
F24-3628,9,12.88,14.83,41.13,57.79
F24-3629,7,14.09,17.11,57.58,61.75
F24-3630,9,14.91,17.57,54.47,51.58
F24-3631,8,12.3,15.04,45.89,52.77
F24-3632,9,14.83,16.72,63.57,39.55
F24-3633,9,13.61,15.52,48.87,51.8
F24-3634,8,15.22,17.47,45.56,57.89
F24-3635,6,14.98,16.4,56.61,54.0
F24-3636,8,12.46,14.92,50.47,56.82
F24-3637,6,14.0,15.79,48.61,26.72
F24-3638,7,13.84,15.7,45.47,52.1
F24-3639,8,15.72,16.94,39.91,62.8
F24-3640,9,14.83,16.26,54.62,62.31
F24-3641,9,13.81,15.73,53.53,58.72
F24-3642,9,15.38,16.74,46.1,62.24
F24-3644,9,15.06,17.16,49.94,59.88
F24-3645,9,15.3,15.95,41.53,58.68
F24-3646,9,14.34,15.09,45.67,51.17
F24-3647,9,13.27,15.33,45.7,59.15
F24-3648,9,14.11,15.47,40.18,56.58
F24-3650,9,13.51,15.82,52.89,58.61
F24-3651,9,14.99,16.47,41.75,55.03
F24-3652,9,12.63,14.66,42.42,45.4
F24-3653,6,13.2,14.47,44.16,63.48
F24-3654,9,12.54,14.41,53.44,56.59
F24-3655,7,12.19,13.98,40.95,42.78
F24-3656,8,12.46,14.39,51.7,32.63
F24-3657,7,15.1,15.84,45.23,52.73
F24-3658,8,12.88,14.99,44.64,39.85
F24-3659,8,14.56,15.63,50.97,46.38
F24-3660,8,13.69,15.27,58.31,26.15
F24-3662,7,15.09,15.83,57.22,36.81
F25-0001,3,14.3,15.43,77.86,31.2
F25-0002,3,14.37,15.49,44.7,50.61
F25-0003,3,14.3,15.41,59.31,37.26
F25-0004,3,14.63,15.44,49.69,44.69
F25-0005,3,14.43,15.46,56.36,37.43
F25-0006,3,14.4,15.61,65.0,34.39
F25-0007,3,14.1,15.0,64.07,32.56
F25-0008,514,14.49,15.58,72.12,30.47
F25-0017,374,14.41,15.66,61.33,47.89
F25-0018,322,15.0,16.31,69.13,54.42
F25-0019,6,14.73,16.27,68.02,29.24
F25-0769,3,15.97,16.19,43.67,72.0
F25-0770,3,14.37,16.59,56.12,56.78
F25-0773,3,15.53,16.67,55.1,42.32
F25-0798,3,15.3,17.55,66.26,54.67
F25-0814,3,13.93,15.51,55.07,52.37
F25-0818,3,13.63,15.09,43.58,62.41
F25-0819,3,12.03,13.36,37.57,54.6
F25-0845,6,10.6,12.14,55.47,22.24
F25-0848,6,10.1,11.34,23.97,41.6
F25-0850,2,13.6,16.01,59.42,49.35
F25-0863,3,14.17,15.24,69.0,23.94
F25-0867,3,13.5,14.76,93.53,12.98
F25-0869,3,13.5,15.73,90.64,21.63
F25-0873,6,12.87,16.89,54.67,47.47
F25-0874,3,15.2,16.23,78.0,30.44
F25-0878,3,13.63,12.77,51.49,35.58
F25-0883,3,12.5,14.29,48.35,22.14
F25-0891,3,12.7,13.33,49.87,21.8
F25-0893,3,15.47,16.41,55.84,49.54
F25-0897,3,14.23,16.08,48.88,53.97
F25-0899,3,13.07,13.92,71.28,15.46
F25-0907,3,11.2,12.94,46.4,42.03
F25-0923,3,14.0,16.71,47.56,50.72
F25-0924,3,13.27,15.56,58.31,43.52
F25-0929,6,13.15,13.56,35.27,47.0
F25-0930,9,13.77,14.6,40.38,45.55
F25-0931,9,11.21,12.93,30.9,38.94
F25-0932,9,14.17,15.71,49.54,64.18
F25-0933,8,14.1,15.65,47.68,68.75
F25-0934,9,13.36,15.11,54.17,31.19
F25-0935,9,12.92,14.44,47.98,29.51
F25-0936,9,13.16,14.26,50.12,35.41
F25-0937,7,12.71,14.26,58.64,32.09
F25-0938,9,13.21,14.72,48.62,43.99
F25-0939,9,13.9,15.3,47.18,51.89
F25-0940,7,12.87,15.15,49.14,52.88
F25-0941,8,13.08,14.91,57.79,43.41
F25-0942,9,15.48,16.96,56.63,40.73
F25-0943,6,13.62,15.27,43.07,53.13
F25-0944,9,13.48,14.24,48.67,43.89
F25-0945,9,13.42,14.17,50.54,34.19
F25-0946,7,13.34,14.8,41.13,47.01
F25-0947,9,13.26,14.06,37.78,47.56
F25-0948,7,13.39,14.86,47.5,46.2
F25-0949,8,13.52,16.93,47.76,65.02
F25-0950,8,13.82,15.45,56.99,53.45
F25-0951,8,14.16,16.2,49.94,53.11
F25-0952,9,13.81,16.05,45.15,53.06
F25-0953,9,14.41,16.41,59.41,46.68
F25-0954,9,14.14,15.89,46.38,59.89
F25-0955,8,15.11,16.67,51.85,44.57
F25-0956,8,14.39,15.82,35.5,52.17
F25-0957,8,13.02,13.92,31.73,47.19
F25-0958,8,14.44,16.29,31.74,61.64
F25-0959,7,12.3,13.37,32.84,41.39
F25-0960,9,12.83,14.49,35.08,70.3
F25-0961,9,11.34,13.36,40.58,30.52
F25-0962,9,13.27,14.97,46.87,57.08
F25-0963,9,10.43,11.52,31.16,51.21
F25-0964,8,13.18,14.46,40.57,68.31
F25-0965,8,14.38,16.11,42.34,50.26
F25-0966,9,14.66,15.74,51.69,64.57
F25-0967,9,13.62,14.68,43.17,63.64
F25-0968,8,14.29,15.56,45.88,60.47
F25-0969,8,14.05,14.64,43.37,45.12
F25-0970,8,11.15,11.91,38.27,44.05
F25-0971,9,13.58,14.95,42.43,52.81
F25-0972,8,12.72,13.54,48.91,21.43
F25-0973,7,13.16,14.0,60.65,26.5
F25-0974,7,12.26,13.16,35.66,32.25
F25-0975,8,13.45,14.19,57.4,33.15
F25-0976,8,4.96,9.02,31.98,42.81
F25-0977,8,13.86,16.38,64.87,47.23
F25-0978,6,13.9,15.46,59.27,32.23
F25-0979,7,15.74,16.3,62.93,34.7
F25-0980,6,15.53,16.05,47.81,52.36
F25-0981,8,12.4,13.02,42.6,44.19
F25-0982,6,14.98,15.95,61.02,37.16
F25-0983,5,12.28,13.05,41.87,22.61
F25-0984,6,13.87,15.27,45.94,52.0
F25-0985,7,13.13,14.05,52.85,38.46
F25-0986,8,14.24,14.84,42.98,43.74
F25-0987,6,12.48,14.67,68.58,22.28
F25-0988,6,14.64,15.93,51.26,42.35
F25-0989,9,11.63,13.19,63.62,30.51
F25-0990,9,14.63,16.41,49.04,51.43
F25-0991,9,14.62,16.61,50.76,45.11
F25-0992,9,14.84,16.26,50.57,45.29
F25-0993,9,14.82,16.59,51.77,45.62
F25-0994,8,15.24,16.67,48.72,48.5
F25-0995,9,14.37,16.5,50.84,46.89
F25-0996,9,14.64,16.56,52.38,47.29
F25-0997,9,14.93,16.89,53.87,45.79
F25-0998,9,15.08,16.84,50.46,45.89
F25-0999,9,14.59,16.22,47.31,53.76
F25-1000,9,14.89,16.81,56.0,47.61
F25-1001,9,14.33,16.21,47.38,52.75
F25-1002,9,14.13,15.91,45.83,49.71
F25-1003,9,14.21,16.2,47.43,50.41
F25-1004,9,14.56,16.39,52.89,42.72
F25-1005,9,14.92,16.22,51.97,42.1
F25-1006,9,14.16,16.3,49.43,46.4
F25-1007,9,14.17,15.99,46.72,46.81
F25-1008,9,14.43,16.14,50.93,48.46
F25-1009,9,14.26,15.93,49.68,47.86
F25-1010,9,14.24,15.97,43.9,47.9
F25-1011,9,14.2,16.39,48.85,49.0
F25-1012,9,13.74,15.62,50.63,43.41
F25-1013,9,13.96,15.8,51.57,45.38
F25-1014,9,13.73,15.55,43.95,48.6
F25-1651,9,13.6,15.1,49.82,56.06
F25-1652,9,13.27,14.61,48.15,54.91
F25-1653,9,12.4,13.61,46.66,34.84
F25-1654,9,12.77,14.19,47.09,40.82
F25-1655,9,12.16,13.57,46.61,49.82
F25-1656,9,12.01,13.39,46.73,41.49
F25-1657,7,12.93,14.08,47.33,53.08
F25-1658,9,13.27,14.55,54.88,51.55
F25-1659,6,12.85,14.54,57.97,34.08
F25-1660,5,12.26,13.61,43.95,32.17
F25-1661,6,11.52,12.55,60.55,28.81
F25-1662,6,12.63,13.78,55.64,26.65
F25-1663,7,13.53,14.84,63.72,35.13
F25-1664,9,14.01,15.34,59.88,40.81
F25-1665,9,14.03,15.13,46.58,61.94
F25-1666,9,11.7,12.72,40.33,67.03
F25-1667,6,11.8,12.81,36.32,30.44
F25-1668,7,10.47,13.39,48.33,44.55
F25-1669,9,11.9,13.9,53.64,49.69
F25-1670,9,12.41,13.34,35.94,43.29
F25-1671,9,12.69,13.42,37.73,57.81
F25-1672,8,11.94,12.99,34.58,40.21
F25-1673,8,11.69,13.27,42.99,29.5
F25-1674,8,13.15,14.86,40.6,53.62
F25-1675,9,13.22,14.67,43.22,56.65
F25-1676,7,12.6,13.4,40.71,39.68
F25-1677,9,10.61,10.63,30.94,39.33
F25-1678,9,9.61,10.98,26.25,41.83
F25-1679,9,10.54,12.68,36.32,38.16
F25-1680,9,11.91,13.68,43.08,41.54
F25-1681,9,11.93,13.6,42.73,42.69
F25-1682,9,13.7,15.73,44.73,50.74
F25-1683,9,12.7,14.43,45.99,39.92
F25-1684,9,12.79,13.98,43.71,54.8
F25-1685,6,12.92,14.4,47.6,60.57
F25-1686,9,13.31,14.14,41.24,64.53
F25-1687,7,12.43,13.29,37.14,47.14
F25-1688,9,11.08,12.48,41.64,33.72
F25-1689,9,12.71,14.63,43.97,53.36
F25-1690,7,14.79,16.48,60.59,45.35
F25-1691,9,14.27,15.89,54.85,55.02
F25-1693,5,11.14,12.98,46.78,29.68
F25-1694,8,13.85,15.11,43.98,47.26
F25-1695,9,11.34,14.44,51.22,47.61
F25-1696,9,11.04,13.32,46.65,45.14
F25-1697,9,13.3,14.79,47.36,50.04
F25-1698,6,12.53,13.72,43.09,41.0
F25-1699,8,12.52,14.94,54.14,45.74
F25-1700,9,14.27,15.72,49.32,56.46
F25-1701,9,11.96,13.75,36.67,64.41
F25-1702,9,12.94,13.07,35.78,56.21
F25-1703,9,11.08,13.51,33.46,55.88
F25-1704,9,12.19,13.73,38.25,57.33
F25-1705,9,11.99,13.19,36.8,56.83
F25-1706,9,13.08,14.05,40.25,54.93
F25-1707,9,11.84,13.31,39.18,50.61
F25-1708,9,13.28,14.5,48.14,49.43
F25-1709,9,11.56,13.74,45.13,49.08
F25-1710,9,12.91,14.27,50.2,47.27
F25-1711,9,12.41,13.98,46.5,53.36
F25-1712,9,13.16,14.18,49.11,50.69
F25-1713,9,12.68,13.72,48.25,49.7
F25-1714,9,12.37,13.83,41.87,50.44
F25-1715,9,11.98,14.1,50.81,47.76
F25-1716,7,12.51,14.3,46.78,51.77
F25-1717,9,12.79,13.9,51.68,47.83
F25-1718,9,13.11,14.43,45.62,51.34
F25-1719,9,12.81,14.24,49.66,48.47
F25-1720,9,12.34,14.04,46.28,47.56
F25-1721,9,12.13,14.13,51.44,43.68
F25-1722,9,13.46,14.64,54.31,48.78
F25-1723,9,12.36,14.27,45.58,43.49
F25-1724,8,12.94,14.27,47.59,47.25
F25-1725,8,12.4,14.3,49.0,45.46
F25-1726,7,12.76,14.24,50.98,45.08
F25-1727,9,13.51,14.36,53.17,43.78
F25-1728,5,13.46,14.98,45.6,32.71
F25-1729,8,12.78,14.42,46.62,25.89
F25-1730,7,13.73,15.62,55.06,31.83
F25-1731,7,13.91,15.26,63.86,18.1
F25-1732,7,13.47,15.14,61.95,23.51
F25-1733,6,14.43,15.96,80.77,18.16
F25-1734,7,14.54,16.08,69.06,18.83
F25-1735,5,14.26,16.04,62.47,18.22
F25-1736,7,13.61,15.79,71.58,17.48
F25-1737,7,13.51,14.92,58.16,19.64
F25-1738,8,14.12,15.3,62.63,22.62
F25-1739,8,14.04,15.79,80.56,17.59
F25-1740,7,14.63,16.19,69.29,21.77
F25-1741,8,15.12,16.26,60.39,30.16
F25-1742,8,14.7,16.24,73.46,22.76
F25-1743,6,15.03,14.65,65.72,22.87
F25-1744,8,14.45,15.71,58.42,29.86
F25-1745,7,14.27,15.87,69.63,21.51
F25-1746,6,14.65,16.27,60.37,29.76
F25-1747,8,14.32,15.94,56.51,30.62
F25-1748,8,14.39,15.88,60.27,29.73
F25-1749,7,14.74,16.94,67.34,31.78
F25-1750,6,14.2,15.58,79.12,18.94
F25-1751,8,11.21,9.59,15.04,44.37
F25-1752,8,12.78,14.12,44.81,41.56
F25-1753,6,14.07,15.7,74.59,19.41
F25-1754,8,9.28,6.78,7.53,52.35
F25-1755,8,12.89,13.15,41.85,19.8
F25-1756,8,13.58,14.5,60.35,18.9
F25-1757,7,12.34,13.6,35.31,48.81
F25-1758,8,13.12,14.15,35.84,55.9
F25-1759,7,10.94,12.1,32.96,48.79
F25-1760,8,11.68,13.15,35.97,48.39
F25-1761,8,8.28,5.6,4.92,60.95
F25-1762,8,13.84,15.97,61.87,44.59
F25-1763,6,12.2,12.18,35.13,25.99
F25-1764,7,12.93,15.23,47.31,67.1
F25-1765,8,11.32,12.5,35.98,32.08
F25-1766,8,11.1,12.11,27.96,25.15
F25-1767,8,13.99,14.78,52.41,29.92
F25-1768,8,13.66,15.72,54.95,38.97
F25-1769,8,10.94,11.11,26.04,33.76
F25-1770,7,11.14,12.68,39.88,46.47
F25-1771,7,10.89,11.49,32.88,22.65
F25-1773,7,12.41,12.6,28.14,31.08
F25-1774,7,13.71,15.68,72.83,22.69
F25-1775,5,13.88,15.41,51.55,26.21
F25-2076,7,9.97,11.75,35.19,46.02
F25-2077,9,14.12,15.52,41.28,53.93
F25-2078,9,14.51,16.02,40.45,58.82
F25-2079,9,13.72,15.38,42.58,60.3
F25-2080,9,13.86,15.49,42.96,55.93
F25-2081,9,14.43,15.75,44.14,53.71
F25-2082,9,13.9,15.36,41.79,54.87
F25-2083,9,13.57,15.25,42.67,53.17
F25-2084,9,13.47,15.17,46.34,50.76
F25-2085,9,14.16,15.47,48.25,50.51
F25-2086,9,13.78,15.26,46.72,51.88
F25-2087,9,14.68,16.19,55.86,42.94
F25-2088,9,13.7,15.53,44.24,49.86
F25-2089,9,14.13,15.53,49.51,49.57
F25-2090,9,13.68,15.16,47.95,44.82
F25-2091,9,14.36,15.8,48.44,51.47
F25-2092,9,13.42,14.98,49.69,45.83
F25-2093,6,13.62,15.34,45.53,54.14
F25-2094,7,14.4,15.78,53.71,39.9
F25-2095,6,13.7,15.27,40.94,57.71
F25-2096,9,13.27,14.66,59.28,47.46
F25-2097,7,13.37,14.95,48.6,48.02
F25-2098,7,13.64,15.09,51.0,45.09
F25-2099,6,13.85,15.26,53.27,40.75
F25-2100,7,13.74,15.27,50.97,42.9
F25-2101,9,13.28,15.18,70.27,39.76
F25-2102,7,13.43,14.91,53.15,41.2
F25-2103,8,13.44,15.02,58.19,38.93
F25-2104,7,13.46,14.59,51.5,54.58
F25-2105,9,12.71,14.34,67.18,42.32
F25-2106,6,12.62,13.94,56.87,40.4
F25-2107,9,12.31,13.96,37.48,60.12
F25-2108,9,12.52,14.27,37.7,61.59
F25-2109,9,12.4,13.92,36.04,60.13
F25-2110,9,11.64,14.03,36.64,57.99
F25-2111,9,12.23,14.28,38.13,56.17
F25-2112,9,12.56,14.1,40.7,49.54
F25-2113,9,12.74,14.58,44.66,50.57
F25-2114,9,12.8,14.36,45.29,51.12
F25-2115,9,12.84,14.28,42.43,52.27
F25-2116,9,12.69,14.48,40.34,54.32
F25-2117,9,12.39,14.07,41.22,52.92
F25-2118,9,12.42,14.02,43.24,50.93
F25-2119,9,12.34,14.04,45.3,52.02
F25-2120,9,12.69,14.25,46.91,50.02
F25-2121,9,12.63,14.14,48.9,46.05
F25-2122,9,10.08,11.66,29.6,43.22
F25-2131,4,13.48,14.31,64.84,35.0
F25-2134,15,14.02,14.5,71.19,40.78
F25-2136,6,12.72,12.75,53.88,39.84
F25-2137,9,13.06,14.05,52.51,48.32
F25-2138,9,13.08,13.72,54.61,48.61
F25-2139,8,12.86,13.63,49.16,51.91
F25-2140,9,13.33,13.86,50.79,48.53
F25-2141,9,13.03,14.08,55.76,44.44
F25-2144,9,12.28,13.81,41.73,53.52
F25-2145,9,12.58,14.25,43.54,54.76
F25-2146,9,12.67,13.87,43.77,49.81
F25-2147,9,13.17,14.11,40.89,54.54
F25-2148,9,12.63,14.02,41.7,49.99
F25-2149,9,12.61,14.08,44.07,51.97
F25-2150,9,12.44,14.02,43.75,52.93
F25-2151,9,12.82,14.34,44.14,52.52
F25-2152,9,12.09,13.65,42.34,48.43
F25-2153,9,12.6,14.1,47.18,47.84
F25-2154,7,12.54,13.91,54.8,42.4
F25-2155,6,13.32,14.65,45.45,48.12
F25-2156,9,12.14,13.86,62.57,37.57
F25-2157,7,12.43,14.07,58.78,41.97
F25-2158,7,12.4,13.93,57.67,40.88
F25-2159,6,12.4,13.89,62.47,41.12
F25-2160,8,12.82,14.07,61.35,36.5
F25-2161,6,12.4,13.86,60.81,36.12
F25-2162,8,12.9,14.2,74.49,30.14
F25-2163,9,12.87,14.04,82.25,27.68
F25-2164,7,12.9,13.96,48.47,41.92
F25-2165,6,13.15,14.31,56.26,39.81
F25-2166,7,13.67,14.81,61.79,43.19
F25-2167,8,12.8,13.95,88.9,25.03
F25-2168,6,12.87,13.84,56.84,36.45
F25-2169,9,12.93,14.05,76.17,27.59
F25-2170,5,13.96,14.43,69.89,36.68
F25-2171,7,13.04,14.14,71.64,40.48
F25-2172,6,12.77,13.95,69.18,33.38
F25-2173,6,13.08,13.92,55.84,36.99
F25-2174,9,13.33,14.6,59.36,45.93
F25-2175,6,13.02,13.9,49.34,51.84
F25-2176,7,13.07,14.05,60.01,46.12
F25-2177,8,12.99,14.32,81.86,40.81
F25-2178,6,12.98,14.11,47.41,46.77
F25-2179,6,13.42,14.52,52.87,45.38
F25-2180,6,12.68,14.02,56.47,42.58
F25-2181,6,13.0,14.14,53.84,45.5
F25-2182,8,13.3,14.46,67.68,40.88
F25-2183,7,12.5,13.83,68.15,39.13
F25-2184,5,14.06,14.79,129.3,22.13
F25-2185,6,14.28,14.91,77.18,37.18
F25-2186,8,14.35,14.8,75.5,34.63
F25-2187,6,13.9,14.78,75.1,40.8
F25-2188,7,13.94,14.66,73.82,36.11
F25-2189,5,14.0,14.44,66.84,39.83
F25-2190,5,13.58,14.19,154.85,20.76
F25-2193,7,29.81,3.54,45.56,13.48
F25-2566,7,12.43,13.74,58.75,26.61
F25-2567,8,13.12,13.68,70.74,19.02
F25-2568,6,12.72,13.52,53.78,17.8
F25-2574,6,13.77,15.23,55.45,39.09
F25-2575,8,11.22,13.79,43.25,51.39
F25-2576,8,12.38,14.79,50.26,56.45
F25-2577,8,11.58,13.23,52.88,37.99
F25-2578,8,12.19,13.66,53.49,40.95
F25-2579,8,13.2,14.71,84.23,40.55
F25-2580,6,10.87,13.13,60.41,35.99
F25-2581,8,11.0,13.35,85.57,29.9
F25-2582,8,11.35,12.68,57.03,33.68
F25-2583,6,13.4,14.7,67.86,40.83
F25-2584,8,13.18,14.6,78.97,37.31
F25-2585,7,11.7,13.68,55.33,46.92
F25-2586,6,14.05,15.85,78.43,34.88
F25-2587,8,13.38,14.83,66.85,34.59
F25-2588,7,12.27,13.35,53.29,51.76
F25-2589,8,12.7,15.12,65.41,37.41
F25-2590,7,12.16,13.58,62.07,44.24
F25-2591,6,12.0,12.72,50.54,46.3
F25-2592,8,12.82,13.98,46.71,59.88
F25-2593,8,12.9,14.7,57.38,47.09
F25-2594,7,12.33,14.86,61.18,35.27
F25-2595,7,12.43,14.65,48.49,50.85
F25-2596,7,11.29,13.31,51.61,42.25
F25-2597,7,11.17,13.42,44.51,55.06
F25-2598,8,12.11,14.31,56.13,47.79
F25-2599,6,14.07,15.36,49.56,46.73
F25-2600,6,14.68,15.99,76.03,34.39
F25-2601,6,13.08,14.88,64.77,31.24
F25-2602,6,12.42,14.44,51.22,39.46
F25-2603,6,12.62,13.8,51.46,32.47
F25-2604,6,13.88,13.92,51.33,39.31
F25-2605,7,12.03,13.02,49.98,33.48
F25-2606,8,13.71,15.7,53.55,45.87
F25-2607,6,14.15,15.04,105.58,25.96
F25-2608,8,14.34,16.28,49.36,57.06
F25-2609,7,13.5,14.82,42.49,64.95
F25-2610,8,13.81,15.0,51.39,56.26
F25-2611,8,14.11,15.66,69.81,38.29
F25-2612,8,13.0,14.48,56.65,36.61
F25-2613,8,13.49,15.07,60.64,44.04
F25-2614,8,12.88,14.35,40.93,56.78
F25-2615,6,12.92,14.38,46.92,50.41
F25-2616,8,13.89,15.32,62.43,43.12
F25-2617,8,12.9,14.44,47.68,55.34
F25-2618,8,13.5,15.4,56.11,54.28
F25-2619,8,13.48,15.2,56.27,49.93
F25-2620,8,13.74,15.67,64.72,49.46
F25-2621,8,13.89,15.41,58.17,46.55
F25-2622,8,14.09,15.22,56.72,54.02
F25-2623,6,12.32,13.84,45.74,53.14
F25-2624,8,14.1,15.13,53.09,51.57
F25-2625,6,13.38,14.5,48.27,58.75
F25-2626,9,13.33,14.44,52.25,56.72
F25-2627,9,13.62,14.68,51.03,55.11
F25-2628,9,13.48,14.77,50.2,55.73
F25-2629,9,14.19,15.32,51.76,55.34
F25-2630,9,14.76,15.96,58.65,55.21
F25-2631,9,14.87,15.89,63.42,48.13
F25-2632,8,14.6,15.62,53.15,57.75
F25-2633,7,14.39,15.48,53.06,54.8
F25-2634,9,14.48,15.64,56.29,53.03
F25-2635,9,14.82,15.81,60.83,47.39
F25-2636,9,15.33,16.3,59.93,49.44
F25-2637,9,13.94,15.24,55.55,40.83
F25-2638,9,12.72,13.7,32.84,46.97
F25-2639,6,12.95,13.95,44.28,61.81
F25-2640,8,12.99,13.37,50.17,50.22
F25-2641,7,13.69,14.98,45.48,55.91
F26-0013,7,13.09,14.56,55.65,44.66
F26-0014,7,11.24,13.13,48.69,38.62
F26-0015,7,13.93,15.38,52.87,45.19
F26-0016,7,12.11,13.85,46.31,42.42
F26-0017,5,13.26,15.08,58.91,38.77
F26-0018,6,12.6,13.22,51.65,19.42
F26-0019,7,14.04,15.41,96.04,21.4
F26-0020,7,13.34,14.91,60.76,38.61
F26-0021,7,12.81,14.44,53.04,41.56
F26-0022,7,15.06,16.61,66.38,45.42
F26-0023,7,12.21,14.63,54.79,44.37
F26-0024,7,13.91,15.55,59.59,47.3
F26-0025,7,14.99,16.7,68.15,39.26
F26-0026,7,14.43,16.25,71.68,36.64
F26-0027,7,12.94,14.37,64.16,32.87
F26-0028,7,14.54,15.59,84.68,35.63
F26-0029,7,14.79,15.42,58.31,33.78
F26-0030,7,13.69,14.84,60.55,31.27
F26-0031,6,14.05,15.67,59.13,54.61
F26-0032,5,14.54,14.7,66.79,40.75
F26-0033,7,12.96,13.76,61.51,28.95
F26-0034,5,12.74,14.22,58.67,35.26
F26-0035,7,13.73,15.13,69.97,30.36
F26-0036,7,13.0,14.85,71.03,30.02
F26-0037,7,13.67,13.76,41.93,51.99
F26-0038,7,14.66,15.21,56.24,44.03
F26-0039,7,14.06,14.81,61.07,36.07
F26-0040,5,14.6,15.26,73.03,26.23
F26-0041,7,16.24,16.82,56.97,46.73
