,requisitioner,n_replicates_gas,subset,id,tax_name,functional_group,ch4_percentage_in_gas_8h,ch4_percentage_in_gas_24h,methane_intensity,tddm
0,Breeding,9,1,CIAT-BR-02-1752,Urochloa interespecific,Grass,13.98,14.61,33.83,67.39
1,Breeding,8,1,CIAT-BR-09-1232,Urochloa interespecific,Grass,13.76,14.37,36.04,66.64
2,Breeding,9,1,CIAT-BR-12-4951,Urochloa interespecific,Grass,14.34,15.02,35.76,65.93
3,Breeding,9,1,CIAT-Mulato-II,Urochloa interespecific,Grass,14.21,14.64,34.27,65.32
4,Breeding,9,2,CIAT-BR-12-1362,Urochloa interespecific,Grass,11.96,13.75,36.67,64.41
5,Breeding,8,1,CIAT-BR-06-0423,Urochloa interespecific,Grass,14.61,15.14,35.98,64.27
6,Breeding,9,1,CIAT-BR-02-1794,Urochloa interespecific,Grass,13.79,14.51,35.77,63.97
7,Breeding,9,1,CIAT-BR-19-0423,Urochloa interespecific,Grass,13.93,14.41,37.16,63.48
8,Breeding,8,1,CIAT-PM-21-3537,Megathyrsus maximus,Grass,17.0,19.23,52.93,62.32
9,Breeding,8,1,CIAT-BR-19-0029,Urochloa interespecific,Grass,13.94,14.87,38.23,62.0
10,Breeding,9,2,CIAT-BR-12-0461,Urochloa interespecific,Grass,12.52,14.27,37.7,61.59
11,Breeding,8,1,CIAT-BR-15-6487,Urochloa interespecific,Grass,14.01,14.41,36.06,61.15
12,Breeding,9,1,CIAT-BR-15-0722,Urochloa interespecific,Grass,14.28,14.74,36.15,60.89
13,Breeding,9,2,CIAT-PM-21-2580,Megathyrsus maximus,Grass,13.72,15.38,42.58,60.3
14,Breeding,9,2,CIAT-BR-12-1620,Urochloa interespecific,Grass,12.4,13.92,36.04,60.13
15,Breeding,9,2,CIAT-BR-12-0255,Urochloa interespecific,Grass,12.31,13.96,37.48,60.12
16,Breeding,9,1,CIAT-PM-21-6628,Megathyrsus maximus,Grass,17.23,19.34,49.84,60.12
17,Breeding,9,1,CIAT-BH-16-3249,Urochloa humidicola,Grass,16.17,18.16,55.41,59.07
18,Breeding,9,1,CIAT-PM-21-3522,Megathyrsus maximus,Grass,14.39,15.89,41.34,58.99
19,Breeding,9,2,CIAT-PM-21-6106,Megathyrsus maximus,Grass,14.51,16.02,40.45,58.82
20,Breeding,9,1,CIAT-BH-16-B-0741,Urochloa humidicola,Grass,16.41,18.67,53.66,58.82
21,Breeding,8,1,CIAT-PM-21-3670,Megathyrsus maximus,Grass,16.51,18.79,48.38,58.76
22,Breeding,9,1,CIAT-PM-21-3534,Megathyrsus maximus,Grass,17.12,18.84,50.14,58.31
23,Breeding,9,1,CIAT-BH-08-1149,Urochloa humidicola,Grass,16.71,18.65,55.06,58.29
24,Breeding,7,1,CIAT-PM-21-3545,Megathyrsus maximus,Grass,16.87,18.98,51.18,58.21
25,Breeding,9,2,CIAT-BR-12-1889,Urochloa interespecific,Grass,11.64,14.03,36.64,57.99
26,Benchmark,6,3,BR-06-423-Cayman-Exc,Urochloa interespecific,Grass,13.47,14.8,48.73,57.93
27,Breeding,9,1,CIAT-BH-16-B-1194,Urochloa humidicola,Grass,15.93,17.98,56.09,57.89
28,Breeding,9,1,CIAT-BH-16-B-0733,Urochloa humidicola,Grass,16.61,18.55,54.65,57.87
29,Breeding,6,2,CIAT-PM-21-3662,Megathyrsus maximus,Grass,13.7,15.27,40.94,57.71
30,Benchmark,3,3,CIAT-36087-MulatoII-Exc,Urochloa interespecific,Grass,13.33,14.3,47.32,57.7
31,Benchmark,6,3,CIAT-606-Basilisk-Exc,Urochloa interespecific,Grass,13.63,14.55,52.82,57.44
32,Breeding,9,2,CIAT-BR-15-2558,Urochloa interespecific,Grass,12.19,13.73,38.25,57.33
33,Breeding,9,1,CIAT-PM-21-0631,Megathyrsus maximus,Grass,14.13,15.82,43.25,57.12
34,Breeding,9,1,CIAT-BH-16-B-1707,Urochloa humidicola,Grass,15.83,17.95,58.33,56.99
35,Breeding,9,2,CIAT-BR-15-2811,Urochloa interespecific,Grass,11.99,13.19,36.8,56.83
36,Benchmark,6,3,CIAT-6294-Marandu-Exc,Urochloa interespecific,Grass,13.92,14.98,53.97,56.67
37,Breeding,9,1,CIAT-BH-16-0550,Urochloa humidicola,Grass,16.28,18.26,58.06,56.56
38,Breeding,9,1,CIAT-CIAT-6962,Megathyrsus maximus,Grass,14.82,15.87,40.73,56.51
39,Breeding,8,1,CIAT-BH-16-0562,Urochloa humidicola,Grass,15.85,18.02,57.88,56.42
40,Breeding,9,2,CIAT-BR-12-2462,Urochloa interespecific,Grass,12.94,13.07,35.78,56.21
41,Breeding,9,2,CIAT-BR-12-4039,Urochloa interespecific,Grass,12.23,14.28,38.13,56.17
42,Breeding,9,1,CIAT-BH-16-B-1618,Urochloa humidicola,Grass,16.37,17.53,49.87,55.96
43,Breeding,9,2,CIAT-CIAT-16031,Megathyrsus maximus,Grass,13.86,15.49,42.96,55.93
44,Breeding,9,2,CIAT-BR-12-3868,Urochloa interespecific,Grass,11.08,13.51,33.46,55.88
45,Breeding,9,2,CIAT-BR-15-2891,Urochloa interespecific,Grass,13.08,14.05,40.25,54.93
46,Breeding,9,2,CIAT-PM-21-0074,Megathyrsus maximus,Grass,13.9,15.36,41.79,54.87
47,Breeding,9,2,CIAT-BH-16-B-2165,Urochloa humidicola,Grass,12.58,14.25,43.54,54.76
48,Breeding,9,1,CIAT-PM-21-0215,Megathyrsus maximus,Grass,14.81,16.18,41.92,54.75
49,Breeding,7,4,CIAT-BR-06-1348,Urochloa interespecific,Grass,13.46,14.59,51.5,54.58
50,Breeding,9,2,CIAT-CIAT-16886,Urochloa humidicola,Grass,13.17,14.11,40.89,54.54
51,Breeding,9,2,CIAT-BR-15-3248,Urochloa interespecific,Grass,12.69,14.48,40.34,54.32
52,Breeding,6,2,CIAT-PM-21-0070,Megathyrsus maximus,Grass,13.62,15.34,45.53,54.14
53,Benchmark,6,3,BR-02-1752-Cayman-Exc,Urochloa interespecific,Grass,13.85,14.78,50.57,53.97
54,Breeding,9,2,CIAT-PM-21-3535,Megathyrsus maximus,Grass,14.12,15.52,41.28,53.93
55,Breeding,9,1,CIAT-PM-21-3684,Megathyrsus maximus,Grass,14.59,16.22,47.31,53.76
56,Breeding,9,2,CIAT-CIAT-26936,Megathyrsus maximus,Grass,14.43,15.75,44.14,53.71
57,Breeding,9,2,CIAT-BH-16-1763,Urochloa humidicola,Grass,12.28,13.81,41.73,53.52
58,Breeding,9,2,CIAT-BR-12-4400,Urochloa interespecific,Grass,12.41,13.98,46.5,53.36
59,Benchmark,9,3,CIAT-606-Basilisk-Opt,Urochloa interespecific,Grass,13.0,13.8,46.81,53.35
60,Breeding,9,1,CIAT-CIAT-16888,Urochloa humidicola,Grass,16.38,18.25,62.67,53.26
61,Breeding,9,2,CIAT-PM-21-0072,Megathyrsus maximus,Grass,13.57,15.25,42.67,53.17
62,Breeding,9,2,CIAT-CIAT-26149,Urochloa humidicola,Grass,12.44,14.02,43.75,52.93
63,Breeding,9,2,CIAT-BR-15-7659,Urochloa interespecific,Grass,12.39,14.07,41.22,52.92
64,Breeding,9,1,CIAT-PM-21-2195,Megathyrsus maximus,Grass,14.39,15.76,44.07,52.92
65,Breeding,9,1,CIAT-CIAT-6890,Megathyrsus maximus,Grass,14.33,16.21,47.38,52.75
66,Benchmark,8,3,CIAT-36087-MulatoII-Opt,Urochloa interespecific,Grass,12.8,13.62,46.69,52.6
67,Breeding,9,2,CIAT-CIAT-26160,Urochloa humidicola,Grass,12.82,14.34,44.14,52.52
68,Breeding,9,2,CIAT-BR-15-3025,Urochloa interespecific,Grass,12.84,14.28,42.43,52.27
69,Breeding,9,2,CIAT-BR-19-5515,Urochloa interespecific,Grass,12.34,14.04,45.3,52.02
70,Breeding,9,2,CIAT-CIAT-26146,Urochloa humidicola,Grass,12.61,14.08,44.07,51.97
71,Breeding,9,2,CIAT-PM-21-0819,Megathyrsus maximus,Grass,13.78,15.26,46.72,51.88
72,Breeding,6,2,CIAT-BH-22-0456,Urochloa humidicola,Grass,13.02,13.9,49.34,51.84
73,Breeding,7,2,CIAT-BR-15-8887,Urochloa interespecific,Grass,12.51,14.3,46.78,51.77
74,Breeding,9,2,CIAT-PM-21-6641,Megathyrsus maximus,Grass,14.36,15.8,48.44,51.47
75,Breeding,9,1,CIAT-PM-21-0053,Megathyrsus maximus,Grass,14.63,16.41,49.04,51.43
76,Breeding,9,2,CIAT-BR-19-5029,Urochloa interespecific,Grass,13.11,14.43,45.62,51.34
77,Breeding,9,2,CIAT-BR-15-1851,Urochloa interespecific,Grass,12.8,14.36,45.29,51.12
78,Breeding,9,2,CIAT-BR-15-8919,Urochloa interespecific,Grass,12.42,14.02,43.24,50.93
79,Breeding,9,2,CIAT-PM-21-6598,Megathyrsus maximus,Grass,13.47,15.17,46.34,50.76
80,Breeding,9,2,CIAT-BR-15-3434,Urochloa interespecific,Grass,13.16,14.18,49.11,50.69
81,Breeding,9,2,CIAT-BR-19-1343,Urochloa interespecific,Grass,11.84,13.31,39.18,50.61
82,LMF,3,1,Sample-2,Cynodon nlemfuensis ,Grass,14.37,15.49,44.7,50.61
83,Breeding,9,2,CIAT-BR-12-5049,Urochloa interespecific,Grass,12.74,14.58,44.66,50.57
84,Breeding,9,2,CIAT-PM-21-6647,Megathyrsus maximus,Grass,14.16,15.47,48.25,50.51
85,Breeding,9,2,CIAT-BR-15-6547,Urochloa interespecific,Grass,12.37,13.83,41.87,50.44
86,Breeding,9,1,CIAT-PM-21-0052,Megathyrsus maximus,Grass,14.21,16.2,47.43,50.41
87,Isabel Molina,8,4,Cayman-Br-02-1752,Urochloa interespecific,Grass,12.99,13.37,50.17,50.22
88,Breeding,9,2,CIAT-BR-19-5877,Urochloa interespecific,Grass,12.69,14.25,46.91,50.02
89,Breeding,9,2,CIAT-CIAT-16891,Urochloa humidicola,Grass,12.63,14.02,41.7,49.99
90,Breeding,9,2,CIAT-PM-21-6640,Megathyrsus maximus,Grass,13.7,15.53,44.24,49.86
91,Breeding,9,2,CIAT-BH-16-B-2167,Urochloa humidicola,Grass,12.67,13.87,43.77,49.81
92,Breeding,9,1,CIAT-PM-21-6638,Megathyrsus maximus,Grass,14.13,15.91,45.83,49.71
93,Breeding,9,2,CIAT-BR-15-3811,Urochloa interespecific,Grass,12.68,13.72,48.25,49.7
94,Breeding,9,2,CIAT-PM-21-0065,Megathyrsus maximus,Grass,14.13,15.53,49.51,49.57
95,Breeding,9,2,CIAT-BR-12-4856,Urochloa interespecific,Grass,12.56,14.1,40.7,49.54
96,Breeding,9,2,CIAT-CIAT-26110,Urochloa interespecific,Grass,13.28,14.5,48.14,49.43
97,Breeding,9,2,CIAT-CIAT-26646,Urochloa interespecific,Grass,11.56,13.74,45.13,49.08
98,Breeding,9,1,CIAT-PM-21-0059,Megathyrsus maximus,Grass,14.2,16.39,48.85,49.0
99,Breeding,9,2,CIAT-BR-04-3025,Urochloa interespecific,Grass,13.46,14.64,54.31,48.78
100,Breeding,9,1,CIAT-PM-21-0906,Megathyrsus maximus,Grass,13.73,15.55,43.95,48.6
101,Breeding,8,1,CIAT-CIAT-16048,Megathyrsus maximus,Grass,15.24,16.67,48.72,48.5
102,Breeding,9,2,CIAT-BR-19-5357,Urochloa interespecific,Grass,12.81,14.24,49.66,48.47
103,Breeding,9,1,CIAT-PM-21-0047,Megathyrsus maximus,Grass,14.43,16.14,50.93,48.46
104,Breeding,9,2,CIAT-CIAT-26415,Urochloa humidicola,Grass,12.09,13.65,42.34,48.43
105,Breeding,6,2,CIAT-CIAT-26570,Urochloa humidicola,Grass,13.32,14.65,45.45,48.12
106,Breeding,7,2,CIAT-PM-21-0079,Megathyrsus maximus,Grass,13.37,14.95,48.6,48.02
107,Breeding,9,1,CIAT-PM-21-2627,Megathyrsus maximus,Grass,14.24,15.97,43.9,47.9
108,Breeding,9,1,CIAT-PM-21-2195,Megathyrsus maximus,Grass,14.26,15.93,49.68,47.86
109,Breeding,9,2,CIAT-BH-22-4092,Urochloa humidicola,Grass,12.6,14.1,47.18,47.84
110,Breeding,9,2,CIAT-BR-19-4678,Urochloa interespecific,Grass,12.79,13.9,51.68,47.83
111,Breeding,9,2,CIAT-BR-15-7121,Urochloa interespecific,Grass,11.98,14.1,50.81,47.76
112,Breeding,9,1,CIAT-PM-21-0076,Megathyrsus maximus,Grass,14.89,16.81,56.0,47.61
113,Breeding,9,2,CIAT-BR-19-5381,Urochloa interespecific,Grass,12.34,14.04,46.28,47.56
114,LMF,6,1,ILRI-7384-52-120169,Chloris gayana,Grass,12.87,16.89,54.67,47.47
115,Breeding,9,1,CIAT-PM-21-0215,Megathyrsus maximus,Grass,14.64,16.56,52.38,47.29
116,Breeding,9,2,CIAT-CIAT-6297,Urochloa interespecific,Grass,12.91,14.27,50.2,47.27
117,Breeding,8,2,CIAT-BR-09-3660,Urochloa interespecific,Grass,12.94,14.27,47.59,47.25
118,Breeding,9,1,CIAT-PM-21-0185,Megathyrsus maximus,Grass,14.37,16.5,50.84,46.89
119,Breeding,9,1,CIAT-PM-21-6529,Megathyrsus maximus,Grass,14.17,15.99,46.72,46.81
120,Breeding,6,2,CIAT-BH-22-0071,Urochloa humidicola,Grass,12.98,14.11,47.41,46.77
121,Breeding,5,3,CIAT-BH-22-0765,Urochloa humidicola,Grass,13.78,14.24,54.29,46.75
122,Breeding,9,1,CIAT-PM-21-0055,Megathyrsus maximus,Grass,14.16,16.3,49.43,46.4
123,Breeding,7,2,CIAT-BH-22-1832,Urochloa humidicola,Grass,13.07,14.05,60.01,46.12
124,Breeding,9,2,CIAT-BR-19-6136,Urochloa interespecific,Grass,12.63,14.14,48.9,46.05
125,Breeding,9,2,CIAT-BH-22-2074,Urochloa humidicola,Grass,13.33,14.6,59.36,45.93
126,Breeding,9,1,CIAT-PM-21-6080,Megathyrsus maximus,Grass,15.08,16.84,50.46,45.89
127,Benchmark,9,3,CIAT-6133-Llanero-Opt,Urochloa humidicola,Grass,13.67,14.0,54.66,45.88
128,Breeding,9,2,CIAT-CIAT-16025,Megathyrsus maximus,Grass,13.42,14.98,49.69,45.83
129,Breeding,9,1,CIAT-CIAT-16051,Megathyrsus maximus,Grass,14.93,16.89,53.87,45.79
130,Breeding,9,1,CIAT-PM-21-0086,Megathyrsus maximus,Grass,14.82,16.59,51.77,45.62
131,Breeding,6,2,CIAT-BH-22-1303,Urochloa humidicola,Grass,13.0,14.14,53.84,45.5
132,Breeding,8,2,CIAT-BR-19-1264,Urochloa interespecific,Grass,12.4,14.3,49.0,45.46
133,Breeding,9,1,CIAT-PM-21-0062,Megathyrsus maximus,Grass,13.96,15.8,51.57,45.38
134,Breeding,6,2,CIAT-BH-22-4454,Urochloa humidicola,Grass,13.42,14.52,52.87,45.38
135,Breeding,9,1,CIAT-PM-21-3595,Megathyrsus maximus,Grass,14.84,16.26,50.57,45.29
136,Breeding,9,1,CIAT-PM-21-3550,Megathyrsus maximus,Grass,14.62,16.61,50.76,45.11
137,Breeding,7,2,CIAT-CIAT-6986,Megathyrsus maximus,Grass,13.64,15.09,51.0,45.09
138,Breeding,7,2,CIAT-BR-19-5217,Urochloa interespecific,Grass,12.76,14.24,50.98,45.08
139,Breeding,9,2,CIAT-PM-21-6629,Megathyrsus maximus,Grass,13.68,15.16,47.95,44.82
140,Benchmark,9,3,CIAT-6962-Mombaza-Opt,Megathyrsus maximus ,Grass,12.74,14.16,54.15,44.76
141,LMF,3,1,Sample-4,Cynodon nlemfuensis ,Grass,14.63,15.44,49.69,44.69
142,Breeding,9,2,CIAT-CIAT-26124,Urochloa interespecific,Grass,13.51,14.36,53.17,43.78
143,Breeding,9,2,CIAT-BR-02-0465,Urochloa interespecific,Grass,12.13,14.13,51.44,43.68
144,Breeding,9,2,CIAT-BR-05-1435,Urochloa interespecific,Grass,12.36,14.27,45.58,43.49
145,Breeding,9,1,CIAT-PM-21-3522,Megathyrsus maximus,Grass,13.74,15.62,50.63,43.41
146,Breeding,9,3,CIAT-BR-09-4467,Urochloa interespecific,Grass,12.24,13.63,63.78,43.36
147,Breeding,7,4,CIAT-BH-22-0528,Urochloa humidicola,Grass,13.67,14.81,61.79,43.19
148,Breeding,9,2,CIAT-CIAT-16021,Megathyrsus maximus,Grass,14.68,16.19,55.86,42.94
149,Breeding,7,2,CIAT-PM-21-0078,Megathyrsus maximus,Grass,13.74,15.27,50.97,42.9
150,Breeding,9,1,CIAT-PM-21-4449,Megathyrsus maximus,Grass,14.56,16.39,52.89,42.72
151,Breeding,6,2,CIAT-BH-22-1267,Urochloa humidicola,Grass,12.68,14.02,56.47,42.58
152,Breeding,9,3,CIAT-PM-21-4448,Megathyrsus maximus,Grass,13.54,14.88,62.72,42.41
153,Breeding,7,2,CIAT-CIAT-26438,Urochloa humidicola,Grass,12.54,13.91,54.8,42.4
154,Breeding,9,1,CIAT-CIAT-6799,Megathyrsus maximus,Grass,14.92,16.22,51.97,42.1
155,Breeding,7,2,CIAT-BH-22-1375,Urochloa humidicola,Grass,12.43,14.07,58.78,41.97
156,Breeding,7,2,CIAT-BH-22-1370,Urochloa humidicola,Grass,12.9,13.96,48.47,41.92
157,Breeding,7,2,CIAT-PM-21-0876,Megathyrsus maximus,Grass,13.43,14.91,53.15,41.2
158,Benchmark,9,3,CIAT-6294-Marandu-Opt,Urochloa interespecific,Grass,13.07,13.68,58.91,41.19
159,Breeding,6,2,CIAT-CIAT-679,Urochloa humidicola,Grass,12.4,13.89,62.47,41.12
160,Breeding,7,2,CIAT-CIAT-6133,Urochloa humidicola,Grass,12.4,13.93,57.67,40.88
161,Breeding,8,2,CIAT-BH-22-2508,Urochloa humidicola,Grass,13.3,14.46,67.68,40.88
162,Breeding,8,2,CIAT-BH-22-1872,Urochloa humidicola,Grass,12.99,14.32,81.86,40.81
163,Genetic_bank,6,4,CIAT-BH-22-3830,Urochloa humidicola,Grass,13.9,14.78,75.1,40.8
164,Breeding,6,2,CIAT-PM-21-4852,Megathyrsus maximus,Grass,13.85,15.26,53.27,40.75
165,Breeding,6,2,CIAT-BR-09-4777,Urochloa interespecific,Grass,12.62,13.94,56.87,40.4
166,Breeding,7,2,CIAT-PM-21-4926,Megathyrsus maximus,Grass,14.4,15.78,53.71,39.9
167,Genetic_bank,5,4,CIAT-BH-22-2365,Urochloa humidicola,Grass,14.0,14.44,66.84,39.83
168,Breeding,6,2,CIAT-BH-22-2225,Urochloa humidicola,Grass,13.15,14.31,56.26,39.81
169,Breeding,7,2,CIAT-BH-22-2046,Urochloa humidicola,Grass,12.5,13.83,68.15,39.13
170,Breeding,8,2,CIAT-PM-21-3641,Megathyrsus maximus,Grass,13.44,15.02,58.19,38.93
171,Benchmark,6,3,CIAT-6962-Mombaza-Ex,Megathyrsus maximus,Grass,12.95,13.05,56.66,38.69
172,Breeding,9,3,CIAT-CIAT-16071,Megathyrsus maximus,Grass,13.24,15.4,73.74,38.57
173,Breeding,9,2,CIAT-BH-22-3115,Urochloa humidicola,Grass,12.14,13.86,62.57,37.57
174,LMF,3,1,Sample-5,Cynodon nlemfuensis ,Grass,14.43,15.46,56.36,37.43
175,LMF,3,1,Sample-3,Cynodon nlemfuensis ,Grass,14.3,15.41,59.31,37.26
176,Genetic_bank,6,4,CIAT-BH-22-1594,Urochloa humidicola,Grass,14.28,14.91,77.18,37.18
177,Breeding,6,2,CIAT-BH-22-3521,Urochloa humidicola,Grass,13.08,13.92,55.84,36.99
178,Breeding,8,2,CIAT-BH-22-4865,Urochloa humidicola,Grass,12.82,14.07,61.35,36.5
179,Breeding,6,2,CIAT-BH-22-4253,Urochloa humidicola,Grass,12.87,13.84,56.84,36.45
180,Breeding,6,2,CIAT-BH-22-1706,Urochloa humidicola,Grass,12.4,13.86,60.81,36.12
181,Genetic_bank,7,4,CIAT-BH-22-1710,Urochloa humidicola,Grass,13.94,14.66,73.82,36.11
182,Breeding,7,3,CIAT-BH-22-2531,Urochloa humidicola,Grass,12.9,14.24,69.75,35.9
183,Genetic_bank,8,4,CIAT-BH-22-0468,Urochloa humidicola,Grass,14.35,14.8,75.5,34.63
184,LMF,3,1,Sample-6,Cynodon nlemfuensis ,Grass,14.4,15.61,65.0,34.39
185,Breeding,6,2,CIAT-BH-22-0132,Urochloa humidicola,Grass,12.77,13.95,69.18,33.38
186,LMF,3,1,Sample-7,Cynodon nlemfuensis ,Grass,14.1,15.0,64.07,32.56
187,LMF,3,1,Sample-1,Cynodon nlemfuensis ,Grass,14.3,15.43,77.86,31.2
188,Breeding,8,2,CIAT-BH-22-4169,Urochloa humidicola,Grass,12.9,14.2,74.49,30.14
189,LMF,488,2,Sample-8,Cynodon nlemfuensis ,Grass,14.56,15.63,72.56,29.95
190,LMF,6,1,Sample-8,Cynodon nlemfuensis ,Grass,14.73,16.27,68.02,29.24
191,Breeding,9,2,CIAT-BH-22-1258,Urochloa humidicola,Grass,12.87,14.04,82.25,27.68
192,Breeding,9,2,CIAT-BH-22-2189,Urochloa humidicola,Grass,12.93,14.05,76.17,27.59
193,LMF-invivo,4,3,Muestra-#-02,Cynodon nlemfuensis,Grass,14.18,14.82,70.57,27.18
194,Breeding,8,2,CIAT-BH-22-3507,Urochloa humidicola,Grass,12.8,13.95,88.9,25.03
195,Benchmark,8,3,Humidicola-679,Urochloa humidicola,Grass,13.48,13.75,68.01,24.09
196,Genetic_bank,5,4,CIAT-BH-22-3572,Urochloa humidicola,Grass,13.58,14.19,154.85,20.76
197,Benchmark,6,3,Sabana-Quemada,,Grass,12.07,13.31,46.68,14.63
198,Benchmark,7,3,Paja-Sabana-Madura,,Grass,12.51,13.55,62.87,13.53
199,Genetic_bank,7,4,CIAT-BH-22-0521,Urochloa humidicola,Grass,29.81,3.54,45.56,13.48
