requisitioner,n_replicates_gas,subset,id,tax_name,functional_group,ch4_percentage_in_gas_8h,ch4_percentage_in_gas_24h,methane_intensity,tddm,ranking,quartile
Genetic_bank,9,1,CIAT-7322,Canavalia sp.,Herbaceous_legumes,17.21,19.04,43.86,74.64,1,Q1
Genetic_bank,9,1,CIAT-705,Indigofera suffruticosa,Herbaceous_legumes,14.26,17.35,31.84,74.34,2,Q1
Genetic_bank,6,1,CIAT-7858,Crotalaria incana,Herbaceous_legumes,16.68,18.6,46.55,73.8,3,Q1
Genetic_bank,6,1,CIAT-9982,Crotalaria incana,Herbaceous_legumes,17.05,19.0,47.26,72.64,4,Q1
LMF,3,1,AMC-ICARDA-156302,Trifolium repens,Herbaceous_legumes,15.97,16.19,43.67,72.0,5,Q1
Genetic_bank,9,1,CIAT-7317,Canavalia sp.,Herbaceous_legumes,15.92,17.4,34.3,70.24,6,Q1
Genetic_bank,6,1,CIAT-9336,Clitoria ternatea,Herbaceous_legumes,18.63,20.19,50.58,69.15,7,Q1
Genetic_bank,8,2,CIAT-22770,Lablab purpureus,Herbaceous_legumes,14.1,15.65,47.68,68.75,8,Q1
Genetic_bank,8,2,CIAT-8013,Crotalaria paulina,Herbaceous_legumes,13.18,14.46,40.57,68.31,9,Q1
Genetic_bank,9,3,CIAT-8816,Crotalaria micans,Herbaceous_legumes,13.71,14.77,46.81,68.2,10,Q1
Genetic_bank,6,1,CIAT-9530,Crotalaria maypurensis,Herbaceous_legumes,17.02,19.21,51.12,68.2,11,Q1
Genetic_bank,6,1,CIAT-9288,Indigofera suffruticosa,Herbaceous_legumes,19.38,22.66,49.11,68.02,12,Q1
Genetic_bank,9,1,CIAT-19895,Aeschynomene americana,Herbaceous_legumes,14.14,15.62,38.27,67.43,13,Q1
Genetic_bank,6,1,CIAT-10647,Stylosanthes scabra,Herbaceous_legumes,15.9,18.79,48.31,67.34,14,Q1
Genetic_bank,9,1,CIAT-4279,Vigna umbellata,Herbaceous_legumes,17.63,19.09,47.82,66.91,15,Q1
Genetic_bank,6,1,CIAT-7759,Clitoria ternatea,Herbaceous_legumes,17.9,19.08,56.38,66.8,16,Q1
Genetic_bank,9,1,CIAT-21212,Canavalia sp.,Herbaceous_legumes,13.34,16.14,40.3,66.3,17,Q1
Genetic_bank,9,1,CIAT-17091,Crotalaria micans,Herbaceous_legumes,15.17,17.47,48.83,66.12,18,Q1
Genetic_bank,6,1,CIAT-7972,Canavalia brasiliensis,Herbaceous_legumes,16.23,18.63,44.18,66.01,19,Q1
Genetic_bank,9,1,CIAT-707,Alysicarpus ovalifolius,Herbaceous_legumes,13.54,16.25,36.44,65.97,20,Q1
Genetic_bank,9,1,CIAT-20093,Canavalia sp.,Herbaceous_legumes,14.71,15.94,37.98,65.75,21,Q1
Genetic_bank,9,1,CIAT-7469,Clitoria ternatea,Herbaceous_legumes,16.63,18.01,47.75,65.71,22,Q1
Genetic_bank,12,1,CIAT-7714,Alysicarpus glumaceus,Herbaceous_legumes,17.38,18.66,44.37,65.53,23,Q1
Genetic_bank,12,1,CIAT-8719,Canavalia sp. ,Herbaceous_legumes,16.52,19.17,44.01,65.39,24,Q1
Genetic_bank,9,1,CIAT-4134,Macroptilium lathyroides,Herbaceous_legumes,17.4,18.91,47.73,65.38,25,Q1
Genetic_bank,9,1,CIAT-20113,Canavalia sp.,Herbaceous_legumes,13.02,15.11,38.26,65.3,26,Q1
Genetic_bank,6,1,CIAT-7792,Chamaecrista rotundifolia,Herbaceous_legumes,16.63,19.18,49.52,65.27,27,Q1
Genetic_bank,9,1,CIAT-749,Crotalaria juncea,Herbaceous_legumes,14.03,15.59,35.43,65.15,28,Q1
Genetic_bank,9,1,CIAT-772,Clitoria ternatea,Herbaceous_legumes,13.46,14.99,37.92,65.1,29,Q1
Genetic_bank,8,2,CIAT-20304,Canavalia brasiliensis,Herbaceous_legumes,13.52,16.93,47.76,65.02,30,Q1
Genetic_bank,7,4,CIAT-22423,Vigna unguiculata,Herbaceous_legumes,13.5,14.82,42.49,64.95,31,Q1
Genetic_bank,6,1,CIAT-7816,Indigofera spicata,Herbaceous_legumes,15.45,17.82,41.04,64.89,32,Q1
Genetic_bank,12,1,CIAT-7757,Clitoria ternatea,Herbaceous_legumes,17.82,19.58,54.11,64.83,33,Q1
Genetic_bank,9,1,CIAT-768,Clitoria ternatea,Herbaceous_legumes,13.49,15.73,39.08,64.82,34,Q1
Genetic_bank,9,2,CIAT-9323,Crotalaria vitellina,Herbaceous_legumes,14.66,15.74,51.69,64.57,35,Q1
Genetic_bank,6,1,CIAT-7790,Crotalaria pallida,Herbaceous_legumes,17.65,21.04,54.82,64.54,36,Q1
Genetic_bank,9,2,CIAT-22768,Lablab purpureus,Herbaceous_legumes,14.17,15.71,49.54,64.18,37,Q1
Genetic_bank,9,2,CIAT-923,Galactia latisiliqua,Herbaceous_legumes,14.04,16.3,49.82,63.67,38,Q1
Genetic_bank,9,1,CIAT-19213,Clitoria ternatea,Herbaceous_legumes,14.99,16.09,39.14,63.66,39,Q1
Genetic_bank,9,2,CIAT-9537,Crotalaria sagittalis,Herbaceous_legumes,13.62,14.68,43.17,63.64,40,Q1
Genetic_bank,6,2,CIAT-22048,Aeschynomene americana,Herbaceous_legumes,13.2,14.47,44.16,63.48,41,Q1
Genetic_bank,9,1,CIAT-905,Canavalia brasiliensis,Herbaceous_legumes,12.08,15.4,40.88,63.42,42,Q1
Genetic_bank,9,1,CIAT-17365,Clitoria ternatea,Herbaceous_legumes,15.12,17.56,51.29,63.39,43,Q1
Genetic_bank,5,1,CIAT-8819,Coursetia caribaea,Herbaceous_legumes,18.58,20.43,48.94,63.34,44,Q1
Genetic_bank,8,2,CIAT-17360,Alysicarpus vaginalis,Herbaceous_legumes,15.72,16.94,39.91,62.8,45,Q1
Genetic_bank,9,1,CIAT-712,Clitoria ternatea,Herbaceous_legumes,12.57,14.79,40.73,62.66,46,Q1
Genetic_bank,9,2,CIAT-466,Vigna umbellata,Herbaceous_legumes,14.22,15.95,46.59,62.6,47,Q1
Genetic_bank,8,1,CIAT-5234,Centrosema brasilianum,Herbaceous_legumes,15.51,17.45,40.52,62.56,48,Q1
Genetic_bank,5,1,CIAT-8402,Indigofera suffruticosa,Herbaceous_legumes,18.76,20.59,42.3,62.49,49,Q1
Genetic_bank,9,2,CIAT-17768,Clitoria ternatea,Herbaceous_legumes,14.83,16.26,54.62,62.31,50,Q1
Genetic_bank,9,2,CIAT-18430,Alysicarpus vaginalis,Herbaceous_legumes,15.38,16.74,46.1,62.24,51,Q1
Genetic_bank,9,1,CIAT-20305,Canavalia sp.,Herbaceous_legumes,12.71,14.72,35.46,62.07,52,Q1
Genetic_bank,9,1,CIAT-17451,Canavalia sp.,Herbaceous_legumes,12.8,15.61,37.55,62.07,53,Q1
Genetic_bank,6,1,CIAT-8205,Indigofera suffruticosa,Herbaceous_legumes,19.0,20.51,46.97,62.07,54,Q1
Genetic_bank,9,1,CIAT-24466,Vigna umbellata,Herbaceous_legumes,13.63,14.71,31.71,61.87,55,Q1
Genetic_bank,6,1,CIAT-9433,Clitoria ternatea,Herbaceous_legumes,17.95,19.36,46.43,61.82,56,Q1
Genetic_bank,7,2,CIAT-7813,Indigofera cryptantha,Herbaceous_legumes,14.09,17.11,57.58,61.75,57,Q1
Genetic_bank,9,1,CIAT-18749,Arachis pintoi,Herbaceous_legumes,11.69,15.84,36.23,61.12,58,Q1
Genetic_bank,8,1,CIAT-819,Indigofera suffruticosa,Herbaceous_legumes,14.22,16.94,39.4,60.93,59,Q1
Genetic_bank,8,2,CIAT-9690,Aeschynomene histrix,Herbaceous_legumes,14.29,15.56,45.88,60.47,60,Q1
Genetic_bank,6,1,CIAT-9283,Crotalaria pallida,Herbaceous_legumes,18.13,20.82,50.83,60.12,61,Q1
Genetic_bank,6,3,CIAT-12462,Stylosanthes hamata,Herbaceous_legumes,12.9,14.64,50.14,60.06,62,Q1
Genetic_bank,8,4,CIAT-9350,Crotalaria pumila,Herbaceous_legumes,12.82,13.98,46.71,59.88,63,Q1
Genetic_bank,9,2,CIAT-18708,Crotalaria pallida,Herbaceous_legumes,15.06,17.16,49.94,59.88,64,Q1
Genetic_bank,9,1,CIAT-18455,Christia obcordata,Herbaceous_legumes,15.41,18.54,54.18,59.86,65,Q1
Genetic_bank,9,1,CIAT-19118,Alysicarpus rugosus,Herbaceous_legumes,15.71,17.7,44.5,59.74,66,Q1
Genetic_bank,9,1,CIAT-955,Clitoria ternatea,Herbaceous_legumes,12.82,14.54,45.45,59.65,67,Q1
Genetic_bank,6,3,CIAT-12184,Stylosanthes humilis,Herbaceous_legumes,13.07,14.25,49.79,59.6,68,Q1
Genetic_bank,6,1,CIAT-9254,Crotalaria pallida,Herbaceous_legumes,18.25,20.76,52.29,59.58,69,Q1
Genetic_bank,9,1,CIAT-22286,Crotalaria micans,Herbaceous_legumes,14.86,15.96,43.2,59.54,70,Q1
Genetic_bank,6,1,CIAT-11194,Stylosanthes hamata,Herbaceous_legumes,15.17,18.02,46.12,59.25,71,Q1
Genetic_bank,9,2,CIAT-5512,Centrosema brasilianum,Herbaceous_legumes,14.28,16.09,45.89,59.21,72,Q1
Genetic_bank,6,3,CIAT-12457,Stylosanthes hamata,Herbaceous_legumes,13.15,14.66,51.02,59.17,73,Q1
Genetic_bank,9,2,CIAT-19032,Canavalia sp.,Herbaceous_legumes,13.27,15.33,45.7,59.15,74,Q1
Genetic_bank,9,1,CIAT-17775,Christia obcordata,Herbaceous_legumes,15.26,18.43,55.22,59.09,75,Q1
Genetic_bank,9,1,CIAT-1257,Stylosanthes scabra,Herbaceous_legumes,15.71,17.6,46.32,58.95,76,Q1
Genetic_bank,6,3,CIAT-12202,Stylosanthes humilis,Herbaceous_legumes,12.77,14.07,48.98,58.95,77,Q1
Genetic_bank,9,2,CIAT-18004,Chamaecrista rotundifolia,Herbaceous_legumes,13.81,15.73,53.53,58.72,78,Q1
Genetic_bank,9,2,CIAT-18850,Alysicarpus rugosus,Herbaceous_legumes,15.3,15.95,41.53,58.68,79,Q1
Genetic_bank,9,2,CIAT-20303,Canavalia brasiliensis,Herbaceous_legumes,13.51,15.82,52.89,58.61,80,Q1
Genetic_bank,9,1,CIAT-11999,Stylosanthes guianensis,Herbaceous_legumes,12.98,16.25,46.61,58.55,81,Q2
Genetic_bank,8,1,CIAT-18044,Christia sp.,Herbaceous_legumes,15.28,18.25,47.47,58.33,82,Q2
Genetic_bank,9,3,CIAT-11215,Stylosanthes hamata,Herbaceous_legumes,13.08,14.14,45.54,58.15,83,Q2
Genetic_bank,5,3,CIAT-12140,Stylosanthes humilis,Herbaceous_legumes,12.24,13.69,46.61,58.14,84,Q2
Genetic_bank,9,1,CIAT-22915,Aeschynomene villosa,Herbaceous_legumes,13.71,15.35,41.67,58.09,85,Q2
Breeding,5,3,CIAT-17768,Clitoria ternatea ,Herbaceous_legumes,14.46,15.58,55.25,57.98,86,Q2
Genetic_bank,9,1,CIAT-20125,Coursetia caribaea,Herbaceous_legumes,15.43,17.01,40.0,57.96,87,Q2
Genetic_bank,8,2,CIAT-9189,Indigofera suffruticosa,Herbaceous_legumes,15.22,17.47,45.56,57.89,88,Q2
Genetic_bank,9,2,CIAT-7746,Crotalaria paulina,Herbaceous_legumes,12.88,14.83,41.13,57.79,89,Q2
Genetic_bank,9,1,CIAT-21565,Chamaecrista rotundifolia,Herbaceous_legumes,12.47,14.73,39.86,57.7,90,Q2
Genetic_bank,8,1,CIAT-7703,Aeschynomene indica,Herbaceous_legumes,16.48,17.45,44.47,57.36,91,Q2
Genetic_bank,9,3,CIAT-798,Galactia striata,Herbaceous_legumes,12.62,14.39,50.8,57.23,92,Q2
Genetic_bank,9,1,CIAT-18848,Alysicarpus rugosus,Herbaceous_legumes,14.5,16.9,34.19,57.17,93,Q2
Genetic_bank,9,1,CIAT-21709,Crotalaria juncea,Herbaceous_legumes,14.92,15.88,42.07,57.17,94,Q2
Genetic_bank,9,2,CIAT-5277,Centrosema acutifolium,Herbaceous_legumes,13.27,14.97,46.87,57.08,95,Q2
Genetic_bank,8,4,CIAT-20044,Tephrosia purpurea,Herbaceous_legumes,14.34,16.28,49.36,57.06,96,Q2
Genetic_bank,7,2,CIAT-7648,Canavalia brasiliensis,Herbaceous_legumes,12.66,15.17,43.86,57.02,97,Q2
Genetic_bank,9,1,CIAT-12318,Stylosanthes hamata,Herbaceous_legumes,13.99,16.96,52.27,56.88,98,Q2
Genetic_bank,8,2,CIAT-11162,Stylosanthes scabra,Herbaceous_legumes,12.46,14.92,50.47,56.82,99,Q2
Genetic_bank,8,4,CIAT-24104,Macroptilium atropurpureum,Herbaceous_legumes,12.88,14.35,40.93,56.78,100,Q2
Genetic_bank,8,1,CIAT-5124,Centrosema molle x acutifolium,Herbaceous_legumes,17.54,18.89,42.1,56.75,101,Q2
Genetic_bank,9,2,CIAT-22156,Arachis pintoi,Herbaceous_legumes,12.54,14.41,53.44,56.59,102,Q2
Genetic_bank,9,2,CIAT-19119,Alysicarpus rugosus,Herbaceous_legumes,14.11,15.47,40.18,56.58,103,Q2
Genetic_bank,6,1,CIAT-9349,Mucuna pruriens,Herbaceous_legumes,17.35,18.52,43.23,56.47,104,Q2
Genetic_bank,8,4,CIAT-416,Vigna radiata,Herbaceous_legumes,12.38,14.79,50.26,56.45,105,Q2
Genetic_bank,6,3,CIAT-12374,Stylosanthes hamata,Herbaceous_legumes,13.17,14.76,56.68,56.4,106,Q2
Genetic_bank,9,1,CIAT-20298,Canavalia sp.,Herbaceous_legumes,13.89,15.34,39.36,56.36,107,Q2
Genetic_bank,9,2,CIAT-715,Canavalia ensiformis,Herbaceous_legumes,13.9,15.42,44.06,55.83,108,Q2
Genetic_bank,9,1,CIAT-20803,Canavalia sp.,Herbaceous_legumes,13.8,15.98,42.61,55.7,109,Q2
Genetic_bank,6,3,CIAT-12615,Stylosanthes guianensis,Herbaceous_legumes,12.72,13.72,46.61,55.68,110,Q2
Genetic_bank,8,4,CIAT-34038,Vigna unguiculata,Herbaceous_legumes,12.9,14.44,47.68,55.34,111,Q2
Genetic_bank,8,2,CIAT-7318,Canavalia sp.,Herbaceous_legumes,12.61,14.96,48.52,55.31,112,Q2
Genetic_bank,9,1,CIAT-21031,Christia obcordata,Herbaceous_legumes,13.8,15.58,37.14,55.29,113,Q2
Genetic_bank,9,1,CIAT-18447,Clitoria ternatea,Herbaceous_legumes,14.51,16.92,53.02,55.28,114,Q2
Genetic_bank,7,4,CIAT-12411,Stylosanthes sympodialis,Herbaceous_legumes,11.17,13.42,44.51,55.06,115,Q2
Genetic_bank,9,2,CIAT-20589,Uraria lagopodioides,Herbaceous_legumes,14.99,16.47,41.75,55.03,116,Q2
Genetic_bank,9,1,CIAT-19138,Alysicarpus rugosus,Herbaceous_legumes,15.26,17.55,43.21,54.86,117,Q2
Breeding,6,3,CIAT-20692,Clitoria ternatea ,Herbaceous_legumes,14.8,16.19,63.13,54.69,118,Q2
Genetic_bank,6,4,CIAT-34144,Vigna radiata,Herbaceous_legumes,14.05,15.67,59.13,54.61,119,Q2
Breeding,6,3,CIAT-20692,Clitoria ternatea ,Herbaceous_legumes,14.62,15.63,52.5,54.5,120,Q2
Genetic_bank,8,4,CIAT-34040,Vigna aconitifolia,Herbaceous_legumes,13.5,15.4,56.11,54.28,121,Q2
Genetic_bank,9,1,CIAT-19421,Uraria lagopodioides,Herbaceous_legumes,14.13,15.13,33.82,54.27,122,Q2
Genetic_bank,9,3,CIAT-10440,Stylosanthes humilis,Herbaceous_legumes,12.24,13.73,45.94,54.2,123,Q2
Genetic_bank,9,3,CIAT-1475,Stylosanthes hamata,Herbaceous_legumes,13.27,14.77,53.96,54.17,124,Q2
Genetic_bank,8,4,CIAT-34159,Vigna unguiculata,Herbaceous_legumes,14.09,15.22,56.72,54.02,125,Q2
Genetic_bank,6,2,CIAT-9434,Clitoria ternatea,Herbaceous_legumes,14.98,16.4,56.61,54.0,126,Q2
Genetic_bank,9,1,CIAT-7339,Indigofera lespedezioides,Herbaceous_legumes,16.06,17.66,34.71,53.95,127,Q2
Genetic_bank,6,3,CIAT-12311,Stylosanthes guianensis,Herbaceous_legumes,12.63,13.98,52.5,53.95,128,Q2
Genetic_bank,9,1,CIAT-18707,Crotalaria pallida,Herbaceous_legumes,16.06,21.49,60.94,53.89,129,Q2
Genetic_bank,8,2,CIAT-21603,Lablab purpureus,Herbaceous_legumes,13.82,15.45,56.99,53.45,130,Q2
Genetic_bank,9,3,CIAT-9934,Aeschynomene americana,Herbaceous_legumes,12.91,14.26,54.27,53.37,131,Q2
Genetic_bank,9,1,CIAT-19137,Alysicarpus rugosus,Herbaceous_legumes,15.31,17.59,48.49,53.2,132,Q2
Genetic_bank,6,4,CIAT-34347,Vigna unguiculata,Herbaceous_legumes,12.32,13.84,45.74,53.14,133,Q2
Genetic_bank,6,2,CIAT-15121,Centrosema macrocarpum,Herbaceous_legumes,13.62,15.27,43.07,53.13,134,Q2
Genetic_bank,9,1,CIAT-21128,Crotalaria pallida,Herbaceous_legumes,15.13,17.95,47.36,53.1,135,Q2
Genetic_bank,6,3,CIAT-19867,Uraria lagopodioides,Herbaceous_legumes,15.7,16.58,49.19,52.99,136,Q2
Genetic_bank,7,2,CIAT-5749,Centrosema plumieri,Herbaceous_legumes,12.87,15.15,49.14,52.88,137,Q2
Genetic_bank,9,2,CIAT-887,Calopogonium mucunoides,Herbaceous_legumes,14.44,16.22,41.52,52.78,138,Q2
Genetic_bank,8,2,CIAT-7894,Canavalia brasiliensis,Herbaceous_legumes,12.3,15.04,45.89,52.77,139,Q2
Genetic_bank,9,3,CIAT-11220,Stylosanthes hamata,Herbaceous_legumes,12.84,14.34,56.23,52.76,140,Q2
Genetic_bank,7,2,CIAT-22598,Lablab purpureus,Herbaceous_legumes,15.1,15.84,45.23,52.73,141,Q2
Breeding,5,3,CIAT-712,Clitoria ternatea ,Herbaceous_legumes,14.46,15.52,52.6,52.67,142,Q2
Genetic_bank,9,3,CIAT-11778,Stylosanthes hamata,Herbaceous_legumes,12.7,14.19,53.43,52.53,143,Q2
Genetic_bank,9,1,CIAT-19139,Alysicarpus ovalifolius,Herbaceous_legumes,14.24,17.2,39.74,52.41,144,Q2
Genetic_bank,9,1,CIAT-989,Indigofera hirsuta,Herbaceous_legumes,15.57,16.78,32.85,52.31,145,Q2
Genetic_bank,6,3,CIAT-12381,Stylosanthes hamata,Herbaceous_legumes,13.12,14.63,59.84,52.3,146,Q2
Genetic_bank,9,1,CIAT-24360,Vigna umbellata,Herbaceous_legumes,13.99,15.44,37.12,52.16,147,Q2
Genetic_bank,7,2,CIAT-15401,Centrosema brasilianum,Herbaceous_legumes,13.84,15.7,45.47,52.1,148,Q2
Genetic_bank,6,3,CIAT-12686,Stylosanthes hamata,Herbaceous_legumes,12.15,13.76,52.34,52.01,149,Q2
Genetic_bank,6,2,CIAT-25522,Centrosema macrocarpum,Herbaceous_legumes,13.87,15.27,45.94,52.0,150,Q2
Genetic_bank,9,2,CIAT-5735,Centrosema macrocarpum,Herbaceous_legumes,13.9,15.3,47.18,51.89,151,Q2
Genetic_bank,9,3,CIAT-10639,Stylosanthes scabra,Herbaceous_legumes,12.8,14.27,52.7,51.87,152,Q2
Genetic_bank,9,3,CIAT-1992,Stylosanthes guianensis,Herbaceous_legumes,11.59,12.87,43.92,51.86,153,Q2
Genetic_bank,9,2,CIAT-8202,Chamaecrista rotundifolia,Herbaceous_legumes,13.61,15.52,48.87,51.8,154,Q2
Genetic_bank,8,2,CIAT-7395,Galactia striata,Herbaceous_legumes,12.74,15.1,47.01,51.78,155,Q2
Genetic_bank,7,4,CIAT-8014,Crotalaria retusa,Herbaceous_legumes,12.27,13.35,53.29,51.76,156,Q2
Genetic_bank,9,3,CIAT-822,Calopogonium mucunoides,Herbaceous_legumes,13.54,14.72,48.95,51.7,157,Q2
Genetic_bank,8,1,CIAT-22754,Lablab purpureus,Herbaceous_legumes,13.58,15.12,43.14,51.68,158,Q2
Breeding,6,3,CIAT-9432,Clitoria ternatea ,Herbaceous_legumes,15.52,16.68,59.31,51.53,159,Q2
Genetic_bank,8,4,CIAT-415,Vigna radiata,Herbaceous_legumes,11.22,13.79,43.25,51.39,160,Q3
Genetic_bank,9,1,CIAT-22520,Arachis pusilla,Herbaceous_legumes,13.09,14.92,40.72,51.33,161,Q3
Genetic_bank,9,1,CIAT-19673,Alysicarpus rugosus,Herbaceous_legumes,14.38,15.9,43.95,51.27,162,Q3
Genetic_bank,9,1,CIAT-18813,Crotalaria nitens,Herbaceous_legumes,13.41,16.45,38.58,51.23,163,Q3
Genetic_bank,9,2,CIAT-7227,Galactia texana,Herbaceous_legumes,10.43,11.52,31.16,51.21,164,Q3
Genetic_bank,9,2,CIAT-18865,Alysicarpus rugosus,Herbaceous_legumes,14.34,15.09,45.67,51.17,165,Q3
Breeding,6,3,CIAT-712,Clitoria ternatea ,Herbaceous_legumes,14.47,15.77,61.32,51.08,166,Q3
Genetic_bank,5,1,CIAT-9432,Clitoria ternatea,Herbaceous_legumes,17.36,18.9,57.24,50.87,167,Q3
Genetic_bank,7,4,CIAT-9531,Indigofera spicata,Herbaceous_legumes,12.43,14.65,48.49,50.85,168,Q3
Genetic_bank,9,2,CIAT-5657,Centrosema brasilianum,Herbaceous_legumes,12.8,14.93,47.4,50.66,169,Q3
Genetic_bank,9,3,CIAT-10634,Stylosanthes scabra,Herbaceous_legumes,12.53,13.56,52.78,50.55,170,Q3
Genetic_bank,6,4,CIAT-24565,Vigna unguiculata,Herbaceous_legumes,12.92,14.38,46.92,50.41,171,Q3
Genetic_bank,8,2,CIAT-8156,Chamaecrista rotundifolia,Herbaceous_legumes,14.38,16.11,42.34,50.26,172,Q3
Genetic_bank,6,3,CIAT-12485,Stylosanthes scabra,Herbaceous_legumes,13.03,13.82,43.18,50.03,173,Q3
Genetic_bank,5,1,CIAT-8409,Chamaecrista nictitans,Herbaceous_legumes,16.98,20.56,54.13,49.94,174,Q3
Genetic_bank,8,4,CIAT-34042,Vigna aconitifolia,Herbaceous_legumes,13.48,15.2,56.27,49.93,175,Q3
Genetic_bank,4,3,CIAT-12115,Stylosanthes humilis,Herbaceous_legumes,12.42,13.93,60.6,49.92,176,Q3
Genetic_bank,9,1,CIAT-19129,Alysicarpus rugosus,Herbaceous_legumes,15.91,18.28,49.18,49.9,177,Q3
Genetic_bank,4,3,CIAT-12710,Stylosanthes scabra,Herbaceous_legumes,12.82,13.88,46.65,49.79,178,Q3
Genetic_bank,9,1,CIAT-15551,Centrosema molle,Herbaceous_legumes,14.79,17.49,50.03,49.72,179,Q3
Genetic_bank,9,1,CIAT-18862,Alysicarpus rugosus,Herbaceous_legumes,15.2,17.3,44.91,49.62,180,Q3
Genetic_bank,9,3,CIAT-11232,Stylosanthes hamata,Herbaceous_legumes,12.5,14.31,59.02,49.49,181,Q3
Genetic_bank,9,3,CIAT-11624,Stylosanthes humilis,Herbaceous_legumes,12.16,13.26,51.7,49.47,182,Q3
Genetic_bank,8,4,CIAT-34044,Vigna aconitifolia,Herbaceous_legumes,13.74,15.67,64.72,49.46,183,Q3
LMF,2,1,ILRI-13946-29,Stylosanthes fructicosa,Herbaceous_legumes,13.6,16.01,59.42,49.35,184,Q3
Genetic_bank,9,1,CIAT-19127,Alysicarpus rugosus,Herbaceous_legumes,15.48,17.96,49.24,48.76,185,Q3
Genetic_bank,6,3,CIAT-2783,Stylosanthes humilis,Herbaceous_legumes,12.25,13.7,64.2,48.58,186,Q3
Genetic_bank,9,1,CIAT-19133,Alysicarpus rugosus,Herbaceous_legumes,15.61,18.06,55.12,48.23,187,Q3
Genetic_bank,9,1,CIAT-7292,Chamaecrista desvauxii,Herbaceous_legumes,15.74,17.19,38.18,48.05,188,Q3
Breeding,6,3,CIAT-9432,Clitoria ternatea ,Herbaceous_legumes,15.15,15.95,57.41,47.8,189,Q3
Genetic_bank,9,3,CIAT-10627,Stylosanthes scabra,Herbaceous_legumes,12.49,13.61,46.84,47.71,190,Q3
Genetic_bank,9,2,CIAT-15799,Centrosema macrocarpum,Herbaceous_legumes,13.26,14.06,37.78,47.56,191,Q3
Genetic_bank,9,3,CIAT-11820,Stylosanthes scabra,Herbaceous_legumes,12.56,13.96,56.11,47.55,192,Q3
Genetic_bank,6,1,CIAT-8408,Chamaecrista nictitans,Herbaceous_legumes,17.22,20.47,58.52,47.3,193,Q3
Genetic_bank,7,4,CIAT-18950,Indigofera spicata,Herbaceous_legumes,13.91,15.55,59.59,47.3,194,Q3
Genetic_bank,8,2,CIAT-17009,Canavalia brasiliensis,Herbaceous_legumes,13.86,16.38,64.87,47.23,195,Q3
Genetic_bank,8,4,CIAT-9352,Crotalaria pumila,Herbaceous_legumes,12.9,14.7,57.38,47.09,196,Q3
Genetic_bank,7,2,CIAT-15561,Centrosema molle,Herbaceous_legumes,13.34,14.8,41.13,47.01,197,Q3
Genetic_bank,6,2,CIAT-15474,Centrosema molle,Herbaceous_legumes,13.15,13.56,35.27,47.0,198,Q3
Genetic_bank,7,4,CIAT-4537,Vigna unguiculata,Herbaceous_legumes,11.7,13.68,55.33,46.92,199,Q3
Genetic_bank,9,3,CIAT-8702,Calopogonium caeruleum,Herbaceous_legumes,14.17,15.53,50.56,46.88,200,Q3
Genetic_bank,9,1,CIAT-19128,Alysicarpus rugosus,Herbaceous_legumes,15.19,17.68,49.01,46.81,201,Q3
Genetic_bank,7,3,CIAT-9740,Chamaecrista desvauxii,Herbaceous_legumes,10.03,13.41,50.98,46.73,202,Q3
Genetic_bank,9,3,CIAT-13149,Desmodium strigillosum,Herbaceous_legumes,13.02,14.15,43.24,46.64,203,Q3
Genetic_bank,8,4,CIAT-34148,Vigna radiata,Herbaceous_legumes,13.89,15.41,58.17,46.55,204,Q3
Genetic_bank,8,2,CIAT-25113,Centrosema brasilianum,Herbaceous_legumes,14.56,15.63,50.97,46.38,205,Q3
Genetic_bank,6,4,CIAT-9337,Crotalaria retusa,Herbaceous_legumes,12.0,12.72,50.54,46.3,206,Q3
Genetic_bank,7,2,CIAT-15816,Centrosema acutifolium,Herbaceous_legumes,13.39,14.86,47.5,46.2,207,Q3
Genetic_bank,5,3,CIAT-1467,Stylosanthes hamata,Herbaceous_legumes,13.2,14.72,48.69,46.13,208,Q3
Genetic_bank,7,3,CIAT-11199,Stylosanthes hamata,Herbaceous_legumes,12.94,14.61,61.65,46.13,209,Q3
Genetic_bank,8,4,CIAT-19198,Tephrosia villosa,Herbaceous_legumes,13.71,15.7,53.55,45.87,210,Q3
Genetic_bank,9,3,CIAT-10725,Stylosanthes scabra,Herbaceous_legumes,12.91,14.14,51.65,45.73,211,Q3
Genetic_bank,9,3,CIAT-5713,Centrosema macrocarpum,Herbaceous_legumes,13.33,14.69,61.23,45.58,212,Q3
Genetic_bank,9,2,CIAT-15470,Centrosema molle,Herbaceous_legumes,13.77,14.6,40.38,45.55,213,Q3
Genetic_bank,7,4,CIAT-8820,Tephrosia cinerea,Herbaceous_legumes,15.06,16.61,66.38,45.42,214,Q3
Genetic_bank,9,3,CIAT-907,Dioclea virgata,Herbaceous_legumes,13.26,14.93,52.97,45.26,215,Q3
Genetic_bank,7,4,CIAT-827,Indigofera jamaicensis,Herbaceous_legumes,13.93,15.38,52.87,45.19,216,Q3
Genetic_bank,8,2,CIAT-9900,Pueraria phaseoloides,Herbaceous_legumes,14.05,14.64,43.37,45.12,217,Q3
Genetic_bank,9,1,CIAT-19667,Indigofera hirsuta,Herbaceous_legumes,13.07,14.31,32.52,44.81,218,Q3
Genetic_bank,7,4,CIAT-590,Macroptilium bracteatum,Herbaceous_legumes,13.09,14.56,55.65,44.66,219,Q3
Genetic_bank,9,2,CIAT-5568,Centrosema acutifolium,Herbaceous_legumes,14.09,15.92,52.67,44.5,220,Q3
Genetic_bank,6,3,CIAT-12758,Stylosanthes guianensis,Herbaceous_legumes,12.05,11.74,45.59,44.41,221,Q3
Genetic_bank,7,4,CIAT-14080,Zornia brasiliensis,Herbaceous_legumes,12.21,14.63,54.79,44.37,222,Q3
Genetic_bank,7,4,CIAT-9326,Crotalaria retusa,Herbaceous_legumes,12.16,13.58,62.07,44.24,223,Q3
Genetic_bank,8,2,CIAT-20207,Aeschynomene sensitiva,Herbaceous_legumes,12.4,13.02,42.6,44.19,224,Q3
Genetic_bank,9,1,CIAT-23761,Uraria picta,Herbaceous_legumes,12.26,13.68,33.56,44.14,225,Q3
Genetic_bank,9,3,CIAT-11762,Stylosanthes hamata,Herbaceous_legumes,13.2,14.58,64.94,44.09,226,Q3
Genetic_bank,8,2,CIAT-11998,Stylosanthes guianensis,Herbaceous_legumes,11.15,11.91,38.27,44.05,227,Q3
Genetic_bank,8,4,CIAT-23806,Desmodium angustifolium,Herbaceous_legumes,13.49,15.07,60.64,44.04,228,Q3
Genetic_bank,9,2,CIAT-5733,Centrosema macrocarpum,Herbaceous_legumes,13.21,14.72,48.62,43.99,229,Q3
Genetic_bank,9,2,CIAT-15150,Centrosema molle,Herbaceous_legumes,13.48,14.24,48.67,43.89,230,Q3
Genetic_bank,9,1,CIAT-22475,Alysicarpus rugosus,Herbaceous_legumes,14.0,15.47,44.51,43.56,231,Q3
Genetic_bank,8,2,CIAT-5911,Centrosema macrocarpum,Herbaceous_legumes,13.08,14.91,57.79,43.41,232,Q3
Genetic_bank,9,3,CIAT-11417,Stylosanthes guianensis,Herbaceous_legumes,12.13,12.21,43.95,43.31,233,Q3
Genetic_bank,9,2,CIAT-442,Centrosema molle x acutifolium,Herbaceous_legumes,14.57,15.9,52.27,43.3,234,Q3
Genetic_bank,8,4,CIAT-33561,Desmodium wigginsii,Herbaceous_legumes,13.89,15.32,62.43,43.12,235,Q3
Genetic_bank,9,1,CIAT-13575,Desmodium incanum,Herbaceous_legumes,13.6,16.23,42.43,42.85,236,Q3
Genetic_bank,8,2,CIAT-17000,Chamaecrista rotundifolia,Herbaceous_legumes,4.96,9.02,31.98,42.81,237,Q3
Genetic_bank,6,1,CIAT-9170,Indigofera lespedezioides,Herbaceous_legumes,15.12,16.69,38.2,42.54,238,Q3
Genetic_bank,7,4,CIAT-997,Macroptilium atropurpureum,Herbaceous_legumes,12.11,13.85,46.31,42.42,239,Q4
Genetic_bank,9,1,CIAT-32246,Chamaecrista nictitans,Herbaceous_legumes,13.48,15.7,46.27,42.36,240,Q4
Genetic_bank,6,2,CIAT-8512,Calopogonium caeruleum,Herbaceous_legumes,14.64,15.93,51.26,42.35,241,Q4
Genetic_bank,7,4,CIAT-10026,Stylosanthes seabrana,Herbaceous_legumes,11.29,13.31,51.61,42.25,242,Q4
Genetic_bank,9,3,CIAT-11313,Stylosanthes guianensis,Herbaceous_legumes,12.26,13.51,55.16,41.97,243,Q4
Genetic_bank,9,3,CIAT-11690,Stylosanthes humilis,Herbaceous_legumes,12.24,13.52,61.77,41.84,244,Q4
Genetic_bank,7,2,CIAT-1650,Stylosanthes guianensis,Herbaceous_legumes,12.96,14.21,52.62,41.78,245,Q4
Genetic_bank,9,3,CIAT-11784,Stylosanthes hamata,Herbaceous_legumes,13.21,14.46,64.6,41.61,246,Q4
LMF,6,1,ILRI-2273-27-119732,Trifolium burchellianum,Herbaceous_legumes,10.1,11.34,23.97,41.6,247,Q4
Genetic_bank,7,4,CIAT-7162,Indigofera jamaicensis,Herbaceous_legumes,12.81,14.44,53.04,41.56,248,Q4
Genetic_bank,7,2,CIAT-350,Desmodium heterocarpon,Herbaceous_legumes,12.3,13.37,32.84,41.39,249,Q4
Breeding,6,3,CIAT-17768,Clitoria ternatea ,Herbaceous_legumes,14.97,15.84,70.01,40.98,250,Q4
Genetic_bank,8,4,CIAT-563,Macroptilium bracteatum,Herbaceous_legumes,12.19,13.66,53.49,40.95,251,Q4
Genetic_bank,6,2,CIAT-1964,Stylosanthes guianensis,Herbaceous_legumes,13.22,14.24,52.88,40.86,252,Q4
Genetic_bank,6,4,CIAT-4141,Vigna radiata,Herbaceous_legumes,13.4,14.7,67.86,40.83,253,Q4
Genetic_bank,8,4,CIAT-789,Zornia latifolia,Herbaceous_legumes,13.2,14.71,84.23,40.55,254,Q4
Genetic_bank,7,3,CIAT-8434,Dioclea sericea,Herbaceous_legumes,13.79,15.04,57.16,39.65,255,Q4
Genetic_bank,9,2,CIAT-7991,Indigofera suffruticosa,Herbaceous_legumes,14.83,16.72,63.57,39.55,256,Q4
Genetic_bank,8,2,CIAT-5744,Centrosema macrocarpum,Herbaceous_legumes,14.21,16.11,52.4,39.53,257,Q4
Genetic_bank,7,2,CIAT-1706,Stylosanthes humilis,Herbaceous_legumes,12.77,14.31,58.93,39.5,258,Q4
Genetic_bank,9,3,CIAT-10613,Stylosanthes scabra,Herbaceous_legumes,12.26,13.87,63.05,39.5,259,Q4
Genetic_bank,6,4,CIAT-18277,Indigofera jamaicensis,Herbaceous_legumes,12.42,14.44,51.22,39.46,260,Q4
Genetic_bank,6,4,CIAT-18953,Indigofera atriceps,Herbaceous_legumes,13.88,13.92,51.33,39.31,261,Q4
Genetic_bank,7,4,CIAT-19193,Tephrosia villosa,Herbaceous_legumes,14.99,16.7,68.15,39.26,262,Q4
Genetic_bank,6,2,CIAT-172,Stylosanthes hamata,Herbaceous_legumes,12.82,14.22,64.24,39.14,263,Q4
Genetic_bank,6,4,CIAT-326,Desmodium scorpiurus,Herbaceous_legumes,13.77,15.23,55.45,39.09,264,Q4
Genetic_bank,9,2,CIAT-13268,Tadehagi triquetrum,Herbaceous_legumes,11.21,12.93,30.9,38.94,265,Q4
Genetic_bank,5,4,CIAT-1405,Stylosanthes capitata,Herbaceous_legumes,13.26,15.08,58.91,38.77,266,Q4
Genetic_bank,7,4,CIAT-778,Macroptilium atropurpureum,Herbaceous_legumes,11.24,13.13,48.69,38.62,267,Q4
Genetic_bank,7,4,CIAT-4080,Macroptilium bracteatum,Herbaceous_legumes,13.34,14.91,60.76,38.61,268,Q4
Genetic_bank,7,2,CIAT-25704,Centrosema molle x acutifolium,Herbaceous_legumes,13.13,14.05,52.85,38.46,269,Q4
Genetic_bank,9,1,CIAT-13609,Desmodium incanum,Herbaceous_legumes,13.66,16.31,46.39,38.4,270,Q4
Genetic_bank,9,2,CIAT-438,Centrosema molle x acutifolium,Herbaceous_legumes,14.41,15.63,44.76,38.37,271,Q4
Genetic_bank,6,2,CIAT-2613,Stylosanthes guianensis,Herbaceous_legumes,11.4,12.03,40.06,38.22,272,Q4
Genetic_bank,8,4,CIAT-517,Macroptilium atropurpureum,Herbaceous_legumes,11.58,13.23,52.88,37.99,273,Q4
Genetic_bank,9,2,CIAT-398,Desmodium incanum,Herbaceous_legumes,13.99,15.66,49.86,37.94,274,Q4
Genetic_bank,8,4,CIAT-8849,Zornia brasiliensis,Herbaceous_legumes,12.7,15.12,65.41,37.41,275,Q4
Genetic_bank,8,4,CIAT-4532,Vigna unguiculata,Herbaceous_legumes,13.18,14.6,78.97,37.31,276,Q4
Genetic_bank,6,2,CIAT-20709,Calopogonium mucunoides,Herbaceous_legumes,14.98,15.95,61.02,37.16,277,Q4
Genetic_bank,7,4,CIAT-19641,Tephrosia purpurea,Herbaceous_legumes,14.43,16.25,71.68,36.64,278,Q4
Genetic_bank,9,1,CIAT-3522,Desmodium incanum,Herbaceous_legumes,17.03,18.51,42.18,36.5,279,Q4
Genetic_bank,9,2,CIAT-1727,Stylosanthes humilis,Herbaceous_legumes,11.83,14.23,64.29,36.15,280,Q4
Genetic_bank,6,4,CIAT-2085,Stylosanthes seabrana,Herbaceous_legumes,10.87,13.13,60.41,35.99,281,Q4
Genetic_bank,9,3,CIAT-12042,Stylosanthes humilis,Herbaceous_legumes,12.24,13.34,62.22,35.98,282,Q4
Genetic_bank,7,4,CIAT-24333,Macroptilium bracteatum,Herbaceous_legumes,14.54,15.59,84.68,35.63,283,Q4
Genetic_bank,9,2,CIAT-5172,Centrosema molle,Herbaceous_legumes,13.16,14.26,50.12,35.41,284,Q4
Genetic_bank,7,4,CIAT-9472,Zornia brasiliensis,Herbaceous_legumes,12.33,14.86,61.18,35.27,285,Q4
Genetic_bank,6,4,CIAT-7289,Chamaecrista mimosoides,Herbaceous_legumes,14.05,15.85,78.43,34.88,286,Q4
Genetic_bank,7,2,CIAT-18873,Alysicarpus ferrugineus,Herbaceous_legumes,15.74,16.3,62.93,34.7,287,Q4
Genetic_bank,8,4,CIAT-7826,Tephrosia purpurea,Herbaceous_legumes,13.38,14.83,66.85,34.59,288,Q4
Genetic_bank,6,4,CIAT-13593,Desmodium scorpiurus,Herbaceous_legumes,14.68,15.99,76.03,34.39,289,Q4
Genetic_bank,9,2,CIAT-15154,Centrosema molle,Herbaceous_legumes,13.42,14.17,50.54,34.19,290,Q4
Genetic_bank,7,4,CIAT-33235,Desmodium scorpiurus,Herbaceous_legumes,14.79,15.42,58.31,33.78,291,Q4
Genetic_bank,8,4,CIAT-4069,Macroptilium atropurpureum,Herbaceous_legumes,11.35,12.68,57.03,33.68,292,Q4
Genetic_bank,7,4,CIAT-18954,Indigofera atriceps,Herbaceous_legumes,12.03,13.02,49.98,33.48,293,Q4
Genetic_bank,8,2,CIAT-15160,Centrosema molle,Herbaceous_legumes,13.45,14.19,57.4,33.15,294,Q4
Genetic_bank,7,4,CIAT-23503,Desmodium macrodesmum,Herbaceous_legumes,12.94,14.37,64.16,32.87,295,Q4
Genetic_bank,6,3,CIAT-7381,Galactia glaucescens,Herbaceous_legumes,12.52,14.43,48.82,32.56,296,Q4
Genetic_bank,6,4,CIAT-18952,Indigofera atriceps,Herbaceous_legumes,12.62,13.8,51.46,32.47,297,Q4
Genetic_bank,7,2,CIAT-5452,Centrosema macrocarpum,Herbaceous_legumes,12.71,14.26,58.64,32.09,298,Q4
Genetic_bank,6,3,CIAT-7803,Dioclea holtiana,Herbaceous_legumes,11.57,12.6,52.88,31.87,299,Q4
Genetic_bank,7,4,CIAT-33605,Desmodium sandwicense x intortum,Herbaceous_legumes,13.69,14.84,60.55,31.27,300,Q4
Genetic_bank,6,4,CIAT-13608,Desmodium incanum,Herbaceous_legumes,13.08,14.88,64.77,31.24,301,Q4
Genetic_bank,9,2,CIAT-4028,Galactia glaucescens,Herbaceous_legumes,11.34,13.36,40.58,30.52,302,Q4
Genetic_bank,9,2,CIAT-11833,Stylosanthes guianensis,Herbaceous_legumes,11.63,13.19,63.62,30.51,303,Q4
Genetic_bank,8,4,CIAT-2690,Stylosanthes angustifolia,Herbaceous_legumes,11.0,13.35,85.57,29.9,304,Q4
Genetic_bank,9,3,CIAT-852,Dioclea sericea,Herbaceous_legumes,11.81,12.93,41.49,28.48,305,Q4
Genetic_bank,4,1,CIAT-9562,Eriosema diffusum,Herbaceous_legumes,16.85,18.0,45.14,28.14,306,Q4
Genetic_bank,6,2,CIAT-13301,Desmodium sequax,Herbaceous_legumes,14.0,15.79,48.61,26.72,307,Q4
Genetic_bank,5,3,CIAT-7799,Dioclea guianensis,Herbaceous_legumes,12.18,13.09,49.38,26.54,308,Q4
Genetic_bank,7,2,CIAT-13651,Desmodium heterocarpon,Herbaceous_legumes,13.16,14.0,60.65,26.5,309,Q4
Genetic_bank,9,2,CIAT-3813,Desmodium sequax,Herbaceous_legumes,13.71,15.03,47.74,23.81,310,Q4
Genetic_bank,8,2,CIAT-7131,Eriosema diffusum,Herbaceous_legumes,13.3,14.58,55.01,23.05,311,Q4
Genetic_bank,7,3,CIAT-13946,Desmodium sequax,Herbaceous_legumes,11.69,12.42,29.93,22.65,312,Q4
Genetic_bank,6,2,CIAT-33827,Desmodium incanum,Herbaceous_legumes,12.48,14.67,68.58,22.28,313,Q4
Genetic_bank,6,3,CIAT-8182,Eriosema diffusum,Herbaceous_legumes,13.12,14.35,73.24,21.74,314,Q4
Genetic_bank,8,2,CIAT-13389,Desmodium sequax,Herbaceous_legumes,12.72,13.54,48.91,21.43,315,Q4
Genetic_bank,7,4,CIAT-3694,Desmodium sandwicense,Herbaceous_legumes,14.04,15.41,96.04,21.4,316,Q4
Genetic_bank,6,4,CIAT-1812,Stylosanthes viscosa,Herbaceous_legumes,12.6,13.22,51.65,19.42,317,Q4
