id,methane_intensity,tddm,ch4_8h,ch4_24h,functional_group,taxonomic_name,family,,
IGC-2012-78-4-18,14.32,78.53,14.32,17.13,Legume,1(385x 2329)xIGC 2011-61,,,
IGC-2012-78-4-18,15.91,76.8,15.91,18.01,Legume,1(385x 2329)xIGC 2011-61,,,
F3-16-16-107,14.01,81.46,14.01,16.41,Legume,1348x1330,,,
F3-16-16-107,17.77,74.83,17.77,18.3,Legume,1348x1330,,,
F3-9-9-70,13.19,75.63,13.19,15.64,Legume,1904x170,,,
F3-9-9-77,13.31,81.25,13.31,15.75,Legume,1904x170,,,
F3-9-9-93,13.98,78.23,13.98,16.33,Legume,1904x170,,,
F3-9-9-70,16.2,75.69,16.2,17.67,Legume,1904x170,,,
F3-9-9-77,14.01,81.85,14.01,16.18,Legume,1904x170,,,
F3-9-9-93,13.86,75.57,13.86,15.9,Legume,1904x170,,,
F3-6-6-129,13.84,79.58,13.84,16.51,Legume,1904x1916,,,
F3-6-6-60,13.48,80.23,13.48,15.36,Legume,1904x1916,,,
F3-6-6-129,16.71,78.02,16.71,17.7,Legume,1904x1916,,,
F3-6-6-60,15.59,73.66,15.59,17.1,Legume,1904x1916,,,
F3-7-7-85,13.03,80.09,13.03,15.61,Legume,1904x398,,,d
F3-7-7-85,16.41,73.42,16.41,17.86,Legume,1904x398,,,
F3-8-8-128,13.09,78.92,13.09,16.16,Legume,1904x736,,,
F3-8-8-128,14.38,81.25,14.38,16.32,Legume,1904x736,,,
F3-13-13-115,14.04,78.55,14.04,16.94,Legume,299x650,,,
F3-13-13-115,13.97,80.87,13.97,16.16,Legume,299x650,,,
F3-12-12-57,13.07,80.36,13.07,15.62,Legume,554x650,,,
F3-12-12-57,15.23,74.62,15.23,17.38,Legume,554x650,,,
F3-10-10-134,13.72,78.87,13.72,16.47,Legume,736x190,,,
F3-10-10-125,13.7,78.32,13.7,16.45,Legume,736x190,,,
F3-10-10-65,14.2,74.05,14.2,16.44,Legume,736x190,,,
F3-10-10-134,15.78,77.98,15.78,17.2,Legume,736x190,,,
F3-10-10-65,14.72,77.29,14.72,16.48,Legume,736x190,,,
F3-11-11-77,13.24,77.8,13.24,16.38,Legume,736x273,,,
F3-11-11-77,15.74,79.7,15.74,16.76,Legume,736x273,,,
16635,13.17,75.92,13.17,14.19,Legume,Astragalus boeticus,,,
108004,13.84,62.49,13.84,15.55,Legume,Hedysarum carnosum,Hedysarum,,
108006,13.54,69.59,13.54,15.94,Legume,Hedysarum spinosissimum,Hedysarum,,
108010,13.78,65.1,13.78,15.62,Legume,Hedysarum spinosissimum,Hedysarum,,
108012,13.62,55.98,13.62,15.56,Legume,Hedysarum spinosissimum,Hedysarum,,
65481,15.88,70.52,15.88,17.33,Legume,Lathyrus annuus,Lathyrus,,
65349,15.74,67.1,15.74,17.05,Legume,Lathyrus aphaca,Lathyrus,,
65642,12.92,74.63,12.92,15.74,Legume,Lathyrus aphaca var. affinis,Lathyrus,,
65503,13.68,70.58,13.68,15.49,Legume,lathyrus aphaca var. aphaca,Lathyrus,,
65343,14.43,70.33,14.43,16.68,Legume,Lathyrus aphaca var. biflorus,Lathyrus,,
65722,13.68,67.79,13.68,16.04,Legume,Lathyrus aphaca var. floribundus,Lathyrus,,
65421,14.4,73.7,14.4,16.14,Legume,Lathyrus aphaca var. modestus,Lathyrus,,
65841,14.58,70.35,14.58,16.6,Legume,Lathyrus aphaca var. pseudoaphaca,Lathyrus,,
65416,15.64,77.38,15.64,17.55,Legume,Lathyrus blepharicarpus,Lathyrus,,
65922,15.77,72.11,15.77,17.04,Legume,Lathyrus cassius,Lathyrus,,
140439,14.39,74.03,14.39,16.71,Legume,Lathyrus chloranthus,Lathyrus,,
65586,14.2,75.64,14.2,16.01,Legume,Lathyrus chrysanthus,Lathyrus,,
64830,15.48,80.51,15.48,17.46,Legume,Lathyrus cicera,Lathyrus,,
65080,14.88,72.13,14.88,16.49,Legume,Lathyrus ciliolatus,Lathyrus,,
171279,13.94,68.61,13.94,15.79,Legume,Lathyrus cirrhosus,Lathyrus,,
168279,13.94,77.53,13.94,15.37,Legume,Lathyrus clymenum,Lathyrus,,
108326,14.78,64.82,14.78,16.48,Legume,Lathyrus gloeospermus,Lathyrus,,
65378,15.02,75.16,15.02,17.01,Legume,Lathyrus gorgoni,Lathyrus,,
168286,14.21,74.88,14.21,16.13,Legume,Lathyrus heterophyllus,Lathyrus,,
132548,13.67,67.11,13.67,16.02,Legume,Lathyrus hirsutus,Lathyrus,,
65739,14.19,73.41,14.19,16.13,Legume,Lathyrus inconspicuus,Lathyrus,,
171123,15.44,66.38,15.44,16.09,Legume,lathyrus latifolius,Lathyrus,,
171131,14.39,69.93,14.39,16.07,Legume,Lathyrus latifolius,Lathyrus,,
52386,13.16,77.55,13.16,14.43,Legume,Lathyrus ochrus,Lathyrus,,
168278,14.7,75.07,14.7,17.07,Legume,Lathyrus odoratus,Lathyrus,,
171152,14.83,61.35,14.83,15.02,Legume,lathyrus pratense,Lathyrus,,
171165,14.47,73.43,14.47,17.17,Legume,Lathyrus pratensis,Lathyrus,,
65894,15.04,69.64,15.04,17.31,Legume,Lathyrus pseudocicera,Lathyrus,,
64723,15.02,77.21,15.02,17.51,Legume,Lathyrus sativus,Lathyrus,,
168125,15.94,55.91,15.94,16.22,Legume,Lathyrus sylvestris,Lathyrus,,
171225,14.43,74.47,14.43,16.2,Legume,Lathyrus tingitanus,Lathyrus,,
168505,14.36,73.75,14.36,16.37,Legume,Lathyrus tuberosus,Lathyrus,,
65915,14.98,73.42,14.98,17.14,Legume,Lathyrus vinealis ,Lathyrus,,
52671,12.77,73.08,12.77,13.89,Legume,Medicago bonarotiana,Medicago,,
52688,13.64,64.21,13.64,15.01,Legume,Medicago constricta,Medicago,,
54107,14.81,74.88,14.81,16.52,Legume,Medicago doliata,Medicago,,
52646,13.17,70.87,13.17,13.9,Legume,Medicago doliata var. doliata,Medicago,,
54137,14.08,66.78,14.08,15.44,Legume,Medicago doliata var. muricata,Medicago,,
54235,14.32,83.04,14.32,16.23,Legume,Medicago intertexta ,Medicago,,
54224,13.41,79.5,13.41,15.15,Legume,Medicago intertexta var. ciliaris,Medicago,,
55531,14.34,72.69,14.34,16.02,Legume,Medicago murex,Medicago,,
16162,14.42,63.17,14.42,15.23,Legume,Medicago noeana,Medicago,,
52790,13.98,80.21,13.98,14.83,Legume,Medicago orbicularis,Medicago,,
53533,13.99,80.62,13.99,16.24,Legume,Medicago orbicularis f. biancae,Medicago,,
53384,14.4,72.84,14.4,16.29,Legume,Medicago orbicularis f. marginata,Medicago,,
58468,14.33,77.82,14.33,15.9,Legume,Medicago polymorpha var. iraqi,Medicago,,
52830,13.21,66.77,13.21,12.46,Legume,Medicago polymorpha var. polymorpha,Medicago,,
167122,14.1,62.68,14.1,15.87,Legume,Medicago polymorpha var. vulgaris ,Medicago,,
57932,13.12,78.86,13.12,14.83,Legume,Medicago praecox,Medicago,,
57716,15.46,66.41,15.46,16.45,Legume,Medicago radiata,Medicago,,
52945,14.16,75.17,14.16,12.56,Legume,Medicago rigidula,Medicago,,
55483,14.66,75.09,14.66,16.14,Legume,Medicago rigidula var. agrestis,Medicago,,
55185,14.76,70.61,14.76,16.14,Legume,Medicago rigidula var. cinerascens,Medicago,,
54930,14.97,68.45,14.97,16.79,Legume,Medicago rigidula var. rigidula,Medicago,,
55376,14.98,64.17,14.98,16.49,Legume,Medicago rigidula var. submitis,Medicago,,
53313,12.88,67.66,12.88,13.54,Legume,Medicago rotata,Medicago,,
52987,14.36,64.64,14.36,15.23,Legume,Medicago rotata var. eliezeri,Medicago,,
54947,14.66,73.77,14.66,16.99,Legume,Medicago rotata var. rotata,Medicago,,
101063,12.97,53.87,12.97,15.01,Legume,Medicago sativa,Medicago,,
101065,12.85,59.32,12.85,14.69,Legume,Medicago sativa,Medicago,,
101076,12.95,55.2,12.95,14.47,Legume,Medicago sativa,Medicago,,
101077,12.55,49.75,12.55,14.48,Legume,Medicago sativa,Medicago,,
101094,10.98,56.77,10.98,12.86,Legume,Medicago sativa,Medicago,,
101095,12.23,55.38,12.23,14.27,Legume,Medicago sativa,Medicago,,
101097,11.13,63.14,11.13,13.06,Legume,Medicago sativa,Medicago,,
101045,12.13,65.73,12.13,14.24,Legume,Medicago sativa subsp. Sativa,Medicago,,
53352,13.26,73.12,13.26,13.86,Legume,Medicago scutellata,Medicago,,
110973,14.6,59.12,14.6,16.62,Legume,Medicago tornata var. Lanticularis f. aculeata,Medicago,,
111099,15.13,68.35,15.13,17.11,Legume,Medicago tornata var. lenticularis,Medicago,,
53028,14.29,68.67,14.29,14.41,Legume,Medicago tornata var. rugulosa,Medicago,,
56023,13.7,71.53,13.7,16.03,Legume,Medicago turbinata var. aculeata,Medicago,,
55910,14.27,77.84,14.27,15.85,Legume,Medicago turbinata var. spinulosa,Medicago,,
108211,13.9,67.18,13.9,16.16,Legume,Melilotis sulcatus,,,
49164,14.57,79.19,14.57,15.23,Legume,Pisum sativum,Pisum,,
123028,13.73,71.66,13.73,15.52,Legume,Pisum sativum subsp. asiaticum,Pisum,,
52524,13.9,71.55,13.9,14.75,Legume,Pisum sativum subsp. Elatius,Pisum,,
50542,13.8,68.34,13.8,-12.74,Legume,Pisum sativum subsp. Sativum,Pisum,,
49208,13.77,71.75,13.77,14.79,Legume,Pisum sativum var. arvense,Pisum,,
51225,12.43,78.53,12.43,13.14,Legume,Pisum sativum var. sativum,Pisum,,
51226,13.92,80.12,13.92,15.19,Legume,Pisum sp.,Pisum,,
F3-3-3-88,15.3,77.76,15.3,17.53,Legume,Prateekx190,Lathyrus,,
F3-3-3-88,17.42,76.74,17.42,18.66,Legume,Prateekx190,Lathyrus,,
F3-4-4-130,12.62,77.65,12.62,14.8,Legume,Prateekx288,Lathyrus,,
F3-4-4-130,14.71,61.28,14.71,16.54,Legume,Prateekx288,Lathyrus,,
F3-5-5-121,13.59,80.56,13.59,16.36,Legume,Prateekx390,Lathyrus,,
F3-5-5-135,13.98,80.2,13.98,16.09,Legume,Prateekx390,Lathyrus,,
F3-5-5-100,13.59,80.61,13.59,16.33,Legume,Prateekx390,Lathyrus,,
F3-5-5-121,16.92,79.35,16.92,18.28,Legume,Prateekx390,Lathyrus,,
F3-5-5-135,15.64,82.21,15.64,17.47,Legume,Prateekx390,Lathyrus,,
F3-5-5-100,14.47,80.72,14.47,16.47,Legume,Prateekx390,Lathyrus,,
F3-29-46,14.22,79.35,14.22,16.96,Legume,Prateekx404,Lathyrus,,
F3-29-46,16.73,77.13,16.73,18.62,Legume,Prateekx404,Lathyrus,,
F3-1-1-114,13.59,80.03,13.59,16.13,Legume,PrateekxB111,Lathyrus,,
F3-1-1-91,13.7,80.8,13.7,16.52,Legume,PrateekxB111,Lathyrus,,
F3-1-1-54,13.34,80.57,13.34,16.1,Legume,PrateekxB111,Lathyrus,,
F3-1-1-52,13.55,80.31,13.55,15.91,Legume,PrateekxB111,Lathyrus,,
F3-1-1-83,13.05,81.47,13.05,15.79,Legume,PrateekxB111,Lathyrus,,
F3-1-1-93,13.69,82.06,13.69,16.48,Legume,PrateekxB111,Lathyrus,,
F3-1-1-103,13.16,80.27,13.16,15.56,Legume,PrateekxB111,Lathyrus,,
F3-1-1-127,13.51,77.24,13.51,15.87,Legume,PrateekxB111,Lathyrus,,
F3-1-1-114,14.5,77.94,14.5,16.48,Legume,PrateekxB111,Lathyrus,,
F3-1-1-91,14.74,78.81,14.74,16.59,Legume,PrateekxB111,Lathyrus,,
F3-1-1-54,16.36,73.1,16.36,18.08,Legume,PrateekxB111,Lathyrus,,
F3-1-1-52,16.29,74.11,16.29,18.12,Legume,PrateekxB111,Lathyrus,,
F3-1-1-83,16.37,74.56,16.37,18.12,Legume,PrateekxB111,Lathyrus,,
F3-1-1-93,15.56,79.55,15.56,17.4,Legume,PrateekxB111,Lathyrus,,
F3-1-1-103,16.16,73.66,16.16,18.18,Legume,PrateekxB111,Lathyrus,,
F3-1-1-127,14.29,78.43,14.29,16.76,Legume,PrateekxB111,Lathyrus,,
F3-2-2-131,13.43,80.62,13.43,16.45,Legume,PrateekxB222,Lathyrus,,
F3-2-2-52,13.29,78.09,13.29,16.04,Legume,PrateekxB222,Lathyrus,,
F3-2-2-133,13.73,77.8,13.73,15.98,Legume,PrateekxB222,Lathyrus,,
F3-2-2-131,16.27,78.52,16.27,17.36,Legume,PrateekxB222,Lathyrus,,
F3-2-2-52,14.47,81.89,14.47,16.4,Legume,PrateekxB222,Lathyrus,,
F3-2-2-133,14.86,68.55,14.86,16.76,Legume,PrateekxB222,Lathyrus,,
F3-15-15-102,13.82,77.73,13.82,16.24,Legume,PrateekxWIR26,Lathyrus,,
F3-15-15-98,13.26,79.22,13.26,15.9,Legume,PrateekxWIR26,Lathyrus,,
F3-15-15-73,13.63,79.86,13.63,16.39,Legume,PrateekxWIR26,Lathyrus,,
F3-15-15-90,13.8,74.55,13.8,16.2,Legume,PrateekxWIR26,Lathyrus,,
F3-15-15-124,13.02,81.51,13.02,15.73,Legume,PrateekxWIR26,Lathyrus,,
F3-15-15-62,12.88,80.42,12.88,15.32,Legume,PrateekxWIR26,Lathyrus,,
F3-15-15-64,13.94,78.69,13.94,16.05,Legume,PrateekxWIR26,Lathyrus,,
F3-15-15-112,12.97,82.25,12.97,15.78,Legume,PrateekxWIR26,Lathyrus,,
F3-15-15-102,15.24,80.2,15.24,16.77,Legume,PrateekxWIR26,Lathyrus,,
F3-15-15-98,15.55,76.96,15.55,16.77,Legume,PrateekxWIR26,Lathyrus,,
F3-15-15-73,14.41,78.45,14.41,16.65,Legume,PrateekxWIR26,Lathyrus,,
F3-15-15-90,14.18,77.52,14.18,16.58,Legume,PrateekxWIR26,Lathyrus,,
F3-15-15-124,14.38,77.12,14.38,16.55,Legume,PrateekxWIR26,Lathyrus,,
F3-15-15-62,16.34,75.34,16.34,18.13,Legume,PrateekxWIR26,Lathyrus,,
F3-15-15-64,15.23,80.29,15.23,17.4,Legume,PrateekxWIR26,Lathyrus,,
F3-15-15-112,14.79,76.9,14.79,17.06,Legume,PrateekxWIR26,Lathyrus,,
F3-14-14-110,13.34,84.43,13.34,16.2,Legume,Ratanx170,Lathyrus,,
F3-14-14-43,13.56,81.31,13.56,16.14,Legume,Ratanx170,Lathyrus,,
F3-14-14-118,13.67,81.42,13.67,16.11,Legume,Ratanx170,Lathyrus,,
F3-14-14-40,13.37,82.65,13.37,16.23,Legume,Ratanx170,Lathyrus,,
F3-14-14-137,12.72,79.82,12.72,15.49,Legume,Ratanx170,Lathyrus,,
F3-14-14-122,13.83,79.68,13.83,16.15,Legume,Ratanx170,Lathyrus,,
F3-14-14-79,13.47,80.93,13.47,16,Legume,Ratanx170,Lathyrus,,
F3-14-14-130,13.25,80.46,13.25,15.87,Legume,Ratanx170,Lathyrus,,
F3-14-14-106,13.29,82.02,13.29,15.96,Legume,Ratanx170,Lathyrus,,
F3-14-14-19,13.43,81.86,13.43,15.96,Legume,Ratanx170,Lathyrus,,
F3-14-14-110,14.94,80.47,14.94,16.69,Legume,Ratanx170,Lathyrus,,
F3-14-14-43,15.94,82.24,15.94,17.11,Legume,Ratanx170,Lathyrus,,
F3-14-14-118,14.44,81.78,14.44,16.52,Legume,Ratanx170,Lathyrus,,
F3-14-14-40,16.14,77.08,16.14,17.92,Legume,Ratanx170,Lathyrus,,
F3-14-14-137,14.92,76.69,14.92,17.3,Legume,Ratanx170,Lathyrus,,
F3-14-14-122,14.64,78.87,14.64,16.99,Legume,Ratanx170,Lathyrus,,
F3-14-14-79,14.38,78.21,14.38,16.84,Legume,Ratanx170,Lathyrus,,
F3-14-14-130,15.87,76.94,15.87,17.65,Legume,Ratanx170,Lathyrus,,
F3-14-14-106,14.52,77.65,14.52,17.03,Legume,Ratanx170,Lathyrus,,
F3-14-14-19,14.07,78.86,14.07,16.74,Legume,Ratanx170,Lathyrus,,
66425,14.91,74.98,14.91,16.73,Legume,trifoliium argutum,Trifolium,,
137271,14.92,57.05,14.92,16.9,Legume,Trifolium affine,Trifolium,,
120938,13.23,57.57,13.23,15.43,Legume,Trifolium alexandrinum,Trifolium,,
66472,14.54,70.66,14.54,16.59,Legume,trifolium anatolicum,Trifolium,,
66590,14.84,59.7,14.84,16.28,Legume,Trifolium angustifolium,Trifolium,,
66978,14.02,74.72,14.02,16.63,Legume,Trifolium antiabense,Trifolium,,
121055,12.81,60.67,12.81,15.21,Legume,Trifolium arvense,Trifolium,,
121070,14,78.45,14,16.53,Legume,Trifolium arvense var. gracile,Trifolium,,
66898,15.16,67.82,15.16,17.07,Legume,Trifolium aureum,Trifolium,,
68160,13.99,77.47,13.99,16.14,Legume,Trifolium batmanicum,Trifolium,,
66399,14.43,57.26,14.43,15.88,Legume,Trifolium boissieri,Trifolium,,
67148,14.43,53.11,14.43,16.58,Legume,Trifolium brachycarpum,Trifolium,,
67059,14.44,64.75,14.44,16.48,Legume,Trifolium bullatum,Trifolium,,
121117,14.46,70.27,14.46,16.41,Legume,Trifolium campestre,Trifolium,,
121155,13.5,71.14,13.5,15.34,Legume,Trifolium carolinianum,Trifolium,,
137266,13.76,73.23,13.76,16.32,Legume,Trifolium caudatum,Trifolium,,
121160,13.37,54.54,13.37,16.09,Legume,Trifolium cherleri,Trifolium,,
121205,11.43,55.6,11.43,16.55,Legume,Trifolium chilense,Trifolium,,
66778,15,69.84,15,16.72,Legume,Trifolium clusii,Trifolium,,
66401,15.22,65.12,15.22,16.59,Legume,Trifolium clypeatum,Trifolium,,
67363,14.78,51.52,14.78,16.34,Legume,Trifolium constantinopolitanum,Trifolium,,
67010,15.49,49.83,15.49,17.28,Legume,Trifolium dasyurum,Trifolium,,
137329,15.02,81.32,15.02,16.76,Legume,Trifolium diffusum,Trifolium,,
121226,14.61,74.25,14.61,16.67,Legume,Trifolium dubium,Trifolium,,
66532,14.06,67.58,14.06,16.16,Legume,Trifolium echinatum,Trifolium,,
121242,12.93,70.08,12.93,15.55,Legume,Trifolium echinatum var. carmeli,Trifolium,,
67269,13.9,74.24,13.9,16.1,Legume,Trifolium eriosphaerum,Trifolium,,
67902,13.76,61.71,13.76,16.34,Legume,Trifolium erubescens ,Trifolium,,
121249,13.51,63.19,13.51,15.49,Legume,Trifolium gemellum,Trifolium,,
67912,14.04,65.34,14.04,16.05,Legume,Trifolium glanduliferum,Trifolium,,
66656,13.21,69,13.21,15.4,Legume,Trifolium globosum,Trifolium,,
67588,13.16,59.69,13.16,15.29,Legume,Trifolium glomeratum,Trifolium,,
137071,12.89,52.35,12.89,15.63,Legume,Trifolium haussknechtii,Trifolium,,
66813,15.78,70.34,15.78,17.62,Legume,Trifolium hirtum,Trifolium,,
66728,13.63,65.12,13.63,15.76,Legume,Trifolium hybridum,Trifolium,,
69036,14.34,57.88,14.34,16.51,Legume,Trifolium isthmocarpum,Trifolium,,
68053,13.1,67.49,13.1,15.38,Legume,Trifolium lappaceum,Trifolium,,
66736,14.11,71.83,14.11,15.35,Legume,Trifolium leucanthum,Trifolium,,
69049,14.19,59.59,14.19,16.39,Legume,Trifolium meironense,Trifolium,,
121370,14.16,79.34,14.16,16.29,Legume,Trifolium micranthum,Trifolium,,
165573,13.96,68.34,13.96,15.31,Legume,Trifolium montanum,Trifolium,,
121392,12.54,62.3,12.54,14.92,Legume,Trifolium obscurum,Trifolium,,
121395,13.17,50.67,13.17,15.2,Legume,Trifolium palaestinum,Trifolium,,
137045,13.26,62.09,13.26,15.87,Legume,Trifolium pauciflorum,Trifolium,,
66844,14.77,67.23,14.77,16.82,Legume,Trifolium pilulare,Trifolium,,
66745,13.1,64.71,13.1,15.92,Legume,Trifolium plebeium,Trifolium,,
156276,13.47,57.52,13.47,15.16,Legume,trifolium pratense,Trifolium,,
156283,13.09,62.1,13.09,14.76,Legume,trifolium pratense,Trifolium,,
156292,11.32,65.27,11.32,13.38,Legume,trifolium pratense,Trifolium,,
156297,14.19,67.35,14.19,15.47,Legume,trifolium pratense,Trifolium,,
156302,12.86,72.35,12.86,13.62,Legume,trifolium pratense,Trifolium,,
165511,12.31,61.07,12.31,13.67,Legume,trifolium pratense,Trifolium,,
165563,13.76,68.8,13.76,14.75,Legume,trifolium pratense,Trifolium,,
66908,13.57,72.59,13.57,15.81,Legume,Trifolium pratense,Trifolium,,
66420,13.5,67.54,13.5,15.74,Legume,Trifolium purpureum,Trifolium,,
121481,12.73,76.43,12.73,15.01,Legume,Trifolium resupinatum,Trifolium,,
66708,14.09,79.02,14.09,15.86,Legume,Trifolium resupinatum var. resupinatum,Trifolium,,
121241,13.13,67.53,13.13,15.47,Legume,Trifolium scabrum,Trifolium,,
67060,14.36,68.27,14.36,16.45,Legume,Trifolium scutatum,Trifolium,,
66740,14.49,69.6,14.49,16.84,Legume,Trifolium sp.,Trifolium,,
165769,13.84,73.7,13.84,15.78,Legume,Trifolium spadiceum ,Trifolium,,
137162,13.4,50.08,13.4,15.81,Legume,Trifolium speciosum,Trifolium,,
66860,14.24,77.11,14.24,16.59,Legume,Trifolium spumosum,Trifolium,,
121644,13.09,68.31,13.09,15.06,Legume,Trifolium squamosum,Trifolium,,
111529,14.03,70.9,14.03,15.78,Legume,Trifolium squarrosum,Trifolium,,
126998,14.08,76.83,14.08,16.36,Legume,Trifolium striatum,Trifolium,,
66409,14.41,74.68,14.41,16.28,Legume,Trifolium tomentosum ,Trifolium,,
135628,13.57,66.32,13.57,15.33,Legume,Trifolium tomentosum var. cthonocephalum,Trifolium,,
68755,14.33,62.55,14.33,16.19,Legume,Trifolium tomentosum var. glabrescens,Trifolium,,
121862,13.33,79.84,13.33,15.82,Legume,Trifolium vesiculosum,Trifolium,,
66411,14.58,54.25,14.58,16.36,Legume,trifollium stellatum,Trifolium,,
118162,13.51,75.96,13.51,15.27,Legume,Vicia articulata,Vicia,,
60186,14.06,81.67,14.06,16.24,Legume,vicia ervillia,Vicia,,
60186,13.61,76.88,13.61,16.1,Legume,vicia ervillia,Vicia,,
62904,15.82,75.99,15.82,17.81,Legume,vicia hybrida,Vicia,,
62904,15.4,73.37,15.4,16.89,Legume,vicia hybrida,Vicia,,
64525,14.8,75.82,14.8,16.62,Legume,vicia lutea subsp. Vestita,Vicia,,
64525,15.21,81.04,15.21,17.89,Legume,vicia lutea subsp. Vestita,Vicia,,
123956,13.64,66.92,13.64,16.44,Legume,Vicia michauxii,Vicia,,
60071,14.04,77.17,14.04,16.46,Legume,vicia narbonensis var. aegyptiaca,Vicia,,
60016,15.92,73.62,15.92,17.8,Legume,Vicia narbonensis var. narbonensis,Vicia,,
64105,14.66,76.84,14.66,16.41,Legume,vicia noeana,Vicia,,
168560,15.05,68.18,15.05,16.26,Legume,vicia palaestina,Vicia,,
60224,15.48,73.58,15.48,17.18,Legume,vicia sativa subsp. Sativa,Vicia,,
61871,14.79,73.24,14.79,16.79,Legume,vicia sativa subsp. Sativa var. melanosperma,Vicia,,
165072,13.31,49.19,13.31,15.42,Legume,Vicia tenuifolia,Vicia,,
,11.8,73.93,11.8,14.35,Legume,,Vicia,,
,12.3,44.1,12.3,14.37,Legume,,Vicia,,
,11.4,14.46,11.4,14.14,Legume,,Vicia,,
,12.17,62.56,12.17,14.42,Legume,,Vicia,,
59980,36.3,78.11,12.3,14.09,Legume,Vicia sativa subsp. cordata,Vicia,,
60018,34.92,77.08,12.08,13.6,Legume,Vicia villosa subsp. dasycarpa,Vicia,,
60021,32.79,80.49,12.38,13.96,Legume,Vicia villosa subsp. dasycarpa,Vicia,,
60028,33.79,77.1,12.3,13.44,Legume,Vicia villosa subsp. villosa,Vicia,,
60029,32.36,76.95,12.1,13.67,Legume,Vicia villosa subsp. villosa,Vicia,,
60034,32.36,76.62,12.15,13.68,Legume,Vicia villosa subsp. villosa,Vicia,,
60035,27.99,75.45,11.97,13,Legume,Vicia villosa subsp. villosa,Vicia,,
60036,28.72,77.55,11.88,13.65,Legume,Vicia villosa subsp. villosa,Vicia,,
60039,31.93,74.97,11.87,13.68,Legume,Vicia villosa subsp. villosa,Vicia,,
60082,29.83,78.32,12,13.57,Legume,Vicia pannonica subsp. pannonica,Vicia,,
60083,34.88,75.92,12.03,13.58,Legume,Vicia pannonica subsp. pannonica,Vicia,,
60102,35.82,77.01,12.1,13.93,Legume,Vicia sativa subsp. nigra,Vicia,,
60108,36.03,79.1,12.1,13.62,Legume,Vicia sativa subsp. nigra,Vicia,,
60115,41.55,81.83,12.95,14.42,Legume,Vicia sativa subsp. nigra,Vicia,,
60117,36.11,81.16,11.9,13.67,Legume,Vicia sativa subsp. nigra,Vicia,,
60120,37.34,80.7,12.72,13.92,Legume,Vicia sativa subsp. nigra,Vicia,,
60123,35.88,80.5,12.92,14.02,Legume,Vicia sativa subsp. nigra,Vicia,,
60146,28.45,77.69,12.43,13.61,Legume,Vicia sativa subsp. nigra,Vicia,,
60576,33.23,75.14,12.5,13.95,Legume,Vicia villosa subsp. villosa,Vicia,,
60592,33.66,74.67,12.5,13.8,Legume,Vicia villosa subsp. villosa,Vicia,,
60635,37.21,75.8,12.42,13.86,Legume,Vicia sativa subsp. cordata,Vicia,,
60657,39.1,76.67,13.35,15.63,Legume,Vicia sativa subsp. cordata,Vicia,,
60697,40.5,77.84,14.21,15.69,Legume,Vicia johannis var. johannis,Vicia,,
60702,35.31,69.37,13.03,14.41,Legume,Vicia sericocarpa,Vicia,,
60711,39.31,80.04,13.61,15.6,Legume,Vicia peregrina,Vicia,,
60740,33.79,75.45,13.64,15.17,Legume,Vicia villosa subsp. dasycarpa,Vicia,,
60767,35.27,78.95,13.61,14.93,Legume,Vicia sativa subsp. macrocarpa,Vicia,,
60775,40.28,72.02,14.44,16.01,Legume,Vicia sativa subsp. cordata,Vicia,,
60832,43.17,77.08,12.46,14.39,Legume,Vicia monantha subsp. monantha,Vicia,,
60834,44.06,75.84,13,14.79,Legume,Vicia monantha subsp. monantha,Vicia,,
60836,33.7,76.23,12.68,14.09,Legume,Vicia sativa subsp. cordata,Vicia,,
60880,28.95,76.1,11.73,12.99,Legume,Vicia bithynica,Vicia,,
60890,30.3,73.54,11.75,12.97,Legume,Vicia bithynica,Vicia,,
60904,31.89,77.2,12.74,13.89,Legume,Vicia villosa subsp. dasycarpa,Vicia,,
60906,37.34,76.51,12.61,14.21,Legume,Vicia villosa subsp. dasycarpa,Vicia,,
60951,33.55,74.59,12.99,14.25,Legume,Vicia melanops,Vicia,,
60959,40.64,61.76,11.98,13.26,Legume,Vicia anatolica,Vicia,,
61039,37.11,74.66,12.49,14.18,Legume,Vicia sativa subsp. cordata,Vicia,,
61043,38.75,80.55,12.08,14.27,Legume,Vicia lutea subsp. lutea,Vicia,,
61065,34.22,80.73,12.04,13.52,Legume,Vicia lutea subsp. lutea,Vicia,,
61079,35.13,78.21,12.54,13.88,Legume,Vicia peregrina,Vicia,,
61080,60.28,67.75,12.44,13.84,Legume,Vicia monantha subsp. triflora,Vicia,,
61084,40.46,69.28,11.81,12.93,Legume,Vicia melanops,Vicia,,
61086,37.13,75.89,12.71,13.86,Legume,Vicia sativa subsp. macrocarpa,Vicia,,
61087,35.37,74.36,12.89,14.3,Legume,Vicia sativa subsp. macrocarpa,Vicia,,
61109,39.18,71.33,12.51,14.29,Legume,Vicia pannonica subsp. striata,Vicia,,
61169,35.45,73.18,12.7,14.1,Legume,Vicia pannonica subsp. pannonica,Vicia,,
61201,36.03,78.23,12.65,13.89,Legume,Vicia peregrina,Vicia,,
61203,36.75,79.94,12.63,13.82,Legume,Vicia peregrina,Vicia,,
61243,32.43,71.05,13.81,15.05,Legume,Vicia sativa subsp. macrocarpa,Vicia,,
61391,36.87,71.56,15.77,16.97,Legume,Vicia sativa subsp. macrocarpa,Vicia,,
61441,37.18,75.67,15.53,16.58,Legume,Vicia villosa,Vicia,,
61716,35.31,63.76,14.7,15.88,Legume,Vicia sativa subsp. cordata,Vicia,,
61720,36.02,68.56,13.9,15.57,Legume,Vicia sativa subsp. cordata,Vicia,,
61812,37.94,79.32,14.18,15.45,Legume,Vicia sativa subsp. sativa var. immaculata,Vicia,,
61973,32.62,77.65,14.39,15.81,Legume,Vicia sativa subsp. sativa var. platysperma,Vicia,,
62078,35.1,76.55,12.4,14.04,Legume,Vicia serratifolia,Vicia,,
62090,33.4,78.01,13.34,15.06,Legume,Vicia sativa subsp. cordata,Vicia,,
62422,42.81,78.73,13.85,15.67,Legume,Vicia sativa subsp. sativa var. leucosperma f. alba,Vicia,,
62477,44.57,74.48,13.23,15.31,Legume,Vicia narbonensis var. salmonea,Vicia,,
62517,39.92,77.7,12.67,14.48,Legume,Vicia sericocarpa,Vicia,,
62523,41.1,69.88,12.2,14.26,Legume,Vicia melanops,Vicia,,
62577,40.24,78.06,12.95,14.94,Legume,Vicia narbonensis var. affinis,Vicia,,
62599,38.78,69.43,12.78,14.61,Legume,Vicia sativa subsp. amphicarpa,Vicia,,
62630,40.68,77.77,12.6,14.05,Legume,Vicia monantha subsp. monantha,Vicia,,
62645,34.93,76.75,12.63,14.26,Legume,Vicia narbonensis var. jordanica,Vicia,,
62894,38.24,73.09,13.13,14.44,Legume,Vicia hyaeniscyamus,Vicia,,
63011,40.62,76.94,12.97,14.35,Legume,Vicia johannis var. johannis,Vicia,,
63185,41.81,77.6,12.37,14.22,Legume,Vicia monantha subsp. triflora,Vicia,,
63186,35.08,78.47,12.5,14.21,Legume,Vicia sativa subsp. macrocarpa,Vicia,,
63373,42.62,67.22,12.63,14.32,Legume,Vicia melanops,Vicia,,
63504,36.24,74.72,13,14.52,Legume,Vicia sativa subsp. cordata,Vicia,,
63548,42.01,79.68,12.98,14.6,Legume,Vicia johannis var. procumbens,Vicia,,
63554,37.1,78.93,12.35,13.62,Legume,Vicia hyaeniscyamus,Vicia,,
63714,39.65,77.1,12.48,13.96,Legume,Vicia narbonensis,Vicia,,
63751,44.09,76.96,12.95,14.92,Legume,Vicia narbonensis var. jordanica,Vicia,,
63766,45.08,74.7,12.78,14.65,Legume,Vicia aintabensis,Vicia,,
63771,39.25,75.33,13.12,14.72,Legume,Vicia narbonensis var. salmonea,Vicia,,
63876,41.58,80.21,13.38,14.72,Legume,Vicia sativa subsp. sativa var. immaculata,Vicia,,
64067,36.56,70.19,12.38,13.62,Legume,Vicia melanops,Vicia,,
64098,36.9,69.74,13.81,15.2,Legume,Vicia assyriaca,Vicia,,
64155,41.33,76.47,12.98,14.64,Legume,Vicia peregrina,Vicia,,
64176,33.03,78.63,13.19,14.92,Legume,Vicia sativa subsp. cordata,Vicia,,
64211,41.94,75.89,13.78,15.93,Legume,Vicia monantha subsp. monantha,Vicia,,
64215,34.09,78.38,13.47,15.47,Legume,Vicia sativa subsp. cordata,Vicia,,
64289,39.27,79.69,13.53,15.97,Legume,Vicia galilaea,Vicia,,
64345,38.03,80.97,13.32,15.71,Legume,Vicia sativa subsp. cordata,Vicia,,
64351,37.64,78.43,13.3,15.55,Legume,Vicia sativa subsp. nigra,Vicia,,
64368,39.38,77.47,13,15.22,Legume,Vicia monantha subsp. triflora,Vicia,,
64572,37.14,81.12,12.98,14.91,Legume,Vicia sativa subsp. nigra,Vicia,,
64576,43.97,68.5,12.95,15.32,Legume,Vicia sativa subsp. cordata,Vicia,,
64612,43.21,72.17,13.05,15.07,Legume,Vicia johannis var. johannis,Vicia,,
64635,35.62,75.29,12.75,14.81,Legume,Vicia sativa subsp. cordata,Vicia,,
64642,36.79,77.21,12.82,15.02,Legume,Vicia peregrina,Vicia,,
64654,38.53,79.27,12.57,14.52,Legume,Vicia monantha subsp. monantha,Vicia,,
64670,36.44,75.74,12.72,14.73,Legume,Vicia peregrina,Vicia,,
64672,33.49,68.05,12.63,14.69,Legume,Vicia sativa subsp. cordata,Vicia,,
72535,38.66,75.49,12.77,15.13,Legume,Vicia montbretii,Vicia,,
107493,41.54,79.36,12.55,14.95,Legume,Vicia monantha subsp. triflora,Vicia,,
107504,39.64,78.65,12.58,15.07,Legume,Vicia sativa subsp. nigra,Vicia,,
107577,43.84,79.54,12.83,15.23,Legume,Vicia monantha subsp. monantha,Vicia,,
107765,36.94,80.1,12.4,14.91,Legume,Vicia lutea subsp. lutea,Vicia,,
107828,43.33,81.44,12.97,15.42,Legume,Vicia monantha,Vicia,,
108274,44.01,77.55,12.95,15.24,Legume,Vicia monantha subsp. triflora,Vicia,,
108275,44.58,78.34,12.72,15.1,Legume,Vicia monantha subsp. monantha,Vicia,,
108283,44.03,81.65,13.75,16.08,Legume,Vicia sativa subsp. nigra,Vicia,,
108431,47.32,77.03,13.75,15.69,Legume,Vicia narbonensis,Vicia,,
111313,41.75,79.07,13.63,15.48,Legume,Vicia sativa subsp. macrocarpa,Vicia,,
111330,38.82,72.94,13.28,15.4,Legume,Vicia sativa subsp. cordata,Vicia,,
114483,39.08,75.76,13.53,15.49,Legume,Vicia sativa subsp. cordata,Vicia,,
115592,38.43,74.86,13.88,15.71,Legume,Vicia lutea,Vicia,,
117765,39.51,79.1,13.35,15.58,Legume,Vicia monantha subsp. monantha,Vicia,,
126987,47.02,79.01,13.73,16.07,Legume,Vicia lutea subsp. lutea,Vicia,,
127050,46.67,76.35,13.97,16.16,Legume,Vicia sativa subsp. macrocarpa,Vicia,,
131319,41.72,82.3,13.3,15.47,Legume,Vicia hyrcanica,Vicia,,
131480,35.17,81.35,13.5,15.7,Legume,Vicia sativa subsp. nigra,Vicia,,
136966,36.99,79.45,13.13,15.46,Legume,Vicia peregrina,Vicia,,
137008,35.12,74.56,13.25,15.46,Legume,Vicia sativa subsp. cordata,Vicia,,
137315,33.37,77.46,13.5,15.01,Legume,Vicia villosa subsp. villosa,Vicia,,
137630,34.09,77.1,13.63,15.15,Legume,Vicia villosa subsp. villosa,Vicia,,
137792,38.56,80.07,13.52,15.56,Legume,Vicia sativa subsp. sativa var. platysperma,Vicia,,
140519,43.29,77.61,13.52,15.2,Legume,Vicia narbonensis var. affinis,Vicia,,
140584,37.02,75.25,12.82,14.88,Legume,Vicia pannonica,Vicia,,
140962,39.19,82.88,13.03,14.52,Legume,Vicia hyrcanica,Vicia,,
141415,39.3,79.46,12.88,14.71,Legume,Vicia monantha,Vicia,,
141437,35.85,82.54,13.28,15.32,Legume,Vicia lunata,Vicia,,
141438,35.83,79.86,13.05,14.55,Legume,Vicia pannonica subsp. pannonica,Vicia,,
141465,32.83,78.33,13.38,15.06,Legume,Vicia villosa,Vicia,,
145703,34.04,76.48,13.2,14.63,Legume,Vicia villosa,Vicia,,
147125,37.32,82.3,13.62,15.5,Legume,Vicia sativa,Vicia,,
147888,41.62,81.16,13.72,15.43,Legume,Vicia narbonensis,Vicia,,
160259,45.27,79.23,14.13,15.9,Legume,Vicia sativa subsp. nigra,Vicia,,
160275,40.04,79.71,13.73,15.21,Legume,Vicia monantha,Vicia,,
160357,45.38,73.93,14.37,16.41,Legume,Vicia narbonensis,Vicia,,
160388,40.58,79.84,13.92,15.4,Legume,Vicia bithynica,Vicia,,
164288,40.24,78.79,13.5,15.2,Legume,Vicia sativa,Vicia,,
166934,39.52,72.63,13.95,15.45,Legume,Vicia cracca,Vicia,,
168368,37.42,75.26,13.6,15.09,Legume,Vicia villosa subsp. varia,Vicia,,
168382,39.07,77.74,13.33,15.86,Legume,Vicia sativa,Vicia,,
168465,35.81,80.44,12.3,15.09,Legume,Vicia grandiflora,Vicia,,
168525,43.28,72.8,12.7,15.4,Legume,Vicia lutea,Vicia,,
168541,44.26,73.46,12.4,14.83,Legume,Vicia sericocarpa,Vicia,,
171002,44.37,78.61,12.48,15,Legume,Vicia sp.,Vicia,,
171115,40.97,80.48,12.25,14.92,Legume,Vicia sativa,Vicia,,
171158,27.83,77.79,10.32,12.91,Legume,Vicia bithynica,Vicia,,
171197,39.46,76.08,11.67,14.44,Legume,Vicia villosa,Vicia,,
171258,35.86,70.55,11.33,14.14,Legume,Vicia pannonica,Vicia,,
171285,39.58,72.42,12.22,14.86,Legume,Vicia narbonensis,Vicia,,
171309,40.29,76.52,14.12,16.16,Legume,Vicia villosa,Vicia,,
62650,51.14,76.87,14.12,16.26,Legume,Vicia dionysiensis,Vicia,,
49166,41.64,76.56,13.83,15.22,Legume,Pisum sativum,Pisum,,
49171,43.32,76.95,13.65,14.98,Legume,Pisum sativum,Pisum,,
49174,42.47,73.99,13.13,14.69,Legume,Pisum sativum,Pisum,,
49175,49.06,75.6,14.23,15.86,Legume,Pisum sativum,Pisum,,
49176,48.41,76.35,13.23,14.77,Legume,Pisum sativum,Pisum,,
49199,47.74,76.82,13.02,14.76,Legume,Pisum sativum,Pisum,,
49206,47.13,74.61,14.07,15.56,Legume,Pisum sativum,Pisum,,
49211,42.43,83.55,13.93,15.33,Legume,Pisum sativum,Pisum,,
49219,42.95,74.38,14.05,15.54,Legume,Pisum sativum,Pisum,,
49224,39.47,79.04,13.45,14.84,Legume,Pisum sativum,Pisum,,
49233,44.41,83.09,13.7,15.1,Legume,Pisum sativum,Pisum,,
49237,48.62,78.27,13.87,15.46,Legume,Pisum sativum,Pisum,,
49251,46.81,77.98,13.13,14.75,Legume,Pisum sativum,Pisum,,
49312,41.69,80.02,13.18,14.66,Legume,Pisum sativum,Pisum,,
49315,40.87,71.48,13.12,14.47,Legume,Pisum sativum,Pisum,,
49317,41.04,78.3,13.03,14.59,Legume,Pisum sativum,Pisum,,
49319,46.66,80.63,13.53,15.25,Legume,Pisum sativum,Pisum,,
49333,43.55,74.52,13.05,14.67,Legume,Pisum sativum,Pisum,,
49337,38.44,78.6,12.75,14.61,Legume,Pisum sativum,Pisum,,
49354,38.38,78.61,13.03,14.61,Legume,Pisum sativum,Pisum,,
49373,40.91,73.88,13.08,15.01,Legume,Pisum sativum,Pisum,,
49399,40.98,79.45,12.93,14.69,Legume,Pisum sativum,Pisum,,
49503,43.5,74.86,12.97,14.94,Legume,Pisum sativum,Pisum,,
49574,42.13,79.06,12.57,14.45,Legume,Pisum sativum,Pisum,,
49603,42.95,83.04,13.18,15.02,Legume,Pisum sativum,Pisum,,
49715,40.46,81.93,12.67,14.72,Legume,Pisum sativum,Pisum,,
49795,42.94,75.69,13.08,15.06,Legume,Pisum sativum,Pisum,,
49919,47.64,82.68,13.4,15.16,Legume,Pisum sativum,Pisum,,
49951,50.28,80.34,13.82,15.53,Legume,Pisum sativum,Pisum,,
50145,33.06,87.09,13.28,15.67,Legume,Pisum sativum,Pisum,,
50223,37.5,85.5,13.58,15.02,Legume,Pisum sativum,Pisum,,
50229,35.43,80.03,13.82,14.99,Legume,Pisum sativum,Pisum,,
50268,41.52,76.75,13.12,14.78,Legume,Pisum sativum,Pisum,,
50302,39.2,80.35,12.93,14.78,Legume,Pisum sativum,Pisum,,
50422,40.86,78.49,13.1,14.97,Legume,Pisum sativum,Pisum,,
50471,40.22,79.82,13.9,14.11,Legume,Pisum sativum,Pisum,,
51673,41.64,76.4,13.03,14.84,Legume,Pisum sativum,Pisum,,
51699,39.22,82.56,12.38,14.4,Legume,Pisum sativum,Pisum,,
51700,39.89,82.09,12.45,14.42,Legume,Pisum sativum,Pisum,,
51778,47.8,75.7,12.78,14.61,Legume,Pisum sativum,Pisum,,
51799,41.54,77.8,12.62,14.44,Legume,Pisum sativum,Pisum,,
52043,41.17,78.7,12.03,14.07,Legume,Pisum sativum,Pisum,,
52044,41.81,80.59,12.23,14.16,Legume,Pisum sativum,Pisum,,
52063,37.61,78.72,12.03,13.78,Legume,Pisum sativum,Pisum,,
52372,35.56,73.31,12.07,13.43,Legume,Pisum sativum,Pisum,,
52379,40.92,76.1,12.18,14.02,Legume,Pisum sativum,Pisum,,
52445,41.49,79.27,12.52,14.51,Legume,Pisum sativum,Pisum,,
52536,46.23,78.35,12.63,14.67,Legume,Pisum sativum,Pisum,,
111183,37.24,82.15,12.22,14.15,Legume,Pisum sativum,Pisum,,
114489,35.29,77.44,12.27,13.82,Legume,Pisum sativum,Pisum,,
122992,33.35,82,11.8,13.54,Legume,Pisum sativum,Pisum,,
124603,39.96,80.74,12.07,14.23,Legume,Pisum sativum,Pisum,,
124612,34.19,83.56,12.27,13.99,Legume,Pisum sativum,Pisum,,
124634,37.1,77.24,12.35,13.95,Legume,Pisum sativum,Pisum,,
124843,36.11,80.47,12.25,14.06,Legume,Pisum sativum,Pisum,,
124865,40.76,77.15,11.75,13.52,Legume,Pisum sativum,Pisum,,
124939,37.82,71.58,12.37,14.02,Legume,Pisum sativum,Pisum,,
132661,34.56,76.37,12.55,14.01,Legume,Pisum sativum,Pisum,,
137800,27.94,86.21,11.7,13.29,Legume,Pisum sativum,Pisum,,
146889,32.25,82.86,12.23,14.38,Legume,Pisum sativum,Pisum,,
170849,37.45,78.89,12.13,14.28,Legume,Pisum sativum,Pisum,,
50549,36.94,79.41,10.83,13.55,Legume,Pisum sativum subsp. sativum,Pisum,,
50560,29.28,80.83,11.77,13.94,Legume,Pisum sativum subsp. sativum,Pisum,,
50599,29.14,151.81,11.57,13.74,Legume,Pisum sativum subsp. sativum,Pisum,,
50617,33.06,81.55,12.03,13.98,Legume,Pisum sativum subsp. sativum,Pisum,,
50663,32.9,83.69,12.07,14.16,Legume,Pisum sativum subsp. sativum,Pisum,,
50720,24.84,76.24,12.4,13.65,Legume,Pisum sativum subsp. sativum,Pisum,,
50749,41.01,79.15,12,14.3,Legume,Pisum sativum subsp. sativum,Pisum,,
50774,37.33,76.79,12.17,13.9,Legume,Pisum sativum subsp. sativum,Pisum,,
50780,41.18,78.9,11.8,14.05,Legume,Pisum sativum subsp. sativum,Pisum,,
50788,24.51,77.84,12.3,15.55,Legume,Pisum sativum subsp. sativum,Pisum,,
123044,38.3,78.53,12.03,13.98,Legume,Pisum sativum subsp. sativum,Pisum,,
123131,39.68,77.34,12.57,14.45,Legume,Pisum sativum subsp. sativum,Pisum,,
125328,44.24,78.84,12.47,14.8,Legume,Pisum sativum subsp. sativum,Pisum,,
125367,37.59,82.42,12.63,14.58,Legume,Pisum sativum subsp. sativum,Pisum,,
125497,,,,,Legume,Pisum sativum subsp. sativum,Pisum,,
128790,,,,,Legume,Pisum sativum subsp. sativum,Pisum,,
129019,,,,,Legume,Pisum sativum subsp. sativum,Pisum,,
129051,,,,,Legume,Pisum sativum subsp. sativum,Pisum,,
49160,,,,,Legume,Pisum sativum var. arvense,Pisum,,
49208,,,,,Legume,Pisum sativum var. arvense,Pisum,,
49288,,,,,Legume,Pisum sativum var. arvense,Pisum,,
52591,,,,,Legume,Pisum sativum var. arvense,Pisum,,
IR-B4-B-C2,43.65647089,69.51248732,11.46666667,14.59819765,Legume,IR-B4-B-C2,,,
 IR-B4-A-C1,41.98454335,76.97901625,11.62222222,14.42041719,Legume, IR-B4-A-C1,,,
 IR-B2-A-C3,48.90138482,63.73887557,11.72222222,14.59026899,Legume, IR-B2-A-C3,,,
  RF-B1-B-C1,35.3246372,77.88853347,11.68888889,14.36954616,Legume,  RF-B1-B-C1,,,
RF-B3-B-C2,47.35320269,68.15011965,11.38888889,14.63219246,Legume,RF-B3-B-C2,,,
RF-B2-B-C3,45.00772847,65.60230782,11.42222222,14.63697323,Legume,RF-B2-B-C3,,,
S30-B3-A-C3,46.26327936,68.14184128,11.07777778,14.1331018,Legume,S30-B3-A-C3,,,
S30-B1-A-C2,44.47357084,65.74814506,11.17777778,14.04245883,Legume,S30-B1-A-C2,,,
 S30-B1-B-C1,34.13951635,75.90805575,10.9375,13.66881959,Legume, S30-B1-B-C1,,,
S60-B2-A-C1,39.65141397,76.26287454,11.36666667,14.26133978,Legume,S60-B2-A-C1,,,
S60-B4-B-C3,39.76149849,67.69627481,10.91111111,13.95900633,Legume,S60-B4-B-C3,,,
S60-B1-B-C2,41.22896131,63.52528621,10.51111111,13.8365927,Legume,S60-B1-B-C2,,,
0,13.3,84.41,13.3,14.6,Grass,V Morales,Hordeum vulgare,,
0,12.64,78.76,12.64,14.2,Grass,Ksaiba,Hordeum vulgare,,
0,13.03,80.18,13.03,14.51,Grass,COCKTAIL/DWRB150,Hordeum vulgare,,
0,13.33,80.9,13.33,14.79,Grass,SLB21-81/SLB22-74//Soffet no.9,Hordeum vulgare,,
0,13.06,81.69,13.06,14.43,Grass,Stirling/3/ Canela/ Limon/ Bichy 2000,Hordeum vulgare,,
0,12.67,81.44,12.67,13.11,Grass,Aths/Lignee686/4/Avt/Attiki//Aths/3/Giza121/Pue/6/Lignee527/Chn-01//Alanda/5/Arizona5908/Aths//Avt/Attiki/3/S.T.Barley/4/Aths/Lignee686,Hordeum vulgare,,
0,12.67,77.58,12.67,14.11,Grass,PL172/AMALOU,Hordeum vulgare,,
0,12.76,85.56,12.76,14.15,Grass,CANELA//LIMON/BICHY2000/3/MOMTAZ,Hordeum vulgare,,
0,13.16,83.13,13.16,14.68,Grass,DWRB101/3/6B89.2027/CHAMICO//TRADITION,Hordeum vulgare,,
0,12.46,87.77,12.46,14.17,Grass,Compass/IG 38821,Hordeum vulgare,,
0,12.98,80.91,12.98,14.71,Grass,Emir - A17,Hordeum vulgare,,
0,12.73,87.61,12.73,14.36,Grass,Morex - 2920/4,Hordeum vulgare,,
0,13.03,85.27,13.03,15.25,Grass,Morex - HB2032,Hordeum vulgare,,
0,12.78,84.38,12.78,15.06,Grass,Commander /IG 38931,Hordeum vulgare,,
0,13.18,85.01,13.18,15.26,Grass,GoldenPromise,Hordeum vulgare,,
0,12.92,83.9,12.92,14.59,Grass,Rihane-03,Hordeum vulgare,,
0,12.61,85.37,12.61,14.56,Grass,Emir - HB2032,Hordeum vulgare,,
0,12.66,87.06,12.66,14.65,Grass,Emir - A17,Hordeum vulgare,,
0,12.76,87.48,12.76,14.75,Grass,Alanda,Hordeum vulgare,,
0,12.94,87.08,12.94,14.75,Grass,Emir - A17/1,Hordeum vulgare,,
0,12.39,88.43,12.39,14.29,Grass,H.spont.41-3/SLB34-40/7/Lignee527//Bahtim/DL71/3/Api/CM67//Mzq/5/Alanda-01/4/WI2291/3/Api/CM67//L2966-69/6/Lignee527/Chn-01//Arar/Rhn-03,Hordeum vulgare,,
0,12.69,87.06,12.69,14.8,Grass,Taffa,Hordeum vulgare,,
0,12.26,88.74,12.26,14.17,Grass,Arta/3/Hml-02//Esp/1808-4L/4/ArabiAbiad/Arar//H.spont.41-5/Tadmor/5/Furat-3,Hordeum vulgare,,
0,13.23,87.99,13.23,15.09,Grass,Emir - 3811/5,Hordeum vulgare,,
0,12.76,87.8,12.76,14.71,Grass,PETUNIA2/M111//QUINA/M112/3/IG 144951,Hordeum vulgare,,
0,12.93,87.26,12.93,15.23,Grass,Soufara-02/3/RM1508/Por//WI2269/4/Hml-02/ArabiAbiad//ER/Apm/5/H.spont.41-1,Hordeum vulgare,,
0,12.6,86.29,12.6,14.3,Grass,Morex - HB2032,Hordeum vulgare,,
0,13.06,87.73,13.06,14.87,Grass,Alanda/5/Aths/4/Pro/TolI//Cer*2/TolI/3/5106/6/Baca'S'/3/AC253//CI08887/CI05761/7/IG 145502/8/LAMOLINA96/FALCON-BAR,Hordeum vulgare,,
0,12.51,88.2,12.51,14.37,Grass,Rosalind/IG 1074426,Hordeum vulgare,,
0,12.39,84.79,12.39,13.9,Grass,SLB 15-05/4/H.spont.96-3/3/Roho//Alger/Ceres362-1-1/5/Furat-2,Hordeum vulgare,,
0,11.97,80.03,11.97,13.62,Grass,Arta/3/Hml-02//Esp/1808-4L/4/ArabiAbiad/Arar//H.spont.41-5/Tadmor/5/Rihane 03,Hordeum vulgare,,
0,12.63,85.29,12.63,14.41,Grass,ArabiAbiad/Arar//H.spont.41-5/Tadmor/3/Zanbakian/4/HARMAL,Hordeum vulgare,,
0,12.63,87.58,12.63,14.65,Grass,Morex - 2920/4,Hordeum vulgare,,
0,12.89,87.58,12.89,14.82,Grass,Legia/Laurel'S'//Aleli/3/Arta/4/Moroc9-75//WI2291/CI01387/3/H.spont.41-1,Hordeum vulgare,,
0,12.89,85.94,12.89,14.94,Grass,CANELA/Malt 2/5/Arar/H.spont.19-15//Hml/3/H.spont.41-1/Tadmor/4/Tadmor//ER/Apm,Hordeum vulgare,,
0,12.19,78.42,12.19,14.19,Grass,Emir - PI 204579,Hordeum vulgare,,
0,13.04,84.89,13.04,14.95,Grass,ICNB93-369/4/Moroc9-75//WI2291/CI01387/3/H.spont.41-1,Hordeum vulgare,,
0,11.91,84.37,11.91,13.85,Grass,Emir - 2920/4,Hordeum vulgare,,
0,12.37,87.83,12.37,14.44,Grass,Zanbaka/H.spont.41-2/4/Arar/H.spont.19-15//Hml/3/H.spont.41-1/Tadmor/5/Zanbakian/7/Lignee527//Bahtim/DL71/3/Api/CM67//Mzq/5/Alanda-01/4/WI2291/3/Api/CM67//L2966-69/6/Lignee527/Chn-01//Arar/Rhn-03,Hordeum vulgare,,
0,10.98,83.01,10.98,12.82,Grass,Emir - HB2032,Hordeum vulgare,,
0,10.73,77.5,10.73,12.82,Grass,Commander /IG 38660,Hordeum vulgare,,
0,13.3,73.67,13.3,13.25,Grass,Emir - A17,Hordeum vulgare,,
0,12.66,80.76,12.66,12.77,Grass,Tadmor//ER/Apm/3/H.spont.38-3/Akrash-01/4/ATAHUALPA,Hordeum vulgare,,
0,12.92,84.03,12.92,12.59,Grass,Morex - 2920/4,Hordeum vulgare,,
0,14.12,75.3,14.12,13.91,Grass,GP - 2920/4,Hordeum vulgare,,
0,14.04,80.14,14.04,14.48,Grass,GP - 2920/4,Hordeum vulgare,,
0,13.52,83.77,13.52,13.38,Grass,VLB 118/5/Arar/H.spont.19-15//Hml/3/H.spont.41-1/Tadmor/4/Tadmor//ER/Apm,Hordeum vulgare,,
0,13.14,81.96,13.14,13.07,Grass,ArabiAbiad/Arar//H.spont.41-5/Tadmor/3/Zanbakian/4/Furat-3,Hordeum vulgare,,
0,13.13,69.07,13.13,12.89,Grass,Morex - HB2032,Hordeum vulgare,,
0,12.81,72.24,12.81,12.74,Grass,Emir - A17/1,Hordeum vulgare,,
0,13.16,74.92,13.16,13.02,Grass,Emir - A17/1,Hordeum vulgare,,
0,12.94,83.28,12.94,13.04,Grass,Morex - HB2032,Hordeum vulgare,,
0,11.8,,11.8,11.72,Grass,Emir,Hordeum vulgare,,
0,11.83,87.71,11.83,12.37,Grass,Baudin/IG 38821,Hordeum vulgare,,
0,13.72,83.95,13.72,13.8,Grass,GP - A17/1,Hordeum vulgare,,
0,12.42,88.05,12.42,12.36,Grass,Tadmor//ER/Apm/3/H.spont.38-3/Akrash-01/4/Furat-1,Hordeum vulgare,,
0,12.7,87.03,12.7,12.59,Grass,Emir - PI 206443/3,Hordeum vulgare,,
0,13.41,90.71,13.41,13.37,Grass,Alanda/5/Aths/4/Pro/TolI//Cer*2/TolI/3/5106/6/Baca'S'/3/AC253//CI08887/CI05761/7/IG 145155/8/Baudin,Hordeum vulgare,,
0,13.23,87.67,13.23,12.63,Grass,Arta/3/Legia/Laurel'S//Aleli/4/Arar/H.spont.19-15//Hml/3/H.spont.41-1/Tadmor/5/Zanbakian/6/Arta/WI3167,Hordeum vulgare,,
0,13.26,88.68,13.26,13.59,Grass,Sara/4/H.Spont.96-3/3/Roho//Alger/Ceres362-1-1/5/Mundah,Hordeum vulgare,,
0,12.73,85.67,12.73,12.98,Grass,GP - 2920/4,Hordeum vulgare,,
0,11.21,88.61,11.21,11.62,Grass,Emir - A17/1,Hordeum vulgare,,
0,11.71,84.31,11.71,11.53,Grass,Khnata,Hordeum vulgare,,
0,11.14,83.89,11.14,10.64,Grass,GoldMarker,Hordeum vulgare,,
0,10.94,86.1,10.94,10.59,Grass,Morex - HB2032,Hordeum vulgare,,
0,9.46,86.95,9.46,8.95,Grass,PENCO/CHEVRON-BAR/5/ABETO//GLORIA-BAR/COME/3/SEN/4/MJA/6/PENCO/CHEVRON-BAR//CANTUA/7/IG 144951,Hordeum vulgare,,
0,10.54,87.91,10.54,10.12,Grass,Morex - HB2032,Hordeum vulgare,,
0,11.34,86.53,11.34,10.98,Grass,Emir - HB2032,Hordeum vulgare,,
0,12.14,84.52,12.14,12.01,Grass,Emir - A17/1,Hordeum vulgare,,
0,12.36,86.6,12.36,11.53,Grass,Morex - 2920/4,Hordeum vulgare,,
0,12.72,71.42,12.72,12.13,Grass,(Emir/907-12) - Crete6/2,Hordeum vulgare,,
0,13.1,82.72,13.1,12.86,Grass,Emir - A17/1,Hordeum vulgare,,
0,12.49,72.72,12.49,12.19,Grass,Emir - 29209/4,Hordeum vulgare,,
0,12.94,79.27,12.94,12.65,Grass,Morex,Hordeum vulgare,,
0,12.02,85.48,12.02,11.88,Grass,Morex - HB2032,Hordeum vulgare,,
0,11.82,79.69,11.82,9.43,Grass,Emir - A17/1,Hordeum vulgare,,
0,12.66,82.31,12.66,12.54,Grass,Emir - A17/1,Hordeum vulgare,,
0,12.23,84.61,12.23,12.07,Grass,PETUNIA2/M111//QUINA/M112/3/IG 39885,Hordeum vulgare,,
0,12.01,82.96,12.01,11.79,Grass,Sara/4/H.Spont.96-3/3/Roho//Alger/Ceres362-1-1/5/ROBUR-BAR/J126//OWB753431D/SL3/4/GLORIA-BAR/COPAL//BEN.4D/3/SP-B,Hordeum vulgare,,
0,10.11,82.95,10.11,9.3,Grass,Zanbaka/H.spont.41-2/4/Arar/H.spont.19-15//Hml/3/H.spont.41-1/Tadmor/5/Zanbakian/6/WI2291/3/CI03309/Attiki//Hja33/4/Gustoe/5/Arar/H.spont.19-15//Hml/3/H.spont.41-1/Tadmor,Hordeum vulgare,,
0,11.47,82.43,11.47,10.74,Grass,Tissa,Hordeum vulgare,,
0,11.89,84.69,11.89,11.44,Grass,Emir - (2920/4 x Tinos16/1),Hordeum vulgare,,
0,12.54,82.66,12.54,12.29,Grass,Emir - A17/1,Hordeum vulgare,,
0,12.3,81.68,12.3,12.17,Grass,Emir - A17/1,Hordeum vulgare,,
0,12.4,81.6,12.4,11.93,Grass,Manal,Hordeum vulgare,,
0,11.89,72.79,11.89,11.2,Grass,ANAKIN,Hordeum vulgare,,
0,11.12,83.08,11.12,10.35,Grass,Emir - A17/1,Hordeum vulgare,,
0,11.69,80.12,11.69,11.42,Grass,ESMERALDA/3/SLLO/ROBUST//QUINA/4/M104/5/Momtaz,Hordeum vulgare,,
0,11.83,80.67,11.83,11.3,Grass,ISHI X L94/BCD-TTA//UC1231L,Hordeum vulgare,,
0,11.48,82,11.48,10.97,Grass,GIZA-126/IG:154361,Hordeum vulgare,,
0,11.94,78.19,11.94,11.72,Grass,UC1231L/L94-BCD-TTA-C,Hordeum vulgare,,
0,11.77,81.93,11.77,11.7,Grass,CANELA/DEFRA//Alanda,Hordeum vulgare,,
0,12.16,78.53,12.16,11.84,Grass,GIZA-126/IG:153839,Hordeum vulgare,,
0,11.99,82.8,11.99,11.59,Grass,6B89.2027/CHAMICO//TRADITION/3/MSEL/LOGAN-BAR,Hordeum vulgare,,
0,11.42,82.03,11.42,10.97,Grass,ARIG-8/IG:154361,Hordeum vulgare,,
0,11.56,84.14,11.56,7.28,Grass,Clipper//WI2291*2/WI2269/5/Soufara-02/3/RM1508/Por//WI2269/4/Hml-02/ArabiAbiad//ER/Apm/6/Furat-3,Hordeum vulgare,,
0,12.13,80.72,12.13,11.87,Grass,ArabiAbiad/Arar//H.spont.41-5/Tadmor/3/Zanbakian/4/Furat-2,Hordeum vulgare,,
0,13.3,74.06,13.3,13.3,Grass,Tadmor//ER/Apm/3/H.spont.38-3/Akrash-01/4/Tichedrette,Hordeum vulgare,,
0,12.02,76.59,12.02,11.72,Grass,YEA389-3/YEA475-4/4/Hma-02//11012-2/CM67/3/Marageh/5/Alanda 01,Hordeum vulgare,,
0,12.78,77.62,12.78,13.67,Grass,CANELA/Malt 2/5/Arar/H.spont.19-15//Hml/3/H.spont.41-1/Tadmor/4/Tadmor//ER/Apm,Hordeum vulgare,,
0,13.57,32.04,13.57,13.49,Grass,V Morales,Hordeum vulgare,,
0,12.9,23.85,12.9,12.96,Grass,Ksaiba,Hordeum vulgare,,
0,11.33,42.95,11.33,10.73,Grass,COCKTAIL/DWRB150,Hordeum vulgare,,
0,12,35.21,12,11.37,Grass,SLB21-81/SLB22-74//Soffet no.9,Hordeum vulgare,,
0,11.33,27.13,11.33,10.34,Grass,STIRLING/3/CANELA//LIMON/BICHY2000,Hordeum vulgare,,
0,11.87,17.41,11.87,3.22,Grass,Aths/Lignee686/4/Avt/Attiki//Aths/3/Giza121/Pue/6/Lignee527/Chn-01//Alanda/5/Arizona5908/Aths//Avt/Attiki/3/S.T.Barley/4/Aths/Lignee686,Hordeum vulgare,,
0,12.27,26,12.27,11.81,Grass,PL172/AMALOU,Hordeum vulgare,,
0,12.93,29.45,12.93,12.66,Grass,CANELA//LIMON/BICHY2000/3/MOMTAZ,Hordeum vulgare,,
0,10.67,20.75,10.67,5.67,Grass,DWRB101/3/6B89.2027/CHAMICO//TRADITION,Hordeum vulgare,,
0,11,62.37,11,10.49,Grass,Compass/IG 38821,Hordeum vulgare,,
0,12.03,37.35,12.03,11.76,Grass,Emir - A17,Hordeum vulgare,,
0,12.33,41.03,12.33,11.91,Grass,Morex - 2920/4,Hordeum vulgare,,
0,12.07,41.54,12.07,11.71,Grass,Morex - HB2032,Hordeum vulgare,,
0,12.4,50.4,12.4,11.53,Grass,Commander /IG 38931,Hordeum vulgare,,
0,12.43,39.15,12.43,12.19,Grass,GoldenPromise,Hordeum vulgare,,
0,12.5,43.07,12.5,12.24,Grass,Rihane-03,Hordeum vulgare,,
0,12.67,49.69,12.67,12.47,Grass,Emir - HB2032,Hordeum vulgare,,
0,12.43,41.94,12.43,12.16,Grass,Emir - A17,Hordeum vulgare,,
0,12.57,42.71,12.57,2.94,Grass,Alanda,Hordeum vulgare,,
0,12.5,38.88,12.5,12.16,Grass,Emir - A17/1,Hordeum vulgare,,
0,12.5,36.78,12.5,11.71,Grass,H.spont.41-3/SLB34-40/7/Lignee527//Bahtim/DL71/3/Api/CM67//Mzq/5/Alanda-01/4/WI2291/3/Api/CM67//L2966-69/6/Lignee527/Chn-01//Arar/Rhn-03,Hordeum vulgare,,
0,12,41.69,12,11.69,Grass,Taffa,Hordeum vulgare,,
0,8.2,38.76,8.2,7.85,Grass,Arta/3/Hml-02//Esp/1808-4L/4/ArabiAbiad/Arar//H.spont.41-5/Tadmor/5/Furat-3,Hordeum vulgare,,
0,12.27,24.34,12.27,11.9,Grass,Emir - 3811/5,Hordeum vulgare,,
0,12.07,38.39,12.07,11.65,Grass,PETUNIA2/M111//QUINA/M112/3/IG 144951,Hordeum vulgare,,
0,11.83,42.31,11.83,11.4,Grass,Soufara-02/3/RM1508/Por//WI2269/4/Hml-02/ArabiAbiad//ER/Apm/5/H.spont.41-1,Hordeum vulgare,,
0,12.73,53.76,12.73,18.59,Grass,Morex - HB2032,Hordeum vulgare,,
0,11.33,45.05,11.33,10.26,Grass,Alanda/5/Aths/4/Pro/TolI//Cer*2/TolI/3/5106/6/Baca'S'/3/AC253//CI08887/CI05761/7/IG 145502/8/LAMOLINA96/FALCON-BAR,Hordeum vulgare,,
0,15.27142857,38.42869994,15.27142857,16.43333496,Grass,V Morales,Hordeum vulgare,,
0,15.11666667,41.76469413,15.11666667,16.10037235,Grass,Ksaiba,Hordeum vulgare,,
0,14.68888889,46.02668267,14.68888889,15.91970821,Grass,COCKTAIL/DWRB150,Hordeum vulgare,,
0,15.72222222,36.0147619,15.72222222,16.21548125,Grass,SLB21-81/SLB22-74//Soffet no.9,Hordeum vulgare,,
0,14.55555556,34.43016906,14.55555556,15.69890688,Grass,STIRLING/3/CANELA//LIMON/BICHY2000,Hordeum vulgare,,
0,14.12,34.73725096,14.12,14.84285131,Grass,Aths/Lignee686/4/Avt/Attiki//Aths/3/Giza121/Pue/6/Lignee527/Chn-01//Alanda/5/Arizona5908/Aths//Avt/Attiki/3/S.T.Barley/4/Aths/Lignee686,Hordeum vulgare,,
0,14.84444444,37.86311337,14.84444444,16.05421622,Grass,PL172/AMALOU,Hordeum vulgare,,
0,15.21111111,38.38905957,15.21111111,16.26041638,Grass,CANELA//LIMON/BICHY2000/3/MOMTAZ,Hordeum vulgare,,
0,14.82222222,32.90440449,14.82222222,15.93678117,Grass,DWRB101/3/6B89.2027/CHAMICO//TRADITION,Hordeum vulgare,,
0,14.48888889,41.52836088,14.48888889,15.7167646,Grass,Compass/IG 38821,Hordeum vulgare,,
0,14.77777778,37.04299104,14.77777778,15.93039406,Grass,Emir - A17,Hordeum vulgare,,
0,14.62222222,31.91384979,14.62222222,15.63084547,Grass,Morex - 2920/4,Hordeum vulgare,,
0,15.05555556,35.74779405,15.05555556,15.97900739,Grass,Morex - HB2032,Hordeum vulgare,,
0,14.63333333,20.13041139,14.63333333,15.67870913,Grass,Commander /IG 38931,Hordeum vulgare,,
0,14.54444444,45.12021831,14.54444444,15.69422448,Grass,GoldenPromise,Hordeum vulgare,,
0,14.82222222,31.77868203,14.82222222,15.80261679,Grass,Rihane-03,Hordeum vulgare,,
0,14.23333333,46.59825674,14.23333333,15.74119924,Grass,Emir - HB2032,Hordeum vulgare,,
0,14.36666667,35.5043739,14.36666667,15.67651524,Grass,Emir - A17,Hordeum vulgare,,
0,14.14444444,46.54596076,14.14444444,15.6429026,Grass,Alanda-01,Hordeum vulgare,,
0,14.4,36.22596931,14.4,15.65085382,Grass,Emir - A17/1,Hordeum vulgare,,
0,14.44444444,37.44081044,14.44444444,15.74341373,Grass,H.spont.41-3/SLB34-40/7/Lignee527//Bahtim/DL71/3/Api/CM67//Mzq/5/Alanda-01/4/WI2291/3/Api/CM67//L2966-69/6/Lignee527/Chn-01//Arar/Rhn-03,Hordeum vulgare,,
0,14.33,37.81883765,14.33,15.42297649,Grass,Taffa,Hordeum vulgare,,
0,14.02222222,36.25180058,14.02222222,15.36500235,Grass,Arta/3/Hml-02//Esp/1808-4L/4/ArabiAbiad/Arar//H.spont.41-5/Tadmor/5/Furat-3,Hordeum vulgare,,
0,13.93333333,46.56182896,13.93333333,15.40666623,Grass,Emir - 3811/5,Hordeum vulgare,,
0,14.95833333,40.23453407,14.95833333,15.49894334,Grass,PETUNIA2/M111//QUINA/M112/3/IG 144951,Hordeum vulgare,,
0,15.175,42.98900577,15.175,15.18684145,Grass,Soufara-02/3/RM1508/Por//WI2269/4/Hml-02/ArabiAbiad//ER/Apm/5/H.spont.41-1,Hordeum vulgare,,
0,15.01,39.83779414,15.01,15.48265679,Grass,Morex - HB2032,Hordeum vulgare,,
0,14.55555556,44.7889036,14.55555556,15.2156831,Grass,Alanda/5/Aths/4/Pro/TolI//Cer*2/TolI/3/5106/6/Baca'S'/3/AC253//CI08887/CI05761/7/IG 145502/8/LAMOLINA96/FALCON-BAR,Hordeum vulgare,,
0,16.13,43.79498573,16.13,16.05362082,Grass,Rosalind/IG 1074426,Hordeum vulgare,,
0,16.72222222,42.6753859,16.72222222,16.47174927,Grass,SLB 15-05/4/H.spont.96-3/3/Roho//Alger/Ceres362-1-1/5/Furat-2,Hordeum vulgare,,
0,15.92222222,45.90975877,15.92222222,16.09165629,Grass,Arta/3/Hml-02//Esp/1808-4L/4/ArabiAbiad/Arar//H.spont.41-5/Tadmor/5/Rihane 03,Hordeum vulgare,,
0,15.97,41.84852361,15.97,16.21524235,Grass,ArabiAbiad/Arar//H.spont.41-5/Tadmor/3/Zanbakian/4/HARMAL,Hordeum vulgare,,
0,15.76666667,34.50512308,15.76666667,15.30461649,Grass,Morex - 2920/4,Hordeum vulgare,,
0,16.02222222,39.13235826,16.02222222,15.91188767,Grass,Legia/Laurel'S'//Aleli/3/Arta/4/Moroc9-75//WI2291/CI01387/3/H.spont.41-1,Hordeum vulgare,,
0,15.04444444,50.22958945,15.04444444,15.70479622,Grass,CANELA/Malt 2/5/Arar/H.spont.19-15//Hml/3/H.spont.41-1/Tadmor/4/Tadmor//ER/Apm,Hordeum vulgare,,
0,15.1,41.16689067,15.1,15.64407728,Grass,Emir - PI 204579,Hordeum vulgare,,
0,14.94444444,46.92352244,14.94444444,15.49740647,Grass,ICNB93-369/4/Moroc9-75//WI2291/CI01387/3/H.spont.41-1,Hordeum vulgare,,
0,14.6,43.12491955,14.6,15.12345569,Grass,Emir - 2920/4,Hordeum vulgare,,
0,15.12222222,38.97823574,15.12222222,14.73575771,Grass,Zanbaka/H.spont.41-2/4/Arar/H.spont.19-15//Hml/3/H.spont.41-1/Tadmor/5/Zanbakian/7/Lignee527//Bahtim/DL71/3/Api/CM67//Mzq/5/Alanda-01/4/WI2291/3/Api/CM67//L2966-69/6/Lignee527/Chn-01//Arar/Rhn-03,Hordeum vulgare,,
0,14.74444444,44.68166174,14.74444444,14.66315163,Grass,Emir - HB2032,Hordeum vulgare,,
0,14.83333333,44.04556274,14.83333333,14.56155964,Grass,Commander /IG 38660,Hordeum vulgare,,
0,15.95555556,46.00645576,15.95555556,15.30508061,Grass,Emir - A17,Hordeum vulgare,,
0,14.31111111,48.2166918,14.31111111,14.74466153,Grass,Tadmor//ER/Apm/3/H.spont.38-3/Akrash-01/4/ATAHUALPA,Hordeum vulgare,,
0,14.46666667,45.06099131,14.46666667,14.11350529,Grass,Morex - 2920/4,Hordeum vulgare,,
0,13.93333333,55.63293305,13.93333333,14.53875504,Grass,GP - 2920/4,Hordeum vulgare,,
0,13.92222222,50.8129334,13.92222222,14.60283481,Grass,GP - 2920/4,Hordeum vulgare,,
0,14.36666667,50.53687922,14.36666667,14.62414878,Grass,VLB 118/5/Arar/H.spont.19-15//Hml/3/H.spont.41-1/Tadmor/4/Tadmor//ER/Apm,Hordeum vulgare,,
0,14.26666667,47.12203362,14.26666667,14.38375555,Grass,ArabiAbiad/Arar//H.spont.41-5/Tadmor/3/Zanbakian/4/Furat-3,Hordeum vulgare,,
0,14.02222222,47.389362,14.02222222,14.4967875,Grass,Morex - HB2032,Hordeum vulgare,,
0,16.38888889,42.43604001,16.38888889,15.90542329,Grass,Emir - A17/1,Hordeum vulgare,,
0,16.21111111,46.59095573,16.21111111,16.02529158,Grass,Emir - A17/1,Hordeum vulgare,,
0,16,48.19013972,16,16.01722861,Grass,Morex - HB2032,Hordeum vulgare,,
0,15.91111111,45.94968627,15.91111111,15.64217226,Grass,Emir,Hordeum vulgare,,
0,16.96666667,46.87174871,16.96666667,16.18528328,Grass,Baudin/IG 38821,Hordeum vulgare,,
0,17.78333333,51.10700768,17.78333333,17.39539757,Grass,GP - A17/1,Hordeum vulgare,,
0,19.00833333,47.80298235,19.00833333,17.73290389,Grass,Tadmor//ER/Apm/3/H.spont.38-3/Akrash-01/4/Furat-1,Hordeum vulgare,,
0,18.90833333,46.88581156,18.90833333,17.59933694,Grass,Emir - PI 206443/3,Hordeum vulgare,,
0,19.25384615,42.78129314,19.25384615,17.66120872,Grass,Alanda/5/Aths/4/Pro/TolI//Cer*2/TolI/3/5106/6/Baca'S'/3/AC253//CI08887/CI05761/7/IG 145155/8/Baudin,Hordeum vulgare,,
0,19.3,40.47574391,19.3,17.98702373,Grass,Arta/3/Legia/Laurel'S//Aleli/4/Arar/H.spont.19-15//Hml/3/H.spont.41-1/Tadmor/5/Zanbakian/6/Arta/WI3167,Hordeum vulgare,,
0,19.23333333,42.88492399,19.23333333,17.93126304,Grass,Sara/4/H.Spont.96-3/3/Roho//Alger/Ceres362-1-1/5/Mundah,Hordeum vulgare,,
0,17.675,48.26280525,17.675,16.89677634,Grass,GP - 2920/4,Hordeum vulgare,,
0,17.375,51.9239929,17.375,17.08417249,Grass,Emir - A17/1,Hordeum vulgare,,
0,18.65,42.74357627,18.65,17.25273879,Grass,Khnata,Hordeum vulgare,,
0,17.96666667,46.67581839,17.96666667,17.02131629,Grass,GoldMarker,Hordeum vulgare,,
0,17.88333333,44.41021246,17.88333333,16.74467006,Grass,Morex - HB2032,Hordeum vulgare,,
0,18.94166667,45.7874561,18.94166667,17.08982178,Grass,PENCO/CHEVRON-BAR/5/ABETO//GLORIA-BAR/COME/3/SEN/4/MJA/6/PENCO/CHEVRON-BAR//CANTUA/7/IG 144951,Hordeum vulgare,,
0,17.5,34.19486243,17.5,16.93076752,Grass,Morex - HB2032,Hordeum vulgare,,
0,17.09230769,46.0893135,17.09230769,16.78486947,Grass,Emir - HB2032,Hordeum vulgare,,
0,16.96153846,45.87919161,16.96153846,17.17348792,Grass,Emir - A17/1,Hordeum vulgare,,
0,17.375,33.63126149,17.375,16.93421815,Grass,Morex - 2920/4,Hordeum vulgare,,
0,17.35833333,40.26245958,17.35833333,17.14767534,Grass,(Emir/907-12) - Crete6/2,Hordeum vulgare,,
0,15.01428571,39.42571546,15.01428571,16.0229551,Grass,Emir - A17/1,Hordeum vulgare,,
0,17.25384615,54.65017137,17.25384615,16.58080549,Grass,Emir - 29209/4,Hordeum vulgare,,
0,17.38333333,49.8071135,17.38333333,17.02615887,Grass,Morex,Hordeum vulgare,,
0,16.88571429,39.0851398,16.88571429,16.34305045,Grass,Morex - HB2032,Hordeum vulgare,,
0,16.76923077,26.12324819,16.76923077,16.60057454,Grass,Emir - A17/1,Hordeum vulgare,,
0,17.5,40.21039574,17.5,16.63152398,Grass,Emir - A17/1,Hordeum vulgare,,
0,18,39.40542986,18,16.82405306,Grass,PETUNIA2/M111//QUINA/M112/3/IG 39885,Hordeum vulgare,,
0,17.72222222,50.88724833,17.72222222,16.90497573,Grass,Sara/4/H.Spont.96-3/3/Roho//Alger/Ceres362-1-1/5/ROBUR-BAR/J126//OWB753431D/SL3/4/GLORIA-BAR/COPAL//BEN.4D/3/SP-B,Hordeum vulgare,,
0,17.82222222,45.48181096,17.82222222,17.19746442,Grass,Zanbaka/H.spont.41-2/4/Arar/H.spont.19-15//Hml/3/H.spont.41-1/Tadmor/5/Zanbakian/6/WI2291/3/CI03309/Attiki//Hja33/4/Gustoe/5/Arar/H.spont.19-15//Hml/3/H.spont.41-1/Tadmor,Hordeum vulgare,,
0,16.72222222,68.74647749,16.72222222,16.64936466,Grass,Tissa,Hordeum vulgare,,
0,17.51111111,47.14726855,17.51111111,17.48245604,Grass,Emir - (2920/4 x Tinos16/1),Hordeum vulgare,,
0,16.7875,57.2957718,16.7875,17.42337257,Grass,Emir - A17/1,Hordeum vulgare,,
0,15.25555556,48.15914885,15.25555556,16.23204721,Grass,Emir - A17/1,Hordeum vulgare,,
0,14.1,52.52643921,14.1,15.27388286,Grass,Manal,Hordeum vulgare,,
0,13.21,56.9694935,13.21,14.57650559,Grass,ANAKIN,Hordeum vulgare,,
0,13.6625,49.06016396,13.6625,14.82009035,Grass,Emir - A17/1,Hordeum vulgare,,
0,15.36,46.64802229,15.36,16.03766177,Grass,ESMERALDA/3/SLLO/ROBUST//QUINA/4/M104/5/Momtaz,Hordeum vulgare,,
0,12.95,54.43753592,12.95,14.32321598,Grass,ISHI X L94/BCD-TTA//UC1231L,Hordeum vulgare,,
0,11.81666667,59.80056266,11.81666667,13.50540749,Grass,GIZA-126/IG:154361,Hordeum vulgare,,
0,11.225,61.20007573,11.225,13.97879559,Grass,UC1231L/L94-BCD-TTA-C,Hordeum vulgare,,
0,11.60833333,53.93094419,11.60833333,13.26215938,Grass,CANELA/DEFRA//Alanda,Hordeum vulgare,,
0,11.8,48.22819676,11.8,13.56095844,Grass,GIZA-126/IG:153839,Hordeum vulgare,,
0,11.71666667,50.40877545,11.71666667,13.59844745,Grass,6B89.2027/CHAMICO//TRADITION/3/MSEL/LOGAN-BAR,Hordeum vulgare,,
0,11.24166667,55.37317255,11.24166667,13.51298557,Grass,ARIG-8/IG:154361,Hordeum vulgare,,
0,11.46666667,55.01304941,11.46666667,13.6599483,Grass,Clipper//WI2291*2/WI2269/5/Soufara-02/3/RM1508/Por//WI2269/4/Hml-02/ArabiAbiad//ER/Apm/6/Furat-3,Hordeum vulgare,,
0,11.93333333,56.78326735,11.93333333,13.55296991,Grass,ArabiAbiad/Arar//H.spont.41-5/Tadmor/3/Zanbakian/4/Furat-2,Hordeum vulgare,,
0,12.16666667,55.06509004,12.16666667,13.51780032,Grass,Tadmor//ER/Apm/3/H.spont.38-3/Akrash-01/4/Tichedrette,Hordeum vulgare,,
0,11.36666667,50.95038919,11.36666667,12.96494477,Grass,YEA389-3/YEA475-4/4/Hma-02//11012-2/CM67/3/Marageh/5/Alanda 01,Hordeum vulgare,,
0,11.9,52.6336464,11.9,13.4765067,Grass,CANELA/Malt 2/5/Arar/H.spont.19-15//Hml/3/H.spont.41-1/Tadmor/4/Tadmor//ER/Apm,Hordeum vulgare,,
