40g_no,40g_date,40g_requisitioner,40g_gene_bank_id,40g_genus,40g_species,40g_tax_name,40g_family,40g_order,40g_functional_group,40g_ciat_id,40g_set_ciat,40g_batch,40g_run,40g_replication,40g_syrange_no,40g_ch4_8h_percentage,40g_ch4_24h_percentage,40g_net_gas_8h_ml,40g_net_gas_24h_ml,40g_gas_ml_g_dm_incubated_24h,40g_percentage_dmd_truly_digestibility,40g_part_fact,40g_ch4_percentage_in_gas_8h,40g_ch4_percentage_in_gas_24h,40g_ch4_ml_g_dm_incubated_24h,40g_ch4_ml_g_dmd_24h,40g_ch4_ml_g_ndf_digested_in_24h,40g_ch4_g_g_dm_incubated_24h,40g_ch4_g_g_dmd_24h,40g_remarks2,40g_remarks_1
No,Date,Requisitioner,Gene Bank ID,Genus,Species,Tax Name,Family,Order,Functional Group,CIAT ID,Set CIAT,Batch,Run,Replication,Syrange No,CH4 8h %,"CH4 24h, %","Net gas 8h, ml","Net gas 24h, ml","Gas ml/g DM Incubated, 24h","% DMD, Truly digestibility",Part Fact,"CH4 % in gas, h8","CH4 % in gas, 24h","CH4 ml/gDM incubated, 24h","CH4 ml/g DMD, 24h",CH4 ml/g NDF digested in 24 h,"CH4 g/g DM incubated, 24h","CH4 g/g DMD, 24h",Remarks2,
96,45789,LMF,Hohenheimer Heustandard,Hohenheimer, Heustandard,Hohenheimer Heustandard,Forage,Forage,Forage,F25 0017,14,34,1,2,101,15.7,19.4,21.38766327,44.61909062,195.3345871,39.14822728,2.004162594,15.7,17.62644628,34.43054607,87.94918304,#DIV/0!,19.10954875,48.8133182,,
97,45789,LMF,Hohenheimer Heustandard,Hohenheimer, Heustandard,Hohenheimer Heustandard,Forage,Forage,Forage,F25 0017,14,34,1,3,102,15.4,19.4,21.38766327,44.17658724,193.2428522,40.55289182,2.098545502,15.4,17.46343907,33.74684773,83.21687115,#DIV/0!,18.73008435,46.18680323,,
98,45789,LMF,Homenheim Concentrate,Homenheim, Concentrate,Homenheim Concentrate,Concentrate,Concentrate,Concentrate,F25 0018,14,34,1,1,103,15.6,20.2,26.69770381,49.48662778,220.6931414,14.68685613,0.665487656,15.6,17.71833085,39.10314096,266.2458228,#DIV/0!,21.70291976,147.771038,,
100,45789,LMF,Homenheim Concentrate,Homenheim, Concentrate,Homenheim Concentrate,Concentrate,Concentrate,Concentrate,F25 0018,14,34,1,3,105,15.6,20.1,26.25520043,51.69914467,230.3758962,52.18618447,2.265262353,15.6,17.8146933,41.04075933,78.64295838,#DIV/0!,22.77833148,43.6482025,,
200,45791,LMF,Hohenheimer Heustandard,Hohenheimer, Heustandard,Hohenheimer Heustandard,Forage,Forage,Forage,F25 0017,14,35,2,1,206,14.9,17.8,22.05141834,43.40220633,190.0832831,50.33560243,2.648081494,14.9,16.32659303,31.03412406,61.65442066,#DIV/0!,17.22447578,34.21927015,,
201,45791,LMF,Hohenheimer Heustandard,Hohenheimer, Heustandard,Hohenheimer Heustandard,Forage,Forage,Forage,F25 0017,14,35,2,2,207,15,18,22.05141834,42.0746962,183.9015478,57.69031879,3.137021927,15,16.427695,30.21078539,52.36716666,#DIV/0!,16.76750857,29.0646835,,
202,45791,LMF,Hohenheimer Heustandard,Hohenheimer, Heustandard,Hohenheimer Heustandard,Forage,Forage,Forage,F25 0017,14,35,2,3,208,16,17.9,20.28140483,50.48226038,220.5615737,43.98825738,1.994375386,16,17.1366691,37.79690705,85.92499295,#DIV/0!,20.97793734,47.68985768,,
203,45791,LMF,Homenheim Concentrate,Homenheim, Concentrate,Homenheim Concentrate,Concentrate,Concentrate,Concentrate,F25 0018,14,35,2,1,209,15.7,19.5,30.9014859,53.57978403,238.3750939,55.06535736,2.310029813,15.7,17.30839642,41.25890621,74.92715601,#DIV/0!,22.89940677,41.5858679,,
204,45791,LMF,Homenheim Concentrate,Homenheim, Concentrate,Homenheim Concentrate,Concentrate,Concentrate,Concentrate,F25 0018,14,35,2,2,210,16.1,20.1,27.80396225,49.15475024,219.0378528,59.13768049,2.699884049,16.1,17.83743436,39.07073321,66.06740896,#DIV/0!,21.6849329,36.66855501,,
205,45791,LMF,Homenheim Concentrate,Homenheim, Concentrate,Homenheim Concentrate,Concentrate,Concentrate,Concentrate,F25 0018,14,35,2,3,211,15.8,19.6,29.57397577,52.25227389,232.9337873,36.69826147,1.575480393,15.8,17.449259,40.64521983,110.7551644,#DIV/0!,22.55880021,61.47103243,,
306,45796,LMF,Hohenheimer Heustandard,Hohenheimer, Heustandard,Hohenheimer Heustandard,Forage,Forage,Forage,F25 0017,14,36,3,2,101,14.8,17.2,23.15767678,45.28284569,198.1611581,41.09802182,2.073969602,14.8,15.97263844,31.65156531,77.01481461,#DIV/0!,17.56716635,42.74455454,,
308,45796,LMF,Homenheim Concentrate,Homenheim, Concentrate,Homenheim Concentrate,Concentrate,Concentrate,Concentrate,F25 0018,14,36,3,1,103,15.2,18.9,28.46771732,51.92039636,231.361813,53.07740191,2.294129754,15.2,16.87130682,39.03376133,73.54120573,#DIV/0!,21.66441286,40.81664152,,
310,45796,LMF,Homenheim Concentrate,Homenheim, Concentrate,Homenheim Concentrate,Concentrate,Concentrate,Concentrate,F25 0018,14,36,3,3,105,15.3,18.9,28.9102207,50.59288622,225.6266692,50.31947608,2.230209588,15.3,16.84285714,38.00197756,75.52140945,#DIV/0!,21.09175502,41.91568885,,
411,45798,LMF,Hohenheimer Heustandard,Hohenheimer,Heustandard,Hohenheimer Heustandard,Forage,Forage,Forage,F25 0017,15,37,1,2,206,15.9,17.9,20.65015764,43.10720408,188.6403859,27.40090505,1.452547127,15.9,16.94191617,31.95929604,116.6359139,#DIV/0!,17.73796223,64.73495016,,
412,45798,LMF,Hohenheimer Heustandard,Hohenheimer,Heustandard,Hohenheimer Heustandard,Forage,Forage,Forage,F25 0017,15,37,1,3,207,15.3,17.8,22.86267453,44.87721759,196.229241,18.14529535,0.92469885,15.3,16.52637634,32.42958285,178.721714,#DIV/0!,17.99897955,99.19364333,,
415,45798,LMF,Homenheim Concentrate,Homenheim,Concentrate,Homenheim Concentrate,Concentrate,Concentrate,Concentrate,F25 0018,15,37,1,3,210,15.9,19.3,27.73021169,51.51476826,229.2793835,44.27660303,1.931120119,15.9,17.46979241,40.05463234,90.464556,#DIV/0!,22.23101394,50.20939371,,
515,45803,LMF,Hohenheimer Heustandard,Hohenheimer,Heustandard,Hohenheimer Heustandard,Forage,Forage,Forage,F25 0017,15,38,2,1,100,14.5,16.5,27.50896,52.17852333,228.2459397,41.29652746,1.809299544,14.5,15.44558304,35.25391615,85.36774959,#DIV/0!,19.56653339,47.38057797,,
516,45803,LMF,Hohenheimer Heustandard,Hohenheimer,Heustandard,Hohenheimer Heustandard,Forage,Forage,Forage,F25 0017,15,38,2,2,101,15.9,17.2,19.5438992,42.88595239,187.8223095,41.66404095,2.218269015,15.9,16.60756664,31.19271521,74.86723443,#DIV/0!,17.31249661,41.55261039,,
517,45803,LMF,Hohenheimer Heustandard,Hohenheimer,Heustandard,Hohenheimer Heustandard,Forage,Forage,Forage,F25 0017,15,38,2,3,102,15.1,16.5,22.19891947,47.75348955,208.7226156,40.90631302,1.959840954,15.1,15.84918919,33.08084223,80.86977239,#DIV/0!,18.36043977,44.88412281,,
518,45803,LMF,Homenheim Concentrate,Homenheim,Concentrate,Homenheim Concentrate,Concentrate,Concentrate,Concentrate,F25 0018,15,38,2,1,103,15.7,17.7,27.95146338,57.04606049,254.3038595,54.93094532,2.160051579,15.7,16.72003878,42.51970394,77.40573859,#DIV/0!,23.59917132,42.96152412,,
519,45803,LMF,Homenheim Concentrate,Homenheim,Concentrate,Homenheim Concentrate,Concentrate,Concentrate,Concentrate,F25 0018,15,38,2,2,104,15.5,17.5,27.50896,56.60355711,251.9283133,50.90822136,2.020742357,15.5,16.52801303,41.63874445,81.79178792,#DIV/0!,23.11022356,45.39585738,,
520,45803,LMF,Homenheim Concentrate,Homenheim,Concentrate,Homenheim Concentrate,Concentrate,Concentrate,Concentrate,F25 0018,15,38,2,3,105,15.6,17.3,24.41143636,53.50603346,238.3322935,49.04272918,2.057745867,15.6,16.52439697,39.38297428,80.3033904,#DIV/0!,21.85823209,44.569771,,
621,45805,LMF,Hohenheimer Heustandard,Hohenheimer,Heustandard,Hohenheimer Heustandard,Forage,Forage,Forage,F25 0017,15,39,3,2,206,15.2,16.9,22.05141834,43.95533555,192.3518734,25.43167101,1.322143141,15.2,16.04714765,30.86698913,121.3722414,#DIV/0!,17.131713,67.36369384,,
625,45805,LMF,Homenheim Concentrate,Homenheim,Concentrate,Homenheim Concentrate,Concentrate,Concentrate,Concentrate,F25 0018,15,39,3,3,210,15.2,18,30.01647914,55.90292676,249.2079192,36.83199754,1.477962565,15.2,16.49656992,41.11075864,111.6169673,#DIV/0!,22.8171823,61.94934792,,
722,45811,LMF,Hohenheimer Heustandard,Hohenheimer,Heustandard,Hohenheimer Heustandard,Forage,Forage,Forage,F25 0017,16,40,1,1,96,13.2,15.1,20.24452955,45.68847378,200.0161599,48.82322136,2.44096384,13.2,14.25811138,28.51852686,58.41180909,#DIV/0!,15.8282758,32.41956463,,
724,45811,LMF,Hohenheimer Heustandard,Hohenheimer,Heustandard,Hohenheimer Heustandard,Forage,Forage,Forage,F25 0017,16,40,1,3,98,13.5,15.2,19.80202617,45.68847378,200.0161599,38.66666649,1.933177125,13.5,14.46319613,28.92872949,74.81568005,#DIV/0!,16.05594536,41.52399682,,
725,45811,LMF,Homenheim Concentrate,Homenheim,Concentrate,Homenheim Concentrate,Concentrate,Concentrate,Concentrate,F25 0018,16,40,1,1,100,13.4,16.4,26.88208022,53.65353459,238.9893088,50.82445194,2.126641238,13.4,14.89690722,35.60201558,70.04899064,#DIV/0!,19.7597346,38.87840173,,
726,45811,LMF,Homenheim Concentrate,Homenheim,Concentrate,Homenheim Concentrate,Concentrate,Concentrate,Concentrate,F25 0018,16,40,1,2,101,13.9,16.4,27.76708697,53.21103121,237.3026848,36.53915122,1.539769819,13.9,15.0954262,35.82185165,98.03690139,#DIV/0!,19.88174742,54.41217641,,
727,45811,LMF,Homenheim Concentrate,Homenheim,Concentrate,Homenheim Concentrate,Concentrate,Concentrate,Concentrate,F25 0018,16,40,1,3,102,14.6,16.6,27.32458359,53.21103121,237.1129944,48.13114513,2.029882219,14.6,15.57297297,36.92554254,76.7186038,#DIV/0!,20.49431496,42.58015242,,
827,45817,LMF,Hohenheimer Heustandard,Hohenheimer,Heustandard,Hohenheimer Heustandard,Forage,Forage,Forage,F25 0017,16,41,2,1,96,13.1,15.2,18.51139131,43.29158049,189.2203481,24.82164082,1.311784968,13.1,14.30204429,27.06237799,109.0273531,#DIV/0!,15.02008799,60.51206727,,
828,45817,LMF,Hohenheimer Heustandard,Hohenheimer,Heustandard,Hohenheimer Heustandard,Forage,Forage,Forage,F25 0017,16,41,2,2,97,16.8,16.2,12.31634402,36.65402981,160.1447803,12.61818624,0.787923666,16.8,16.40160966,26.26632176,208.1624193,#DIV/0!,14.57826301,115.5337441,,
829,45817,LMF,Hohenheimer Heustandard,Hohenheimer,Heustandard,Hohenheimer Heustandard,Forage,Forage,Forage,F25 0017,16,41,2,3,98,14,15.5,22.05141834,47.27411089,206.9578022,54.68950737,2.64254388,14,14.80031201,30.63040047,56.00781931,#DIV/0!,17.0004022,31.08530871,,
830,45817,LMF,Homenheim Concentrate,Homenheim,Concentrate,Homenheim Concentrate,Concentrate,Concentrate,Concentrate,F25 0018,16,41,2,1,100,15,15.6,22.05141834,49.92913116,222.4885617,54.6815933,2.457726046,15,15.33500739,34.11863736,62.39510465,#DIV/0!,18.93643402,34.63036258,,
831,45817,LMF,Homenheim Concentrate,Homenheim,Concentrate,Homenheim Concentrate,Concentrate,Concentrate,Concentrate,F25 0018,16,41,2,2,101,16,16.2,22.9364251,49.48662778,220.516728,30.7524051,1.394561101,16,16.10730253,35.51929652,115.5008735,#DIV/0!,19.71382409,64.10498309,,
832,45817,LMF,Homenheim Concentrate,Homenheim,Concentrate,Homenheim Concentrate,Concentrate,Concentrate,Concentrate,F25 0018,16,41,2,3,102,15.2,15.9,22.9364251,50.81413791,226.5227656,60.28038801,2.661118314,15.2,15.58403483,35.3013867,58.56197656,#DIV/0!,19.59288037,32.50291017,,
932,45824,LMF,Hohenheimer Heustandard,Hohenheimer,Heustandard,Hohenheimer Heustandard,Forage,Forage,Forage,F25 0017,16,42,3,1,199,14.8,15.6,17.03638005,39.16154896,171.3739006,60.04642936,3.503825795,14.8,15.2519774,26.13790859,43.52949687,#DIV/0!,14.50699148,24.15962387,,
933,45824,LMF,Hohenheimer Heustandard,Hohenheimer,Heustandard,Hohenheimer Heustandard,Forage,Forage,Forage,F25 0017,16,42,3,2,200,13.9,15.5,17.92138681,39.16154896,171.3739006,61.84062038,3.608520326,13.9,14.76779661,25.30814908,40.92479818,#DIV/0!,14.0464606,22.71397103,,
934,45824,LMF,Hohenheimer Heustandard,Hohenheimer,Heustandard,Hohenheimer Heustandard,Forage,Forage,Forage,F25 0017,16,42,3,3,201,12.8,15.6,21.01891046,39.60405234,173.4489771,64.30645148,3.707514022,12.8,14.11396648,24.48053049,38.06854511,#DIV/0!,13.58711796,21.12870116,,
935,45824,LMF,Homenheim Concentrate,Homenheim,Concentrate,Homenheim Concentrate,Concentrate,Concentrate,Concentrate,F25 0018,16,42,3,1,202,13.9,16.8,30.3114814,52.87915368,235.5399785,69.75525622,2.961503888,13.9,15.1376569,35.65523382,51.11476289,#DIV/0!,19.78927164,28.36957774,,
936,45824,LMF,Homenheim Concentrate,Homenheim,Concentrate,Homenheim Concentrate,Concentrate,Concentrate,Concentrate,F25 0018,16,42,3,2,203,13.8,16.5,32.08149491,56.86168408,253.1782412,73.3293572,2.896353053,13.8,14.9766537,37.91762842,51.70866058,#DIV/0!,21.04493979,28.69920124,,
937,45824,LMF,Homenheim Concentrate,Homenheim,Concentrate,Homenheim Concentrate,Concentrate,Concentrate,Concentrate,F25 0018,16,42,3,3,204,14.3,17.1,30.3114814,51.99414692,231.6904519,65.50988516,2.82747453,14.3,15.46765957,35.83709037,54.7048591,#DIV/0!,19.89020518,30.36214325,,
1040,06//19/2025,LMF,Hohenheimer Heustandard,Hohenheimer,Heustandard,Hohenheimer Heustandard,Forage,Forage,Forage,F25 0017,17,43,1,1,100,13,16.8,24.1164341,45.24597041,197.9206841,39.50305327,1.99590323,13,14.77457213,29.24193423,74.02449131,#DIV/0!,16.22977941,41.08487338,,
1041,06//19/2025,LMF,Hohenheimer Heustandard,Hohenheimer,Heustandard,Hohenheimer Heustandard,Forage,Forage,Forage,F25 0017,17,43,1,2,101,12.6,16.4,23.23142735,45.24597041,197.9206841,53.15095448,2.685467399,12.6,14.44889976,28.59736125,53.80404082,#DIV/0!,15.87203026,29.86217352,,
1042,06//19/2025,LMF,Hohenheimer Heustandard,Hohenheimer,Heustandard,Hohenheimer Heustandard,Forage,Forage,Forage,F25 0017,17,43,1,3,102,12.9,16.5,23.23142735,45.68847378,200.0161599,54.64572911,2.732065706,12.9,14.66949153,29.34135362,53.69377278,#DIV/0!,16.2849589,29.80097285,,
1043,06//19/2025,LMF,Homenheim Concentrate,Homenheim,Concentrate,Homenheim Concentrate,Concentrate,Concentrate,Concentrate,F25 0018,17,43,1,1,103,13.7,16.3,25.44394424,57.63606499,257.0367958,39.92848678,1.553415209,13.7,15.15220729,38.94674813,97.54125755,#DIV/0!,21.61611903,54.1370855,,
1044,06//19/2025,LMF,Homenheim Concentrate,Homenheim,Concentrate,Homenheim Concentrate,Concentrate,Concentrate,Concentrate,F25 0018,17,43,1,2,104,13.6,16.7,27.65646113,55.4235481,247.1697403,42.69347106,1.7272936,13.6,15.15309381,37.45386263,87.72737775,#DIV/0!,20.78754175,48.69021243,,
1045,06//19/2025,LMF,Homenheim Concentrate,Homenheim,Concentrate,Homenheim Concentrate,Concentrate,Concentrate,Concentrate,F25 0018,17,43,1,3,105,13.6,17.5,29.86897802,54.98104472,244.9024463,54.65515586,2.231711308,13.6,15.38128773,37.66914991,68.9214939,#DIV/0!,20.90702992,38.25262153,,
1145,45833,LMF,Hohenheimer Heustandard,Hohenheimer,Heustandard,Hohenheimer Heustandard,Forage,Forage,Forage,F25 0017,17,44,2,1,202,14.2,17.5,23.89518241,47.01598392,205.5811687,52.60122871,2.558659874,14.2,15.82282353,32.52874553,61.84027697,#DIV/0!,18.05401655,34.32242362,,
1146,45833,LMF,Hohenheimer Heustandard,Hohenheimer,Heustandard,Hohenheimer Heustandard,Forage,Forage,Forage,F25 0017,17,44,2,2,203,14.5,17.6,23.45267904,46.13097716,201.9533624,49.04211263,2.428388022,14.5,16.02398082,32.36096805,65.98608076,#DIV/0!,17.96089714,36.62341645,,
1147,45833,LMF,Hohenheimer Heustandard,Hohenheimer,Heustandard,Hohenheimer Heustandard,Forage,Forage,Forage,F25 0017,17,44,2,3,204,14.4,17.5,22.1251689,46.13097716,202.0341437,53.53269328,2.649685458,14.4,16.01318945,32.35211019,60.43430324,#DIV/0!,17.95598088,33.54208388,,
1148,45833,LMF,Homenheim Concentrate,Homenheim,Concentrate,Homenheim Concentrate,Concentrate,Concentrate,Concentrate,F25 0018,17,44,2,1,205,14.1,17.6,29.20522295,58.96357512,262.9570291,68.91622516,2.620816997,14.1,15.86641651,41.72185749,60.5399634,#DIV/0!,23.15635274,33.60072709,,
1149,45833,LMF,Homenheim Concentrate,Homenheim,Concentrate,Homenheim Concentrate,Concentrate,Concentrate,Concentrate,F25 0018,17,44,2,2,206,14.7,18.6,28.76271957,53.65353459,239.0848281,64.21761988,2.685976371,14.7,16.50927835,39.47117976,61.46471924,#DIV/0!,21.90718766,34.11398258,,
1150,45833,LMF,Homenheim Concentrate,Homenheim,Concentrate,Homenheim Concentrate,Concentrate,Concentrate,Concentrate,F25 0018,17,44,2,3,207,14.3,18.1,29.64772633,53.65353459,239.2760959,61.11183406,2.554030055,14.3,16.00020619,38.2846687,62.64689858,#DIV/0!,21.24865349,34.77011257,,
1250,45840,LMF,Hohenheimer Heustandard,Hohenheimer,Heustandard,Hohenheimer Heustandard,Forage,Forage,Forage,F25 0017,17,45,3,1,100,14.1,17.3,22.9364251,44.84034231,196.3817097,46.30639204,2.357978863,14.1,15.66315789,30.75957726,66.42620145,#DIV/0!,17.07209755,36.86769105,,
1251,45840,LMF,Hohenheimer Heustandard,Hohenheimer,Heustandard,Hohenheimer Heustandard,Forage,Forage,Forage,F25 0017,17,45,3,2,101,14.2,17.3,22.05141834,45.28284569,198.0819887,40.64037837,2.051694787,14.2,15.79039088,31.27792027,76.96266996,#DIV/0!,17.35978689,42.71561336,,
1254,45840,LMF,Homenheim Concentrate,Homenheim,Concentrate,Homenheim Concentrate,Concentrate,Concentrate,Concentrate,F25 0018,17,45,3,2,104,14.9,17.6,26.9189555,52.36289974,233.4269428,63.71294707,2.729459861,14.9,16.21197183,37.84311021,59.39626395,#DIV/0!,21.00358089,32.96595411,,
1255,45840,LMF,Homenheim Concentrate,Homenheim,Concentrate,Homenheim Concentrate,Concentrate,Concentrate,Concentrate,F25 0018,17,45,3,3,105,14.2,16.9,55.68167507,113.4283659,252.6728499,53.24270894,2.107179658,14.2,15.57457737,39.3527285,73.91195768,#DIV/0!,21.84144516,41.02241527,,
1361,45845,LMF,Hohenheimer Heustandard,Hohenheimer,Heustandard,Hohenheimer Heustandard,Forage,Forage,Forage,F25 0017,18,46,1,1,210,13.2,15.7,20.1339037,43.91846027,191.9603361,49.42944095,2.574981997,13.2,14.55390428,27.93772357,56.5204118,#DIV/0!,15.50591994,31.36980641,,
1363,45845,LMF,Hohenheimer Heustandard,Hohenheimer,Heustandard,Hohenheimer Heustandard,Forage,Forage,Forage,F25 0017,18,46,1,3,212,12.8,15.8,20.57640708,43.91846027,192.3442568,47.44508193,2.466675259,12.8,14.39445844,27.6869141,58.35570931,#DIV/0!,15.36671634,32.38842828,,
1365,45845,LMF,Homenheim Concentrate,Homenheim,Concentrate,Homenheim Concentrate,Concentrate,Concentrate,Concentrate,F25 0018,18,46,1,2,214,13.3,16.3,28.54146788,57.19356161,254.5542762,20.95467011,0.823190654,13.3,14.80290135,37.6814184,179.8234866,#DIV/0!,20.91383914,99.80514618,,
1472,45847,LMF,Hohenheimer Heustandard,Hohenheimer,Heustandard,Hohenheimer Heustandard,Forage,Forage,Forage,F25 0017,18,47,2,1,101,14.3,17.1,24.85393973,47.20036032,206.7175891,38.51074586,1.862964154,14.3,15.625625,32.30091529,83.87507061,#DIV/0!,17.92756682,46.55211532,,
1473,45847,LMF,Hohenheimer Heustandard,Hohenheimer,Heustandard,Hohenheimer Heustandard,Forage,Forage,Forage,F25 0017,18,47,2,2,102,14.7,17.3,23.96893298,47.20036032,206.4698253,28.78595135,1.394196527,14.7,15.9796875,32.99323287,114.615746,#DIV/0!,18.31181506,63.61372198,,
1475,45847,LMF,Homenheim Concentrate,Homenheim,Concentrate,Homenheim Concentrate,Concentrate,Concentrate,Concentrate,F25 0018,18,47,2,1,104,15.5,17.4,27.50896,56.49293126,251.8380819,51.76585839,2.055521468,15.5,16.47480418,41.48983084,80.14902511,#DIV/0!,23.02757393,44.4840956,,
1477,45847,LMF,Homenheim Concentrate,Homenheim,Concentrate,Homenheim Concentrate,Concentrate,Concentrate,Concentrate,F25 0018,18,47,2,3,106,15.5,17.9,28.39396676,54.28041437,241.8782591,50.04726262,2.069109593,15.5,16.64456522,40.25958457,80.44313008,#DIV/0!,22.34476597,44.64732895,,
1583,45852,LMF,Hohenheimer Heustandard,Hohenheimer,Heustandard,Hohenheimer Heustandard,Forage,Forage,Forage,F25 0017,18,48,3,1,101,14.3,17.2,31.4914904,56.71418295,248.1855547,47.22452772,1.90279115,14.3,15.58972692,38.69145023,81.93083573,#DIV/0!,21.47442428,45.47303132,,
1584,45852,LMF,Hohenheimer Heustandard,Hohenheimer,Heustandard,Hohenheimer Heustandard,Forage,Forage,Forage,F25 0017,18,48,3,2,102,15.4,17.9,28.39396676,52.28914917,228.6385076,36.07287489,1.57772526,15.4,16.54245416,37.82242031,104.8500305,#DIV/0!,20.99209764,58.19358092,,
1586,45852,LMF,Homenheim Concentrate,Homenheim,Concentrate,Homenheim Concentrate,Concentrate,Concentrate,Concentrate,F25 0018,18,48,3,1,104,15.4,17.4,19.10139582,41.6690681,185.6068171,14.7891092,0.796797738,15.4,16.48318584,30.5939166,206.8678795,#DIV/0!,16.98015302,114.8152521,,
1588,45852,LMF,Homenheim Concentrate,Homenheim,Concentrate,Homenheim Concentrate,Concentrate,Concentrate,Concentrate,F25 0018,18,48,3,3,106,14.8,17,21.31391271,44.76659175,199.4838359,25.40510047,1.273541806,14.8,15.95255354,31.82276573,125.261326,#DIV/0!,17.66218555,69.52220311,,
1688,45854,LMF,Hohenheimer Heustandard,Hohemheimer,Heustandard,Hohenheimer Heustandard,Poaceae,Poales,Grasses,F25 0017,19,49,1,1,206,14.2,16.6,23.01017566,43.2547052,86.43789499,24.54243071,2.839313789,14.2,15.32327366,13.24511519,53.96822893,#DIV/0!,7.351268086,29.95330076,,
1689,45854,LMF,Hohenheimer Heustandard,Hohemheimer,Heustandard,Hohenheimer Heustandard,Poaceae,Poales,Grasses,F25 0017,19,49,1,2,207,14.9,16.9,23.45267904,43.69720858,86.31394013,70.805457,8.203246994,14.9,15.82658228,13.66054675,19.29307052,#DIV/0!,7.581839789,10.70798793,,
1691,45854,LMF,Homenheim Concentrate,Hohemheimer,Concentrate,Homenheim Concentrate,Poaceae,Poales,Grasses,F25 0018,19,49,1,1,209,14.6,17.5,31.86024322,53.4322829,113.298493,70.48385477,6.221076109,14.6,15.77080745,17.86808717,25.35061005,#DIV/0!,9.917097517,14.07002717,,
1692,45854,LMF,Homenheim Concentrate,Hohemheimer,Concentrate,Homenheim Concentrate,Poaceae,Poales,Grasses,F25 0018,19,49,1,2,210,15,18,34.51526349,54.75979303,115.826989,50.61047451,4.369488919,15,16.10909091,18.65867496,36.86721996,#DIV/0!,10.35588742,20.46194492,,
1693,45854,LMF,Homenheim Concentrate,Hohemheimer,Concentrate,Homenheim Concentrate,Poaceae,Poales,Grasses,F25 0018,19,49,1,3,211,15.7,17.6,29.20522295,50.33475925,101.8491437,78.83486365,7.740356059,15.7,16.49758242,16.80264642,21.31372548,#DIV/0!,9.325759467,11.82948639,,
1793,45859,LMF,Hohenheimer Heustandard,Hohemheimer,Heustandard,Hohenheimer Heustandard,Poaceae,Poales,Grasses,F25 0017,19,50,2,1,95,14.2,17.1,19.17514638,40.94631258,81.30554433,67.71313294,8.328230689,14.2,15.74193084,12.79906255,18.90189096,#DIV/0!,7.103701154,10.4908765,,
1794,45859,LMF,Hohenheimer Heustandard,Hohemheimer,Heustandard,Hohenheimer Heustandard,Poaceae,Poales,Grasses,F25 0017,19,50,2,2,96,14.2,17.7,24.9276903,40.94631258,82.1096651,53.03586,6.459149473,14.2,15.56923631,12.78384779,24.10415857,#DIV/0!,7.095256699,13.37822503,,
1795,45859,LMF,Hohenheimer Heustandard,Hohemheimer,Heustandard,Hohenheimer Heustandard,Poaceae,Poales,Grasses,F25 0017,19,50,2,3,97,14.4,17.3,24.9276903,47.14135987,95.37102372,76.87612738,8.060742601,14.4,15.76652065,15.03669215,19.5596379,#DIV/0!,8.345624293,10.85593744,,
1796,45859,LMF,Homenheim Concentrate,Hohemheimer,Concentrate,Homenheim Concentrate,Poaceae,Poales,Grasses,F25 0018,19,50,2,1,98,14.8,17.8,31.12273759,55.99142744,113.3361858,43.66733988,3.852903604,14.8,16.13245522,18.28390942,41.87090276,#DIV/0!,10.14788606,23.23907544,,
1797,45859,LMF,Homenheim Concentrate,Hohemheimer,Concentrate,Homenheim Concentrate,Poaceae,Poales,Grasses,F25 0018,19,50,2,2,99,15,18.3,30.23773083,53.33640717,111.672215,75.23113435,6.73678178,15,16.42914823,18.34679374,24.38723528,#DIV/0!,10.18278794,13.5353375,,
1798,45859,LMF,Homenheim Concentrate,Hohemheimer,Concentrate,Homenheim Concentrate,Poaceae,Poales,Grasses,F25 0018,19,50,2,3,100,14.9,18,32.00774435,58.6464477,119.1864524,57.87067665,4.855474383,14.9,16.30809859,19.43704417,33.58703456,#DIV/0!,10.78789579,18.64138527,,
1898,45861,LMF,Hohenheimer Heustandard,Hohemheimer,Heustandard,Hohenheimer Heustandard,Forage,Forage,Forage,F25 0017,19,51,3,1,206,14.1,17.1,24.19018467,59.92233244,119.1367529,66.87681833,5.613449812,14.1,15.88892308,18.92954703,28.3050951,#DIV/0!,10.5062261,15.70981749,,
1899,45861,LMF,Hohenheimer Heustandard,Hohemheimer,Heustandard,Hohenheimer Heustandard,Forage,Forage,Forage,F25 0017,19,51,3,2,207,14.7,17,23.30517791,44.43471421,88.3605296,38.3948056,4.345243943,14.7,15.79369295,13.95539073,36.34708006,#DIV/0!,7.745483298,20.17325827,,
1900,45861,LMF,Hohenheimer Heustandard,Hohemheimer,Heustandard,Hohenheimer Heustandard,Forage,Forage,Forage,F25 0017,19,51,3,3,208,15,17.1,22.42017115,44.43471421,86.50659246,36.51405146,4.220955932,15,16.04041494,13.87601638,38.0018536,#DIV/0!,7.70142916,21.09168622,,
1901,45861,LMF,Homenheim Concentrate,Hohemheimer,Concentrate,Homenheim Concentrate,Concentrate,Concentrate,Concentrate,F25 0018,19,51,3,1,209,15.1,18.6,33.92525898,56.8248088,117.2367115,69.23879895,5.905897401,15.1,16.51044776,19.356306,27.95586621,#DIV/0!,10.74308472,15.51598941,,
1902,45861,LMF,Homenheim Concentrate,Hohemheimer,Concentrate,Homenheim Concentrate,Concentrate,Concentrate,Concentrate,F25 0018,19,51,3,2,210,15.2,18.5,32.59774885,57.26731218,121.3841666,46.88266133,3.862337455,15.2,16.62157115,20.17595562,43.03500495,#DIV/0!,11.19800444,23.8851723,,
1903,45861,LMF,Homenheim Concentrate,Hohemheimer,Concentrate,Homenheim Concentrate,Concentrate,Concentrate,Concentrate,F25 0018,19,51,3,3,211,15.7,18.2,37.46528601,60.8073392,121.9990892,46.39108198,3.802576092,15.7,16.65967253,20.32464874,43.81154282,#DIV/0!,11.28053169,24.31616425,,
2003,45866,LMF,Hohenheimer Heustandard,Hohenheimer,Heustandard,Hohenheimer Heustandard,Forage,Forage,Forage,F25 0017,20,52,1,1,95,15.2,17.2,23.08392622,44.98784343,87.72382108,58.15417996,6.62923471,15.2,16.17377049,14.18824949,24.39764347,#DIV/0!,7.874723937,13.54111423,,
2004,45866,LMF,Hohenheimer Heustandard,Hohenheimer,Heustandard,Hohenheimer Heustandard,Forage,Forage,Forage,F25 0017,20,52,1,2,96,15.1,17.1,23.08392622,45.43034681,86.94532404,76.82368839,8.83586199,15.1,16.08376623,13.98408267,18.20282645,#DIV/0!,7.761407821,10.10288361,,
2005,45866,LMF,Hohenheimer Heustandard,Hohenheimer,Heustandard,Hohenheimer Heustandard,Forage,Forage,Forage,F25 0017,20,52,1,3,97,14.3,17.4,22.64142284,44.54534006,88.85485732,65.99026261,7.426747912,14.3,15.82433775,14.06069273,21.30722348,#DIV/0!,7.803927729,11.82587767,,
2006,45866,LMF,Homenheim Concentrate,Homenheim,Concentrate,Homenheim Concentrate,Concentrate,Concentrate,Concentrate,F25 0018,20,52,1,1,98,15.5,17.1,29.72147689,55.60792451,110.6316894,80.86105782,7.309032182,15.5,16.24482759,17.9719272,22.22568896,#DIV/0!,9.974730528,12.3356419,,
2007,45866,LMF,Homenheim Concentrate,Homenheim,Concentrate,Homenheim Concentrate,Concentrate,Concentrate,Concentrate,F25 0018,20,52,1,2,99,15.4,18.2,29.72147689,56.93543464,109.463799,58.74110486,5.36625856,15.4,16.73834197,18.32242502,31.19182906,#DIV/0!,10.16926288,17.31200478,,
2008,45866,LMF,Homenheim Concentrate,Homenheim,Concentrate,Homenheim Concentrate,Concentrate,Concentrate,Concentrate,F25 0018,20,52,1,3,100,15.6,18.2,27.95146338,52.95290424,104.1783697,75.60451495,7.257218095,15.6,16.8275766,17.53069496,23.18736516,#DIV/0!,9.729839001,12.86938883,,
2108,45868,LMF,Hohenheimer Heustandard,Hohenheimer,Heustandard,Hohenheimer Heustandard,Forage,Forage,Forage,F25 0017,20,53,2,1,200,15,17.2,22.9364251,47.49536258,94.41247915,75.29133262,7.974722548,15,16.13757764,15.23588712,20.23591108,#DIV/0!,8.456180951,11.23128075,,
2109,45868,LMF,Hohenheimer Heustandard,Hohenheimer,Heustandard,Hohenheimer Heustandard,Forage,Forage,Forage,F25 0017,20,53,2,2,201,15,17.3,22.49392172,45.72534906,87.98667156,49.950446,5.677046888,15,16.16854839,14.22616757,28.48056165,#DIV/0!,7.895769126,15.80720446,,
2110,45868,LMF,Hohenheimer Heustandard,Hohenheimer,Heustandard,Hohenheimer Heustandard,Forage,Forage,Forage,F25 0017,20,53,2,3,202,15.1,17.4,20.72390821,44.39783893,87.3354888,50.17307183,5.744866436,15.1,16.32641196,14.25875169,28.41913236,#DIV/0!,7.913853879,15.77311014,,
2111,45868,LMF,Homenheim Concentrate,Homenheim,Concentrate,Homenheim Concentrate,Concentrate,Concentrate,Concentrate,F25 0018,20,53,2,1,203,15.6,17.9,30.01647914,57.23043689,121.2829479,63.74042639,5.255514272,15.6,16.69368557,20.24659398,31.76413326,#DIV/0!,11.23720994,17.62964351,,
2112,45868,LMF,Homenheim Concentrate,Homenheim,Concentrate,Homenheim Concentrate,Concentrate,Concentrate,Concentrate,F25 0018,20,53,2,2,204,16.2,18.3,29.57397577,56.78793352,116.1078418,79.12477191,6.814765538,16.2,17.20636364,19.97793747,25.24865095,#DIV/0!,11.08810094,14.0134381,,
2113,45868,LMF,Homenheim Concentrate,Homenheim,Concentrate,Homenheim Concentrate,Concentrate,Concentrate,Concentrate,F25 0018,20,53,2,3,205,15.7,18.2,30.9014859,55.46042338,114.2737901,53.41307844,4.674132047,15.7,16.80704787,19.20605061,35.95758037,#DIV/0!,10.65969037,19.95707921,,
2216,45873,LMF,Homenheim Concentrate,Homenheim,Concentrate,Homenheim Concentrate,Concentrate,Concentrate,Concentrate,F25 0018,20,54,3,1,98,15.3,18.2,31.63899153,57.19356161,118.5018513,81.97408804,6.917536489,15.3,16.59574468,19.66626468,23.99083071,#DIV/0!,10.91511715,13.31532611,,
2217,45873,LMF,Homenheim Concentrate,Homenheim,Concentrate,Homenheim Concentrate,Concentrate,Concentrate,Concentrate,F25 0018,20,54,3,2,99,14.9,18.5,31.63899153,58.96357512,126.5189709,53.80277675,4.252546188,14.9,16.56829268,20.9620334,38.96087649,#DIV/0!,11.6342912,21.62396052,,
2218,45873,LMF,Homenheim Concentrate,Homenheim,Concentrate,Homenheim Concentrate,Concentrate,Concentrate,Concentrate,F25 0018,20,54,3,3,100,15,18.6,29.86897802,55.86605148,113.1440288,68.08169099,6.017258861,15,16.67524752,18.86704686,27.71236523,#DIV/0!,10.47153743,15.38084216,,
2219,45873,LMF,Sample 8,Cynodon,nlemfuensis,Cynodon nlemfuensis ,Poaceae,Poales,Grasses,F25 0008,20,54,3,1,101,14.3,16.3,20.57640708,56.75105823,110.5877157,16.20822722,1.465644454,14.3,15.5748538,17.22387505,106.2662487,#DIV/0!,9.559548642,58.97960654,,
2220,45873,LMF,Sample 8,Cynodon,nlemfuensis,Cynodon nlemfuensis ,Poaceae,Poales,Grasses,F25 0008,20,54,3,2,102,13.8,16,20.57640708,58.96357512,117.5617126,40.06630243,3.408108095,13.8,15.23227017,17.90731767,44.69421082,#DIV/0!,9.938871123,24.80606026,,
2221,45873,LMF,Sample 8,Cynodon,nlemfuensis,Cynodon nlemfuensis ,Poaceae,Poales,Grasses,F25 0008,20,54,3,3,103,14.2,16.1,20.57640708,57.63606499,113.8721733,33.69515882,2.959033612,14.2,15.42168906,17.56101249,52.11731627,#DIV/0!,9.746665755,28.92601221,,
2318,45880,LMF,Hohenheimer Heustandard,Hohenheimer,Heustandard,Hohenheimer Heustandard,Forage,Forage,Forage,F25 0017,21,55,1,1,95,13.6,17.3,22.27267003,46.16785244,90.36272876,57.11632051,6.320783059,13.6,15.51501597,14.0197918,24.54603461,#DIV/0!,7.781227007,13.62347388,,
2319,45880,LMF,Hohenheimer Heustandard,Hohenheimer,Heustandard,Hohenheimer Heustandard,Forage,Forage,Forage,F25 0017,21,55,1,2,96,14,17.2,22.71517341,47.49536258,98.26604973,35.05531628,3.567388368,14,15.66956522,15.39786275,43.92447247,#DIV/0!,8.546080224,24.37884216,,
2320,45880,LMF,Hohenheimer Heustandard,Hohenheimer,Heustandard,Hohenheimer Heustandard,Forage,Forage,Forage,F25 0017,21,55,1,3,97,14.2,17.7,22.27267003,45.72534906,88.11055283,51.1517668,5.805407543,14.2,15.99516129,14.09342504,27.55217643,#DIV/0!,7.822094727,15.2919346,,
2321,45880,LMF,Homenheim Concentrate,Homenheim,Concentrate,Homenheim Concentrate,Concentrate,Concentrate,Concentrate,F25 0018,21,55,1,1,98,14.6,19,33.77775786,59.00045041,129.3107333,71.48610513,5.52824219,14.6,16.481,21.31170195,29.81236971,#DIV/0!,11.8283633,16.54638097,,
2423,45882,LMF,Hohenheimer Heustandard,Hohenheimer,Heustandard,Hohenheimer Heustandard,Forage,Forage,Forage,F25 0017,21,56,2,1,200,13.6,16.6,21.01891046,43.36533105,84.40968223,77.22620217,9.148974399,13.6,15.14591837,12.78462156,16.55477183,#DIV/0!,7.095686155,9.188184782,,
2424,45882,LMF,Hohenheimer Heustandard,Hohenheimer,Heustandard,Hohenheimer Heustandard,Forage,Forage,Forage,F25 0017,21,56,2,2,201,14.3,16.9,19.69140032,42.48032429,82.49637736,42.20636892,5.11614816,14.3,15.69479167,12.94763456,30.67696864,#DIV/0!,7.186161188,17.02624834,,
2425,45882,LMF,Hohenheimer Heustandard,Hohenheimer,Heustandard,Hohenheimer Heustandard,Forage,Forage,Forage,F25 0017,21,56,2,3,202,14.5,16.7,20.57640708,44.2503378,84.46554211,40.54052992,4.799653079,14.5,15.677,13.24166304,32.66277738,#DIV/0!,7.349352079,18.12840654,,
2431,45882,LMF,Sample 8,Cynodon,nlemfuensis,Cynodon nlemfuensis ,Poaceae,Poales,Grasses,F25 0008,21,56,2,3,205,15.2,16.6,18.80639357,50.00288172,96.31206966,35.10866744,3.645302978,15.2,16.07345133,15.48067364,44.09359503,#DIV/0!,8.592041701,24.47270811,,
2528,45888,LMF,Hohenheimer Heustandard,Hohenheimer,Heustandard,Hohenheimer Heustandard,Forage,Forage,Forage,F25 0017,21,57,3,1,95,13.9,16,22.78892397,45.79909963,96.6374353,74.46864728,7.705983406,13.9,14.95507246,14.45219848,19.40709145,#DIV/0!,8.021220192,10.77127152,,
2529,45888,LMF,Hohenheimer Heustandard,Hohenheimer,Heustandard,Hohenheimer Heustandard,Forage,Forage,Forage,F25 0017,21,57,3,2,96,13.9,16.1,21.90391721,44.47158949,92.44670994,49.25694774,5.328145022,13.9,15.01641791,13.88218431,28.18320043,#DIV/0!,7.704852468,15.64216384,,
2530,45888,LMF,Hohenheimer Heustandard,Hohenheimer,Heustandard,Hohenheimer Heustandard,Forage,Forage,Forage,F25 0017,21,57,3,3,97,13.9,16.1,22.34642059,45.79909963,85.79155719,71.37727588,8.319848505,13.9,15.02657005,12.89152844,18.06111018,#DIV/0!,7.155021319,10.02422862,,
2617,45896,LMF,Hohenheimer Heustandard,Hohenheimer,Heustandard,Hohenheimer Heustandard,Concentrate,Concentrate,Concentrate,F25 0017,22,59,2,3,205,15.3,16.9,23.15767678,46.16785244,205.3995991,35.35640024,1.721347091,15.3,16.09744409,33.06408563,93.51654977,#DIV/0!,18.35113957,51.90330306,,
2618,45896,LMF,Sample 8,Cynodon,nlemfuensis,Cynodon nlemfuensis ,Poaceae,Poales,Grasses,F25 0008,22,59,2,1,206,18.3,16.7,14.7501126,42.62782542,90.93966933,19.21039266,2.112432649,18.3,17.25363322,15.690397,81.67660743,#DIV/0!,8.708441793,45.33193022,,
2619,45896,LMF,Sample 8,Cynodon,nlemfuensis,Cynodon nlemfuensis ,Poaceae,Poales,Grasses,F25 0008,22,59,2,2,207,17.4,16.4,6.785051797,12.09509233,25.77717913,12.19415685,4.73060174,17.4,16.96097561,4.372061066,35.85373815,#DIV/0!,2.426569533,19.89944498,,
2620,45896,LMF,Sample 8,Cynodon,nlemfuensis,Cynodon nlemfuensis ,Poaceae,Poales,Grasses,F25 0008,22,59,2,3,208,15,16.4,18.732643,46.16785244,98.4917526,31.66910158,3.215406442,15,15.83194888,15.59316392,49.2377843,#DIV/0!,8.654475756,27.32782215,,
2658,45901,LMF,Hohenheimer Heustandard,Hohenheimer,Heustandard,Hohenheimer Heustandard,Concentrate,Concentrate,Concentrate,F25 0017,22,60,3,2,99,13.6,16.6,22.71517341,45.28284569,201.86499,26.05437236,1.290166997,13.6,15.09511401,30.47175037,117.0012413,#DIV/0!,16.91234865,64.93771316,,
2659,45901,LMF,Hohenheimer Heustandard,Hohenheimer,Heustandard,Hohenheimer Heustandard,Concentrate,Concentrate,Concentrate,F25 0017,22,60,3,3,100,13,16.2,23.60018016,47.0528592,209.5878749,20.50700796,0.977662569,13,14.59498433,30.58931749,149.2844749,#DIV/0!,16.97760043,82.85546635,,
2661,45901,LMF,Sample 8,Cynodon,nlemfuensis,Cynodon nlemfuensis ,Poaceae,Poales,Grasses,F25 0008,22,60,3,2,102,13.8,15.7,21.38766327,53.69040987,114.4255269,41.65477771,3.635976431,13.8,14.94313187,17.09875737,41.09798882,#DIV/0!,9.490106169,22.81009483,,
2698,45909,0,CIAT-BH22_2046,Urochloa,humidicola,Urochloa humidicola,Poaceae,Poales,grasses,F25 2183,22,61,4,3,34,11.8,14.2,32.08149491,82.41625416,169.7214517,47.32259093,2.788250422,11.8,13.26577181,22.5148605,47.57740448,#DIV/0!,12.49613711,26.40628263,,
2699,45909,LMF,Hohenheimer Heustandard,Hohenheimer,Heustandard,Hohenheimer Heustandard,Concentrate,Concentrate,Concentrate,F25 0017,22,61,4,1,35,14.9,16.5,17.47888343,41.70594338,185.84532,26.11467647,3.040624809,14.9,15.82944297,29.41827894,52.05983627,#DIV/0!,16.32765378,28.89410982,,
2700,45909,LMF,Hohenheimer Heustandard,Hohenheimer,Heustandard,Hohenheimer Heustandard,Concentrate,Concentrate,Concentrate,F25 0017,22,61,4,2,36,14.1,16.5,21.90391721,46.57348054,207.6184709,46.62066833,2.246394983,14.1,15.37125891,31.91357271,68.42634098,#DIV/0!,17.71258499,37.97780309,,
2701,45909,LMF,Hohenheimer Heustandard,Hohenheimer,Heustandard,Hohenheimer Heustandard,Concentrate,Concentrate,Concentrate,F25 0017,22,61,4,3,37,13.9,16.2,21.01891046,46.13097716,205.5636563,56.93239164,2.768467827,13.9,15.15203837,31.14708408,54.73077281,#DIV/0!,17.28717054,30.37652581,,
