substrate_id,exp_id,rumen_fluid_vid,center,functional,family,genus,species,Acetate [mmol/g],Butyrate [mmol/g],CH4 [% GP],CH4 [mL/mmol],CH4 [ml/L],CH4 [ml/g],Caproate [mmol/g],GP [ml/g],Isobutyrate [mmol/g],Isovalerate [mmol/g],Propionate [mmol/g],SCFA [mmol/g],Valerate [mmol/g]
987,AMC 03,37&261,ILRI,Legume,Fabaceae,Vicia,villosa,4.863425509936933,0.8800858321948483,14.765707736542337,5.368107169570162,147.65707736542333,39.37226052605315,0.013456007929624467,264.5074070203548,0.1064205997174577,0.20588119593233756,1.1445753732663269,7.330281725288309,0.11643720631078118
988,AMC 03,37&261,ILRI,Legume,Fabaceae,Lablab,purpureus,4.6411754004560875,0.8916948030933743,13.843899180967979,5.273430521154422,138.43899180967978,36.887829496946175,0.013605550240317434,265.02404779874115,0.10614663706116695,0.20890747521138286,1.0164376880969423,6.995688315183666,0.1177207610243939
989,AMC 03,37&261,ILRI,Legume,Fabaceae,Arachis,glabrata   ,4.917577942859064,0.7325162404548964,14.775512047808165,5.730142107717637,147.75512047808166,41.37202711882163,0.007564221079122767,279.68108951334995,0.0994467236004709,0.19175468842621482,1.1558661503194962,7.2209958486849715,0.1162698819457052
990,AMC 03,37&261,ILRI,Legume,Fabaceae,Medicago,sativa,4.6630528455097595,0.6543558655553394,15.047122494391212,5.902118633975984,150.47122494391212,41.124373523199516,0.009961719639423284,272.5753275289599,0.11712056069927372,0.22594881669540068,1.168459519753653,6.9653281323906056,0.12642880453775593
991,AMC 03,37&261,ILRI,Legume,Fabaceae,Macroptilium ,lathyroides,4.800080984397256,0.9085942052678768,15.074455812459611,5.708018386574487,150.74455812459613,41.03546894082814,0.012092276798707733,272.22840413459,0.10552103620099514,0.20865557095052578,1.0203166131098154,7.191371453042994,0.13611076631781985
992,AMC 03,37&261,ILRI,Legume,Fabaceae,Vicia,sativa,5.079868083366725,1.0551941031987715,15.316744431817602,5.9229533301182995,153.167444318176,44.211609993796564,0.019905928552724852,290.4769266525872,0.09512432073177192,0.18554903018386038,0.9546500636763722,7.497692398969595,0.10740086925936902
993,AMC 03,37&261,ILRI,Legume,Fabaceae,Desmodium,intortum,4.313675314190868,0.5495914812139665,13.776898011483992,4.747724967127254,137.7689801148399,28.620946734563315,0.006046569104892033,207.6558512311668,0.07937527367145845,0.1593916459938749,0.8352475775349634,6.027760045731,0.08443218402097735
994,AMC 03,37&261,ILRI,Legume,Fabaceae,Calopogonium ,mucunoides,4.510293581921403,0.7171486911754221,14.893143291953999,5.534374140095565,148.93143291954,36.908123821917336,0.010589890803365434,248.48159325553812,0.08186744156764211,0.16456376256206548,1.0872286101223219,6.6623049878980325,0.09061300974581112
995,AMC 03,37&261,ILRI,Legume,Fabaceae,Neonotonia,wightii,4.683037933877503,0.6389059976632172,15.986790475603163,5.708206825183381,159.86790475603163,39.186575685753866,0.010402614987001183,245.39788309103076,0.11300618984985235,0.22008679874469603,1.1118784327908926,6.892116711016243,0.11479874310308118
996,AMC 03,37&261,ILRI,Legume,Fabaceae,Desmodium,uncinatum,4.383867030428196,0.6244086883839057,14.312530625002054,5.233504611444361,143.12530625002054,32.30440899216229,0.008330560376259684,225.00010653572454,0.07243930831183173,0.14646207570820982,0.8656827602560381,6.180848487637763,0.0796580641733211
997,AMC 03,37&261,ILRI,Legume,Fabaceae,Vigna,unguiculata,4.800739844645913,0.7934725492526876,14.980262872227845,5.304615591757952,149.80262872227846,37.02125439454406,0.012408027695630533,246.6957933024163,0.10465840305449493,0.2072390422755367,0.9449367588873215,6.969497214242641,0.10604258843105725
998,AMC 03,37&261,ILRI,Legume,Fabaceae,Macroptilium ,atropurpureum,4.7435059671925535,0.727677168735733,14.074928916595866,5.04068327760665,140.74928916595863,35.04883138530701,0.0175435643721659,249.60158433065382,0.09465239493393678,0.18118857356736018,1.0937614628369718,6.961470423412339,0.10314129177361599
999,AMC 03,37&261,ILRI,Legume,Fabaceae,Chamaecrista,rotundifolia,7.256928113170249,1.3041034925157158,14.28950667073754,4.550261779864198,142.8950667073754,34.19150064069493,0.01543329195117555,239.0554548306628,0.14149605555075456,0.27433365535825144,1.5488279219972974,10.679206755823941,0.13808422528049744
1000,AMC 03,37&261,ILRI,Legume,Fabaceae,Teramnus ,uncinatus,4.1226507240665775,0.5597378818990623,16.209861583289847,5.764321068080537,162.09861583289845,34.74925655279605,0.007825256412055283,214.38266673556566,0.08931494904295938,0.17459541045059893,1.0272906095276637,6.073981450158343,0.09256661875942707
1001,AMC 03,37&261,ILRI,Legume,Fabaceae,Teramnus ,labialis,4.414215010839296,0.5742764943915682,16.431651296060675,6.022123979702527,164.3165129606068,39.31972467798081,0.006567408327810567,239.84779972829998,0.1118839649172263,0.22203691615844298,1.1291950898180272,6.564799337168579,0.10662445271620752
1002,AMC 03,37&261,ILRI,Legume,Fabaceae,Arachis,pintoi,4.952726190035334,0.7367370017724447,14.881387414326836,5.855143872966174,148.81387414326835,43.25683959791244,0.006814995536440784,291.3058703175059,0.09976755146950265,0.19301876306490587,1.2783387603375578,7.391293231599687,0.12388996938350028
1003,AMC 04,22&179,ILRI,Legume,Fabaceae,Trifolium,semipilosum,5.361975577845146,0.767361371972939,14.33517018672345,4.83291894784586,143.3517018672345,37.447975726331975,0.00596871695043595,258.9758016804997,0.10822707618590838,0.19115541727931973,1.334534365897343,7.893261499621405,0.12403897349031316
1004,AMC 04,22&179,ILRI,Legume,Fabaceae,Trifolium,repens ,5.605660499430955,0.8478051872207866,15.475964357362614,5.381129739560808,154.75964357362614,46.14541896941119,0.012475383204238933,298.0156926554026,0.16872828971190987,0.29858569637477045,1.471156373020808,8.574193205616249,0.16978177665277916
1005,AMC 04,22&179,ILRI,Legume,Fabaceae,Desmanthus,leptophyllus,4.089922306106897,0.40418022079136184,11.835868810054789,3.394726309349709,118.3586881005479,19.70032495454733,0.0011057288235846341,166.34830293743912,0.02884246745114723,0.05780910214464308,1.1625554764732364,5.799373118008849,0.05495781621797797
1006,AMC 04,22&179,ILRI,Legume,Fabaceae,Macrotyloma,axillare,4.850190628004764,0.8896271596323602,14.416906867469535,5.575065409232983,144.53559266124782,40.68798163622822,0.016533392555747935,280.9377757831581,0.10739834165012331,0.2192461606097427,1.1819781403305396,7.39073792185908,0.12576409907580105
1007,AMC 04,22&179,ILRI,Legume,Fabaceae,Stylosanthes,guianensis,5.026847127891083,0.7406012436898896,15.324282841096396,5.851927355447745,154.13431575104997,41.489714169085154,0.005694524045280016,268.87017943104235,0.0850049495663975,0.15202056307316544,1.0256602827106753,7.123988948747848,0.0881602577713579
1008,AMC 04,22&179,ILRI,Legume,Fabaceae,Lathyrus ,sativus,5.098370098765944,0.8951799924797271,14.862667585550009,5.344062488237771,148.6266758555001,41.15981210876636,0.01960586349860813,277.1957328130906,0.10764352976026648,0.19585566503778717,1.270125724361768,7.750070014173108,0.16328914026900654
1009,AMC 04,22&179,ILRI,Legume,Fabaceae,Trifolium,pratense,5.174862644951369,0.724993976944463,13.707978175516041,5.269815156234247,137.07978175516044,38.797076341460404,0.0053707598881207,281.4606575657419,0.08022568803387958,0.15163684344332953,1.2639179084098486,7.508484815172064,0.10747699350105384
1010,AMC 04,22&179,ILRI,Legume,Fabaceae,Leucaena,pallida,3.7214105135751936,0.3030845003304618,11.371739204956386,3.735523406125314,113.71739204956386,18.883292960842933,0.0023216221297113968,166.57667175260158,0.027500149487877715,0.046216538894764236,0.951048828288728,5.107529481041372,0.05594732833463497
1011,AMC 04,22&179,ILRI,Legume,Fabaceae,Listia ,bainesii,4.933442044552556,0.7881758588079472,13.86180509691197,5.027794230376678,138.6180509691197,36.02542835909694,0.01350124426098325,260.3644672118994,0.0802702194550924,0.14322980418625517,1.1639911027294765,7.215292211622955,0.09268193763064499
1012,AMC 04,22&179,ILRI,Legume,Fabaceae,Centrosema  ,Centrosema schottii,4.098391208148845,0.8971837430661361,11.833926760918896,4.274814423616595,119.92351802427656,27.467914371146765,0.01809949867598555,226.13297996135384,0.06428686045639659,0.10699469423872048,0.8989352684301966,6.162666919569298,0.0787756465530177
1013,AMC 04,22&179,ILRI,Legume,Fabaceae,Trifolium,burchellianum,2.487430189687408,0.4244166962615088,6.3764166030057785,1.64896537755644,64.2905522554668,7.166025485177021,0.0007201815409784654,109.5014576572675,0.04311472348034421,0.090023956180723,1.215489324834614,4.374292220466326,0.11309714848075021
1014,AMC 04,22&179,ILRI,Legume,Fabaceae,Bouffordia,dichotoma,4.129784340895586,0.5254776091844535,15.046113081591963,5.315383706830344,150.4611308159196,31.40085924415154,0.004108386353086483,208.54887992862845,0.07302233041875676,0.1270105096166069,0.8889822778562936,5.848194258796217,0.09980880447143314
1015,AMC 04,22&179,ILRI,Legume,Fabaceae,Stylosanthes ,fruticosa,4.887154011457802,0.7191829113534799,15.03136480609163,5.148756654347157,150.3136480609163,36.2981646420758,0.01035147836597105,240.84513530846303,0.10175891565802377,0.1811578231215912,1.0660973188420233,7.0965694407990965,0.13086698200020383
1016,AMC 04,22&179,ILRI,Legume,Fabaceae,Grona,heterocarpa,3.318884424540516,0.27153778676697365,10.490356652084666,3.340453721150548,104.90356652084667,16.271440790263586,2.2198627553337966e-05,147.39186005561842,0.03165568762994375,0.05932723545475357,0.9354113734943685,4.682469421121001,0.06563071460689192
1017,AMC 04,22&179,ILRI,Legume,Fabaceae,Calopogonium,caeruleum,4.441661324597197,0.6300197725427404,14.612325127285166,4.93888105133265,146.12325127285166,32.22568809387147,0.007991944385390717,220.49727354907554,0.10677540768421989,0.1969208297573293,1.0965835856005441,6.589917041392553,0.10996417682513236
1018,AMC 04,22&179,ILRI,Legume,Fabaceae,Centrosema,pascuorum,4.607369951250338,0.8305111813962104,14.37161684412514,5.3764009842262155,144.21671486196976,36.1803175381466,0.021374002406649734,253.28166186376257,0.07464488988298883,0.12958074493141006,0.986162074493326,6.735471110950891,0.08582826658996723
1019,AMC 04,22&179,ILRI,Legume,Fabaceae,Codariocalyx,gyroides,3.5394396577558283,0.3654511106239509,12.530774424655476,3.9170973631954134,125.30774424655476,19.304454307172673,0.0024110797630330833,154.14026242751802,0.05758907185225529,0.11115688229001762,0.8259027880492206,4.957322783890632,0.055372193556326554
1020,AMC 04,22&179,ILRI,Legume,Fabaceae,Neustanthus ,phaseoloides,3.699177633980867,0.5695824615912873,14.897493769754378,7.1883686236281115,151.22952771036276,33.3023874267157,0.00686164402989,220.2137388501517,0.08470425020703724,0.15375085435917835,0.9030109744742781,5.514207582674974,0.09711976403243584
1021,AMC 04,22&179,ILRI,Legume,Fabaceae,Centrosema ,acutifolium,4.349531050684786,0.6755162489122997,14.733096644618508,4.751394356982829,147.3309664461851,30.660456026467248,0.00669108926134615,207.97464599546205,0.09550872222032179,0.1688479466744552,1.0725155679172385,6.501765793012896,0.13315516734244826
1022,AMC 04,22&179,ILRI,Legume,Fabaceae,Centrosema,molle,4.239694409784298,0.6334316323515827,14.14934257110641,4.33580643918769,141.49342571106408,28.041729925409737,0.007606006090088717,197.4396723980076,0.10501994510332087,0.19184123852835935,1.0994898870053287,6.442529487174646,0.16544636831166792
1023,AMC 04,22&179,ILRI,Legume,Fabaceae,Centrosema,macrocarpum,4.510727324923382,0.6901481755295316,15.271703305097901,5.133485853672415,152.717033050979,34.94479319355941,0.010106443981386918,228.99116936675497,0.10577668919955635,0.1897138974519208,1.1353178905653294,6.8060536190178516,0.16426319736674388
1024,AMC 04,22&179,ILRI,Legume,Fabaceae,Calliandra,calothyrsus,2.639039851279519,0.24776192481766154,12.20987419249746,3.6978623122279726,122.0987419249746,13.04365357317395,0.003953646443869933,105.78596058917371,0.026625213455821948,0.05179119295146085,0.5360049165204805,3.5450606417903763,0.03988389632156267
1025,AMC 04,22&179,ILRI,Legume,Fabaceae,Leucaena,diversifolia,3.2619864261714717,0.3171327145610783,12.037499826261636,3.6943812339252005,120.37499826261636,17.78393426745213,0.0021326465262707837,133.8809515949522,0.056844837109827163,0.09422739691605862,0.8209632913262234,4.610007239802731,0.05671992719180192
1026,AMC 04,22&179,ILRI,Legume,Fabaceae,Centrosema  ,Centrosema virginianum,3.972107404670746,0.6892885703655116,11.92412420558305,3.813892920624014,119.24124205583051,24.224093599623533,0.0079990436454442,185.46492937965684,0.07058429705489827,0.11987039685127088,1.0233214980173149,5.990160649635672,0.10698943903048612
1027,AMC 04,22&179,ILRI,Legume,Fabaceae,Leucaena,trichode,3.7386430273213436,0.4073715195807875,11.782330824776732,4.094249638530215,117.82330824776732,21.533248875613005,0.002195941613036483,182.0583185953554,0.08372181106006571,0.1554000321418567,0.9094506331556471,5.374889309767659,0.07810634489492109
1028,AMC 04,22&179,ILRI,Legume,Fabaceae,Erythrina,abyssinica,3.7821272637175887,0.6094362481057259,14.322799517226915,4.213022393041781,143.22799517226915,23.170953308015754,0.0081480150406833,161.41382418763274,0.10546572738451393,0.19082423522429307,0.9375324087649188,5.742137709878377,0.1086038116406532
1029,AMC 04,22&179,ILRI,Legume,Fabaceae,Clitoria,ternatea,4.4663326138668955,0.6355622242651463,15.595888141806084,4.518788968142791,155.95888141806083,31.2431255425355,0.013311687780786148,199.53268951931713,0.1471662815551661,0.2691953378746279,1.2235008130459741,6.900092781471588,0.14502382308299142
1030,AMC 04,22&179,ILRI,Legume,Fabaceae,Stylosanthes,hamata,5.045469798916606,0.8265555198176971,13.579356163951326,5.0446935526781695,138.32748965801267,37.47798621703324,0.015903392782589,270.53884711302925,0.11111074548691241,0.2006826328130299,1.1195822278723524,7.443477966311424,0.12417364862223756
1031,AMC 04,22&179,ILRI,Legume,Fabaceae,Centrosema ,pascuorum,4.752481927472259,0.7394825409380165,14.556778974760578,4.552842288176747,145.56778974760581,33.117559726665256,0.011898920755808916,227.19564774139204,0.1560541132398877,0.28063113548976254,1.279649652686395,7.37232599384041,0.15212770325828026
1032,AMC 04,22&179,ILRI,Legume,Fabaceae,Flemingia,macrophylla,3.1341015833164825,0.3575947133199377,14.237179111380343,4.078284118004286,142.37179111380343,17.95213754761787,0.0033513840278878,125.50809608291131,0.06093598000316617,0.11033383210025759,0.7399108894728238,4.475105825931631,0.06887744369107557
1033,AMC 04,22&179,ILRI,Legume,Fabaceae,Leucaena,leucocephala,4.54807790392894,0.528198260312139,13.550104047364188,4.122446980403173,135.5010404736419,27.475577614343113,0.003949382182487783,202.34114037683253,0.09280743659035927,0.1611281576665057,1.2511998159516,6.675205017618864,0.08984406098683147
1034,AMC 04,22&179,ILRI,Legume,Fabaceae,Cajanus ,cajan,3.2279461562481866,0.4066591032723846,13.991332986255337,5.160027786409596,140.3877927321993,23.074961892538955,0.0050974707230446335,162.93458373732565,0.06290513841071266,0.12122209552748787,0.7480618127664663,4.643516499742814,0.07162472279453232
1035,AMC 04,22&179,ILRI,Legume,Fabaceae,Gliricidia,sepium,4.904899884830904,0.7489680507416341,14.669824076281495,5.261143274085601,146.69824076281495,39.11499931962461,0.0075722458979046664,265.7806054779018,0.12936646376090963,0.23389999552038254,1.337817036719241,7.49210295898445,0.12957928151347328
1036,AMC 04,22&179,ILRI,Legume,Fabaceae,Sesbania ,grandiflora,4.752603574372252,0.6639644006168065,14.513647208953108,5.121448002321819,145.13647208953108,37.02340021480348,0.009302236064517784,254.9157970789844,0.10566664485721865,0.18536198524633105,1.428991376940587,7.268547715290292,0.12265749719257883
1037,AMC 05,49&179,ILRI,Legume,Fabaceae,Sesbania,sesban var. bicolor,4.489980591721481,0.6359856377995707,13.17698108919358,4.452948644053148,132.58496201914514,30.616242333919285,0.010388467421520617,230.77598797098884,0.1015974825350427,0.18385909687279492,1.28242290151397,6.818535931894529,0.1143017540301491
1038,AMC 05,49&179,ILRI,Grass,Poaceae,Chloris,gayana   ,4.930401733281644,0.5974730675868107,14.78189294533428,5.544645275489003,147.8189294533428,39.86561970897354,0.004701034780550984,269.7113045974816,0.1235368289057633,0.21239639709092087,1.3443321910832806,7.353439969279827,0.140598716550857
1039,AMC 05,49&179,ILRI,Grass,Poaceae,Cenchrus ,Purpureues,4.600613723168173,0.713987746552298,15.396096793798515,5.619453042574775,153.96096793798517,37.955092832000354,0.00908617739971955,246.96818213459278,0.09811538134623676,0.17696440478810996,1.1557026776763906,6.854109725343036,0.0996396144121076
1040,AMC 05,49&179,ILRI,Grass,Poaceae,Hyparrhenia,hirta,3.8793399076813864,0.5311658681824493,13.221272395328512,5.13532240179383,132.21272395328515,28.76751427242974,0.003922394200193983,217.05135526071282,0.06294656568089319,0.11110014145798423,0.9688741163860364,5.623167881143961,0.06581888755501838
1041,AMC 05,49&179,ILRI,Grass,Poaceae,Chloris,gayana,4.985852463256351,0.7351784295731547,14.217025368204405,5.4440702342243865,142.17025368204406,41.246772918606204,0.00885607184874585,289.8956397320835,0.10652004472696419,0.18453461521582523,1.415746961438188,7.5639612308032715,0.12727264474404248
1042,AMC 05,49&179,ILRI,Grass,Poaceae,Megathyrsus,maximus,4.711913728441687,0.6699358463291977,15.538815533002031,5.795217877679161,155.38815533002034,41.005166959053255,0.007954886077881683,263.51188001629856,0.11274548138782163,0.19982060908848157,1.2630340331635654,7.075836870868859,0.11043228638022444
1043,AMC 05,49&179,ILRI,Grass,Poaceae,Panicum,coloratum,4.098857186897631,0.5498298191010886,12.779324040216613,4.990064978881705,127.79324040216612,31.318418976534698,0.0008485780447258854,244.68214944592742,0.060284716654943005,0.10609334591564097,1.3892163685384986,6.276619336585731,0.07148932143320341
1044,AMC 08,22&261,CIAT,Legume,Fabaceae,Aeschynomene,brasiliana,3.693475406761977,0.5862506841568613,12.405188554657991,5.88974351107726,171.3067559588509,32.731049905975965,0.0051625531088703835,192.06449155099946,0.09270607556664823,0.16766486516814194,0.9495667052087132,5.586766279136218,0.09193998916500656
1045,AMC 08,22&261,CIAT,Legume,Fabaceae,Albizzia,saman,1.609155924589298,0.16667799248693593,13.789704327629323,2.6637027165620855,127.98965740806953,7.333193225644088,0.0012424134127478345,57.65888056448776,0.02075131895348323,0.062383456141869666,1.0159608713841364,2.898933362181268,0.022761385212796848
1046,AMC 08,22&261,CIAT,Legume,Fabaceae,Arachis,pintoi,5.647697831774317,0.8420227480620094,16.42699245670519,5.844539926875101,170.0834428308246,47.33419236249548,0.009054528480271317,275.7104470267113,0.14576024020184503,0.24915315282338354,1.2918321851116439,8.365252981852747,0.17973229539927651
1047,AMC 08,22&261,CIAT,Legume,Fabaceae,Bauhinia,sp.,3.8225336406640467,0.5085925825870407,20.55804404034123,6.033022821579973,186.0288527488823,34.910578949074115,0.005478528862565083,188.6611618297749,0.1289267719786524,0.23901071736727797,1.020163354669558,5.861971302012311,0.13726570588317016
1048,AMC 08,22&261,CIAT,Legume,Fabaceae,Cajanus,Cajan,2.9557706110534454,0.24424741877622602,19.987693923213513,4.349173523215852,168.08264954559536,17.535772110026617,0.003905901890852815,107.09757349894637,0.035197101683337284,0.06609554498495183,0.6910157465289682,4.124375099923169,0.12814277500538693
1049,AMC 08,22&261,CIAT,Legume,Fabaceae,Calliandra,magdalenae,3.287794776313413,0.30692208021352607,9.819284195403336,4.389589734688695,141.3277857672907,20.019870841220698,0.024570699874177232,142.61858926051914,0.0666867991894348,0.12410548349377569,0.74661520408611,4.6385748698531275,0.08187982668269023
1050,AMC 08,22&261,CIAT,Legume,Fabaceae,Canavalia,ensiformis,5.1781362890609115,0.5208327697484348,12.025402356966842,5.1634322780287585,168.3442591566767,37.58535913201107,0.008482913698872068,224.6530223882245,0.1265261866658329,0.21827141740365463,1.0882585270821112,7.350224820403496,0.20971671674367753
1051,AMC 08,22&261,CIAT,Legume,Fabaceae,Centrosema,platycarpum,4.3866770966768955,0.4936189517185457,14.833178999173578,4.340779123397296,143.7387468702549,27.64981214033003,0.00656067848104015,192.2259167813561,0.11420937541350919,0.20102359449223264,1.0507500639627143,6.378573241770755,0.12573348102581614
1052,AMC 08,22&261,CIAT,Legume,Fabaceae,Cratylia,mollis,3.6001152553012123,0.34184777525996163,17.352628262660016,5.876375434113179,190.22595353891083,30.464645209577867,0.0043861260655052615,159.46962943412692,0.07817533542759947,0.14400807407142444,0.9663103687036991,5.25268213398919,0.11783919915978697
1053,AMC 08,22&261,CIAT,Legume,Fabaceae,Cratylia,argentea,3.5457161282848184,0.41524598556074227,13.414242244174753,4.700672220627852,171.13377059687957,24.96771448175207,0.004073089587248184,139.24266955935812,0.11509363535348645,0.20573876992576332,1.0086326937304404,5.402110782399031,0.1076104799565318
1054,AMC 08,22&261,CIAT,Legume,Fabaceae,Cratylia,argentea,3.4052164779088265,0.45509865292729074,23.984231695577325,7.163913705247725,213.01942322371883,36.92416783167195,0.006475366390207917,172.64214484410502,0.11647758165202732,0.20196977985493625,1.005107736294076,5.319238637863788,0.12889304283642275
1055,AMC 08,22&261,CIAT,Legume,Fabaceae,Desmodium,heterocarpon,3.8067405794343547,0.3048413084548883,14.361973248770958,4.216577527705907,141.5439168040771,21.50445782122334,0.003958565330140434,152.608013519934,0.057078978817141766,0.09992833449907497,0.8681864946795476,5.28193754555433,0.14120328433918256
1056,AMC 08,22&261,CIAT,Legume,Fabaceae,Desmodium,heterocarpon,3.386452011572707,0.27433355150568967,12.415464349170227,4.495888651384241,150.32304216108483,21.83638803431741,0.0024512138567248667,145.9832750658836,0.06499287482319431,0.12106728030687676,0.8246752097959488,4.768757688624683,0.0947855467635415
1057,AMC 08,22&261,CIAT,Legume,Fabaceae,Desmodium,oblongum,4.775799225617513,0.5635660226075517,20.31369283107752,5.080343230315908,152.91546948618648,33.81040472320965,0.006291571675956333,219.53644219576907,0.1214975635904148,0.2193147282992662,1.0197496108029633,6.8317864387126335,0.1255677161189679
1058,AMC 08,22&261,CIAT,Legume,Fabaceae,Desmodium,scorpiurus,4.831249590472535,0.6715361078786914,15.865438573387662,6.105674725114491,163.10048910182005,42.8992629016194,0.009451852623490183,263.08925234445644,0.11829540244204244,0.20861672222003735,1.1657134817339168,7.127894055004376,0.12303089763366304
1059,AMC 09,37&179,CIAT,Legume,Fabaceae,Enterolobium,cyclocarpum,2.8867004294983403,0.4273877925129271,24.299518870641837,6.895578688849319,221.13295110338132,32.547375986930234,0.008066284079317634,147.17632209906705,0.10577374492144216,0.19671767135970433,0.9961207604413332,4.717495184826583,0.09672850201351778
1060,AMC 09,37&179,CIAT,Legume,Fabaceae,Erythrina,peruviana,2.953010848356213,0.46528723464076077,21.389422910629097,7.601154992270097,213.89422910629096,34.59424369578106,0.005523460703953667,162.82588770157255,0.11838768840821223,0.22640700088033638,0.7390776958370471,4.600363054447619,0.09266912562109475
1061,AMC 09,37&179,CIAT,Legume,Fabaceae,Erythrina,fusca,3.185016252700423,0.49695443069400863,21.41910266248371,6.7894062253293415,204.1171942214171,33.42304791718836,0.007694915581018951,165.66130540294148,0.12806801142111726,0.25032739809331056,0.7823413933617612,4.958138087832945,0.1077356859813055
1062,AMC 09,37&179,CIAT,Legume,Fabaceae,Erythrina,velutina,4.174318005046457,0.7215273476421009,16.59838965633539,6.995788076558873,188.90419069747347,45.9221863071297,0.015490096057296567,244.08514831619584,0.14495117016556758,0.27129622576080564,1.0707829059930112,6.56186407012019,0.16349831945494916
1063,AMC 09,37&179,CIAT,Legume,Fabaceae,Flemingia,macrophylla,2.486478762818597,0.34704459693723894,20.861773997107733,5.754841342893869,175.06467217282614,21.698441247732855,0.0049145667087163334,122.13274965382664,0.07224147982872525,0.14092980107642458,0.6351159015744744,3.781387998913891,0.09466288996971454
1064,AMC 09,37&179,CIAT,Legume,Fabaceae,Flemingia,macrophylla,3.159906295497036,0.3140520475628601,16.48028809423146,6.19224017384661,179.90445176024832,29.00921342271158,0.004484934751342183,162.5928561045086,0.08149576837699932,0.15543771652989533,0.8087130569110955,4.680459054479846,0.15636923485061707
1065,AMC 09,37&179,CIAT,Legume,Fabaceae,Galactia,striata,4.420164343491122,0.5366641190171406,18.849411199238315,7.0336001494323455,189.1122515643693,47.336479620545695,0.006397505134398366,252.05159881128364,0.14241430762663856,0.26782203087526196,1.1955377772516365,6.737099301428741,0.16809921803254277
1066,AMC 09,37&179,CIAT,Legume,Fabaceae,Gliricidia,sepium,4.370545765901248,0.5101776007762654,16.502412536976223,5.826587571019073,170.8116330908206,38.8321189609915,0.005701098654796633,226.5543942632651,0.14851236574949755,0.2872912770453145,1.2201980146211568,6.688590574246148,0.1461644514978695
1067,AMC 09,37&179,CIAT,Legume,Fabaceae,Gliricidia,sepium,4.3379616759207025,0.513061939879594,20.712194949288588,6.5562584320317265,187.22895655392088,43.75603197335473,0.005428091416572384,234.4859059742023,0.16570606999585819,0.3043153080656593,1.2048996774115759,6.707444180032257,0.1760714173422937
1068,AMC 09,37&179,CIAT,Legume,Fabaceae,Gliricidia,sepium,4.008841093626665,0.48786669986900283,14.740587678073382,6.4447238087048335,188.34871137965317,39.00576344686928,0.0060343506563864,207.61765491392893,0.13307169252417808,0.259829561168652,1.0257956205012322,6.045762334302868,0.12432331595675106
1069,AMC 09,37&179,CIAT,Legume,Fabaceae,Lablab,purpureus,4.896636578639661,0.847715358289353,19.096202085105705,6.808079286636328,185.60179703798124,52.06087459995873,0.015641771312769667,282.015084482052,0.16928323057369432,0.3023109354107502,1.182749213019653,7.634272563759254,0.21993547651337106
1070,AMC 09,37&179,CIAT,Legume,Fabaceae,Leucaena ,leucocephala,4.684798503482389,0.5736075159348921,13.667806075202607,5.318150089547113,163.15384672352252,37.53546649728229,0.0048356777543979166,227.98968188761216,0.14069074018476355,0.25714423272176523,1.180723420208798,7.011870319351757,0.17007022906475133
1071,AMC 09,37&179,CIAT,Legume,Fabaceae,Leucaena ,macrophylla,3.230335059587444,0.3745895756273138,23.172189147388664,5.873852939733506,181.99495003825714,28.971395127022287,0.0037506170523664666,158.0770071861896,0.12186639886280708,0.2300711384090446,0.8399077340086446,4.892806571867633,0.09228604832001229
1072,AMC 09,37&179,CIAT,Legume,Fabaceae,Leucaena ,leucocephala,4.536750170372148,0.581081093654345,20.197821638266475,5.551715739644227,161.93608867490664,38.46435265614289,0.0046226234240734,236.43542738898245,0.15980148505866365,0.2920131821885587,1.1484274232009393,6.899031055663001,0.17633507776427382
1073,AMC 09,37&179,CIAT,Legume,Fabaceae,Leucaena,diversifolia,3.395317591002408,0.35716019349880807,13.081764829516109,4.5726923245552475,137.41415302925984,21.658383852166256,0.002280575575930085,157.5888561517251,0.06291762026719068,0.11671014082776575,0.7497701408123123,4.74237217419506,0.05821591221064492
1074,AMC 09,37&179,CIAT,Legume,Fabaceae,Leucaena ,macrophylla,3.547052111316138,0.4582927687511882,18.512858687202918,6.429286616264869,188.2942029538306,35.060885842995496,0.00626742061920935,186.45289675901594,0.13697050246896084,0.2582936753221515,0.9392779661063947,5.4596670338163475,0.11351258923230419
1075,AMC 09,37&179,CIAT,Legume,Fabaceae,Prosopis,juliflora,3.314054249698089,0.4288327530895717,17.835462314038498,6.567418226487232,176.89728463493134,34.122257564268956,0.011210607253715801,193.76856632170663,0.11860274238667186,0.22591235441644983,0.9924629768670173,5.209952223059571,0.11887653934805492
1076,AMC 09,37&179,CIAT,Legume,Fabaceae,Senna,silvestris,4.211652680053078,0.5683422308919474,12.766759026128746,5.838352751223051,153.50013729926778,37.71064927049503,0.006907576715374783,246.62846747784488,0.15238903977902873,0.2874538079766775,1.0885416235066103,6.476246264599379,0.16095930567666197
1077,AMC 09,37&179,CIAT,Legume,Fabaceae,Senna,siamea,3.749587709187145,0.40106283813148197,16.06836520210349,6.090893585478312,156.25193153338037,33.37156729641936,0.004271398148329983,213.9324368582445,0.10953743375808005,0.2123741508789564,0.918018653398827,5.486844574457556,0.09199239095473495
1078,AMC 09,37&179,CIAT,Legume,Fabaceae,Stylosanthes,guianensis,4.6878691503550405,0.6458710724331054,16.949172976700194,7.492946401441315,175.88058383678774,52.04644426406886,0.0066196413466286,296.82516556332024,0.12653555996503565,0.23618665253488516,1.0816209032123243,6.955870200570249,0.17116722072322813
1079,AMC 09,37&179,CIAT,Legume,Fabaceae,Stylosanthes,scabra,4.574588981971293,0.838221889044222,19.34407783202126,7.183416818163699,175.9327310606901,49.69521749938869,0.008982491325734233,282.28215962365454,0.10800586181790446,0.20311027820343966,1.050527181980547,6.923915316298383,0.1404786319552417
1080,AMC 09,37&179,CIAT,Grass,Poaceae,Andropogon,gayanus,4.517599280377506,0.6393302879403826,16.216925974941866,7.286943800352133,179.19706410763965,49.270318900548794,0.008505967841410068,274.73759092205574,0.12065506740608167,0.21907008885060994,1.144265231542558,6.753715594866438,0.10428967090788921
1081,AMC 09,37&179,CIAT,Grass,Poaceae,Axonopus,scoparius,5.1034505780666874,0.7972806897496282,14.530490560037224,7.363330454104127,167.12134491690304,55.42947249647465,0.013086897077368617,329.9362420077891,0.1045326877749802,0.18655616163291147,1.2299257517601234,7.556313746795557,0.12148098073385795
1082,AMC 09,37&179,CIAT,Grass,Poaceae,Brachiaria,decumbens,4.51074749517299,0.6335675851685016,16.669926259936744,6.718088318049254,157.4617557105176,45.83005963663052,0.0036754281841306336,292.6276758082732,0.06469711613271169,0.11816137075540957,1.3874360248784452,6.8198919047415325,0.10160688444934272
1083,AMC 09,37&179,CIAT,Grass,Poaceae,Brachiaria,ruziziensis,4.312398605941987,0.6129350621251,16.930410929010563,6.3106431521831725,150.237404020998,40.850268627124244,0.0004970508905470316,270.85934743627666,0.06874610205121497,0.12277612857775144,1.2763854418076959,6.466480853702328,0.07274246230803141
1084,AMC 09,37&179,CIAT,Grass,Poaceae,Brachiaria,brizantha,4.0619586040653095,0.544242003396843,20.806332161132143,5.786191307675204,138.84120015184706,35.515562577105754,0.002619076446665506,255.18321856734565,0.07758473704191994,0.14111023188214164,1.2067377729356017,6.126901730103289,0.09264930433480721
1085,AMC 09,37&179,CIAT,Grass,Poaceae,Brachiaria,humidicola,4.315608108741087,0.6423902264445943,18.070200213629253,6.08912339866649,151.8128429055594,39.73421993439511,0.002518205069119445,246.2560127233088,0.0844018854011514,0.15747873086787026,1.1582892035432868,6.452182678645298,0.09149631857818853
1086,AMC 09,37&179,CIAT,Grass,Poaceae,Brachiaria,brizantha,4.06606684706778,0.5850534946916175,15.381723026847089,6.850025061254736,167.97666050133245,41.227376016442435,0.002625437189052865,245.58166702309904,0.08723396032787749,0.16591347679530696,1.0837159525246978,6.091983655305427,0.10137448670909409
1087,AMC 09,37&179,CIAT,Grass,Poaceae,Brachiaria,xruziziensis x decumbens,3.9058733471093348,0.4990104126123322,13.125654050382005,6.453135896431115,150.59744567687235,38.76983310047766,0.0009132903004201833,256.7667753158071,0.06851696665846481,0.12470774352882054,1.313884564123022,6.0119980521278125,0.09909172779541765
1088,AMC 09,37&179,CIAT,Grass,Poaceae,Cenchrus,ciliaris,4.570690551571442,0.5919100082981708,19.163374067596767,6.296766446656554,182.13199023423215,42.95352403324364,0.007820434251984967,242.0184126577357,0.12535173476139394,0.21480212554173395,1.2274002484841706,6.869709856831932,0.13173475392303613
1089,AMC 09,37&179,CIAT,Grass,Poaceae,Chloris,gayana,4.758886970962808,0.6307738924607437,12.947475096823608,6.473188499640258,157.0639886589208,46.095040217499964,0.00475187048957795,292.9849364101727,0.11580866836232105,0.2004663666057793,1.2780943145923724,7.142380492029791,0.15359840855618878
1090,AMC 09,37&179,CIAT,Grass,Poaceae,Echinochloa,pyramidalis,4.523272703195983,0.5968769866196518,19.090881679520294,7.754799167177295,190.90881679520297,52.60300226663555,0.005085845102325316,276.4875947820696,0.12695506769730944,0.2196401460862002,1.18374809698247,6.789044634532945,0.13346578884900465
1091,AMC 09,37&179,CIAT,Grass,Poaceae,Panicum,maximum,4.422708889560368,0.682245716001941,14.148670003788595,7.22745510268729,175.9362589089701,49.3411867615792,0.009883896849947933,279.57332818507194,0.14182206307009687,0.2532055706601726,1.1510339609964848,6.843617553805043,0.18271745666603154
1092,AMC 09,37&179,CIAT,Grass,Poaceae,Paspalum,corypheum,3.262387555870166,0.4478846603701669,18.3309408740273,7.38466900324509,183.30940874027297,36.32929518252056,0.0036510828669155666,200.5228418017704,0.08534838440138032,0.16142162009532265,0.8791278469836471,4.920781249539786,0.0809600989521865
1093,AMC 11,49&261,CIAT,Grass,Poaceae,Setaria,sphacelata,4.545796176673471,0.5895906554024112,19.56475094144766,6.497554393159594,222.0629134473854,44.31019755924236,0.008326083378621967,219.89855987441715,0.12515876830179876,0.20853325261774147,1.1181623224801085,6.756837817896819,0.16127055904266677
1137,AMC 14,22&49,ICARDA,Legume,Fabaceae,Medicago,sativa subsp. sativa,4.713107340680128,0.6276375394060687,16.421166772651233,6.539079129676014,170.55127143693088,46.36378110432872,0.008002515547470201,272.6143124374773,0.12454829520139939,0.2321882719825912,1.2419514106058365,7.08743514711792,0.1399997736944271
1138,AMC 14,22&49,ICARDA,Legume,Fabaceae,Medicago,sativa,4.3124699423331245,0.5906534010767425,18.584320207714825,7.760430794959112,191.3376415317601,48.88418689765626,0.007798761356466034,255.02109191900726,0.09497586432050097,0.18089697231228205,1.0032821018803602,6.291752244633835,0.10167520135435888
1139,AMC 14,22&49,ICARDA,Legume,Fabaceae,Medicago,sativa,4.595115661065761,0.6265127478931468,17.702147075321836,6.776072796045111,182.50504483779483,45.050100821548575,0.00892838493074055,246.81900278471028,0.09714628338265154,0.187618111362551,1.070215795158996,6.690875046499358,0.10533806270551134
1140,AMC 14,22&49,ICARDA,Legume,Fabaceae,Medicago,sativa,4.4319787676976725,0.6286662016666391,18.10177121897668,7.3404948032963135,187.85013791361214,47.2000938954799,0.008566254828362084,250.89847803917917,0.10077155372513631,0.19300905269909294,1.002089687655433,6.47121313880439,0.1061316205320537
1141,AMC 14,22&49,ICARDA,Legume,Fabaceae,Medicago,sativa,4.352289734164335,0.6222214632853054,18.342316093934727,7.0088398665747755,183.4231609393473,44.53988063862647,0.007630501255573349,242.9358337022156,0.09820319946215016,0.18678821098505083,1.0067789928709685,6.378068842805184,0.10415674078179919
1142,AMC 14,22&49,ICARDA,Legume,Fabaceae,Medicago,sativa,4.6813991396215275,0.6360373203288654,18.51962864526308,7.2470631472911355,187.92892679580268,49.39692993590727,0.009233153058145835,263.27632156651595,0.1047857934359584,0.19894156562464113,1.1198248912108315,6.864775635343662,0.11455377206369198
1143,AMC 14,22&49,ICARDA,Legume,Fabaceae,Medicago,sativa,4.8238144362857,0.6700031844482487,18.255125595963616,6.541173361898757,182.55125595963617,45.68685924520301,0.009125587243852167,249.2382607454911,0.10186108176038712,0.1938502802682112,1.1159125620648342,7.0215058725048864,0.10693874043365333
1144,AMC 14,22&49,ICARDA,Legume,Fabaceae,Medicago,sativa,4.598986327151917,0.6549476140316024,15.794917785254881,6.530752259285769,164.33530226616094,44.06683777671213,0.009012146948108717,268.9916956696107,0.09889131967045801,0.18802020171350384,1.1129229980018753,6.771075302009638,0.10829469449217273
1145,AMC 14,22&49,ICARDA,Legume,Fabaceae,Trifolium,pratense,4.943389605048034,0.5698787616765468,18.216205280460777,7.110633881318191,184.8783411494469,49.4754796961331,0.011095179121224817,267.42032879464335,0.08870633931182263,0.16398814123407363,1.1536248249768568,7.0284917500625825,0.09780889869402397
1146,AMC 14,22&49,ICARDA,Legume,Fabaceae,Trifolium,pratense,4.984107117141252,0.6536969312108202,16.687035629084225,6.859907298554217,172.55705840670336,48.74160355803388,0.010234817918189367,283.04003375309463,0.09657643418112827,0.18034833485257248,1.1537316765389134,7.178823640713699,0.10012832887082308
1147,AMC 14,22&49,ICARDA,Legume,Fabaceae,Trifolium,pratense,4.970430324633284,0.5471938839905706,16.255469694813822,6.8691559424610915,171.61365642756292,49.29183870278397,0.005016351287895617,287.0132495666145,0.1047758814558164,0.19699052815024476,1.2159187544911152,7.151252997224923,0.1109272732159944
1148,AMC 14,22&49,ICARDA,Legume,Fabaceae,Trifolium,repens,4.570613107118741,0.7422655940742198,18.550036139319136,7.251175354819868,188.53189485133467,48.539214615103816,0.011312792304195634,257.70406956015546,0.10643430228507239,0.19794735167556446,0.9980839461565201,6.742145274871311,0.11548818125699846
1149,AMC 14,22&49,ICARDA,Legume,Fabaceae,Trifolium,repens,4.966078852634453,0.7216161978300698,18.231387190622723,7.189755938486935,189.4790879255752,51.6156396512989,0.012805952948900683,272.522276678806,0.11307627600756236,0.20976492171086816,1.127573175249472,7.270286984909466,0.11937160852813877
1150,AMC 14,22&49,ICARDA,Legume,Fabaceae,Vicia,tenuifolia,5.0979421539363,0.6274471813178555,18.681476914725117,7.147705251523408,189.6120672408789,54.41547060280343,0.0084814108832317,286.9243279116252,0.12872245561617607,0.2422420245909229,1.4265977176336933,7.663517510225151,0.1320845662469713
1151,AMC 14,22&49,ICARDA,Legume,Fabaceae,Trifolium,pratense,4.166194310233349,0.5386682219586784,17.672907892461467,7.518043494720604,182.34317030373825,45.7831749199006,0.01007568418963695,251.1699677419497,0.08549382743160859,0.16134794040472186,1.0382362645008412,6.088924771502423,0.08890852278358713
1152,AMC 14,22&49,ICARDA,Legume,Fabaceae,Trifolium,pratense,4.808290792472932,0.6474445225408542,18.19660260670154,7.491028936985166,184.82502947312568,53.604320375652016,0.010300123850956234,290.0810861512344,0.1117303599358162,0.20894154099541143,1.2423564130636204,7.160646030741069,0.13158227788147708
1153,AMC 14,22&49,ICARDA,Legume,Fabaceae,Lathyrus,sylvestris,3.89289596434979,0.5143045972537621,18.769447666451686,6.771867944853089,193.5706045462866,40.178228919110694,0.011384918420962982,207.5180597957983,0.10143457079173691,0.19455310189227937,1.1481350395153207,5.97119266797964,0.10848447575578744
1154,AMC 14,22&49,ICARDA,Legume,Fabaceae,Lathyrus,latifolius,4.2279529608121855,0.6278634477195725,19.022217790726003,6.960322896147834,190.22217790726003,46.73904464820569,0.012538701490436366,245.34171002526696,0.13419757217873785,0.2542806890772568,1.3667987945235252,6.771276525999627,0.14764436019791213
1155,AMC 14,22&49,ICARDA,Legume,Fabaceae,Lathyrus,pratensis,4.086873204204623,0.45196656352758907,19.218507252090106,6.930179273433159,192.18507252090103,40.44109962926315,0.00741576844462325,210.17630442856714,0.09544984722922688,0.1866821962543158,0.905845657389665,5.840807737312758,0.10657450026271532
1182,AMC 17,179&261,ICARDA,Others,Asteraceae,Silybum ,marianum,5.0541853782097155,0.6509334994800408,14.487379516398022,5.057096904053584,144.8737951639802,36.82244348308805,0.006781741275420167,253.58469218107993,0.10752106284680067,0.17038144702500443,1.1478846317490732,7.300293387326743,0.16260562674068815
1183,AMC 17,179&261,ICARDA,Others,Asteraceae,Cirsium ,arvense,4.85990983209791,0.7115542047829546,15.097379208803659,5.566438205001496,150.9737920880366,40.22309585867065,0.0039685808663223006,264.819509167238,0.09012651492325562,0.15014352385189275,1.3149874431226778,7.257467336765757,0.1267772371207439
1184,AMC 17,179&261,ICARDA,Others,Caryophyllaceae,Scolymus ,maculatus,5.1744217851989776,0.8703364550315403,16.71380111602643,6.068515368582485,167.1380111602643,48.39650127375665,0.006940330880536267,288.3716425704173,0.1255678266918706,0.2058121092254642,1.4820483671841191,8.00279042231675,0.1376635481042422
1185,AMC 17,179&261,ICARDA,Others,Amaranthaceae,Beta ,vulgaris,5.1309229249894015,0.6657981416154143,18.93294946303111,7.145123737060828,189.32949463031107,52.86498275059798,0.007080311224668633,277.7304855306793,0.11630382371572706,0.19093726244773623,1.2261191098926687,7.457240097028426,0.12007852314281031
1186,AMC 17,179&261,ICARDA,Others,Malvaceae,Malva,nicaeensis,5.1753287707713715,0.7000890899906708,15.541491423787681,5.752274647460893,155.41491423787684,44.696075236600656,0.004247519347629165,286.9119305449182,0.11056470608936253,0.17534857904041445,1.5193008076167809,7.824922667621508,0.14004319476527913
1187,AMC 17,179&261,ICARDA,Others,Brassicaceae,Sinapis ,arvensis,4.718468756253674,0.890897819641722,13.820162249598463,4.8548684416943155,138.20162249598465,36.14101478330317,0.01102925003202595,250.18347181507104,0.14716229703979522,0.20099808921057424,1.2112839656012824,7.360242354215409,0.1804021764363363
1188,AMC 17,179&261,ICARDA,Legume,Fabaceae,Trigonella ,caelesyriaca,5.117058646571543,0.593729359234361,15.853447800946421,5.723766881331237,158.53447800946424,43.565737270085656,0.0060094803967929164,273.9633730349446,0.12543760991806074,0.1807439661353556,1.471754297091792,7.6680564389210355,0.1733230795731295
1190,AMC 17,179&261,ICARDA,Others,Papaveraceae,Fumaria ,bracteosa,4.532917249709262,0.45920775175652867,12.079365995457161,3.794787367972966,120.79365995457162,24.480978820165973,0.005789823101972267,197.54131422188172,0.07251453196892732,0.11904918475469899,1.1958625345030223,6.456734360574784,0.07139328478037252
1191,AMC 17,179&261,ICARDA,Others,Boraginaceae,Asperugo ,procumbens,4.305078231553593,0.5356783617736686,14.490010971898723,5.621849883485507,144.90010971898724,34.25051882799134,0.0017747926117042,233.28415495205053,0.06697808662511365,0.1112856630788137,1.1113213002837579,6.19449623475034,0.062379798823688
1192,AMC 17,179&261,ICARDA,Others,Geraniaceae,Erodium ,botrys,4.6437168298486755,0.6181419347985034,15.376420099563973,6.0487194335018355,153.7642009956397,41.42198419029607,0.012583232315311317,269.51193660094157,0.078739585066211,0.11464013667751216,1.1897552862687537,6.738372556536713,0.08079555156174638
1193,AMC 17,179&261,ICARDA,Legume,Fabaceae,Tetragonolobus ,palaestinus,5.062819477905701,0.5989593231232035,16.69630679945961,5.283354413243746,166.96306799459612,39.09766889647786,0.00598098692410335,233.06718144951142,0.12260630886538648,0.1849716793291727,1.306732650459045,7.420909006512514,0.13883857990590362
1194,AMC 17,179&261,ICARDA,Others,Asteraceae,Cichorium,pumilum,5.024577672781301,0.6966423794171309,16.609027536299354,6.112925397821857,166.09027536299357,45.22112389959477,0.005188183710333233,271.38096574202564,0.11959353063301852,0.19237636194025895,1.2749452931121399,7.420476403517462,0.10715298192327971
1195,AMC 17,179&261,ICARDA,Others,Lamiaceae,Lamium ,amplexicaule,4.498700435487011,0.7784237075724366,15.764220937232162,6.504537122841381,157.64220937232162,43.38225402652196,0.0114836705796973,274.6262024540222,0.061241811548993115,0.09986811108116718,1.1556217338474237,6.674962816349095,0.06962334623236656
1196,AMC 17,179&261,ICARDA,Others,Geraniaceae,Geranium ,rotundifolium,4.4191684110168925,0.6288549050997329,14.445862868953936,5.535054352467785,144.45862868953935,34.480809729427186,0.005360703205126067,237.19218666257976,0.06490179653473778,0.09769403274163448,0.942742044657365,6.2231705392669525,0.06444864601146343
1197,AMC 17,179&261,ICARDA,Others,Brassicaceae,Cardaria,draba,4.80954220933523,0.9188421201752636,14.235995148921402,4.723437464250517,142.359951489214,36.147590815104394,0.017625791973479032,247.38092916005235,0.12418440339190746,0.19541447342129223,1.2903354487441032,7.675149677457488,0.31920523041621346
1198,AMC 17,179&261,ICARDA,Others,Asteraceae,Centauria,procurrence,5.128095882266382,0.5925745202344251,14.317183045209497,5.042926557219117,145.95864536771478,37.43985665414266,0.010991238794038483,253.17135299170852,0.11742857407432161,0.18350851253248687,1.1949905297973766,7.374159171467767,0.14656991376873618
1199,AMC 17,179&261,ICARDA,Others,Asteraceae,Calendula,arvensis,4.869767572085483,0.6956851350199548,14.315097192733191,5.362927140202282,146.5487159293959,38.33851614620551,0.004888562859577316,261.1527636447019,0.08479496713424617,0.1496929207468969,1.2792057943604767,7.172211971589527,0.08817701938289073
1200,AMC 14,22&49,ICARDA,Legume,Fabaceae,Lathyrus,sativus,4.949404336548947,0.781341601481909,17.90657335983312,6.46342723714105,185.2051514551165,50.09471361295948,0.028250679830754383,270.0767749003258,0.15555567263625333,0.2903068022582053,1.3700409867916223,7.73797463088422,0.1630745513365274
1201,AMC 14,22&49,ICARDA,Legume,Fabaceae,Lathyrus,sativus,4.0836596576419675,0.6357888096323893,19.402388836135582,6.9449000509138585,194.0238883613558,43.54473618958391,0.018802947224731453,224.4218618178304,0.10804679981641603,0.20594607613527074,1.1366824397342867,6.290041760249982,0.10111503006491851
1202,AMC 14,22&49,ICARDA,Legume,Fabaceae,Lathyrus,sativus,4.552277095736867,0.721647496866436,20.251699315688196,7.178908543825616,208.97803726747802,50.52461402716238,0.02451833815044555,241.35908284979095,0.13717241137839528,0.24846259858610856,1.270164482469336,7.084643360631514,0.1304009374439263
1203,AMC 14,22&49,ICARDA,Legume,Fabaceae,Lathyrus,sativus,4.819040972122921,0.7328947328566363,17.36068517140982,6.323036938684216,177.26556407294552,46.26421375894193,0.023450997352883016,259.0877147314539,0.14216827760857856,0.2637490090365659,1.2579197764241379,7.380312968045362,0.14108920264363836
1204,AMC 14,22&49,ICARDA,Legume,Fabaceae,Lathyrus,sativus,4.988758463207435,0.7949827802305217,18.673064953944287,6.57609834235448,189.57871111762054,50.56800763858919,0.03558854943983381,265.62023103634675,0.1586433262694685,0.2852763324163778,1.4823433804653334,7.922181933380283,0.1765891013513133
1205,AMC 14,22&49,ICARDA,Legume,Fabaceae,Lathyrus,sativus,4.387233038144298,0.716261200973999,18.925322059335443,7.2217079633979155,192.19314598537332,49.3287569474898,0.029879232821902846,256.42258239969107,0.1256828644471387,0.23730652753376313,1.1866535423328723,6.8176406191597065,0.13462421290573148
1206,AMC 14,22&49,ICARDA,Legume,Fabaceae,Lathyrus,sativus,4.720580903861379,0.7357871994831938,16.773654581155064,6.593369536968377,177.17779618036784,47.97887344552469,0.03029996723318475,270.41236331172234,0.13514530278763184,0.25637004972379623,1.2522365395762882,7.283018190667573,0.15259822800209766
1207,AMC 14,22&49,ICARDA,Legume,Fabaceae,Lathyrus,sativus,4.526966452197147,0.71265101200375,17.363569188923744,6.681122094668338,185.60523134125734,47.093136147786936,0.03131520159526047,252.54795009560164,0.12724460676777277,0.23878517914734063,1.2796355600744673,7.052256738665297,0.1356587268795587
1208,AMC 15,22&179,ICARDA,Grass,Poaceae,Hordeum,vulgare,5.3263560877734095,0.9272398082872336,16.5460925286857,6.620320930830945,165.46092528685702,53.41982416137373,0.020840010464340933,323.0116633161601,0.10034552354385222,0.17691536171357022,1.4441515311652886,8.109127959167546,0.11327963621985082
1209,AMC 15,22&179,ICARDA,Grass,Poaceae,Hordeum,vulgare,5.7188684698577275,0.9053558474888401,18.20654951275269,7.200710916762969,182.0654951275269,62.11552071374487,0.019820473018485735,341.11648865983346,0.11898543907823696,0.2114110175952795,1.542145405079446,8.636990919738347,0.12040426762033014
1210,AMC 15,22&179,ICARDA,Grass,Poaceae,Hordeum,vulgare,5.4149447270299165,0.8577936133753711,17.609703109676662,6.564721371849864,176.0970310967666,53.82176157908331,0.015188358188496967,305.231495423138,0.10927633537983496,0.19453966805342127,1.5259142601883466,8.227540344334136,0.1098833821187476
1211,AMC 15,22&179,ICARDA,Grass,Poaceae,Hordeum,vulgare,5.434839688736244,0.8684942730686543,17.894295308563702,7.053904416094189,178.94295308563707,57.92231898167284,0.0159324406236276,323.59348556604397,0.1016282301801301,0.17929909124808704,1.5043787332730751,8.20831399368222,0.10374153655239902
1212,AMC 15,22&179,ICARDA,Grass,Poaceae,Hordeum,vulgare,5.617215647019198,0.8569199549825037,18.010464945388733,6.717490554778318,180.10464945388733,56.62362504776203,0.012917737655343516,314.48970203834466,0.13254138687396297,0.23222444387682648,1.5025405968765426,8.478993008145318,0.12463324086094112
1213,AMC 15,22&179,ICARDA,Grass,Poaceae,Hordeum,vulgare,5.322310901254338,0.8170566667609825,17.851136094297214,7.198457221384348,178.51136094297215,57.236320554763914,0.014417789478067067,320.7413209481518,0.10457297568688045,0.1797091179955318,1.4425213447396021,7.983572730963722,0.10298393504831942
1214,AMC 15,22&179,ICARDA,Grass,Poaceae,Hordeum,vulgare,5.759923584560028,0.9005123443567645,17.212658082677248,6.880773129096819,173.688783191442,59.067928641342235,0.018328087742068618,341.6544129370656,0.1033934107097368,0.17635714179303033,1.555234037017328,8.625146614060514,0.11139800788155753
1215,AMC 15,22&179,ICARDA,Grass,Poaceae,Hordeum,vulgare,6.0551779359591835,0.8917617189134447,17.459336052726613,6.58718247814445,174.59336052726613,58.81343291028987,0.01945216631460215,336.7634837146829,0.11193620733380188,0.18957541100947062,1.6044497155072739,8.985551925436244,0.11319877039846865
1216,AMC 15,22&179,ICARDA,Grass,Poaceae,Hordeum,vulgare,5.493948503054482,0.8040450504259278,17.500551841283606,6.938541470330132,175.00551841283607,55.98425522159652,0.014690177335640583,319.98606360103616,0.11157191885844113,0.19280178970887674,1.4832226010705012,8.207627574586043,0.10734753413217361
1252,AMC 17,179&261,ICARDA,Legume,Fabaceae,Medicago,arborea,4.832611887457085,0.61834035685916,17.66700132349566,6.860781532409042,176.6700132349566,47.77525504942736,0.0028020400481305213,268.51938785721484,0.0980135627327225,0.1827550414287015,1.1493569054343984,6.988736831958359,0.1048570379981628
1253,AMC 19,49&261,ICARDA,Others,Apocynaceae,Periploca,angustifolia,3.451225353289839,0.31203238482722223,13.664956680023048,5.397354889267021,136.64956680023047,25.529134243895353,0.0018849560836854925,185.81221055117047,0.04068743547245952,0.0709189522456077,0.7937488974907917,4.710185258288495,0.0396872788788892
1254,AMC 19,49&261,ICARDA,Others,Anacardiaceae,Rhus,tripartita,2.9109865105896966,0.20205774453231842,10.14624016131909,3.8483018157725453,101.46240161319089,15.831074667166739,0.0022809722082672832,148.72270040517256,0.0161781496084349,0.023599066846080947,0.7471036123468465,3.9661379553574285,0.06393189922578324
1255,AMC 19,49&261,ICARDA,Legume,Fabaceae,Vicia,narbonensis,4.1597728318109315,0.6204997471487118,16.774026798067307,6.385928879751823,167.74026798067308,37.81637600363833,0.00822620938003285,224.39405232297224,0.06905799638351612,0.12083291665195377,0.8583291412361085,5.927311585400447,0.09059274278919287
1256,AMC 19,49&261,ICARDA,Legume,Fabaceae,Vicia,sativa,4.511374459434754,0.6480587923493554,17.365316593810743,5.829994542998133,173.65316593810743,38.025819956296125,0.008536679408978483,219.78326761705873,0.0867997517054398,0.15090010369811743,0.9813403586985606,6.483706456784476,0.09669631148927098
1257,AMC 19,49&261,ICARDA,Others,Cactaceae,Opuntia,ficus-indica,3.5405792502230162,0.4479105061368826,15.192749730832745,5.622666047517488,151.92749730832745,28.06664300474394,0.0019273116028597525,184.16024192397035,0.05002250342876305,0.08329229572778464,0.8105737393641806,4.98014824229229,0.04584263580880285
1258,AMC 19,49&261,ICARDA,Legume,Fabaceae,Lupinus,albus,5.244623996218185,0.8418421319843423,17.066884608163647,5.997093817021738,170.6688460816365,48.92450385451668,0.017593254218300148,285.8081619315302,0.15039734183694725,0.2671146959659562,1.4847652178781636,8.1592436961766,0.15290705807470564
1259,AMC 19,49&261,ICARDA,Legume,Fabaceae,Hedysarum,coronarium,4.685889058476103,0.5820880550798172,15.775792338827173,5.232265780670191,157.75792338827173,35.54575589529992,0.0029710038856680834,224.64346845181694,0.12086948927719175,0.21874566875290136,1.064241693744411,6.793251783557575,0.1184468143414823
1260,AMC 19,49&261,ICARDA,Legume,Fabaceae,Hedysarum,carnosum,3.4243602655998533,0.43035340346108103,16.182209506817586,5.795987293095474,161.82209506817586,28.712323525441274,0.0004939313740243666,177.2128675754434,0.07655300265777115,0.13947242552793668,0.7583835334387897,4.952460356047943,0.1228437939884874
1261,AMC 19,49&261,ICARDA,Legume,Fabaceae,Retama,raetam,4.089439319568136,0.4443689331769707,16.728429010927808,6.725033029401076,167.61533355357372,38.58306547608714,0.0008241385411857779,230.49962269637368,0.06891967806348324,0.1209570496479207,0.9414469792564452,5.745364622245027,0.07940852399088445
1262,AMC 19,49&261,ICARDA,Others,Polygonaceae,Calligonum,comosum,3.8936527898092064,0.4221041157822216,17.210655210155327,7.190783069910789,172.10655210155323,38.99959282155894,0.0008166083101392834,226.98992436411504,0.0615271555284482,0.10716457688213216,0.8802649277460292,5.434485444079328,0.06895527002115143
