id,tax_name_x,functional_group_x,ch4_percentage_8h,ch4_percentage_24h,ch4_intensity_ml_g_tddm,tddm_mg_g,subset,id_lab,tax_name_y,functional_group_y,ch4_8h_percentage,ch4_24h_percentage,methane_intensity,tddm
CIAT-10647,Stylosanthes scabra,Herbaceous_legumes,15.9,18.79192154,48.30685803,67.34093523,1,F24-3469,Stylosanthes scabra,Herbaceous_legumes,15.9,22.28,48.31,67.34
CIAT-11162,Stylosanthes scabra,Herbaceous_legumes,12.86666667,13.74138071,36.94343786,45.77448107,2,F24-3636,Stylosanthes scabra,Herbaceous_legumes,12.44,17.57,50.47,56.82
CIAT-11194,Stylosanthes hamata,Herbaceous_legumes,15.16666667,18.02387196,46.11538379,59.24865579,1,F24-3470,Stylosanthes hamata,Herbaceous_legumes,15.17,20.65,46.12,59.25
CIAT-11833,Stylosanthes guianensis,Herbaceous_legumes,12.71666667,13.8317177,50.4200017,49.86070983,2,F25-0989,Stylosanthes guianensis,Herbaceous_legumes,11.63,15.02,63.62,30.51
CIAT-11998,Stylosanthes guianensis,Herbaceous_legumes,12.78,14.57000098,50.22856478,49.7484762,2,F25-0970,Stylosanthes guianensis,Herbaceous_legumes,11.18,12.67,38.27,44.05
CIAT-11999,Stylosanthes guianensis,Herbaceous_legumes,12.97777778,16.25165268,46.60779238,58.54567987,1,F24-3471,Stylosanthes guianensis,Herbaceous_legumes,12.98,18.83,46.61,58.55
CIAT-12318,Stylosanthes hamata,Herbaceous_legumes,13.98888889,16.96005211,52.26503186,56.88386164,1,F24-3472,Stylosanthes hamata,Herbaceous_legumes,13.99,19.78,52.27,56.88
CIAT-1257,Stylosanthes scabra,Herbaceous_legumes,14.53333333,16.39871277,43.29464125,58.67446657,1,F24-3427,Stylosanthes scabra,Herbaceous_legumes,14.53,18.25,43.29,58.67
CIAT-13268,Tadehagi triquetrum,Herbaceous_legumes,13.1,14.35436282,42.26789048,51.72237659,2,F25-0931,Tadehagi triquetrum,Herbaceous_legumes,11.21,14.72,30.9,38.94
CIAT-13301,Desmodium sequax,Herbaceous_legumes,13.2,14.14448117,34.7881529,52.57905626,2,F24-3637,Desmodium sequax,Herbaceous_legumes,14.0,18.83,48.61,26.72
CIAT-13389,Desmodium sequax,Herbaceous_legumes,12.85714286,14.40299974,49.56558831,42.13162819,2,F25-0972,Desmodium sequax,Herbaceous_legumes,12.81,15.56,48.91,21.43
CIAT-13575,Desmodium incanum,Herbaceous_legumes,13.6,16.22765565,42.43278646,42.85033336,1,F24-3473,Desmodium incanum,Herbaceous_legumes,13.6,18.78,42.43,42.85
CIAT-13609,Desmodium incanum,Herbaceous_legumes,13.65555556,16.31007432,46.38743434,38.40313447,1,F24-3474,Desmodium incanum,Herbaceous_legumes,13.66,19.53,46.39,38.4
CIAT-13651,Desmodium heterocarpon,Herbaceous_legumes,12.98571429,14.53389491,67.17064882,36.12205293,2,F25-0973,Desmodium heterocarpon,Herbaceous_legumes,13.13,14.94,60.65,26.5
CIAT-13692,Desmodium velutinum,Shrub_Trees,13.57777778,15.30963118,45.77565573,48.40187974,2,F25-0942,Desmodium velutinum,Shrub_Trees,15.48,19.09,56.63,40.73
CIAT-15121,Centrosema macrocarpum,Herbaceous_legumes,13.6,15.39584797,43.27789324,51.01353978,2,F25-0943,Centrosema macrocarpum,Herbaceous_legumes,13.6,17.31,43.07,53.13
CIAT-15150,Centrosema molle,Herbaceous_legumes,14.625,17.36299726,45.93246131,60.23814968,2,F25-0944,Centrosema molle,Herbaceous_legumes,13.48,15.02,48.67,43.89
CIAT-15154,Centrosema molle,Herbaceous_legumes,14,16.05586855,38.16587888,61.94677938,2,F25-0945,Centrosema molle,Herbaceous_legumes,13.42,14.96,50.54,34.19
CIAT-15160,Centrosema molle,Herbaceous_legumes,12.63333333,14.0434111,60.49826975,42.24405669,2,F25-0975,Centrosema molle,Herbaceous_legumes,13.49,15.0,57.4,33.15
CIAT-15401,Centrosema brasilianum,Herbaceous_legumes,13.7,14.29085867,41.61940177,44.31351189,2,F24-3638,Centrosema brasilianum,Herbaceous_legumes,13.79,18.57,45.47,52.1
CIAT-15470,Centrosema molle,Herbaceous_legumes,13.31428571,14.39388023,50.24145575,38.98741696,2,F25-0930,Centrosema molle,Herbaceous_legumes,13.77,15.56,40.38,45.55
CIAT-15474,Centrosema molle,Herbaceous_legumes,14.02222222,14.87009771,46.85856482,45.0101317,2,F25-0929,Centrosema molle,Herbaceous_legumes,13.05,13.16,35.27,47.0
CIAT-15551,Centrosema molle,Herbaceous_legumes,14.78888889,17.4926182,50.02881514,49.71902488,1,F24-3475,Centrosema molle,Herbaceous_legumes,14.79,20.24,50.03,49.72
CIAT-15561,Centrosema molle,Herbaceous_legumes,13.58,16.04183987,51.75623603,49.92254524,2,F25-0946,Centrosema molle,Herbaceous_legumes,13.33,16.64,41.13,47.01
CIAT-15799,Centrosema macrocarpum,Herbaceous_legumes,13.76666667,16.25901912,48.35160629,60.82643799,2,F25-0947,Centrosema macrocarpum,Herbaceous_legumes,13.26,15.39,37.78,47.56
CIAT-15816,Centrosema acutifolium,Herbaceous_legumes,13.38333333,15.3095804,42.51671563,61.84951203,2,F25-0948,Centrosema acutifolium,Herbaceous_legumes,13.5,17.07,47.5,46.2
CIAT-1650,Stylosanthes guianensis,Herbaceous_legumes,14.33333333,15.91491865,48.10579523,47.34099319,2,F24-3542,Stylosanthes guianensis,Herbaceous_legumes,12.92,15.36,52.62,41.78
CIAT-17000,Chamaecrista rotundifolia,Herbaceous_legumes,12.42857143,13.81173159,54.39977553,42.26243466,2,F25-0976,Chamaecrista rotundifolia,Herbaceous_legumes,5.08,14.01,31.98,42.81
CIAT-17009,Canavalia brasiliensis,Herbaceous_legumes,12.76666667,14.19438157,47.68616323,48.65778627,2,F25-0977,Canavalia brasiliensis,Herbaceous_legumes,13.88,19.1,64.87,47.23
CIAT-17024,Desmanthus pernambucanus,Shrub_Trees,14.16666667,16.84477229,46.29247607,40.13920631,1,F24-3476,Desmanthus pernambucanus,Shrub_Trees,14.17,20.37,46.29,40.14
CIAT-1706,Stylosanthes humilis,Herbaceous_legumes,13.91666667,14.97940542,40.19359443,63.99438661,2,F24-3543,Stylosanthes humilis,Herbaceous_legumes,13.0,15.98,58.93,39.5
CIAT-17091,Crotalaria micans,Shrub_Trees,15.16666667,17.46518626,48.8310255,66.12018277,1,F24-3477,Crotalaria micans,Herbaceous_legumes,15.17,19.57,48.83,66.12
CIAT-172,Stylosanthes hamata,Herbaceous_legumes,13.46666667,15.52263368,50.24333984,48.57096783,2,F24-3539,Stylosanthes hamata,Herbaceous_legumes,13.22,15.78,64.24,39.14
CIAT-1727,Stylosanthes humilis,Herbaceous_legumes,13.28333333,14.74286387,40.18029379,60.68080019,2,F24-3544,Stylosanthes humilis,Herbaceous_legumes,11.83,16.69,64.29,36.15
CIAT-17360,Alysicarpus vaginalis,Herbaceous_legumes,12.35,13.49511508,51.22049906,29.25359829,2,F24-3639,Alysicarpus vaginalis,Herbaceous_legumes,15.82,18.42,40.0,62.7
CIAT-17365,Clitoria ternatea,Herbaceous_legumes,15.12222222,17.56359212,51.29126771,63.39266228,1,F24-3478,Clitoria ternatea,Herbaceous_legumes,15.12,20.56,51.29,63.39
CIAT-17451,Canavalia sp.,Herbaceous_legumes,12.8,15.6083839,37.55126549,62.06594378,1,F24-3479,Canavalia sp.,Herbaceous_legumes,12.8,18.67,37.55,62.07
CIAT-17768,Clitoria ternatea,Herbaceous_legumes,12.4625,13.56591478,39.09235043,37.41595225,2,F24-3640,Clitoria ternatea,Herbaceous_legumes,14.83,17.67,54.62,62.31
CIAT-17768,Clitoria ternatea,Herbaceous_legumes,12.4625,13.56591478,39.09235043,37.41595225,3,F25-2631,Clitoria ternatea ,Herbaceous_legumes,14.69,17.04,59.64,51.33
CIAT-17775,Christia obcordata,Herbaceous_legumes,15.25555556,18.42883333,55.21843108,59.08527975,1,F24-3480,Christia obcordata,Herbaceous_legumes,15.26,22.24,55.22,59.09
CIAT-18004,Chamaecrista rotundifolia,Herbaceous_legumes,12.35714286,13.5860802,49.09168023,36.10553225,2,F24-3641,Chamaecrista rotundifolia,Herbaceous_legumes,13.81,17.47,53.53,58.72
CIAT-18016,Sesbania emerus,Shrub_Trees,14.23333333,15.96169036,42.47110245,50.30529106,1,F24-3481,Sesbania emerus,Shrub_Trees,14.23,17.79,42.47,50.31
CIAT-18044,Christia sp.,Herbaceous_legumes,15.275,18.25242849,47.46914801,58.33057617,1,F24-3482,Christia sp.,Herbaceous_legumes,15.06,21.13,47.47,58.33
CIAT-18288,Sesbania exasperata,Shrub_Trees,14.9,16.93850252,48.91039807,55.65877408,1,F24-3483,Sesbania exasperata,Shrub_Trees,14.7,19.0,48.91,55.66
CIAT-18430,Alysicarpus vaginalis,Herbaceous_legumes,14.31666667,16.15956288,56.48514037,46.58118443,2,F24-3642,Alysicarpus vaginalis,Herbaceous_legumes,15.38,18.33,46.1,62.24
CIAT-18437,Flemingia macrophylla,Shrub_Trees,13.025,14.12274822,63.25515696,40.23978297,2,F25-0983,Flemingia macrophylla,Shrub_Trees,12.13,14.32,41.87,22.61
CIAT-18447,Clitoria ternatea,Herbaceous_legumes,14.51111111,16.92415425,53.01768122,55.28237032,1,F24-3484,Clitoria ternatea,Herbaceous_legumes,14.51,20.06,53.02,55.28
CIAT-18455,Christia obcordata,Herbaceous_legumes,15.41111111,18.53525367,54.17824002,59.86128924,1,F24-3485,Christia obcordata,Herbaceous_legumes,15.41,21.57,54.18,59.86
CIAT-18700,Cajanus cajan,Shrub_Trees,12.6875,13.99887238,54.47579572,41.99638756,2,F25-0978,Cajanus cajan,Shrub_Trees,14.0,17.27,59.27,32.23
CIAT-18701,Cajanus cajan,Shrub_Trees,13.3,14.78899087,40.20085138,52.58595206,2,F25-0934,Cajanus cajan,Shrub_Trees,13.36,16.87,54.17,31.19
CIAT-18707,Crotalaria pallida,Herbaceous_legumes,16.05555556,21.49290837,60.93822877,53.89347169,1,F24-3486,Crotalaria pallida,Herbaceous_legumes,16.06,27.53,60.94,53.89
CIAT-18708,Crotalaria pallida,Herbaceous_legumes,14.3125,15.67267398,49.60794074,51.57729443,2,F24-3644,Crotalaria pallida,Herbaceous_legumes,15.06,19.79,49.94,59.88
CIAT-18749,Arachis pintoi,Herbaceous_legumes,11.68888889,15.83999024,36.23158379,61.11639727,1,F24-3487,Arachis pintoi,Herbaceous_legumes,11.69,18.39,36.23,61.12
CIAT-18813,Crotalaria nitens,Herbaceous_legumes,13.41111111,16.44899726,38.57825013,51.22777844,1,F24-3488,Crotalaria nitens,Herbaceous_legumes,13.41,19.49,38.58,51.23
CIAT-18848,Alysicarpus rugosus,Herbaceous_legumes,14.5,16.90408217,34.19370223,57.17478092,1,F24-3489,Alysicarpus rugosus,Herbaceous_legumes,14.5,20.79,34.19,57.17
CIAT-18850,Alysicarpus rugosus,Herbaceous_legumes,13.7875,15.45759494,51.55721765,49.73404386,2,F24-3645,Alysicarpus rugosus,Herbaceous_legumes,15.3,16.67,41.53,58.68
CIAT-18862,Alysicarpus rugosus,Herbaceous_legumes,15.2,17.29968002,44.90758167,49.61964804,1,F24-3490,Alysicarpus rugosus,Herbaceous_legumes,15.2,19.88,44.91,49.62
CIAT-18865,Alysicarpus rugosus,Herbaceous_legumes,13.02222222,15.50287572,45.54508362,54.80931522,2,F24-3646,Alysicarpus rugosus,Herbaceous_legumes,14.34,15.86,45.67,51.17
CIAT-18873,Alysicarpus ferrugineus,Herbaceous_legumes,12.48571429,14.08665593,45.45268969,49.17732399,2,F25-0979,Alysicarpus ferrugineus,Herbaceous_legumes,15.73,16.97,62.93,34.7
CIAT-18931,Tephrosia linearis,Herbaceous_legumes,14.05555556,16.35258888,42.05291578,49.75445109,1,F24-3491,Tephrosia linearis,Shrub_Trees,14.06,18.91,42.05,49.75
CIAT-19032,Canavalia sp.,Herbaceous_legumes,13.875,16.02639497,65.33019065,43.83397773,2,F24-3647,Canavalia sp.,Herbaceous_legumes,13.27,17.19,45.7,59.15
CIAT-19038,Canavalia sp.,Herbaceous_legumes,14.77777778,17.60100147,43.52344366,63.37333215,1,F24-3492,Canavalia sp.,Shrub_Trees,14.78,20.31,43.52,63.37
CIAT-19118,Alysicarpus rugosus,Herbaceous_legumes,15.71111111,17.70156007,44.5012621,59.74408108,1,F24-3493,Alysicarpus rugosus,Herbaceous_legumes,15.71,19.8,44.5,59.74
CIAT-19119,Alysicarpus rugosus,Herbaceous_legumes,14.18888889,16.12491815,42.54498966,59.39514318,2,F24-3648,Alysicarpus rugosus,Herbaceous_legumes,14.11,17.43,40.18,56.58
CIAT-19127,Alysicarpus rugosus,Herbaceous_legumes,15.47777778,17.95673284,49.23770162,48.76392929,1,F24-3494,Alysicarpus rugosus,Herbaceous_legumes,15.48,20.78,49.24,48.76
CIAT-19128,Alysicarpus rugosus,Herbaceous_legumes,15.18888889,17.68167099,49.0114074,46.80620446,1,F24-3495,Alysicarpus rugosus,Herbaceous_legumes,15.19,20.43,49.01,46.81
CIAT-19129,Alysicarpus rugosus,Herbaceous_legumes,15.91111111,18.2772741,49.18474562,49.89865333,1,F24-3496,Alysicarpus rugosus,Herbaceous_legumes,15.91,21.26,49.18,49.9
CIAT-19133,Alysicarpus rugosus,Herbaceous_legumes,15.61111111,18.05942482,55.11822116,48.22693495,1,F24-3497,Alysicarpus rugosus,Herbaceous_legumes,15.61,21.24,55.12,48.23
CIAT-19137,Alysicarpus rugosus,Herbaceous_legumes,15.31111111,17.59155113,48.4905984,53.19525116,1,F24-3498,Alysicarpus rugosus,Herbaceous_legumes,15.31,20.44,48.49,53.2
CIAT-19138,Alysicarpus rugosus,Herbaceous_legumes,15.25555556,17.55272699,43.21309733,54.86301277,1,F24-3499,Alysicarpus rugosus,Herbaceous_legumes,15.26,20.38,43.21,54.86
CIAT-19139,Alysicarpus ovalifolius,Herbaceous_legumes,14.24444444,17.19704331,39.74486426,52.41257244,1,F24-3500,Alysicarpus ovalifolius,Herbaceous_legumes,14.24,20.63,39.74,52.41
CIAT-19213,Clitoria ternatea,Herbaceous_legumes,14.98888889,16.08929282,39.13762571,63.65548908,1,F24-3501,Clitoria ternatea,Herbaceous_legumes,14.99,18.66,39.14,63.66
CIAT-19421,Uraria lagopodioides,Herbaceous_legumes,14.13333333,15.13180939,33.82118938,54.27384786,1,F24-3502,Uraria lagopodioides,Herbaceous_legumes,14.13,17.67,33.82,54.27
CIAT-19566,Tephrosia noctiflora,Herbaceous_legumes,15.42222222,16.28143413,37.31494782,64.10902598,1,F24-3503,Tephrosia noctiflora,Shrub_Trees,15.42,17.91,37.31,64.11
CIAT-1964,Stylosanthes guianensis,Herbaceous_legumes,13.42222222,14.60991215,48.20477239,52.85575649,2,F24-3546,Stylosanthes guianensis,Herbaceous_legumes,13.07,15.02,52.88,40.86
CIAT-19667,Indigofera hirsuta,Herbaceous_legumes,13.06666667,14.31266884,32.51575614,44.80748968,1,F24-3504,Indigofera hirsuta,Herbaceous_legumes,13.07,16.64,32.52,44.81
CIAT-19673,Alysicarpus rugosus,Herbaceous_legumes,14.37777778,15.90310011,43.95351413,51.27319613,1,F24-3505,Alysicarpus rugosus,Herbaceous_legumes,14.38,18.66,43.95,51.27
CIAT-19895,Aeschynomene americana,Shrub_Trees,14.14444444,15.61741869,38.27305028,67.4314958,1,F24-3506,Aeschynomene americana,Herbaceous_legumes,14.14,17.06,38.27,67.43
CIAT-1992,Stylosanthes guianensis,Herbaceous_legumes,13.14444444,14.62726387,48.49348428,49.86885163,2,F25-1655,Stylosanthes guianensis,Herbaceous_legumes,11.81,13.93,43.95,42.26
CIAT-1992,Stylosanthes guianensis,Herbaceous_legumes,13.14444444,14.62726387,48.49348428,49.86885163,3,F25-1655,Stylosanthes guianensis,Herbaceous_legumes,11.59,13.91,43.92,51.86
CIAT-20093,Canavalia sp.,Herbaceous_legumes,14.71111111,15.94316204,37.97611086,65.75289057,1,F24-3507,Canavalia sp.,Herbaceous_legumes,14.71,17.38,37.98,65.75
CIAT-20113,Canavalia sp.,Herbaceous_legumes,13.02222222,15.1056382,38.26140811,65.29722873,1,F24-3508,Canavalia sp.,Herbaceous_legumes,13.02,17.16,38.26,65.3
CIAT-20125,Coursetia caribaea,Herbaceous_legumes,15.43333333,17.01067436,39.99634722,57.95687916,1,F24-3509,Coursetia caribaea,Herbaceous_legumes,15.43,18.69,40.0,57.96
CIAT-20207,Aeschynomene sensitiva,Herbaceous_legumes,12.77777778,13.89060995,44.66377297,51.31095775,2,F25-0981,Aeschynomene sensitiva,Herbaceous_legumes,12.38,13.8,42.6,44.19
CIAT-20298,Canavalia sp.,Herbaceous_legumes,13.88888889,15.34451066,39.35711835,56.3619567,1,F24-3510,Canavalia sp.,Herbaceous_legumes,13.89,16.86,39.36,56.36
CIAT-20303,Canavalia brasiliensis,Herbaceous_legumes,14.74444444,16.76987866,47.22624981,60.77890779,2,F24-3650,Canavalia brasiliensis,Herbaceous_legumes,13.51,17.89,52.89,58.61
CIAT-20304,Canavalia brasiliensis,Herbaceous_legumes,13.23333333,15.13242984,45.56224039,59.51310037,2,F25-0949,Canavalia brasiliensis,Herbaceous_legumes,13.59,21.11,47.76,65.02
CIAT-20305,Canavalia sp.,Herbaceous_legumes,12.71111111,14.72393829,35.45708748,62.07478354,1,F24-3511,Canavalia sp.,Herbaceous_legumes,12.71,18.34,35.46,62.07
CIAT-20589,Uraria lagopodioides,Herbaceous_legumes,14.7875,16.17475465,49.04434138,56.32994588,2,F24-3651,Uraria lagopodioides,Herbaceous_legumes,14.99,18.29,41.75,55.03
CIAT-20709,Calopogonium mucunoides,Herbaceous_legumes,12.88571429,14.23049593,66.82458407,39.79071201,2,F25-0982,Calopogonium mucunoides,Herbaceous_legumes,15.07,16.88,61.02,37.16
CIAT-20803,Canavalia sp.,Herbaceous_legumes,13.8,15.97697193,42.61479537,55.69973846,1,F24-3512,Canavalia sp.,Herbaceous_legumes,13.8,18.37,42.61,55.7
CIAT-20891,Cajanus cajan,Shrub_Trees,12.35555556,14.04445838,44.02149046,44.37009697,2,F25-0935,Cajanus cajan,Shrub_Trees,12.92,16.56,47.98,29.51
CIAT-21031,Christia obcordata,Herbaceous_legumes,13.8,15.58083848,37.14230201,55.29032239,1,F24-3513,Christia obcordata,Herbaceous_legumes,13.8,17.97,37.14,55.29
CIAT-21128,Crotalaria pallida,Herbaceous_legumes,15.13333333,17.94785406,47.36465172,53.1018494,1,F24-3514,Crotalaria pallida,Herbaceous_legumes,15.13,21.09,47.36,53.1
CIAT-21212,Canavalia sp.,Herbaceous_legumes,13.34444444,16.1381733,40.29975602,66.29871642,1,F24-3515,Canavalia sp.,Herbaceous_legumes,13.34,19.08,40.3,66.3
CIAT-21263,Sesbania rostrata,Shrub_Trees,14.32222222,15.05852062,37.31381978,60.43454784,1,F24-3516,Sesbania rostrata,Shrub_Trees,14.32,15.94,37.31,60.43
CIAT-21514,Desmanthus virgatus,Shrub_Trees,13.74444444,15.00991186,46.9335207,35.54192067,1,F24-3517,Desmanthus virgatus,Shrub_Trees,13.74,17.02,46.93,35.54
CIAT-21565,Chamaecrista rotundifolia,Herbaceous_legumes,12.46666667,14.72668721,39.8640772,57.69960739,1,F24-3518,Chamaecrista rotundifolia,Herbaceous_legumes,12.47,17.24,39.86,57.7
CIAT-21603,Lablab purpureus,Herbaceous_legumes,14.32,16.39532263,59.47415875,60.2052768,2,F25-0950,Lablab purpureus,Herbaceous_legumes,13.84,17.29,56.99,53.45
CIAT-21687,Desmanthus virgatus,Shrub_Trees,14.68888889,16.39421005,43.25283976,65.16739111,2,F24-3652,Desmanthus virgatus,Shrub_Trees,12.63,16.91,42.42,45.4
CIAT-21709,Crotalaria juncea,Herbaceous_legumes,14.92222222,15.87900866,42.0660246,57.17226382,1,F24-3519,Crotalaria juncea,Herbaceous_legumes,14.92,17.18,42.07,57.17
CIAT-22048,Aeschynomene americana,Herbaceous_legumes,14.8,16.22780952,56.11903725,41.33974894,2,F24-3653,Aeschynomene americana,Herbaceous_legumes,13.39,16.67,44.16,63.48
CIAT-22156,Arachis pintoi,Herbaceous_legumes,14.25,15.28836802,43.52680643,48.5530567,2,F24-3654,Arachis pintoi,Herbaceous_legumes,12.54,16.11,53.44,56.59
CIAT-22286,Crotalaria micans,Shrub_Trees,14.85555556,15.96305884,43.20218015,59.53641074,1,F24-3520,Crotalaria micans,Herbaceous_legumes,14.86,17.06,43.2,59.54
CIAT-22475,Alysicarpus rugosus,Herbaceous_legumes,14,15.47160439,44.51490167,43.55591791,1,F24-3521,Alysicarpus rugosus,Herbaceous_legumes,14.0,17.19,44.51,43.56
CIAT-22481,Sesbania cochinchinensis,Shrub_Trees,13.88888889,14.43802268,31.76737681,51.99162839,1,F24-3522,Sesbania cochinchinensis,Shrub_Trees,13.89,15.19,31.77,51.99
CIAT-22507,Desmanthus subulatus,Shrub_Trees,14.02857143,15.28129485,42.839939,50.1022675,2,F24-3655,Desmanthus subulatus,Shrub_Trees,12.33,16.51,40.95,42.78
CIAT-22510,Desmanthus bicornutus,Shrub_Trees,13.42222222,15.11988394,49.54737178,41.40171193,2,F24-3656,Desmanthus bicornutus,Shrub_Trees,12.51,16.87,51.7,32.63
CIAT-22520,Arachis pusilla,Herbaceous_legumes,13.08888889,14.9165158,40.72436646,51.32593159,1,F24-3523,Arachis pusilla,Herbaceous_legumes,13.09,16.73,40.72,51.33
CIAT-22570,Desmanthus bicornutus,Shrub_Trees,13.375,14.61445883,24.78588428,36.77194795,1,F24-3524,Desmanthus bicornutus,Shrub_Trees,13.38,18.59,24.79,36.77
CIAT-22594,Desmanthus pernambucanus,Shrub_Trees,13.65555556,14.93548495,35.36290279,38.95848727,1,F24-3525,Desmanthus pernambucanus,Shrub_Trees,13.66,17.19,35.36,38.96
CIAT-22598,Lablab purpureus,Herbaceous_legumes,13.8375,15.07584527,50.72037488,42.54738907,2,F24-3657,Lablab purpureus,Herbaceous_legumes,15.02,16.84,45.23,52.73
CIAT-22754,Lablab purpureus,Herbaceous_legumes,13.575,15.12166207,43.13534227,51.67725903,1,F24-3526,Lablab purpureus,Herbaceous_legumes,13.58,17.75,43.14,51.68
CIAT-22768,Lablab purpureus,Herbaceous_legumes,13.61111111,15.22408825,45.37225983,48.04390514,2,F25-0932,Lablab purpureus,Herbaceous_legumes,14.17,17.89,49.54,64.18
CIAT-22770,Lablab purpureus,Herbaceous_legumes,13.2875,14.60645923,44.60790909,48.68779426,2,F25-0933,Lablab purpureus,Herbaceous_legumes,14.09,17.34,47.68,68.75
CIAT-22784,Desmanthus bicornutus,Shrub_Trees,14.13333333,15.41820001,43.40764332,48.66855707,2,F24-3658,Desmanthus bicornutus,Shrub_Trees,12.84,17.47,44.64,39.85
CIAT-22915,Aeschynomene villosa,Herbaceous_legumes,13.71111111,15.34819643,41.66992578,58.09021884,1,F24-3527,Aeschynomene villosa,Herbaceous_legumes,13.71,17.48,41.67,58.09
CIAT-23248,Desmodium velutinum,Shrub_Trees,14.62,16.32905579,53.04353938,61.57650103,2,F25-0951,Desmodium velutinum,Shrub_Trees,14.13,19.07,49.94,53.11
CIAT-23259,Desmodium gangeticum,Herbaceous_legumes,15.3625,16.82876283,37.41005428,51.49363807,1,F24-3528,Desmodium gangeticum,Shrub_Trees,15.42,18.41,37.41,51.49
CIAT-23271,Desmodium velutinum,Shrub_Trees,14.3,16.29820247,50.95143878,67.40661365,2,F25-0952,Desmodium velutinum,Shrub_Trees,13.81,19.8,45.15,53.06
CIAT-23279,Desmodium velutinum,Shrub_Trees,14.35555556,16.71783959,57.35734204,51.20632498,2,F25-0953,Desmodium velutinum,Shrub_Trees,14.41,19.2,59.41,46.68
CIAT-23339,Desmodium gangeticum,Herbaceous_legumes,15.24444444,16.86907013,35.07283081,53.80787059,1,F24-3529,Desmodium gangeticum,Shrub_Trees,15.24,18.68,35.07,53.81
CIAT-23761,Uraria picta,Herbaceous_legumes,12.25555556,13.6838753,33.55707164,44.13828234,1,F24-3530,Uraria picta,Herbaceous_legumes,12.26,16.34,33.56,44.14
CIAT-24360,Vigna umbellata,Herbaceous_legumes,13.98888889,15.4368267,37.11554785,52.15976448,1,F24-3531,Vigna umbellata,Herbaceous_legumes,13.99,17.39,37.12,52.16
CIAT-24466,Vigna umbellata,Herbaceous_legumes,13.63333333,14.70778768,31.70993772,61.86948506,1,F24-3532,Vigna umbellata,Herbaceous_legumes,13.63,16.54,31.71,61.87
CIAT-25113,Centrosema brasilianum,Herbaceous_legumes,13.85,15.55644407,50.73751537,48.88767087,2,F24-3659,Centrosema brasilianum,Herbaceous_legumes,14.63,17.37,50.97,46.38
CIAT-25522,Centrosema macrocarpum,Herbaceous_legumes,12.93333333,14.1080228,53.305073,44.24639262,2,F25-0984,Centrosema macrocarpum,Herbaceous_legumes,13.89,17.57,45.94,52.0
CIAT-25704,Centrosema molle x acutifolium,Herbaceous_legumes,12.8,14.10579863,90.8429576,34.6347634,2,F25-0985,Centrosema molle x acutifolium,Herbaceous_legumes,13.27,14.97,52.85,38.46
CIAT-2613,Stylosanthes guianensis,Herbaceous_legumes,12.92857143,14.54113958,52.88948578,48.68946085,2,F24-3547,Stylosanthes guianensis,Herbaceous_legumes,11.63,12.83,40.06,38.22
CIAT-3001,Codariocalyx gyroides,Shrub_Trees,12.94444444,14.38288588,45.69627161,50.34650288,2,F25-1656,Codariocalyx gyroides,Shrub_Trees,12.54,15.48,42.84,33.07
CIAT-3001,Codariocalyx gyroides,Shrub_Trees,12.94444444,14.38288588,45.69627161,50.34650288,3,F25-1656,Codariocalyx gyroides,Shrub_Trees,12.27,15.02,49.08,36.92
CIAT-3187,Desmodium cajanifolium,Shrub_Trees,12.73333333,13.55197145,70.22694188,26.74953542,2,F25-0960,Desmodium cajanifolium,Shrub_Trees,12.83,16.39,35.08,70.3
CIAT-32246,Chamaecrista nictitans,Herbaceous_legumes,13.47777778,15.69613572,46.26638279,42.35789231,1,F24-3533,Chamaecrista nictitans,Herbaceous_legumes,13.48,19.09,46.27,42.36
CIAT-32365,Desmanthus virgatus,Shrub_Trees,12.9,14.72902561,37.05770871,35.60102007,1,F24-3534,Desmanthus virgatus,Shrub_Trees,12.93,17.92,37.06,35.6
CIAT-32373,Desmanthus pubescens,Shrub_Trees,12.34444444,14.13193635,31.70284475,42.5614198,1,F24-3535,Desmanthus pubescens,Shrub_Trees,12.34,17.58,31.7,42.56
CIAT-32379,Desmanthus pubescens,Shrub_Trees,12.94,15.1748309,59.75696345,44.26380353,2,F24-3536,Desmanthus pubescens,Shrub_Trees,12.53,16.94,38.16,48.67
CIAT-32380,Desmanthus pubescens,Shrub_Trees,12.71666667,14.41354528,45.76362614,54.2189552,2,F24-3537,Desmanthus pubescens,Shrub_Trees,12.96,17.42,44.36,39.27
CIAT-3240,Desmodium cinereum,Shrub_Trees,17.95555556,18.54638183,39.05811133,56.50628915,1,F24-3428,Desmodium cinereum,Herbaceous_legumes,17.96,19.37,39.06,56.51
CIAT-33114,Dendrolobium sp.,Shrub_Trees,14.7,16.19018518,58.95816773,44.64009488,2,F24-3660,Dendrolobium sp.,Shrub_Trees,13.73,17.41,58.31,26.15
CIAT-33249,Desmodium velutinum,Shrub_Trees,12.35,14.11067596,49.66827371,50.08528754,2,F24-3538,Desmodium velutinum,Shrub_Trees,14.49,16.82,50.33,41.65
CIAT-33255,Desmodium velutinum,Shrub_Trees,13.88333333,16.03669947,51.71124405,53.33650089,2,F25-0955,Desmodium velutinum,Shrub_Trees,15.04,19.57,51.85,44.57
CIAT-33428,Desmodium velutinum,Shrub_Trees,13.26,15.01421642,48.74075811,56.64836807,2,F25-0956,Desmodium velutinum,Shrub_Trees,14.48,17.8,35.5,52.17
CIAT-33451,Desmodium velutinum,Shrub_Trees,13.05,14.88451762,40.47050846,59.90870687,2,F25-0957,Desmodium velutinum,Shrub_Trees,13.04,15.0,31.73,47.19
CIAT-33463,Desmodium velutinum,Shrub_Trees,12.73333333,14.66752992,44.84617987,58.6962924,2,F25-0958,Desmodium velutinum,Shrub_Trees,14.49,19.04,31.74,61.64
CIAT-33729,Desmodium cinereum,Shrub_Trees,12.9125,14.1258719,64.36417931,37.5261855,2,F25-0986,Desmodium cinereum,Shrub_Trees,14.3,15.77,42.98,43.74
CIAT-33827,Desmodium incanum,Herbaceous_legumes,12.75714286,13.82650756,59.58701292,38.26713272,2,F25-0987,Desmodium incanum,Herbaceous_legumes,12.8,18.09,68.58,22.28
CIAT-350,Desmodium heterocarpon,Herbaceous_legumes,12.8,13.93582296,66.09894146,29.42434718,2,F25-0959,Desmodium heterocarpon,Herbaceous_legumes,12.41,14.48,32.84,41.39
CIAT-3522,Desmodium incanum,Herbaceous_legumes,15.64444444,17.47637831,39.25418385,37.71400743,1,F24-3429,Desmodium incanum,Herbaceous_legumes,15.64,20.24,39.25,37.71
CIAT-3813,Desmodium sequax,Herbaceous_legumes,13.23333333,14.39595531,45.50347492,44.09332318,2,F24-3619,Desmodium sequax,Herbaceous_legumes,13.71,16.77,47.74,23.81
CIAT-398,Desmodium incanum,Herbaceous_legumes,8.857142857,11.34833759,48.72615997,37.03439407,2,F24-3612,Desmodium incanum,Herbaceous_legumes,13.99,17.1,49.86,37.94
CIAT-4028,Galactia glaucescens,Herbaceous_legumes,13.15,14.69744312,63.98935164,37.24693719,2,F25-0961,Galactia glaucescens,Herbaceous_legumes,11.34,15.22,40.58,30.52
CIAT-4134,Macroptilium lathyroides,Herbaceous_legumes,16.36666667,17.99157245,42.32891522,66.52322941,1,F24-3430,Macroptilium lathyroides,Herbaceous_legumes,16.37,19.79,42.33,66.52
CIAT-4279,Vigna umbellata,Herbaceous_legumes,16.65555556,17.91147133,41.87144359,70.20082467,1,F24-3431,Vigna umbellata,Herbaceous_legumes,16.66,19.13,41.87,70.2
CIAT-43477,Desmodium cinereum,Shrub_Trees,14.5875,16.02469194,53.15346698,49.97562941,2,F24-3662,Desmodium cinereum,Shrub_Trees,15.27,17.08,57.22,36.81
CIAT-438,Centrosema molle x acutifolium,Herbaceous_legumes,11.2125,13.43947391,46.47013326,42.78535513,2,F24-3613,Centrosema molle x acutifolium,Herbaceous_legumes,14.41,17.06,44.76,38.37
CIAT-442,Centrosema molle x acutifolium,Herbaceous_legumes,9.3,11.93876779,46.74163746,41.78598095,2,F24-3614,Centrosema molle x acutifolium,Herbaceous_legumes,14.57,17.37,52.27,43.3
CIAT-466,Vigna umbellata,Herbaceous_legumes,12.4,13.7637462,50.55283115,43.6718981,2,F24-3615,Vigna umbellata,Herbaceous_legumes,14.22,17.87,46.59,62.6
CIAT-5124,Centrosema molle x acutifolium,Herbaceous_legumes,16.09652778,17.51359334,37.06004223,57.95558839,1,F24-3432,Centrosema molle x acutifolium,Herbaceous_legumes,16.04,19.28,36.76,58.03
CIAT-5172,Centrosema molle,Herbaceous_legumes,12.25,13.63063859,38.76376048,45.90504819,2,F25-0936,Centrosema molle,Herbaceous_legumes,13.16,15.63,50.12,35.41
CIAT-5234,Centrosema brasilianum,Herbaceous_legumes,14.23402778,16.24126828,37.79271259,61.58744563,1,F24-3433,Centrosema brasilianum,Herbaceous_legumes,14.16,18.38,37.63,61.53
CIAT-5277,Centrosema acutifolium,Herbaceous_legumes,12.725,13.5229917,34.37680163,33.56897857,2,F25-0962,Centrosema acutifolium,Herbaceous_legumes,13.27,16.82,46.87,57.08
CIAT-5452,Centrosema macrocarpum,Herbaceous_legumes,11.9625,13.36800426,39.22940326,48.99828972,2,F25-0937,Centrosema macrocarpum,Herbaceous_legumes,12.74,17.17,58.64,32.09
CIAT-5512,Centrosema brasilianum,Herbaceous_legumes,13.08333333,14.2142089,58.90652469,34.33654857,2,F24-3620,Centrosema brasilianum,Herbaceous_legumes,14.28,18.59,45.89,59.21
CIAT-5568,Centrosema acutifolium,Herbaceous_legumes,12.08333333,13.46810142,41.4906511,37.40152006,2,F24-3621,Centrosema acutifolium,Herbaceous_legumes,14.09,17.94,52.67,44.5
CIAT-5657,Centrosema brasilianum,Herbaceous_legumes,12.575,13.8185352,54.17335628,34.22825813,2,F24-3622,Centrosema brasilianum,Herbaceous_legumes,12.8,17.68,47.4,50.66
CIAT-5713,Centrosema macrocarpum,Herbaceous_legumes,13.02222222,14.75775979,42.48540368,55.84340535,2,F25-1658,Centrosema macrocarpum,Herbaceous_legumes,13.92,17.19,57.47,40.63
CIAT-5713,Centrosema macrocarpum,Herbaceous_legumes,13.02222222,14.75775979,42.48540368,55.84340535,3,F25-1658,Centrosema macrocarpum,Herbaceous_legumes,13.33,16.14,61.23,45.58
CIAT-5733,Centrosema macrocarpum,Herbaceous_legumes,13.36666667,15.06243678,44.18018541,55.16807007,2,F25-0938,Centrosema macrocarpum,Herbaceous_legumes,13.21,17.06,48.62,43.99
CIAT-5735,Centrosema macrocarpum,Herbaceous_legumes,13.66,15.56880762,48.61358187,50.3977818,2,F25-0939,Centrosema macrocarpum,Herbaceous_legumes,13.9,17.53,47.18,51.89
CIAT-5744,Centrosema macrocarpum,Herbaceous_legumes,12.47777778,13.75653351,48.93500532,39.14423489,2,F24-3623,Centrosema macrocarpum,Herbaceous_legumes,14.14,18.53,52.4,39.53
CIAT-5749,Centrosema plumieri,Herbaceous_legumes,13.385,15.37952719,53.35416899,46.51583688,2,F25-0940,Centrosema plumieri,Herbaceous_legumes,12.76,17.73,49.14,52.88
CIAT-5911,Centrosema macrocarpum,Herbaceous_legumes,14.02222222,16.1632339,54.95595488,46.84420945,2,F25-0941,Centrosema macrocarpum,Herbaceous_legumes,13.1,17.79,57.79,43.41
CIAT-705,Indigofera suffruticosa,Shrub_Trees,14.25555556,17.35352037,31.83660477,74.33876299,1,F24-3416,Indigofera suffruticosa,Herbaceous_legumes,14.26,20.11,31.84,74.34
CIAT-707,Alysicarpus ovalifolius,Herbaceous_legumes,13.54444444,16.24554319,36.43692643,65.96553027,1,F24-3417,Alysicarpus ovalifolius,Herbaceous_legumes,13.54,18.54,36.44,65.97
CIAT-712,Clitoria ternatea,Herbaceous_legumes,12.56666667,14.78993967,40.72874406,62.66438244,1,F24-3418,Clitoria ternatea,Herbaceous_legumes,12.57,17.07,40.73,62.66
CIAT-712,Clitoria ternatea,Herbaceous_legumes,12.56666667,14.78993967,40.72874406,62.66438244,3,F25-2633,Clitoria ternatea ,Herbaceous_legumes,14.48,17.18,55.88,53.09
CIAT-7131,Eriosema diffusum,Herbaceous_legumes,13.93333333,15.93830547,62.36414859,37.48994816,2,F24-3624,Eriosema diffusum,Herbaceous_legumes,13.3,15.9,55.01,23.05
CIAT-715,Canavalia ensiformis,Herbaceous_legumes,13.4,14.8099846,53.77620166,44.65704915,2,F24-3616,Canavalia ensiformis,Herbaceous_legumes,13.9,17.08,44.06,55.83
CIAT-7227,Galactia texana,Herbaceous_legumes,12.75,14.01171253,58.43990972,32.60253643,2,F25-0963,Galactia texana,Herbaceous_legumes,10.43,12.73,31.16,51.21
CIAT-7292,Chamaecrista desvauxii,Herbaceous_legumes,14.51111111,16.04761661,36.64236954,48.53293812,1,F24-3434,Chamaecrista desvauxii,Herbaceous_legumes,14.51,17.99,36.64,48.53
CIAT-7317,Canavalia sp.,Herbaceous_legumes,14.86111111,16.36328667,32.96522944,69.48236382,1,F24-3435,Canavalia sp.,Herbaceous_legumes,14.86,18.14,32.97,69.48
CIAT-7318,Canavalia sp.,Herbaceous_legumes,13.84444444,15.45123194,46.70256686,41.4873079,2,F24-3625,Canavalia sp.,Herbaceous_legumes,12.68,17.34,48.52,55.31
CIAT-7322,Canavalia sp.,Herbaceous_legumes,15.95,17.8010923,39.24547104,74.78106968,1,F24-3436,Canavalia sp.,Herbaceous_legumes,15.95,19.56,39.25,74.78
CIAT-7339,Indigofera lespedezioides,Herbaceous_legumes,15.14444444,16.9529376,32.89300673,54.06573342,1,F24-3437,Indigofera lespedezioides,Herbaceous_legumes,15.14,19.53,32.89,54.07
CIAT-7395,Galactia striata,Herbaceous_legumes,11.31478175,13.99458706,56.30280705,36.00041087,2,F24-3626,Galactia striata,Herbaceous_legumes,12.69,17.14,47.01,51.78
CIAT-7469,Clitoria ternatea,Herbaceous_legumes,15.82222222,17.0030616,42.9692466,66.22663304,1,F24-3438,Clitoria ternatea,Herbaceous_legumes,15.82,18.21,42.97,66.23
CIAT-749,Crotalaria juncea,Herbaceous_legumes,14.03333333,15.5916863,35.43436857,65.15035962,1,F24-3419,Crotalaria juncea,Herbaceous_legumes,14.03,17.31,35.43,65.15
CIAT-7643,Desmanthus pernambucanus,Shrub_Trees,15.30833333,17.15264096,42.69599571,47.11528233,1,F24-3439,Desmanthus pernambucanus,Shrub_Trees,15.45,19.54,42.3,47.11
CIAT-7648,Canavalia brasiliensis,Herbaceous_legumes,13.93333333,14.87918186,41.43801504,43.94885891,2,F24-3627,Canavalia brasiliensis,Herbaceous_legumes,12.69,18.0,43.86,57.02
CIAT-768,Clitoria ternatea,Herbaceous_legumes,13.48888889,15.73317916,39.07768747,64.82392255,1,F24-3420,Clitoria ternatea,Herbaceous_legumes,13.49,17.56,39.08,64.82
CIAT-7703,Aeschynomene indica,Herbaceous_legumes,15.17777778,16.17003353,40.1140517,57.42012064,1,F24-3440,Aeschynomene indica,Herbaceous_legumes,15.29,17.21,40.57,57.76
CIAT-7714,Alysicarpus glumaceus,Herbaceous_legumes,15.475,16.94113593,38.02776209,64.85070778,1,F24-3441,Alysicarpus glumaceus,Herbaceous_legumes,15.09,18.43,36.76,64.72
CIAT-772,Clitoria ternatea,Herbaceous_legumes,13.45555556,14.98567864,37.9232549,65.1012294,1,F24-3421,Clitoria ternatea,Herbaceous_legumes,13.46,16.11,37.92,65.1
CIAT-7746,Crotalaria paulina,Herbaceous_legumes,14.5875,15.53119326,44.36277828,45.11217688,2,F24-3628,Crotalaria paulina,Herbaceous_legumes,12.88,16.99,41.13,57.79
CIAT-7757,Clitoria ternatea,Herbaceous_legumes,16.05208333,17.54005584,47.06289764,64.42898123,1,F24-3442,Clitoria ternatea,Herbaceous_legumes,15.67,18.82,46.06,64.37
CIAT-7759,Clitoria ternatea,Herbaceous_legumes,16.15,17.19433648,48.56936395,65.16662247,1,F24-3443,Clitoria ternatea,Herbaceous_legumes,15.8,17.76,47.01,64.84
CIAT-7790,Crotalaria pallida,Herbaceous_legumes,16.33611111,19.25154343,48.16399752,61.79840914,1,F24-3444,Crotalaria pallida,Herbaceous_legumes,16.07,21.45,46.83,61.25
CIAT-7792,Chamaecrista rotundifolia,Herbaceous_legumes,14.93541667,17.12217481,41.78349178,65.7357304,1,F24-3445,Chamaecrista rotundifolia,Herbaceous_legumes,14.69,19.54,40.68,65.8
CIAT-7813,Indigofera cryptantha,Herbaceous_legumes,14,14.94943966,42.98477189,43.24858849,2,F24-3629,Indigofera cryptantha,Herbaceous_legumes,14.13,20.08,57.58,61.75
CIAT-7816,Indigofera spicata,Herbaceous_legumes,13.71388889,16.26331175,34.28266977,65.63914949,1,F24-3446,Indigofera spicata,Herbaceous_legumes,13.37,18.34,32.93,65.79
CIAT-7831,Tephrosia rhodesica,Shrub_Trees,13.7875,14.63753388,51.90493454,42.98536787,2,F24-3630,Tephrosia rhodesica,Shrub_Trees,14.91,20.47,54.47,51.58
CIAT-7858,Crotalaria incana,Herbaceous_legumes,15.05833333,16.70322401,40.08598539,74.82455731,1,F24-3447,Crotalaria incana,Herbaceous_legumes,14.73,18.39,38.79,75.03
CIAT-7894,Canavalia brasiliensis,Herbaceous_legumes,14.23333333,15.26985051,61.2112481,43.94334352,2,F24-3631,Canavalia brasiliensis,Herbaceous_legumes,12.54,18.14,45.89,52.77
CIAT-7972,Canavalia brasiliensis,Herbaceous_legumes,14.17222222,16.55086921,36.6719194,68.10280279,1,F24-3448,Canavalia brasiliensis,Herbaceous_legumes,13.76,18.9,35.17,68.52
CIAT-798,Galactia striata,Herbaceous_legumes,12.8375,14.4541117,47.31917107,48.94948612,2,F25-1651,Galactia striata,Herbaceous_legumes,12.74,16.7,43.93,56.06
CIAT-798,Galactia striata,Herbaceous_legumes,12.8375,14.4541117,47.31917107,48.94948612,3,F25-1651,Galactia striata,Herbaceous_legumes,12.62,15.81,50.8,57.23
CIAT-7991,Indigofera suffruticosa,Herbaceous_legumes,13.6,14.62470611,43.15559767,52.59057484,2,F24-3632,Indigofera suffruticosa,Herbaceous_legumes,14.83,18.49,63.57,39.55
CIAT-8013,Crotalaria paulina,Herbaceous_legumes,12.54444444,13.82502214,73.98239152,26.99257014,2,F25-0964,Crotalaria paulina,Herbaceous_legumes,13.2,15.89,40.57,68.31
CIAT-8156,Chamaecrista rotundifolia,Herbaceous_legumes,13.675,14.88618091,70.97066678,32.8920286,2,F25-0965,Chamaecrista rotundifolia,Herbaceous_legumes,14.43,20.12,42.34,50.26
CIAT-819,Indigofera suffruticosa,Shrub_Trees,14.225,16.94499362,39.39675804,60.93349666,1,F24-3422,Indigofera suffruticosa,Herbaceous_legumes,14.22,19.73,39.4,60.93
CIAT-8202,Chamaecrista rotundifolia,Herbaceous_legumes,13.9625,15.70541132,51.27329731,47.58715571,2,F24-3633,Chamaecrista rotundifolia,Herbaceous_legumes,13.61,18.64,48.87,51.8
CIAT-8205,Indigofera suffruticosa,Shrub_Trees,17.22777778,18.43571086,38.08396914,63.18264692,1,F24-3449,Indigofera suffruticosa,Herbaceous_legumes,16.87,19.09,36.31,63.4
CIAT-822,Calopogonium mucunoides,Herbaceous_legumes,12.93333333,14.51184509,44.52442567,54.16855161,2,F25-1652,Calopogonium mucunoides,Herbaceous_legumes,14.01,16.64,43.7,49.82
CIAT-822,Calopogonium mucunoides,Herbaceous_legumes,12.93333333,14.51184509,44.52442567,54.16855161,3,F25-1652,Calopogonium mucunoides,Herbaceous_legumes,13.54,16.08,48.95,51.7
CIAT-8402,Indigofera suffruticosa,Shrub_Trees,16.81888889,18.51920477,36.83540917,64.32332887,1,F24-3450,Indigofera suffruticosa,Herbaceous_legumes,16.26,20.07,35.27,64.85
CIAT-8408,Chamaecrista nictitans,Herbaceous_legumes,15.39722222,18.63948881,51.45658896,48.14235023,1,F24-3451,Chamaecrista nictitans,Herbaceous_legumes,15.03,21.86,50.04,48.31
CIAT-8409,Chamaecrista nictitans,Herbaceous_legumes,15.54555556,18.95958119,45.40827622,51.14513493,1,F24-3452,Chamaecrista nictitans,Herbaceous_legumes,15.29,23.37,42.31,52.95
CIAT-8512,Calopogonium caeruleum,Herbaceous_legumes,13.05,14.14472117,68.03125399,37.2941724,2,F25-0988,Calopogonium caeruleum,Herbaceous_legumes,14.62,17.19,51.26,42.35
CIAT-852,Dioclea sericea,Herbaceous_legumes,12.625,14.06177283,47.75477299,46.55186377,2,F25-1653,Dioclea sericea,Herbaceous_legumes,11.8,14.53,43.16,23.64
CIAT-852,Dioclea sericea,Herbaceous_legumes,12.625,14.06177283,47.75477299,46.55186377,3,F25-1653,Dioclea sericea,Herbaceous_legumes,11.81,14.14,41.49,28.48
CIAT-8702,Calopogonium caeruleum,Herbaceous_legumes,13.38571429,15.00368541,55.22922007,45.28150402,2,F25-1664,Calopogonium caeruleum,Herbaceous_legumes,14.46,18.0,48.86,39.57
CIAT-8702,Calopogonium caeruleum,Herbaceous_legumes,13.38571429,15.00368541,55.22922007,45.28150402,3,F25-1664,Calopogonium caeruleum,Herbaceous_legumes,14.17,16.98,50.56,46.88
CIAT-8719,Canavalia sp.,Herbaceous_legumes,14.66388889,16.92290927,35.82828163,69.01484696,1,F24-3453,Canavalia sp. ,Herbaceous_legumes,14.29,18.98,34.19,69.74
CIAT-8797,Desmanthus virgatus,Shrub_Trees,13.60555556,15.90633759,39.30177088,49.25748774,1,F24-3454,Desmanthus virgatus,Shrub_Trees,13.23,18.2,37.41,49.41
CIAT-8816,Crotalaria micans,Herbaceous_legumes,13.32222222,14.68445207,47.10012958,46.7021594,2,F25-1665,Crotalaria micans,Herbaceous_legumes,13.81,17.17,41.51,64.71
CIAT-8816,Crotalaria micans,Herbaceous_legumes,13.32222222,14.68445207,47.10012958,46.7021594,3,F25-1665,Crotalaria micans,Herbaceous_legumes,13.71,16.1,46.81,68.2
CIAT-8819,Coursetia caribaea,Herbaceous_legumes,16.56777778,18.43514176,40.70647497,65.13841256,1,F24-3455,Coursetia caribaea,Herbaceous_legumes,16.19,19.6,38.36,65.65
CIAT-887,Calopogonium mucunoides,Herbaceous_legumes,12.825,14.01458092,47.23500694,46.8764695,2,F24-3617,Calopogonium mucunoides,Herbaceous_legumes,14.44,18.2,41.52,52.78
CIAT-905,Canavalia brasiliensis,Herbaceous_legumes,12.07777778,15.39794365,40.88064539,63.41720623,1,F24-3423,Canavalia brasiliensis,Herbaceous_legumes,12.08,18.73,40.88,63.42
CIAT-907,Dioclea virgata,Herbaceous_legumes,13.17777778,14.78603126,45.97682481,52.30124557,2,F25-1654,Dioclea virgata,Herbaceous_legumes,13.54,17.01,48.63,41.29
CIAT-907,Dioclea virgata,Herbaceous_legumes,13.17777778,14.78603126,45.97682481,52.30124557,3,F25-1654,Dioclea virgata,Herbaceous_legumes,13.26,16.12,52.97,45.26
CIAT-913,Cajanus cajan,Shrub_Trees,13.53333333,16.14330515,32.8325974,60.86471966,1,F24-3424,Cajanus cajan,Shrub_Trees,13.53,18.06,32.83,60.86
CIAT-9170,Indigofera lespedezioides,Herbaceous_legumes,15.11666667,16.69472255,38.19553322,42.54084717,1,F24-3456,Indigofera lespedezioides,Herbaceous_legumes,15.12,19.38,38.2,42.54
CIAT-9189,Indigofera suffruticosa,Herbaceous_legumes,14.5,16.19205144,56.32020868,47.16428563,2,F24-3634,Indigofera suffruticosa,Herbaceous_legumes,15.27,20.18,45.56,57.89
CIAT-923,Galactia latisiliqua,Herbaceous_legumes,13.075,14.00956259,60.23094275,28.41151467,2,F24-3618,Galactia latisiliqua,Herbaceous_legumes,14.04,18.3,49.82,63.67
CIAT-9254,Crotalaria pallida,Herbaceous_legumes,18.25,20.75754558,52.28725409,59.57930489,1,F24-3457,Crotalaria pallida,Herbaceous_legumes,18.25,22.87,52.29,59.58
CIAT-9283,Crotalaria pallida,Herbaceous_legumes,18.13333333,20.82296494,50.82738418,60.12428941,1,F24-3458,Crotalaria pallida,Herbaceous_legumes,18.13,23.25,50.83,60.12
CIAT-9288,Indigofera suffruticosa,Shrub_Trees,19.38333333,22.65560954,49.11286706,68.01798625,1,F24-3459,Indigofera suffruticosa,Herbaceous_legumes,19.38,26.92,49.11,68.02
CIAT-9323,Crotalaria vitellina,Herbaceous_legumes,13.17142857,14.46913523,48.63543506,48.33484828,2,F25-0966,Crotalaria vitellina,Herbaceous_legumes,14.66,17.21,51.69,64.57
CIAT-9336,Clitoria ternatea,Herbaceous_legumes,18.63333333,20.19289758,50.58015917,69.14500974,1,F24-3460,Clitoria ternatea,Herbaceous_legumes,18.63,22.63,50.58,69.15
CIAT-9349,Mucuna pruriens,Herbaceous_legumes,17.35,18.52022148,43.23141221,56.47175531,1,F24-3461,Mucuna pruriens,Herbaceous_legumes,17.35,19.72,43.23,56.47
CIAT-9356,Tephrosia noctiflora,Herbaceous_legumes,18.7,20.48123332,49.48299954,53.76858584,1,F24-3462,Tephrosia noctiflora,Shrub_Trees,18.7,22.53,49.48,53.77
CIAT-9432,Clitoria ternatea,Herbaceous_legumes,17.36,18.90480266,57.23559994,50.86955404,1,F24-3463,Clitoria ternatea,Herbaceous_legumes,17.47,20.6,54.34,55.33
CIAT-9432,Clitoria ternatea,Herbaceous_legumes,17.36,18.90480266,57.23559994,50.86955404,3,F25-2635,Clitoria ternatea ,Herbaceous_legumes,15.25,17.61,60.36,48.13
CIAT-9433,Clitoria ternatea,Herbaceous_legumes,17.95,19.36220051,46.43060189,61.81659761,1,F24-3464,Clitoria ternatea,Herbaceous_legumes,17.95,21.33,46.43,61.82
CIAT-9434,Clitoria ternatea,Herbaceous_legumes,14.36666667,15.85424307,46.5095975,51.78237038,2,F24-3635,Clitoria ternatea,Herbaceous_legumes,14.89,17.69,56.61,54.0
CIAT-9435,Desmanthus pubescens,Shrub_Trees,16.03333333,18.91088125,44.68897753,43.25556652,1,F24-3465,Desmanthus pubescens,Shrub_Trees,16.03,22.85,44.69,43.26
CIAT-9530,Crotalaria maypurensis,Herbaceous_legumes,17.01666667,19.20635037,51.12426414,68.20211518,1,F24-3466,Crotalaria maypurensis,Herbaceous_legumes,17.02,22.0,51.12,68.2
CIAT-9537,Crotalaria sagittalis,Herbaceous_legumes,13.65,15.84376108,61.08167194,31.68683759,2,F25-0967,Crotalaria sagittalis,Herbaceous_legumes,13.62,15.54,43.17,63.64
CIAT-955,Clitoria ternatea,Herbaceous_legumes,12.82222222,14.54174742,45.4542608,59.6485888,1,F24-3425,Clitoria ternatea,Herbaceous_legumes,12.82,15.9,45.45,59.65
CIAT-9562,Eriosema diffusum,Herbaceous_legumes,16.84,18.08730867,45.1294384,28.53385037,1,F24-3467,Eriosema diffusum,Herbaceous_legumes,16.7,19.77,40.6,35.83
CIAT-9690,Aeschynomene histrix,Herbaceous_legumes,13.28333333,14.5860864,48.22524491,52.97040787,2,F25-0968,Aeschynomene histrix,Herbaceous_legumes,14.26,17.11,45.88,60.47
CIAT-989,Indigofera hirsuta,Herbaceous_legumes,14.91666667,15.99487279,29.71202034,50.4755836,1,F24-3426,Indigofera hirsuta,Herbaceous_legumes,14.92,17.49,29.71,50.48
CIAT-9900,Pueraria phaseoloides,Herbaceous_legumes,13.71666667,14.95767063,49.78747516,55.77349618,2,F25-0969,Pueraria phaseoloides,Herbaceous_legumes,14.1,15.19,43.37,45.12
CIAT-9982,Crotalaria incana,Herbaceous_legumes,17.05,18.99978192,47.26025984,72.63736918,1,F24-3468,Crotalaria incana,Herbaceous_legumes,17.05,21.22,47.26,72.64
CIAT-BH-08-1149,Brachiaria humidicola,Grass,16.53333333,18.5981859,55.71627267,58.06992167,1,F24-3602,Brachiaria humidicola,Grass,16.71,20.32,55.06,58.29
CIAT-BH-16-B-0733,Brachiaria humidicola,Grass,16.64444444,18.63397841,54.41194986,58.61707648,1,F24-3606,Brachiaria humidicola,Grass,16.61,20.21,54.65,57.87
CIAT-BH-16-B-0741,Brachiaria humidicola,Grass,16.26666667,18.49899629,54.44116853,58.18267308,1,F24-3607,Brachiaria humidicola,Grass,16.41,20.6,53.66,58.82
CIAT-BH-16-B-1194,Brachiaria humidicola,Grass,16.06666667,18.07229238,54.38707133,57.93000077,1,F24-3608,Brachiaria humidicola,Grass,15.93,19.69,56.09,57.89
CIAT-BH-16-B-1618,Brachiaria humidicola,Grass,16.28888889,17.48367649,52.17842383,56.34690149,1,F24-3609,Brachiaria humidicola,Grass,16.37,18.46,49.87,55.96
CIAT-BH-16-B-1707,Brachiaria humidicola,Grass,15.9,18.00404635,59.51626446,55.72820542,1,F24-3610,Brachiaria humidicola,Grass,15.83,19.66,58.33,56.99
CIAT-BH-16-B-2165,Urochloa humidicola,Grass,13.98888889,15.54903804,39.15382911,55.17289595,2,F25-2145,Urochloa humidicola,Grass,12.58,15.3,43.54,54.76
CIAT-BH-16-B-2167,Urochloa humidicola,Grass,13.7125,15.25226146,40.89717958,48.15224217,2,F25-2146,Urochloa humidicola,Grass,12.67,14.6,43.77,49.81
CIAT-BH-16-0550,Brachiaria humidicola,Grass,15.87777778,18.07345417,57.31433634,56.78334988,1,F24-3603,Brachiaria humidicola,Grass,16.28,19.91,58.06,56.56
CIAT-BH-16-0562,Brachiaria humidicola,Grass,16.225,18.18753445,58.25749703,56.47482607,1,F24-3604,Brachiaria humidicola,Grass,15.79,19.96,57.88,56.42
CIAT-BH-16-1763,Urochloa humidicola,Grass,14.1,15.43944213,38.74068246,55.57656457,2,F25-2144,Urochloa humidicola,Grass,12.28,14.9,41.73,53.52
CIAT-BH-16-3249,Brachiaria humidicola,Grass,16.27777778,18.22606781,54.88118786,58.21011912,1,F24-3605,Brachiaria humidicola,Grass,16.17,19.84,55.41,59.07
CIAT-BH-22-0071,Urochloa humidicola,Grass,13.2,14.54637746,49.04048929,37.45650923,2,F25-2178,Urochloa humidicola,Grass,12.96,14.99,47.41,46.77
CIAT-BH-22-0132,Urochloa humidicola,Grass,14.7625,16.1575486,53.94522769,51.02685895,2,F25-2172,Urochloa humidicola,Grass,12.72,14.6,69.18,33.38
CIAT-BH-22-0456,Urochloa humidicola,Grass,12.72222222,14.1369111,61.82357752,33.26528863,2,F25-2175,Urochloa humidicola,Grass,13.12,14.63,49.34,51.84
CIAT-BH-22-1258,Urochloa humidicola,Grass,14.33333333,15.80024542,61.34236585,54.66239262,2,F25-2163,Urochloa humidicola,Grass,12.87,14.79,82.25,27.68
CIAT-BH-22-1267,Urochloa humidicola,Grass,13.64,15.38351526,71.4600433,29.2290841,2,F25-2180,Urochloa humidicola,Grass,12.66,15.02,56.47,42.58
CIAT-BH-22-1303,Urochloa humidicola,Grass,14,15.59058186,44.01892,40.12741923,2,F25-2181,Urochloa humidicola,Grass,12.99,14.99,53.84,45.5
CIAT-BH-22-1370,Urochloa humidicola,Grass,14.65,15.82534603,74.2062803,47.27657957,2,F25-2164,Urochloa humidicola,Grass,12.89,14.68,48.47,41.92
CIAT-BH-22-1375,Urochloa humidicola,Grass,14.53333333,15.89079502,57.3046479,53.51674299,2,F25-2157,Urochloa humidicola,Grass,12.44,15.14,58.78,41.97
CIAT-BH-22-1706,Urochloa humidicola,Grass,13.95714286,15.23935233,59.33842343,50.95037132,2,F25-2161,Urochloa humidicola,Grass,12.42,14.71,60.81,36.12
CIAT-BH-22-1832,Urochloa humidicola,Grass,13.04,14.11534686,88.5725063,26.19711151,2,F25-2176,Urochloa humidicola,Grass,13.07,14.72,60.01,46.12
CIAT-BH-22-1872,Urochloa humidicola,Grass,12.96666667,14.10541699,64.56952557,30.32790218,2,F25-2177,Urochloa humidicola,Grass,12.94,15.22,81.86,40.81
CIAT-BH-22-2046,Urochloa humidicola,Grass,15.55714286,16.45715898,101.5880027,19.16584467,2,F25-2183,Urochloa humidicola,Grass,12.57,14.88,68.15,39.13
CIAT-BH-22-2074,Urochloa humidicola,Grass,12.8,14.11223096,51.05014551,38.06719253,2,F25-2174,Urochloa humidicola,Grass,13.33,15.33,59.36,45.93
CIAT-BH-22-2189,Urochloa humidicola,Grass,14.3,15.80185862,50.69621306,51.38446612,2,F25-2169,Urochloa humidicola,Grass,12.93,14.81,76.17,27.59
CIAT-BH-22-2225,Urochloa humidicola,Grass,13.33333333,14.50806962,104.3503252,36.14818599,2,F25-2165,Urochloa humidicola,Grass,13.31,15.09,56.26,39.81
CIAT-BH-22-2508,Urochloa humidicola,Grass,14.02,15.14316138,55.23738445,31.70866044,2,F25-2182,Urochloa humidicola,Grass,13.32,15.34,67.68,40.88
CIAT-BH-22-3115,Urochloa humidicola,Grass,14.35714286,15.62420112,49.10487787,51.74452341,2,F25-2156,Urochloa humidicola,Grass,12.14,14.84,62.57,37.57
CIAT-BH-22-3507,Urochloa humidicola,Grass,14.34,15.31389597,90.93040913,45.27754218,2,F25-2167,Urochloa humidicola,Grass,12.79,14.69,88.9,25.03
CIAT-BH-22-3521,Urochloa humidicola,Grass,14.94285714,16.28368729,53.41831992,51.50300207,2,F25-2173,Urochloa humidicola,Grass,13.17,14.63,55.84,36.99
CIAT-BH-22-4092,Urochloa humidicola,Grass,14.475,16.09518341,75.95546641,51.83506128,2,F25-2153,Urochloa humidicola,Grass,12.6,15.27,47.18,47.84
CIAT-BH-22-4169,Urochloa humidicola,Grass,14.22857143,15.62284588,89.52916338,44.07261059,2,F25-2162,Urochloa humidicola,Grass,12.93,14.87,74.49,30.14
CIAT-BH-22-4253,Urochloa humidicola,Grass,13.95714286,15.36644145,45.10520438,54.97226169,2,F25-2168,Urochloa humidicola,Grass,12.99,14.71,56.84,36.45
CIAT-BH-22-4454,Urochloa humidicola,Grass,12.88888889,14.1905748,45.6518782,40.17402135,2,F25-2179,Urochloa humidicola,Grass,13.42,15.57,52.87,45.38
CIAT-BH-22-4865,Urochloa humidicola,Grass,14.57777778,15.75710442,70.34303406,45.60908469,2,F25-2160,Urochloa humidicola,Grass,12.84,14.88,61.35,36.5
CIAT-BR-02-0465,Brachiaria interespecifico,Grass,14.35555556,15.26239548,48.94739166,44.27514191,2,F25-1721,Brachiaria interespecifico,Grass,12.13,15.33,51.44,43.68
CIAT-BR-02-1752,Brachiaria interespecifico,Grass,13.97777778,14.6106914,33.82558661,67.38520137,1,F24-3582,Brachiaria interespecifico,Grass,13.98,15.23,33.83,67.39
CIAT-BR-02-1794,Brachiaria interespecifico,Grass,13.78888889,14.50946411,35.76781532,63.96971335,1,F24-3583,Brachiaria interespecifico,Grass,13.79,15.24,35.77,63.97
CIAT-BR-04-3025,Brachiaria interespecifico,Grass,14.4,15.78136732,52.15527062,44.77099369,2,F25-1722,Brachiaria interespecifico,Grass,13.46,15.33,54.31,48.78
CIAT-BR-05-1435,Brachiaria interespecifico,Grass,14.61111111,16.20150791,48.32562992,45.93251512,2,F25-1723,Brachiaria interespecifico,Grass,12.36,15.16,45.58,43.49
CIAT-BR-06-0423,Brachiaria interespecifico,Grass,14.6125,15.14085715,35.98065725,64.27344606,1,F24-3584,Brachiaria interespecifico,Grass,13.06,15.49,34.29,64.5
CIAT-BR-09-1232,Brachiaria interespecifico,Grass,13.7625,14.37004035,36.04397144,66.64386119,1,F24-3585,Brachiaria interespecifico,Grass,13.71,14.95,36.04,66.64
CIAT-BR-09-3660,Brachiaria interespecifico,Grass,14.92222222,16.42253229,53.58402717,38.27779526,2,F25-1724,Brachiaria interespecifico,Grass,12.86,15.26,47.59,47.25
CIAT-BR-09-4777,Brachiaria interespecifico,Grass,13.44444444,14.82656368,43.33060992,55.50804333,2,F25-2106,Brachiaria interespecifico,Grass,12.72,15.09,56.87,40.4
CIAT-BR-12-0255,Brachiaria interespecifico,Grass,11.23333333,13.08918257,45.13055888,50.33091247,2,F25-2107,Brachiaria interespecifico,Grass,12.31,15.09,37.48,60.12
CIAT-BR-12-0461,Brachiaria interespecifico,Grass,11.71666667,13.5193047,46.40251686,47.67603482,2,F25-2108,Brachiaria interespecifico,Grass,12.52,15.34,37.7,61.59
CIAT-BR-12-1362,Brachiaria interespecifico,Grass,13.675,14.81286717,45.89577736,44.29831152,2,F25-1701,Brachiaria interespecifico,Grass,11.96,14.68,36.67,64.41
CIAT-BR-12-1620,Brachiaria interespecifico,Grass,13.56666667,14.850138,53.6815281,47.35279919,2,F25-2109,Brachiaria interespecifico,Grass,12.4,14.99,36.04,60.13
CIAT-BR-12-1889,Brachiaria interespecifico,Grass,13.42222222,14.67646926,46.01431242,51.55761317,2,F25-2110,Brachiaria interespecifico,Grass,11.64,15.62,36.64,57.99
CIAT-BR-12-2462,Brachiaria interespecifico,Grass,13.8875,14.62420432,53.10612308,34.30809934,2,F25-1702,Brachiaria interespecifico,Grass,12.94,13.12,35.78,56.21
CIAT-BR-12-3868,Brachiaria interespecifico,Grass,13.44285714,14.6603915,45.78641982,50.21320663,2,F25-1703,Brachiaria interespecifico,Grass,11.08,14.5,33.46,55.88
CIAT-BR-12-4039,Brachiaria interespecifico,Grass,13.42222222,14.70795477,43.64486433,53.48733839,2,F25-2111,Brachiaria interespecifico,Grass,12.23,15.64,38.13,56.17
CIAT-BR-12-4400,Brachiaria interespecifico,Grass,13.67777778,15.54328161,44.01815237,45.14938604,2,F25-1711,Brachiaria interespecifico,Grass,12.41,15.0,46.5,53.36
CIAT-BR-12-4856,Brachiaria interespecifico,Grass,13.86666667,14.89970764,40.99638861,54.54404312,2,F25-2112,Brachiaria interespecifico,Grass,12.56,15.13,40.7,49.54
CIAT-BR-12-4951,Brachiaria interespecifico,Grass,14.34444444,15.02145326,35.75599615,65.93328643,1,F24-3586,Brachiaria interespecifico,Grass,14.34,15.64,35.76,65.93
CIAT-BR-12-5049,Brachiaria interespecifico,Grass,12.38888889,14.09256253,50.73006222,45.49695556,2,F25-2113,Brachiaria interespecifico,Grass,12.74,15.83,44.66,50.57
CIAT-BR-15-0722,Brachiaria interespecifico,Grass,14.27777778,14.73888445,36.15030967,60.89206522,1,F24-3587,Brachiaria interespecifico,Grass,14.28,15.11,36.15,60.89
CIAT-BR-15-1851,Brachiaria interespecifico,Grass,12.3,13.89658861,36.649838,54.2089875,2,F25-2114,Brachiaria interespecifico,Grass,12.8,15.46,45.29,51.12
CIAT-BR-15-2558,Brachiaria interespecifico,Grass,13.62857143,14.66062028,44.56775422,48.0125703,2,F25-1704,Brachiaria interespecifico,Grass,12.19,14.63,38.25,57.33
CIAT-BR-15-2811,Brachiaria interespecifico,Grass,12.31111111,13.80183196,50.69496518,41.03555343,2,F25-1705,Brachiaria interespecifico,Grass,11.99,13.79,36.8,56.83
CIAT-BR-15-2891,Brachiaria interespecifico,Grass,11.675,12.86289766,52.42655444,31.55431911,2,F25-1706,Brachiaria interespecifico,Grass,13.08,14.58,40.25,54.93
CIAT-BR-15-3025,Brachiaria interespecifico,Grass,12.97777778,14.12305297,55.11452169,41.23121689,2,F25-2115,Brachiaria interespecifico,Grass,12.84,15.32,42.43,52.27
CIAT-BR-15-3248,Brachiaria interespecifico,Grass,12.22222222,13.72286074,44.53543389,51.99822469,2,F25-2116,Brachiaria interespecifico,Grass,12.69,15.71,40.34,54.32
CIAT-BR-15-3434,Brachiaria interespecifico,Grass,13.51111111,15.15253923,48.0409988,37.06566377,2,F25-1712,Brachiaria interespecifico,Grass,13.16,14.82,49.11,50.69
CIAT-BR-15-3811,Brachiaria interespecifico,Grass,13.4,15.26981147,48.14318207,35.08236202,2,F25-1713,Brachiaria interespecifico,Grass,12.68,14.57,48.25,49.7
CIAT-BR-15-6487,Brachiaria interespecifico,Grass,14.0125,14.4116088,36.05625758,61.15198613,1,F24-3588,Brachiaria interespecifico,Grass,14.01,14.91,36.06,61.15
CIAT-BR-15-6547,Brachiaria interespecifico,Grass,13.65555556,15.66584952,47.59104903,42.10614627,2,F25-1714,Brachiaria interespecifico,Grass,12.37,14.74,41.87,50.44
CIAT-BR-15-7121,Brachiaria interespecifico,Grass,13.15555556,15.13610296,47.7021114,41.75127444,2,F25-1715,Brachiaria interespecifico,Grass,11.98,15.52,50.81,47.76
CIAT-BR-15-7659,Brachiaria interespecifico,Grass,12.54444444,13.94059493,46.087061,47.66210037,2,F25-2117,Brachiaria interespecifico,Grass,12.39,15.24,41.22,52.92
CIAT-BR-15-8887,Brachiaria interespecifico,Grass,13.5,15.12559871,49.43558586,40.11767208,2,F25-1716,Brachiaria interespecifico,Grass,12.41,15.54,46.78,51.77
CIAT-BR-15-8919,Brachiaria interespecifico,Grass,14.23333333,15.34689769,57.37601854,45.51798227,2,F25-2118,Brachiaria interespecifico,Grass,12.42,15.0,43.24,50.93
CIAT-BR-19-0029,Brachiaria interespecifico,Grass,13.9375,14.86628465,38.2326484,61.99580318,1,F24-3589,Brachiaria interespecifico,Grass,13.78,15.72,38.23,62.0
CIAT-BR-19-0423,Brachiaria interespecifico,Grass,13.93333333,14.41387097,37.15749971,63.48291436,1,F24-3590,Brachiaria interespecifico,Grass,13.93,14.88,37.16,63.48
CIAT-BR-19-1264,Brachiaria interespecifico,Grass,14.03333333,15.42981765,44.91457481,41.22843626,2,F25-1725,Brachiaria interespecifico,Grass,12.26,15.53,49.0,45.46
CIAT-BR-19-1343,Brachiaria interespecifico,Grass,12.65555556,14.46613105,52.49810638,43.49449813,2,F25-1707,Brachiaria interespecifico,Grass,11.84,14.01,39.18,50.61
CIAT-BR-19-4678,Brachiaria interespecifico,Grass,12.45555556,14.33443459,46.52924899,37.39138354,2,F25-1717,Brachiaria interespecifico,Grass,12.79,14.87,51.68,47.83
CIAT-BR-19-5029,Brachiaria interespecifico,Grass,12.42222222,14.26422386,54.60283333,30.07930449,2,F25-1718,Brachiaria interespecifico,Grass,13.11,15.44,45.62,51.34
CIAT-BR-19-5217,Brachiaria interespecifico,Grass,14.41428571,16.13271587,46.37586353,46.83501856,2,F25-1726,Brachiaria interespecifico,Grass,12.66,15.21,50.98,45.08
CIAT-BR-19-5357,Brachiaria interespecifico,Grass,13.22222222,14.90782377,43.98013472,41.60524669,2,F25-1719,Brachiaria interespecifico,Grass,12.81,15.22,49.66,48.47
CIAT-BR-19-5381,Brachiaria interespecifico,Grass,14.25714286,15.28193721,50.67530314,40.37937583,2,F25-1720,Brachiaria interespecifico,Grass,12.34,15.16,46.28,47.56
CIAT-BR-19-5515,Brachiaria interespecifico,Grass,12.2375,13.71976225,51.21169886,45.70123659,2,F25-2119,Brachiaria interespecifico,Grass,12.34,15.18,45.3,52.02
CIAT-BR-19-5877,Brachiaria interespecifico,Grass,12.6,13.88363599,51.16656435,43.00312993,2,F25-2120,Brachiaria interespecifico,Grass,12.69,15.3,46.91,50.02
CIAT-BR-19-6136,Brachiaria interespecifico,Grass,13.44444444,14.66021982,55.77262201,44.69199557,2,F25-2121,Brachiaria interespecifico,Grass,12.63,15.18,48.9,46.05
CIAT-CIAT-16021,Megathyrsus maximus,Grass,12.58333333,14.08761311,37.06127543,58.34501634,2,F25-2087,Megathyrsus maximus,Grass,14.68,17.44,55.86,42.94
CIAT-CIAT-16025,Megathyrsus maximus,Grass,11.88333333,13.72812805,46.56439246,47.32020845,2,F25-2092,Megathyrsus maximus,Grass,13.42,16.32,49.69,45.83
CIAT-CIAT-16031,Megathyrsus maximus,Grass,12.37777778,13.5939225,42.34283091,52.03897114,2,F25-2080,Megathyrsus maximus,Grass,13.86,17.0,42.96,55.93
CIAT-CIAT-16048,Megathyrsus maximus,Grass,15.2375,16.66818632,48.72049657,48.5017786,1,F25-0994,Megathyrsus maximus,Grass,15.06,18.12,48.72,48.5
CIAT-CIAT-16051,Megathyrsus maximus,Grass,14.93333333,16.88705555,53.86862454,45.79254473,1,F25-0997,Megathyrsus maximus,Grass,14.93,18.82,53.87,45.79
CIAT-CIAT-16886,Urochloa humidicola,Grass,13.9,15.36987996,39.15912414,50.29005708,2,F25-2147,Urochloa humidicola,Grass,13.17,14.72,40.89,54.54
CIAT-CIAT-16888,Brachiaria humidicola,Grass,16.98888889,18.66317973,62.3038338,54.69249659,1,F24-3611,Brachiaria humidicola,Grass,16.38,19.99,62.67,53.26
CIAT-CIAT-16891,Urochloa humidicola,Grass,13.73333333,15.29895619,41.66329172,50.47891049,2,F25-2148,Urochloa humidicola,Grass,12.63,14.91,41.7,49.99
CIAT-CIAT-26110,Brachiaria interespecifico,Grass,12.625,13.95758025,40.08419974,48.47064781,2,F25-1708,Brachiaria interespecifico,Grass,13.28,15.13,48.14,49.43
CIAT-CIAT-26124,Brachiaria interespecifico,Grass,14.21428571,15.51128611,42.82854173,49.14657945,2,F25-1727,Brachiaria interespecifico,Grass,13.51,14.93,53.17,43.78
CIAT-CIAT-26146,Urochloa humidicola,Grass,13.81111111,15.1603643,40.68990743,51.30869366,2,F25-2149,Urochloa humidicola,Grass,12.61,14.9,44.07,51.97
CIAT-CIAT-26149,Urochloa humidicola,Grass,13.85714286,15.34868648,55.7868815,43.04065509,2,F25-2150,Urochloa humidicola,Grass,12.44,15.03,43.75,52.93
CIAT-CIAT-26160,Urochloa humidicola,Grass,13.45714286,15.22066902,74.57794834,40.66888451,2,F25-2151,Urochloa humidicola,Grass,12.82,15.26,44.14,52.52
CIAT-CIAT-26415,Urochloa humidicola,Grass,13.8625,15.28141394,49.08065254,45.34251969,2,F25-2152,Urochloa humidicola,Grass,12.09,14.63,42.34,48.43
CIAT-CIAT-26438,Urochloa humidicola,Grass,14.57777778,16.23925649,59.59987178,53.5682057,2,F25-2154,Urochloa humidicola,Grass,12.53,14.84,54.8,42.4
CIAT-CIAT-26570,Urochloa humidicola,Grass,14.375,15.94847264,52.60817434,53.78397129,2,F25-2155,Urochloa humidicola,Grass,13.28,15.51,45.45,48.12
CIAT-CIAT-26646,Brachiaria interespecifico,Grass,13.55,15.26633519,39.78898786,58.62415517,2,F25-1709,Brachiaria interespecifico,Grass,11.56,14.83,45.13,49.08
CIAT-CIAT-26936,Megathyrsus maximus,Grass,13.1,14.0678956,43.50903541,52.76176921,2,F25-2081,Megathyrsus maximus,Grass,14.43,16.83,44.14,53.71
CIAT-CIAT-6133,Urochloa humidicola,Grass,14.44285714,15.75419404,55.41503198,47.44338332,2,F25-2158,Urochloa humidicola,Grass,12.34,14.73,57.67,40.88
CIAT-CIAT-6297,Brachiaria interespecifico,Grass,13.35714286,15.13788113,39.05837689,53.16433385,2,F25-1710,Brachiaria interespecifico,Grass,12.91,15.01,50.2,47.27
CIAT-CIAT-679,Urochloa humidicola,Grass,14.35714286,15.83389196,71.99739583,43.8485474,2,F25-2159,Urochloa humidicola,Grass,12.42,14.87,62.47,41.12
CIAT-CIAT-6799,Megathyrsus maximus,Grass,14.92222222,16.22480105,51.97056865,42.10281223,1,F25-1005,Megathyrsus maximus,Grass,14.92,17.13,51.97,42.1
CIAT-CIAT-6890,Megathyrsus maximus,Grass,14.33333333,16.2074155,47.37954496,52.75161102,1,F25-1001,Megathyrsus maximus,Grass,14.33,17.82,47.38,52.75
CIAT-CIAT-6962,Megathyrsus maximus,Grass,14.82222222,15.86792064,40.72542185,56.51059131,1,F24-3591,Megathyrsus maximus,Grass,14.82,16.73,40.73,56.51
CIAT-CIAT-6986,Megathyrsus maximus,Grass,12.38888889,14.1205967,43.15251079,53.88902468,2,F25-2098,Megathyrsus maximus,Grass,13.76,16.14,51.0,45.09
CIAT-Mulato-II,Brachiaria interespecifico,Grass,14.21111111,14.64108542,34.27125952,65.31952458,1,F24-3592,Brachiaria interespecifico,Grass,14.21,15.01,34.27,65.32
CIAT-PM-21-0047,Megathyrsus maximus,Grass,14.43333333,16.13833505,50.93165128,48.46079701,1,F25-1008,Megathyrsus maximus,Grass,14.43,17.69,50.93,48.46
CIAT-PM-21-0052,Megathyrsus maximus,Grass,14.21111111,16.19808552,47.42745889,50.40702183,1,F25-1003,Megathyrsus maximus,Grass,14.21,17.99,47.43,50.41
CIAT-PM-21-0053,Megathyrsus maximus,Grass,14.63333333,16.41263989,49.0358581,51.4298638,1,F25-0990,Megathyrsus maximus,Grass,14.63,17.98,49.04,51.43
CIAT-PM-21-0055,Megathyrsus maximus,Grass,14.15555556,16.29612344,49.42973751,46.40256674,1,F25-1006,Megathyrsus maximus,Grass,14.16,18.23,49.43,46.4
CIAT-PM-21-0059,Megathyrsus maximus,Grass,14.2,16.38522791,48.85121029,48.99762907,1,F25-1011,Megathyrsus maximus,Grass,14.2,18.34,48.85,49.0
CIAT-PM-21-0062,Megathyrsus maximus,Grass,13.95555556,15.80183195,51.57322118,45.37566867,1,F25-1013,Megathyrsus maximus,Grass,13.96,17.47,51.57,45.38
CIAT-PM-21-0065,Megathyrsus maximus,Grass,11.62222222,13.28535861,46.10317575,49.6058127,2,F25-2089,Megathyrsus maximus,Grass,14.13,16.93,49.51,49.57
CIAT-PM-21-0070,Megathyrsus maximus,Grass,12.31666667,14.1583185,42.97324185,50.42052845,2,F25-2093,Megathyrsus maximus,Grass,13.77,16.82,45.53,54.14
CIAT-PM-21-0072,Megathyrsus maximus,Grass,11.42222222,13.14428486,40.94850083,49.29500036,2,F25-2083,Megathyrsus maximus,Grass,13.57,16.86,42.67,53.17
CIAT-PM-21-0074,Megathyrsus maximus,Grass,13.61111111,14.53183288,44.57944223,54.50763307,2,F25-2082,Megathyrsus maximus,Grass,13.9,16.89,41.79,54.87
CIAT-PM-21-0076,Megathyrsus maximus,Grass,14.88888889,16.80720896,56.00261959,47.61255557,1,F25-1000,Megathyrsus maximus,Grass,14.89,18.59,56.0,47.61
CIAT-PM-21-0078,Megathyrsus maximus,Grass,12.58888889,14.17688636,45.19566798,51.63038723,2,F25-2100,Megathyrsus maximus,Grass,13.78,16.54,50.97,42.9
CIAT-PM-21-0079,Megathyrsus maximus,Grass,12.2,13.89572778,44.43421886,47.83447666,2,F25-2097,Megathyrsus maximus,Grass,13.48,16.18,48.6,48.02
CIAT-PM-21-0086,Megathyrsus maximus,Grass,14.82222222,16.58857554,51.772727,45.62389359,1,F25-0993,Megathyrsus maximus,Grass,14.82,18.31,51.77,45.62
CIAT-PM-21-0185,Megathyrsus maximus,Grass,14.36666667,16.49528964,50.84087196,46.89438535,1,F25-0995,Megathyrsus maximus,Grass,14.37,18.59,50.84,46.89
CIAT-PM-21-0215,Megathyrsus maximus,Grass,14.72777778,16.37009801,47.14830808,51.01706578,1,F24-3593,Megathyrsus maximus,Grass,14.73,17.81,47.15,51.02
CIAT-PM-21-0631,Megathyrsus maximus,Grass,14.13333333,15.82456031,43.2526601,57.11927115,1,F24-3594,Megathyrsus maximus,Grass,14.13,17.6,43.25,57.12
CIAT-PM-21-0819,Megathyrsus maximus,Grass,12.23333333,13.82976298,43.70226169,51.3232128,2,F25-2086,Megathyrsus maximus,Grass,13.78,16.67,46.72,51.88
CIAT-PM-21-0876,Megathyrsus maximus,Grass,12.17777778,13.99295354,38.40762566,58.15276314,2,F25-2102,Megathyrsus maximus,Grass,13.43,16.14,53.15,41.2
CIAT-PM-21-0906,Megathyrsus maximus,Grass,13.73333333,15.55351241,43.94886308,48.60284433,1,F25-1014,Megathyrsus maximus,Grass,13.73,17.28,43.95,48.6
CIAT-PM-21-2195,Megathyrsus maximus,Grass,14.32222222,15.84597353,46.87769488,50.39207122,1,F24-3595,Megathyrsus maximus,Grass,14.32,17.24,46.88,50.39
CIAT-PM-21-2580,Megathyrsus maximus,Grass,12.26666667,14.23156435,43.43676225,50.99532045,2,F25-2079,Megathyrsus maximus,Grass,13.72,16.9,42.58,60.3
CIAT-PM-21-2627,Megathyrsus maximus,Grass,14.24444444,15.966318,43.89692047,47.89813121,1,F25-1010,Megathyrsus maximus,Grass,14.24,17.41,43.9,47.9
CIAT-PM-21-3522,Megathyrsus maximus,Grass,14.06666667,15.75749611,45.98522505,51.1966911,1,F24-3596,Megathyrsus maximus,Grass,14.07,17.38,45.99,51.2
CIAT-PM-21-3534,Megathyrsus maximus,Grass,17.14444444,18.90656063,50.37995842,59.54801018,1,F24-3597,Megathyrsus maximus,Grass,17.12,20.47,50.14,58.31
CIAT-PM-21-3535,Megathyrsus maximus,Grass,12.12222222,13.9758313,42.16274106,52.21628439,2,F25-2077,Megathyrsus maximus,Grass,14.12,16.73,41.28,53.93
CIAT-PM-21-3537,Megathyrsus maximus,Grass,16.9125,19.14139322,53.10261821,61.18731635,1,F24-3598,Megathyrsus maximus,Grass,17.09,21.64,50.43,65.81
CIAT-PM-21-3545,Megathyrsus maximus,Grass,16.95714286,19.04731766,50.51493373,57.5980105,1,F24-3599,Megathyrsus maximus,Grass,16.87,21.1,51.18,58.21
CIAT-PM-21-3550,Megathyrsus maximus,Grass,14.62222222,16.61355639,50.75888998,45.10749452,1,F25-0991,Megathyrsus maximus,Grass,14.62,18.52,50.76,45.11
CIAT-PM-21-3595,Megathyrsus maximus,Grass,14.84444444,16.26000418,50.5653913,45.28896068,1,F25-0992,Megathyrsus maximus,Grass,14.84,17.5,50.57,45.29
CIAT-PM-21-3641,Megathyrsus maximus,Grass,12.66666667,14.18137451,42.02533667,54.90000926,2,F25-2103,Megathyrsus maximus,Grass,13.41,16.31,58.19,38.93
CIAT-PM-21-3662,Megathyrsus maximus,Grass,12.7125,14.28355574,42.84234261,50.29446726,2,F25-2095,Megathyrsus maximus,Grass,13.86,16.44,40.94,57.71
CIAT-PM-21-3670,Megathyrsus maximus,Grass,16.5,18.78181712,48.18749471,60.01700645,1,F24-3600,Megathyrsus maximus,Grass,16.6,20.96,48.38,58.76
CIAT-PM-21-3684,Megathyrsus maximus,Grass,14.58888889,16.21580531,47.30890563,53.76496459,1,F25-0999,Megathyrsus maximus,Grass,14.59,17.79,47.31,53.76
CIAT-PM-21-4449,Megathyrsus maximus,Grass,14.55555556,16.39186548,52.89148753,42.71958994,1,F25-1004,Megathyrsus maximus,Grass,14.56,17.86,52.89,42.72
CIAT-PM-21-4852,Megathyrsus maximus,Grass,12.68571429,14.33421919,39.6039917,59.12847546,2,F25-2099,Megathyrsus maximus,Grass,13.82,16.23,53.27,40.75
CIAT-PM-21-4926,Megathyrsus maximus,Grass,12.6,14.41838359,47.7264535,48.21264122,2,F25-2094,Megathyrsus maximus,Grass,14.36,16.64,53.71,39.9
CIAT-PM-21-6080,Megathyrsus maximus,Grass,15.07777778,16.83956325,50.45910292,45.88549124,1,F25-0998,Megathyrsus maximus,Grass,15.08,18.54,50.46,45.89
CIAT-PM-21-6106,Megathyrsus maximus,Grass,12.23333333,14.22425572,44.91379576,50.72267735,2,F25-2078,Megathyrsus maximus,Grass,14.51,17.39,40.45,58.82
CIAT-PM-21-6529,Megathyrsus maximus,Grass,14.16666667,15.98969473,46.71627074,46.8123648,1,F25-1007,Megathyrsus maximus,Grass,14.17,17.53,46.72,46.81
CIAT-PM-21-6598,Megathyrsus maximus,Grass,11.46666667,13.64697954,38.05897734,52.16713785,2,F25-2084,Megathyrsus maximus,Grass,13.47,16.84,46.34,50.76
CIAT-PM-21-6628,Megathyrsus maximus,Grass,17.23333333,19.24063022,51.35951404,59.73568851,1,F24-3601,Megathyrsus maximus,Grass,17.23,21.42,49.84,60.12
CIAT-PM-21-6629,Megathyrsus maximus,Grass,11.95,13.65679506,44.45513585,49.91917667,2,F25-2090,Megathyrsus maximus,Grass,13.68,16.34,47.95,44.82
CIAT-PM-21-6638,Megathyrsus maximus,Grass,14.12888889,15.906073,45.83451293,49.70872953,1,F25-1002,Megathyrsus maximus,Grass,14.13,17.59,45.83,49.71
CIAT-PM-21-6640,Megathyrsus maximus,Grass,12.55,14.09232445,48.80562066,49.13452386,2,F25-2088,Megathyrsus maximus,Grass,13.7,17.04,44.24,49.86
CIAT-PM-21-6641,Megathyrsus maximus,Grass,14.03333333,15.08090653,45.04700009,51.82505218,2,F25-2091,Megathyrsus maximus,Grass,14.36,17.41,48.44,51.47
CIAT-PM-21-6647,Megathyrsus maximus,Grass,13.7,15.16616136,49.14440493,48.59448933,2,F25-2085,Megathyrsus maximus,Grass,14.16,16.74,48.25,50.51
ILRI-15551,Leucaena diversifolia,Shrub_Trees,13.58888889,15.28645153,40.32785168,57.34313471,2,F25-2076,Leucaena diversifolia,Shrub_Trees,10.02,13.09,32.04,44.44
Sample-8,Cynodon nlemfuensis,Grass,14.69777778,16.09655123,49.67026597,44.83126355,1,F25-0019,Cynodon nlemfuensis ,Grass,16.47,18.67,53.79,40.17
Sample-8,Cynodon nlemfuensis,Grass,14.69777778,16.09655123,49.67026597,44.83126355,2,F25-0008,Cynodon nlemfuensis ,Grass,14.53,16.31,70.47,29.83
Sample-8,Cynodon nlemfuensis,Grass,14.69777778,16.09655123,49.67026597,44.83126355,3,F25-0008,Cynodon nlemfuensis ,,13.98,15.62,62.91,36.41
Sample-8,Cynodon nlemfuensis,Grass,14.69777778,16.09655123,49.67026597,44.83126355,4,F25-0008,Cynodon nlemfuensis ,Grass,14.96,16.26,86.08,27.04
CIAT-17488,Leucaena leucocephala,Shrub_Trees,11.2,12.9,42.03347529,46.39717584,1,F25-0907,Leucaena leucocephala,Shrub_Trees,11.2,14.87,46.4,42.03
