33_sample_serial_no,33_date,33_requisitioner,33_requisitioner_2,33_set_ciat,33_ciat_lab_id,33_gene_bank_breeding_program_id,33_genus,33_species,33_tax_name,33_family,33_order,33_functional_group,33_ot,33_remarks,33_ch4_8h_percentage,33_ch4_24h_percentage,33_net_gas_8h_ml,33_net_gas_8_24h_ml2,33_net_gas_24h_ml,33_ch4_8h_ml,33_ch4_8_24h_ml,33_ch4_24h_ml,33_gas_ml_g_dm_incubated_24h,33_percentage_dmd_truly_digestibility,33_part_fact,33_ch4_ml_in_gas_8h,33_ch4_ml_in_gas_24h,33_ch4_ml_g_dm_incubated_24h,33_ch4_ml_g_dmd_24h,33_ch4_ml_g_ndf_digested_in_24h,33_ch4_g_g_dm_incubated_24h,33_ch4_g_g_dmd_24h
Sample serial No,"Date (M,D.Y)",Requisitioner,Requisitioner (2),Set CIAT,CIAT Lab-ID,Gene bank /Breeding program ID,Genus,Species,Tax Name,Family,Order,Functional Group,Remarks,ID LAB,CH4 8h %,"CH4 24h, %","Net gas 8h, ml","Net gas 8-24h, ml2","Net gas 24h, ml","CH4 8h, ml","CH4 8-24h, ml","CH4 24h, ml","Gas ml/g DM Incubated, 24h","% DMD, Truly digestibility",Part Fact,"CH4 ml in gas, h8","CH4 ml in gas, 24h","CH4 ml/gDM incubated, 24h","CH4 ml/g DMD, 24h",CH4 ml/g NDF digested in 24 h,"CH4 g/g DM incubated, 24h","CH4 g/g DMD, 24h"
1,45923,Genetic bank,Juan José Gonzalez,23,F243540,ABC-1467-1,Stylosanthes,hamata,Stylosanthes hamata,Fabaceae,Fabales,Herbaceous,OT-033,,12.97777778,15.88888889,44.87350942,53.29823902,98.17174845,5.83232023,8.459298113,14.29161834,211.6901112,58.71985099,2.773917587,12.925,14.52515349,30.74652128,52.38308744,272.2846751,17.06485126,29.07351981
2,45923,Genetic bank,Juan José Gonzalez,23,F243541,ABC-1475-1,Stylosanthes,hamata,Stylosanthes hamata,Fabaceae,Fabales,Herbaceous,OT-033,Descatada Syr 2 Run 1 ,13.26666667,16.14444444,42.26239831,46.79823902,89.06063734,5.60769786,7.547858956,13.15555682,196.1181327,54.17210229,2.808143294,13.26666667,14.77404047,28.96950855,53.95676639,274.4441271,16.07857845,29.94693886
3,45923,Genetic bank,Jorge Penafiel,23,F25-0954,ABC-23326,Desmodium,velutinum,Desmodium velutinum,Fabaceae,Fabales,Shrub,OT-005,,14.56666667,18.73333333,44.09573165,35.15379458,79.24952622,6.427470837,6.580921595,13.00839243,165.3157769,63.05411566,3.820690347,14.56666667,16.41454748,27.13568639,43.06813496,281.7710122,15.06077542,23.90356003
4,45923,Genetic bank,Jorge Penafiel,23,F25-0971,ABC-13149,Desmodium,strigillosum,Desmodium strigillosum,Fabaceae,Fabales,Herbaceous,OT-005,,13.02222222,15.43333333,35.26239831,31.29823902,66.56063734,4.596360232,4.827906842,9.424267075,141.8816786,46.63775979,3.286910053,13.02222222,14.15417382,20.08879467,43.24452117,446.7952587,11.1496286,24.00145742
5,45923,Genetic bank,Jorge Penafiel,23,F25-0974,ABC-13946,Desmodium,sequax,Desmodium sequax,Fabaceae,Fabales,Herbaceous,OT-005,,11.72222222,14.07777778,17.10145092,7.645835201,24.74728612,1.999499617,1.072670721,3.072170338,52.73206261,21.90499783,4.14858884,11.7,12.42634498,6.546281341,30.7597125,186.5054696,3.633299402,17.07217261
6,45923,Genetic bank,Jorge Penafiel,23,F25-0980,ABC-19867,Uraria,lagopodioides,Uraria lagopodioides,Fabaceae,Fabales,Herbaceous,OT-005,"Revisar Syr2, Run 1 ",15.54444444,17.06666667,40.54017609,32.24268347,72.78285956,6.30293424,5.495494936,11.79842918,151.7316509,53.37260736,3.520379803,15.54444444,16.20620112,24.5965071,47.39832009,426.7720159,13.65148699,26.30688769
7,45923,Genetic bank,Jorge Penafiel,23,F25-1651,CIAT-798,Galactia,striata,Galactia striata,Fabaceae,Fabales,Climber,OT-008,,12.62222222,15.81111111,41.59573165,51.63157236,93.227304,5.251814585,8.162994265,13.41480885,201.2648865,57.23065636,2.844873998,12.62222222,14.391042,28.96075284,50.79680633,223.6034504,16.07371888,28.19310635
8,45923,Genetic bank,Jorge Penafiel,23,F25-1652,CIAT-822,Calopogonium,mucunoides,Calopogonium mucunoides,Fabaceae,Fabales,Climber,OT-008,,13.54444444,16.07777778,43.04017609,37.18712791,80.227304,5.829230119,5.977069557,11.80629968,170.5337522,51.7016439,3.03300641,13.54444444,14.7182702,25.09582498,48.95101893,#DIV/0!,13.92861705,27.16866241
9,45923,Genetic bank,Jorge Penafiel,23,F25-1653,CIAT-852,Dioclea,sericea,Dioclea sericea,Fabaceae,Fabales,Climber,OT-008,,11.81111111,14.14444444,20.92906498,19.24268347,40.17174845,2.47199398,2.722025043,5.194019022,85.6524175,28.47867822,3.331840754,11.81111111,12.93176323,11.07442781,41.4939891,-190.7201044,6.146499032,23.02988184
10,45923,Genetic bank,Jorge Penafiel,23,F25-1654,CIAT-907,Dioclea,virgata,Dioclea virgata,Fabaceae,Fabales,Climber,OT-008,,13.25555556,16.12222222,30.1512872,41.76490569,71.91619289,4.001349545,6.733801409,10.73515095,154.6408739,45.26242543,2.935351654,13.25555556,14.92855514,23.08367183,52.96601648,91.8753358,12.81183724,29.39705551
11,45923,Genetic bank,Jorge Penafiel,23,F25-1655,CIAT-1992,Stylosanthes,guianensis,Stylosanthes guianensis,Fabaceae,Fabales,Herbaceous,OT-008,,11.58888889,13.91111111,36.42906498,44.74268347,81.17174845,4.226172407,6.221123562,10.44729597,175.4925076,51.85954824,2.95426334,11.58888889,12.86738901,22.58693357,43.92298372,245.4315417,12.53613891,24.37801588
12,45923,Genetic bank,Jorge Penafiel,23,F25-1656,CIAT-3001,Codariocalyx,gyroides,Codariocalyx gyroides,Fabaceae,Fabales,Shrub,OT-008,,12.26666667,15.02222222,28.37350942,30.96490569,59.33841511,3.483756669,4.652255019,8.136011688,125.5143582,36.91860039,2.93377952,12.26666667,13.71093538,17.20954056,49.08382303,203.5812613,9.551592755,27.24237098
13,45923,Genetic bank,Jorge Penafiel,23,F25-1657,CIAT-3304,Desmodium,cajanifolium,Desmodium cajanifolium,Fabaceae,Fabales,Shrub,OT-008,"Revisar Syr2, Run 1 ",13.15555556,15.67777778,52.6512872,41.79823902,94.44952622,6.930618684,6.54263055,13.47324923,198.9628037,60.77252255,3.051922408,13.15555556,14.26311169,28.38210295,47.42407565,107.7700176,15.75255818,26.32118247
14,45923,Genetic bank,Jorge Penafiel,23,F25-1658,CIAT-5713,Centrosema,macrocarpum,Centrosema macrocarpum,Fabaceae,Fabales,Climber,OT-008,,13.33333333,16.14444444,44.42906498,41.35379458,85.78285956,5.928884599,6.67440203,12.60328663,181.1933223,45.57515323,2.509138903,13.33333333,14.69170864,26.6210567,61.23400073,-30.96988922,14.77514704,33.98592982
15,45923,Genetic bank,Jorge Penafiel,23,F25-1659,CIAT-7381,Galactia,glaucescens,Galactia glaucescens,Fabaceae,Fabales,Herbaceous,OT-008,,12.16666667,16.1,25.76239831,25.85379458,51.61619289,3.132662345,4.162676951,7.295339296,108.8522249,32.91424455,3.022919761,12.35714286,14.3075606,15.57275341,47.88026973,1564.034676,8.643147567,26.57437808
16,45923,Genetic bank,Jorge Penafiel,23,F25-1660,CIAT-7799,Dioclea,guianensis,Dioclea guianensis,Fabaceae,Fabales,Climber,OT-008,,12.07777778,14,21.81769923,23.00091174,44.81861097,2.653114856,3.231313022,5.884427878,96.08444604,26.12147445,2.71284595,12.12857143,13.10959265,12.59403893,49.69615998,-194.1802583,6.989909494,27.58222858
17,45923,Genetic bank,Jorge Penafiel,23,F25-1661,CIAT-7803,Dioclea,holtiana,Dioclea holtiana,Fabaceae,Fabales,Climber,OT-008,,11.55555556,13.7,24.70684276,23.29823902,48.00508178,2.85851263,3.187574365,6.046086995,101.8187314,30.90399008,3.04429813,11.55555556,12.59858678,12.82374033,52.05950915,-623.6988833,7.117397748,28.89392826
18,45923,Genetic bank,Jorge Penafiel,23,F25-1662,CIAT-8182,Eriosema,diffusum,Eriosema diffusum,Fabaceae,Fabales,Herbaceous,OT-008,,12.83333333,16.05555556,28.67451469,20.61863381,49.2931485,3.75538314,3.311051661,7.066434802,105.5458533,22.97813377,2.18797923,13.07142857,14.32731668,15.13055684,69.86260626,-127.8316258,8.397720822,38.77495517
19,45923,Genetic bank,Jorge Penafiel,23,F25-1663,CIAT-8434,Dioclea,sericea,Dioclea sericea,Fabaceae,Fabales,Climber,OT-008,,13.52222222,16.44444444,34.76239831,30.90935013,65.67174845,4.719262473,5.081719654,9.800982128,141.9063416,38.59254042,2.69961937,13.625,14.96080735,20.9521908,63.71063424,-116.8314576,11.62882839,35.36050426
20,45923,Genetic bank,Jorge Penafiel,23,F25-1664,CIAT-8702,Calopogonium,caeruleum,Calopogonium caeruleum,Fabaceae,Fabales,Climber,OT-008,,14.16666667,16.97777778,35.20684276,33.5760168,68.78285956,4.992837468,5.680007578,10.67284505,147.8645297,46.87940212,3.19786793,14.16666667,15.52534456,22.94383698,50.56211073,-546.7724673,12.73422648,28.06284623
21,45923,Genetic bank,Jorge Penafiel,23,F25-1665,CIAT-8816,Crotalaria,micans,Crotalaria micans,Fabaceae,Fabales,Herbaceous,OT-008,,13.71111111,16.1,55.37350942,44.40935013,99.78285956,7.591455807,7.145886206,14.73734201,213.4679747,68.1952173,3.194860374,13.71111111,14.77357864,31.52787137,46.81331452,1755.53392,17.49851408,25.98219948
22,45923,Genetic bank,Jorge Penafiel,23,F25-1666,CIAT-8826,Zapoteca,formosa,Zapoteca formosa,Fabaceae,Fabales,Shrub,OT-008,,10.9,12.55555556,43.6512872,52.24268347,95.89397067,4.756202,6.552269852,11.30847185,204.5570971,67.59860718,3.306025699,10.9,11.80293693,24.12272429,36.28892623,166.102363,13.38852933,20.14098189
23,45923,Genetic bank,Jorge Penafiel,23,F25-1667,CIAT-9578,Dioclea,sericea,Dioclea sericea,Fabaceae,Fabales,Climber,OT-008,,,,,,,,,,,,,,,,,,,
24,45923,Genetic bank,Jorge Penafiel,23,F25-1668,CIAT-9740,Chamaecrista,desvauxii,Chamaecrista desvauxii,Fabaceae,Fabales,Herbaceous,OT-008,,10.03333333,16.78888889,41.87350942,40.24268347,82.11619289,4.204351187,6.749714431,10.95406562,172.1113326,47.1806153,2.736695976,10.03333333,13.33752042,22.95906623,49.69550158,59.5659903,12.74267897,27.58186316
25,45923,Genetic bank,Jorge Penafiel,23,F25-1669,CIAT-9934,Aeschynomene,americana,Aeschynomene americana,Fabaceae,Fabales,Herbaceous,OT-008,,12.91111111,16.32222222,55.20684276,37.13157236,92.33841511,7.132180248,6.069394971,13.20157522,196.8000892,53.37226858,2.801409972,12.91111111,14.25721415,28.13648656,54.26757667,2150.735587,15.61623683,30.11944394
26,45923,Breeding,,23,F25-2096,CIAT-PM21_4448,Megathyrsus,maximus,Megathyrsus maximus,Poaceae,Poales,grasses,OT-013,,13.54444444,15.82222222,33.54017609,47.52046124,81.06063734,4.553126239,7.503362373,12.05648861,169.6856367,42.41159274,2.510922617,13.54444444,14.88181772,25.23804978,62.71797907,-484.3825131,14.00755427,34.80956347
27,45923,Breeding,,23,F25-2101,CIAT-CIAT_16071,Megathyrsus,maximus,Megathyrsus maximus,Poaceae,Poales,grasses,OT-013,,13.24444444,16.88888889,31.42906498,46.24268347,77.67174845,4.161048585,7.802341071,11.96338966,166.9068335,38.56555059,2.321356812,13.24444444,15.40351149,25.70779028,73.73504975,-284.046733,14.26826838,40.9242283
28,45923,Breeding,,23,F25-2105,CIAT-BR09_4467,Urochloa,interespecifico,Brachiaria interespecifico,Poaceae,Poales,grasses,OT-013,,12.24444444,14.71111111,37.92906498,48.5760168,86.50508178,4.658493841,7.138780433,11.79727427,187.3233109,43.35970501,2.299293575,12.24444444,13.62849217,25.54641672,63.78060712,98.49986451,14.17870326,35.39934042
29,45923,LMF-invivo,Isabel Molina,23,F25-2131,Muestra # 02,Cynodon,nlenfuensis,Cynodon nlemfuensis, Poaceae,Poales,grasses,OT-016,,13.96666667,15.13333333,25.44527089,31.80216118,57.24743207,3.592686771,4.847319734,8.440006505,124.2616052,26.81450241,2.155562513,14.06666667,14.73475333,18.32000613,70.11851478,260.5630656,10.16792035,38.91698883
30,45923,Breeding,,23,F25-2170,CIAT-BH22_0765,Urochloa,humidicola,Urochloa humidicola,Poaceae,Poales,grasses,OT-020,,13.67777778,14.54444444,35.98462053,48.18712791,84.17174845,4.927258456,7.003515887,11.93077434,172.6419092,41.8190352,2.411163846,13.67777778,14.17209367,24.47085954,62.58941512,-175.765888,13.58175041,34.73820825
31,45923,Breeding,,23,F25-2171,CIAT-BH22_2531,Urochloa,humidicola,Urochloa humidicola,Poaceae,Poales,grasses,OT-020,,12.8,14.93333333,38.24594326,56.4043481,94.65029136,4.926014461,8.497388787,13.42340325,196.2068555,42.7268349,2.175235425,12.87142857,14.17957892,27.8262068,67.45307837,-0.298665575,15.4440262,37.4376255
32,45923,LMF,,23,F25-0017,Hohenheimer Heustandard,Hohenheimer,Heustandard,Hohenheimer Heustandard,,,,OT-002,,14.16666667,16.72222222,26.04017609,26.42711776,52.9259201,3.755342972,4.418485597,8.173828569,232.9945511,48.64756147,2.080582692,14.05,15.39887984,35.85547467,76.3444253,#DIV/0!,19.90040878,42.37247688
33,45923,LMF,,23,F25-0008,Sample 8,Cynodon,nlemfuensis ,Cynodon nlemfuensis ,,,,OT-001,,14.63333333,15.95555556,25.48462053,39.5760168,65.06063734,3.73342151,6.311693175,10.04511468,138.7786058,31.95550291,2.296568085,14.63333333,15.43719608,21.42689539,72.08274101,#DIV/0!,11.89229765,40.00716836
34,45950,Genetic bank,Jorge Penafiel,24,F25-1667,CIAT-9578,Dioclea,sericea,Dioclea sericea,Fabaceae,Fabales,Climber,OT-008,"49,50,51",11.88888889,13.98888889,20.86859272,19.87886337,40.74745609,2.481900029,2.778834338,5.260734367,85.66407173,30.81036326,3.594194215,11.88888889,12.91964834,11.05971045,36.10561175,-243.9062961,6.138330642,20.03923919
35,45950,Genetic bank,Jorge Penafiel,24,F25-1670,CIAT-13158,Desmodium,strigillosum,Desmodium strigillosum,Fabaceae,Fabales,Herbaceous,OT-008,"49,50,51",12.54444444,14.2,30.03525939,31.81150132,61.8467607,3.770948666,4.512167201,8.283115867,132.1982151,48.81881993,3.693715332,12.54444444,13.39642409,17.70513391,36.31962442,-2258.693603,9.826655639,20.15801992
36,45950,Genetic bank,Jorge Penafiel,24,F25-1671,CIAT-13329,Desmodium,cajanifolium,Desmodium cajanifolium,Fabaceae,Fabales,Shrub,OT-008,"49,50,51",12.78888889,14.12222222,44.03525939,40.97816798,85.01342737,5.630891955,5.789170838,11.42006279,180.4319405,62.48067368,3.472437655,12.78888889,13.44006573,24.23789076,38.87558954,169.6502176,13.45244871,21.57662478
37,45950,Genetic bank,Jorge Penafiel,24,F25-1672,CIAT-13387,Desmodium,sequax,Desmodium sequax,Fabaceae,Fabales,Shrub,OT-008,"49,50,51",11.46666667,14.93333333,18.55904434,11.50091174,30.05995609,2.124396206,1.716910686,3.841306892,64.89096166,23.44706489,3.597626547,11.425,12.77240441,8.292292431,37.58021367,-93.9561209,4.602365764,20.85766876
38,45950,Genetic bank,Jorge Penafiel,24,F25-1673,CIAT-13547,Codariocalyx,gyroides,Codariocalyx gyroides,Fabaceae,Fabales,Shrub,OT-008,"49,50,51",11.86666667,14.83333333,22.36859272,26.64483465,49.01342737,2.67644615,3.952859271,6.629305421,103.3419029,33.02424196,3.183948302,11.86666667,13.50117812,13.97756803,43.63067255,-1199.49998,7.757792083,24.21577812
39,45950,Genetic bank,Jorge Penafiel,24,F25-1674,CIAT-13953,Desmodium,velutinum,Desmodium velutinum,Fabaceae,Fabales,Shrub,OT-008,"49,50,51",13.43333333,17.02222222,36.81303716,36.58927909,73.40231626,4.957530166,6.228612025,11.18614219,157.8838372,59.37083491,3.762868344,13.43333333,15.2410426,24.06067444,40.67990298,77.67598966,13.35409059,22.57804996
40,45950,Genetic bank,Jorge Penafiel,24,F25-1675,CIAT-15086,Centrosema,acutifolium,Centrosema acutifolium,Fabaceae,Fabales,Climber,OT-008,"49,50,51",13.17777778,15.64444444,40.20192605,40.81150132,81.01342737,5.30552841,6.385808503,11.69133691,170.3025831,54.00918738,3.171723384,13.17777778,14.42803723,24.57696437,45.59927824,269.1964134,13.64064043,25.30838834
41,45950,Genetic bank,Jorge Penafiel,24,F25-1676,CIAT-17403,Flemingia,macrophylla,Flemingia macrophylla,Fabaceae,Fabales,Shrub,OT-008,"49,50,51",12.36666667,13.07777778,24.05904434,14.50091174,38.55995609,2.945278252,1.882623986,4.827902238,82.04884743,24.99430079,3.052091875,12.225,12.50978839,10.27293872,43.13153794,-30.51228658,5.701658721,23.93874977
42,45950,Genetic bank,Jorge Penafiel,24,F25-1677,CIAT-17519,Mimosa,somnians,Mimosa somnians,Fabaceae,Fabales,Herbaceous,OT-008,"49,50,51",9.566666667,10.05555556,26.86859272,24.47816798,51.3467607,2.573858241,2.449723722,5.023581964,108.6152244,49.51387797,4.609609374,9.566666667,9.771995657,10.62656335,21.59670303,-909.7573945,5.897926508,11.98654383
43,45950,Genetic bank,Jorge Penafiel,24,F25-1678,CIAT-17896,Chamaecrista,desvauxii,Chamaecrista desvauxii,Fabaceae,Fabales,Herbaceous,OT-008,"49,50,51",9.711111111,12.98888889,18.92414828,23.86705687,42.79120515,1.851797243,3.088626824,4.940424066,90.30265441,37.41640609,4.139538187,9.711111111,11.53748526,10.42568711,27.97266537,-105.3725049,5.786436722,15.52531323
44,45950,Genetic bank,Jorge Penafiel,24,F25-1679,CIAT-18123,Dioclea,virgata,Dioclea virgata,Fabaceae,Fabales,Climber,OT-008,"49,50,51",11.3,14.88888889,22.20192605,31.25594576,53.45787181,2.53167389,4.655991894,7.187665784,112.9742965,38.26826093,3.402153125,11.3,13.39836828,15.19011845,40.83443332,-21.33150651,8.430778547,22.66381697
45,45950,Genetic bank,Jorge Penafiel,24,F25-1680,CIAT-18126,Dioclea,virgata,Dioclea virgata,Fabaceae,Fabales,Climber,OT-008,"49,50,51",11.86666667,15.01111111,26.09081494,35.97816798,62.06898292,3.096387953,5.403667136,8.500055088,133.6908364,43.68847611,3.266092324,11.86666667,13.6850911,18.30832588,43.01781805,290.4547101,10.16143762,23.87563327
46,45950,Genetic bank,Jorge Penafiel,24,F25-1681,CIAT-18127,Dioclea,virgata,Dioclea virgata,Fabaceae,Fabales,Climber,OT-008,"49,50,51",11.98888889,14.91111111,28.92414828,33.81150132,62.73564959,3.471518905,5.04005772,8.511576625,133.1487743,42.01204617,3.158249669,11.98888889,13.56905772,18.0648079,43.52788637,-653.5064429,10.02628092,24.15873001
47,45950,Genetic bank,Jorge Penafiel,24,F25-1682,CIAT-18668,Cratylia,argentea,Cratylia argentea,Fabaceae,Fabales,Shrub,OT-008,"49,50,51",14.24444444,18.47777778,29.97970383,39.70039021,69.68009404,4.273705147,7.335610519,11.60931567,147.9851689,53.01845997,3.586615615,14.24444444,16.65743778,24.65555964,47.25978692,-289.866865,13.68426217,26.22999939
48,45950,Genetic bank,Jorge Penafiel,24,F25-1683,CIAT-19228,Eriosema,psoraleoides,Eriosema psoraleoides,Fabaceae,Fabales,Herbaceous,OT-008,"49,50,51",12.02222222,14.44444444,24.86859272,27.47816798,52.3467607,2.990615973,3.969016308,6.959632281,111.6588043,36.1266249,3.234488463,12.02222222,13.29548483,14.84520937,41.78835998,-446.8113957,8.239348039,23.19326277
49,45950,Genetic bank,Jorge Penafiel,24,F25-1684,CIAT-19537,Crotalaria,verrucosa,Crotalaria verrucosa,Fabaceae,Fabales,Herbaceous,OT-008,"49,50,51",13.37777778,15.6,47.53525939,46.47816798,94.01342737,6.36808254,7.252676851,13.62075939,200.9582515,62.52269011,3.111556763,13.37777778,14.48844681,29.11503483,47.06709134,34.0074659,16.15934805,26.12305
50,45950,Genetic bank,Jorge Penafiel,24,F25-1685,CIAT-20208,Aeschynomene,sensitiva,Aeschynomene sensitiva,Fabaceae,Fabales,Herbaceous,OT-008,"49,50,51",12.96666667,16,49.20192605,44.86705687,94.06898292,6.392059837,7.175331881,13.56739172,196.9967107,61.02546491,3.100639877,12.96666667,14.41717937,28.41237454,46.87658148,149.3294295,15.76935943,26.01731374
51,45950,Genetic bank,Jorge Penafiel,24,F25-1686,CIAT-20345,Pachyrhizus,erosus,Pachyrhizus erosus,Fabaceae,Fabales,Climber,OT-008,"49,50,51",13.46666667,14.46666667,39.75748161,46.08927909,85.8467607,5.356741687,6.667180063,12.02392175,183.1507802,64.41800016,3.519191557,13.46666667,14.00690238,25.65262329,40.32299629,-702.0666143,14.23764974,22.37996057
52,45950,Genetic bank,Jorge Penafiel,24,F25-1687,CIAT-20927,Mimosa,albida,Mimosa albida,Fabaceae,Fabales,Herbaceous,OT-008,"49,50,51",11.48888889,13.96666667,23.53525939,19.97816798,43.51342737,2.713534693,2.791014922,5.504549615,92.84879614,30.55808054,3.302064833,11.48888889,12.64327278,11.74557252,40.97660648,-252.1196025,6.518995959,22.74272553
53,45950,Genetic bank,Jorge Penafiel,24,F25-1688,CIAT-21849,Chamaecrista,desvauxii,Chamaecrista desvauxii,Fabaceae,Fabales,Herbaceous,OT-008,"49,50,51",10.78888889,13.82222222,27.1463705,29.81150132,56.95787181,2.932021071,4.119889818,7.051910889,119.9854546,37.13010339,3.096020685,10.78888889,12.37986751,14.85532362,41.17280759,1342.548177,8.244961622,22.85162055
54,45950,Genetic bank,Jorge Penafiel,24,F25-1689,CIAT-22072,Bauhinia,sp.,Bauhinia sp.,Fabaceae,Fabales,Shrub,OT-008,"49,50,51",13.92222222,17.76666667,40.81303716,43.03372354,83.8467607,5.700568962,7.645138079,13.34570704,179.0645942,57.80911493,3.231600193,13.92222222,15.90576859,28.5012382,49.67450594,2605.144885,15.8186803,27.57021022
55,45950,Genetic bank,Jorge Penafiel,24,F25-1690,CIAT-22409,Cratylia,argentea,Cratylia argentea,Fabaceae,Fabales,Shrub,OT-008,"49,50,51",14.55555556,17.8,27.97970383,39.31150132,67.29120515,4.079405512,6.99813056,11.07753607,146.3207875,43.42507773,2.974118551,14.6875,16.50237665,24.1581476,57.2425888,1713.10227,13.40818988,31.77062714
56,45950,Genetic bank,Jorge Penafiel,24,F25-1691,CIAT-22692,Lablab,purpureus,Lablab purpureus,Fabaceae,Fabales,Climber,OT-008,"49,50,51",14.08888889,17.03333333,46.81303716,51.58927909,98.40231626,6.607597268,8.785224107,15.39282137,213.1521846,59.54177769,2.795381941,14.08888889,15.64212565,33.3429492,56.37881169,-1368.910636,18.50591367,31.2912159
57,45950,Genetic bank,Jorge Penafiel,24,F25-1692,CIAT-23715,Desmodium,sequax,Desmodium sequax,Fabaceae,Fabales,Shrub,OT-008,"49,50,51",,,,,,,,,,,,,,,,,,
58,45950,Genetic bank,Jorge Penafiel,24,F25-1693,CIAT-23746,Codariocalyx,gyroides,Codariocalyx gyroides,Fabaceae,Fabales,Shrub,OT-008,"49,50,51",11.81111111,14.74444444,23.09081494,30.08927909,53.18009404,2.749043243,4.435018174,7.184061417,111.6700618,31.72084634,2.847569193,11.6,13.39974404,14.97720475,50.6173663,1.953618026,8.312607755,28.09351403
59,45950,Genetic bank,Jorge Penafiel,24,F25-1694,CIAT-23985,Desmodium,velutinum,Desmodium velutinum,Fabaceae,Fabales,Shrub,OT-008,"49,50,51",14.67777778,17.11111111,37.25748161,30.42261243,67.68009404,5.482387857,5.204957975,10.68734583,142.1728645,50.91431896,3.599880154,14.67777778,15.77777819,22.45045077,45.87432971,-13125.72113,12.46038859,25.46104666
60,45950,Genetic bank,Jorge Penafiel,24,F25-1695,CIAT-32265,Chamaecrista,diphylla,Chamaecrista diphylla,Fabaceae,Fabales,Herbaceous,OT-008,"49,50,51",9.588888889,17.55555556,39.97970383,41.03372354,81.01342737,3.858114482,7.199930085,11.05804457,169.0456319,48.43666082,2.876091244,9.588888889,13.64560479,23.07416375,49.519858,1098.761459,12.80656009,27.48437794
61,45950,Genetic bank,Jorge Penafiel,24,F25-1696,CIAT-33070,Desmodium,oblongum,Desmodium oblongum,Fabaceae,Fabales,Shrub,OT-008,"49,50,51",11.83333333,14.71111111,37.53525939,31.97816798,69.51342737,4.446024077,4.705106237,9.151130315,144.7434152,41.3041822,2.858093359,11.83333333,13.16202736,19.05485559,47.68894574,551.7749069,10.57577452,26.46818995
62,45950,Genetic bank,Jorge Penafiel,24,F25-1697,CIAT-33079,Desmodium,oblongum,Desmodium oblongum,Fabaceae,Fabales,Shrub,OT-008,"49,50,51",14.23333333,17.87777778,44.53525939,32.81150132,77.3467607,6.351772939,5.864617218,12.21639016,161.671855,55.26848368,3.421343568,14.23333333,15.79080758,25.53497369,46.9995258,820.4869418,14.17235218,26.08554996
63,45950,Genetic bank,Jorge Penafiel,24,F25-1698,CIAT-33131,Codariocalyx,gyroides,Codariocalyx gyroides,Fabaceae,Fabales,Shrub,OT-008,"49,50,51",11.45555556,13.5,25.83525939,24.47816798,50.31342737,2.968965255,3.303303366,6.272268621,106.05305,34.63041159,3.270627192,11.54285714,12.49765387,13.2604733,39.35874281,-164.4449886,7.359792102,21.84478321
64,45950,Genetic bank,Jorge Penafiel,24,F25-1699,CIAT-33195,Dalea,carthagenensis,Dalea carthagenensis,Fabaceae,Fabales,Herbaceous,OT-008,"49,50,51",12.85555556,18.15555556,37.53525939,47.92261243,85.45787181,4.833118329,8.688839365,13.52195769,178.4508333,50.64963757,2.859175629,12.85555556,15.81694606,28.23619195,57.79905872,1025.83249,15.67157505,32.07947757
65,45950,Genetic bank,Jorge Penafiel,24,F25-1700,CIAT-43055,Desmodium,discolor,Desmodium discolor,Fabaceae,Fabales,Herbaceous,OT-008,"49,50,51",14.98888889,16.34444444,44.75748161,36.53372354,81.29120515,6.718185991,5.970925127,12.68911112,171.3525489,59.08154784,3.447970441,14.98888889,15.60669083,26.74721808,45.85382781,19.57146456,14.84516879,25.44966775
66,45950,LMF,,24,F25-0017,Hohenheimer Heustandard,Hohenheimer,Heustandard,Hohenheimer Heustandard,,,,OT-002,"49,50,51",14.11111111,16.07777778,24.86859272,27.81150132,52.68009404,3.508479903,4.468681713,7.977161616,230.4515706,48.43003667,2.103774009,14.11111111,15.14763949,34.89662925,72.65080077,#DIV/0!,19.36823298,40.32245136
67,45950,LMF,,24,F25-0008,Sample 8,Cynodon,nlemfuensis ,Cynodon nlemfuensis ,,,,OT-001,"49,50,51",13.84444444,15.71111111,21.75748161,38.08927909,59.8467607,2.998531061,5.980827509,8.97935857,127.6417127,28.69297394,2.337327713,13.84444444,15.03021891,19.15117697,74.88264351,#DIV/0!,10.62923456,41.5611627
68,45950,LMF,,24,F25-0008,Sample 8,Cynodon,nlemfuensis ,Cynodon nlemfuensis ,,,,OT-001,"49,50,51",13.13333333,15.5,20.73289809,44.23580969,64.96870777,2.718198393,6.856550501,9.574748895,135.4920759,41.62903973,3.072460302,13.13333333,14.74156485,19.95868557,48.035853,#DIV/0!,11.0774158,26.66072948
69,45959,Benchmark,Alejandra Marín,25,F25-2136,CIAT_6962_Mombaza _Ex,Megathyrsus ,maximus,Megathyrsus maximus,Poaceae,Poales,grasses,OT-018,"52,53,54",12.86666667,13.7595679,36.40498273,43.51358746,79.9185702,4.68322792,5.999444802,10.68267272,164.848116,39.34084924,2.38923976,12.86666667,13.34190217,22.03507962,57.00519829,360.6191775,12.22985042,31.6388713
70,45959,Benchmark,Alejandra Marín,25,F25-2137,CIAT_606_Basilisk_Opt,Brachiaria,interespecifico,Brachiaria interespecifico,Poaceae,Poales,grasses,OT-018,"52,53,54",13,14.4,35.34942718,52.29136524,87.64079242,4.593577617,7.473343057,12.06692067,181.0064968,53.35431776,2.973888133,13,13.79939679,24.92233209,46.81434447,162.0745061,13.83232549,25.98277112
71,45959,Benchmark,Alejandra Marín,25,F25-2138,CIAT_6294_Marandu_Opt,Brachiaria,interespecifico,Brachiaria interespecifico ,Poaceae,Poales,grasses,OT-018,"52,53,54",13.06666667,14.06666667,35.43607609,56.06099166,91.49706775,4.642652836,7.895107631,12.53776047,190.315553,46.34282472,2.439894669,13.1,13.69567196,26.07862819,58.90952186,410.767812,14.47408983,32.69580383
72,45959,Benchmark,Alejandra Marín,25,F25-2139,CIAT_36087_MulatoII_Opt,Brachiaria,interespecifico,Brachiaria interespecifico,Poaceae,Poales,grasses,OT-018,"52,53,54",12.76666667,14.24444444,37.79387162,48.3469208,86.14079242,4.826709454,6.88707579,11.71378524,177.619879,52.77459147,2.975183866,12.76666667,13.59527606,24.15341726,46.25125242,370.3805046,13.40556446,25.67024529
73,45959,Benchmark,Alejandra Marín,25,F25-2140,CIAT_6133_Llanero _Opt,Brachiaria,humidicola,Brachiaria humidicola,Poaceae,Poales,grasses,OT-018,"52,53,54",13.66666667,14.24444444,35.23831607,49.8469208,85.08523687,4.815770278,7.103397803,11.91916808,174.643951,45.87790843,2.638720115,13.66666667,14.0041345,24.4649589,54.66416276,488.1325012,13.57847546,30.33955608
74,45959,Benchmark,Alejandra Marín,25,F25-2141,CIAT_6962_Mombaza _Opt,Megathyrsus ,maximus,Megathyrsus maximus ,Poaceae,Poales,grasses,OT-018,"52,53,54",12.74444444,15.43333333,38.90498273,43.56914302,82.47412575,4.957299189,6.722743773,11.68004296,169.066855,44.75823277,2.651960982,12.74444444,14.16077786,23.94336185,54.15299762,-1644.817403,13.28898007,30.05585058
75,45959,Benchmark,Alejandra Marín,25,F252566,Paja Sabana Madura,,,,Poaceae,Poales,grasses,OT-028,"52,53,54",12.63333333,14.44444444,12.32435839,16.24927397,28.57363236,1.545936025,2.337798018,3.883734042,61.82400926,13.12574807,2.121240925,12.5625,13.59973079,8.403088105,65.0093354,-98.41566099,4.663859281,36.08130588
76,45959,Benchmark,Alejandra Marín,25,F252567,Humidicola 679,Urochloa,humidicola,Urochloa humidicola,Poaceae,Poales,grasses,OT-028,"52,53,54",13.51111111,13.88888889,13.57435839,40.12427397,53.69863236,1.828367441,5.55602026,7.384387701,116.379089,24.09087535,2.071206757,13.475,13.75203835,16.00393137,68.01160558,79.90580533,8.882458793,37.74761777
77,45959,Benchmark,Alejandra Marín,25,F252568,Sabana Quemada,,,,Poaceae,Poales,grasses,OT-028,"52,53,54",12.15555556,14.22222222,8.074358391,14.24927397,22.32363236,0.989102656,2.017583857,3.006686513,47.67756984,13.51059682,2.839940318,12.2,13.46025205,6.421497652,52.52121037,-127.0949737,3.564042296,29.15018043
78,45959,Genetic bank,Juan José Gonzalez,25,F24-3548,ABC-2783-1,Stylosanthes,humilis,Stylosanthes humilis,Fabaceae,Fabales,Herbaceous,OT-033,"52,53,54",12.25555556,14.76666667,40.90498273,55.06914302,95.97412575,5.015895522,8.129615182,13.1455107,213.8183604,48.41513149,2.258348801,12.25555556,13.69657421,29.28655183,64.90893857,-36.79085019,16.25454296,36.0255839
79,45959,Genetic bank,Juan José Gonzalez,25,F24-3549,ABC-10440-1,Stylosanthes,humilis,Stylosanthes humilis,Fabaceae,Fabales,Herbaceous,OT-033,"52,53,54",12.24444444,15.16666667,38.18276051,43.06914302,81.25190353,4.686953153,6.529124812,11.21607797,179.9796633,54.19710278,4.779160956,12.24444444,13.73095003,24.84462962,45.93918617,113.9424425,13.78919928,25.49704312
80,45959,Genetic bank,Juan José Gonzalez,25,F24-3550,ABC-10613-1,Stylosanthes,scabra,Stylosanthes scabra,Fabaceae,Fabales,Herbaceous,OT-033,"52,53,54",12.25555556,15.32222222,37.34942718,41.73580969,79.08523687,4.577736484,6.393095056,10.97083154,170.291978,39.49693335,2.322680702,12.25555556,13.87408028,23.62316979,63.04565337,-1263.126538,13.11126794,34.99142837
81,45959,Genetic bank,Juan José Gonzalez,25,F24-3551,ABC-10627-1,Stylosanthes,scabra,Stylosanthes scabra,Fabaceae,Fabales,Herbaceous,OT-033,"52,53,54",12.48888889,14.6,35.51609385,40.91358746,76.42968131,4.433147831,5.968116053,10.40126388,163.597982,47.71197341,2.917364937,12.48888889,13.61080274,22.26392001,46.84200522,685.5084495,12.3568608,25.99812332
82,45959,Genetic bank,Juan José Gonzalez,25,F24-3552,ABC-10634-1,Stylosanthes,scabra,Stylosanthes scabra,Fabaceae,Fabales,Herbaceous,OT-033,"52,53,54",12.53333333,14.38888889,39.62720496,48.90247635,88.52968131,4.967569497,7.030203401,11.9977729,190.2529969,50.5464158,2.653696838,12.53333333,13.55517118,25.78358047,52.78302261,-378.4890615,14.31033325,29.29549075
83,45959,Genetic bank,Juan José Gonzalez,25,F24-3553,ABC-10639-1,Stylosanthes,scabra,Stylosanthes scabra,Fabaceae,Fabales,Herbaceous,OT-033,"52,53,54",12.8,15.54444444,40.84942718,47.45803191,88.30745909,5.2318007,7.372179162,12.60397986,189.4335941,51.86767273,2.738898754,12.8,14.27271337,27.0375686,52.6989057,-1213.697428,15.00631835,29.24880441
84,45959,Genetic bank,Juan José Gonzalez,25,F24-3554,ABC-10725-1,Stylosanthes,scabra,Stylosanthes scabra,Fabaceae,Fabales,Herbaceous,OT-033,"52,53,54",12.91111111,15.26666667,35.62720496,38.95803191,74.58523687,4.601966236,5.942463809,10.54443004,161.3935077,45.72625216,2.83952902,12.91111111,14.13775186,22.81689314,51.65079188,-859.2993354,12.66377045,28.66708311
85,45959,Genetic bank,Juan José Gonzalez,25,F24-3555,ABC-11199-1,Stylosanthes,hamata,Stylosanthes hamata,Fabaceae,Fabales,Herbaceous,OT-033,"52,53,54",12.88888889,16,39.12720496,46.45803191,85.58523687,5.038841242,7.430208363,12.46904961,186.3546151,45.06607534,2.422794444,12.88888889,14.56782104,27.15030532,62.33488292,193.2573259,15.06888918,34.59693848
86,45959,Genetic bank,Juan José Gonzalez,25,F24-3556,ABC-11215-1,Stylosanthes,hamata,Stylosanthes hamata,Fabaceae,Fabales,Herbaceous,OT-033,"52,53,54",13.07777778,15,38.18276051,47.62469858,85.80745909,4.987551067,7.14375743,12.1313085,184.6977956,58.15391332,3.151376645,13.07777778,14.13847651,26.11226639,45.54324189,147.7347759,14.49275962,25.2772872
87,45959,Genetic bank,Juan José Gonzalez,25,F24-3557,ABC-11220-1,Stylosanthes,hamata,Stylosanthes hamata,Fabaceae,Fabales,Herbaceous,OT-033,"52,53,54",12.84444444,15.57777778,41.01609385,50.45803191,91.47412575,5.259257356,7.854487427,13.11374478,199.063459,52.76180533,2.662071983,12.84444444,14.33890192,28.53776575,56.22814548,49.3639309,15.83895373,31.20759355
88,45959,Genetic bank,Juan José Gonzalez,25,F24-3558,ABC-11232-1,Stylosanthes,hamata,Stylosanthes hamata,Fabaceae,Fabales,Herbaceous,OT-033,"52,53,54",12.5,15.77777778,40.5716494,50.45803191,91.02968131,5.069453669,7.957214181,13.02666785,199.4667573,49.49204092,2.483029087,12.5,14.31108125,28.54444886,59.02430776,1973.297562,15.84266297,32.75951199
89,45959,Genetic bank,Juan José Gonzalez,25,F24-3559,ABC-11313-1,Stylosanthes,guianensis,Stylosanthes guianensis,Fabaceae,Fabales,Herbaceous,OT-033,"52,53,54",12.25555556,14.42222222,31.62720496,43.8469208,75.47412575,3.874375791,6.319214157,10.19358995,163.711464,41.97188455,2.567604279,12.25555556,13.50823155,22.11101959,55.16018606,154.9133653,12.27199842,30.61485759
90,45959,Genetic bank,Juan José Gonzalez,25,F24-3560,ABC-11417-1,Stylosanthes,guianensis,Stylosanthes guianensis,Fabaceae,Fabales,Herbaceous,OT-033,"52,53,54",12.13333333,12.3,30.79387162,38.01358746,68.80745909,3.730099279,4.674246545,8.404345823,150.3463226,43.3112778,2.86947928,12.13333333,12.21489955,18.36374395,43.95346206,142.2371207,10.19219561,24.39493189
91,45959,Genetic bank,Juan José Gonzalez,25,F24-3561,ABC-11624-1,Stylosanthes,humilis,Stylosanthes humilis,Fabaceae,Fabales,Herbaceous,OT-033,"52,53,54",12.15555556,14.2,37.51609385,45.12469858,82.64079242,4.548766081,6.407186091,10.95595217,179.5314137,49.47236247,2.767790714,12.15555556,13.26078572,23.80104556,51.7032025,359.9674519,13.20999207,28.69617191
92,45959,Genetic bank,Juan José Gonzalez,25,F24-3562,ABC-11690-1,Stylosanthes,humilis,Stylosanthes humilis,Fabaceae,Fabales,Herbaceous,OT-033,"52,53,54",12.24444444,14.67777778,38.29387162,42.3469208,80.64079242,4.684078713,6.215701465,10.89978018,177.8123732,41.8364904,2.362466503,12.24444444,13.51651576,24.03394919,61.7720342,459.0172918,13.33925761,34.2845477
93,45959,Genetic bank,Juan José Gonzalez,25,F24-3563,ABC-11762-1,Stylosanthes,hamata,Stylosanthes hamata,Fabaceae,Fabales,Herbaceous,OT-033,"52,53,54",13.2,15.84444444,40.90498273,44.62469858,85.52968131,5.393072849,7.072163964,12.46523681,188.5230428,44.09270462,2.342137245,13.2,14.57577458,27.4756957,64.94267328,-919.6264843,15.24948647,36.04430725
94,45959,Genetic bank,Juan José Gonzalez,25,F24-3564,ABC-11778-1,Stylosanthes,hamata,Stylosanthes hamata,Fabaceae,Fabales,Herbaceous,OT-033,"52,53,54",12.7,15.62222222,42.51609385,45.3469208,87.86301464,5.394830296,7.091389013,12.48621931,190.8140248,52.53071063,2.828945381,12.7,14.18608552,27.11660756,53.43303739,-288.6553269,15.05018634,29.6562602
95,45959,Genetic bank,Juan José Gonzalez,25,F24-3565,ABC-11784-1,Stylosanthes,hamata,Stylosanthes hamata,Fabaceae,Fabales,Herbaceous,OT-033,"52,53,54",13.21111111,15.54444444,37.68276051,43.56914302,81.25190353,4.971552983,6.764959932,11.73651292,175.9870838,41.60903407,2.387653862,13.21111111,14.45524014,25.42066469,64.59826505,-90.51238944,14.10890871,35.85315472
96,45959,Genetic bank,Juan José Gonzalez,25,F24-3566,ABC-11820-1,Stylosanthes,scabra,Stylosanthes scabra,Fabaceae,Fabales,Herbaceous,OT-033,"52,53,54",12.55555556,15.26666667,40.46053829,43.62469858,84.08523687,5.078698103,6.657249026,11.73594713,183.1114254,47.54637187,2.594624946,12.55555556,13.95612492,25.55725583,56.10514196,26.01357988,14.18471915,31.13932447
97,45959,Genetic bank,Juan José Gonzalez,25,F24-3567,ABC-12042-1,Stylosanthes,humilis,Stylosanthes humilis,Fabaceae,Fabales,Herbaceous,OT-033,"52,53,54",12.24444444,14.35555556,38.82435839,41.81177397,80.63613236,4.704970469,6.020511626,10.7254821,176.4343249,40.47733929,2.281240966,12.15,13.30615614,23.46766998,62.22263642,159.7168021,13.02496285,34.53463973
98,45959,LMF-invivo,Isabel Molina,25,Dieta 1_Exp1,Dieta 1_Exp1,Dieta 1_Exp1,Dieta 1_Exp1,Dieta 1_Exp1,,,,,"52,53,54",15.8,15.03333333,23.18276051,32.3469208,55.52968131,3.650278097,4.876139445,8.526417542,136.6708553,29.35419608,2.14509413,15.66666667,15.44546051,21.10880552,81.06434215,270.7122247,11.71575227,44.99211239
99,45959,LMF-invivo,Isabel Molina,25,Dieta 2_Exp1,Dieta 2_Exp1,Dieta 2_Exp1,Dieta 2_Exp1,Dieta 2_Exp1,,,,,"52,53,54",12.94444444,14.53333333,29.90498273,31.45803191,61.36301464,3.865978447,4.574201705,8.440180152,138.0916385,28.4992703,2.076670411,13,13.79721503,19.04294169,70.77941969,-3.785390136,10.5691621,39.28380249
100,45959,LMF,,25,F25-0017,Hohenheimer Heustandard,,,Hohenheimer Heustandard,,,,OT-002,"52,53,54",13.85555556,16.68888889,26.78283913,21.57756479,48.36040392,3.739480651,3.563760866,7.303241517,211.676395,40.81499994,1.914290831,14.05714286,15.09200522,31.96689769,86.72548855,#DIV/0!,17.74218128,48.13414658
101,45959,LMF,,25,F25-0008,Sample 8,Cynodon,nlemfuensis ,Cynodon nlemfuensis ,,,,OT-001,"52,53,54",13.95555556,15.64444444,23.20451373,37.47216343,60.67667716,3.227306595,5.871920597,9.099227193,129.3842559,28.6520951,2.216799073,13.95,15.02005954,19.40284959,74.38687447,#DIV/0!,10.76891721,41.2860023
102,45959,LMF,,25,F25-0008,Sample 8,Cynodon,nlemfuensis ,Cynodon nlemfuensis ,,,,OT-001,"52,53,54",13.95,15.33333333,23.9158187,44.78966681,68.7054855,3.336513582,6.867221618,10.2037352,146.547376,44.3467572,3.026702205,13.95,14.85398269,21.7642868,49.22058132,#DIV/0!,12.07955572,27.3182742
103,45973,LMF,,26,F25-0008,Sample 8,Cynodon, nlemfuensis ,Cynodon nlemfuensis ,,,,OT-001,"55,56,57",14.03333333,15.93333333,27.40247635,44.18559206,71.58806842,3.846314182,7.040571002,10.88688518,152.5691919,43.89945442,2.877850265,14.03333333,15.2056252,23.20223623,52.92633423,#DIV/0!,12.87764253,29.37503118
104,45973,Benchmark,Alejandra Marín,26,F252624,CIAT_6294_Marandu_Exc,Urochloa, interespecifico,Urochloa interespecifico,Poaceae,Poales,grasses,OT-032,"55,56,57",13.9,16.2,48.06914302,55.0189254,103.0880684,6.680944213,8.912232581,15.59317679,214.2358967,56.32351543,2.629462446,13.9,15.12709917,32.40547878,57.64638731,166.7444285,17.98560137,31.9947423
105,45973,Benchmark,Alejandra Marín,26,F252625,CIAT_36087_MulatoII_Exc,Urochloa, interespecifico,Urochloa interespecifico,Poaceae,Poales,grasses,OT-032,"55,56,57",13.33333333,15.5,46.73580969,53.5189254,100.2547351,6.231663514,8.294100103,14.52576362,206.6458962,54.01444191,2.613408069,13.33333333,14.4882851,29.94062513,55.46417416,178.0122315,16.61756495,30.78357625
106,45973,Benchmark,Alejandra Marín,26,F252626,CIAT_606_Basilisk_Exc,Urochloa, interespecifico,Urochloa interespecifico,Poaceae,Poales,grasses,OT-032,"55,56,57",13.83333333,15.26666667,44.73580969,59.0189254,103.7547351,6.188342562,9.010500388,15.19884295,214.0293403,57.37486489,2.680569489,13.83333333,14.64802143,31.35276985,54.67248379,138.8049671,17.4013297,30.34417439
107,45973,Benchmark,Alejandra Marín,26,F252627,BR02_1752_Cayman_Exc,Urochloa, interespecifico,Urochloa interespecifico,Poaceae,Poales,grasses,OT-032,"55,56,57",13.9,15.93333333,45.73580969,45.5189254,91.25473508,6.356944213,7.252571002,13.60951522,188.7873035,53.52108124,2.835935034,13.9,14.91461845,28.15529163,52.72953634,219.7002094,15.62667397,29.26580495
108,45973,Benchmark,Alejandra Marín,26,F252628, BR06_423_Cayman_Exc,Urochloa, interespecifico,Urochloa interespecifico,Poaceae,Poales,grasses,OT-032,"55,56,57",13.46666667,16.16666667,46.23580969,51.0189254,97.25473508,6.226533482,8.24800405,14.47453753,201.1685132,56.92066238,2.829832327,13.46666667,14.88307146,29.94014833,52.66806674,163.6376693,16.61730032,29.23168825
109,45973,Breeding,,26,F252629,CIAT 20692,Clitoria ,ternatea,Clitoria ternatea ,Fabaceae,Fabales,Herbáceas ,OT-033,"55,56,57",14.66666667,16.63333333,51.56914302,36.18559206,87.75473508,7.562863199,6.01820348,13.58106668,183.6654416,54.59714347,2.974224723,14.66666667,15.47813803,28.42436487,52.58045133,596.8171056,15.77601427,29.18306019
110,45973,Breeding,,26,F252630,CIAT 20692,Clitoria ,ternatea,Clitoria ternatea ,Fabaceae,Fabales,Herbáceas ,OT-033,"55,56,57",14.96666667,18.03333333,61.90247635,43.68559206,105.5880684,9.264570628,7.853968436,17.11853906,224.8820063,52.90290995,2.386326641,14.96666667,16.19918264,36.45915176,68.75897067,1637.679587,20.23546001,38.16241832
111,45973,Breeding,,26,F252631,CIAT 17768,Clitoria ,ternatea,Clitoria ternatea ,Fabaceae,Fabales,Herbáceas ,OT-033,"55,56,57",15.1,16.6,45.73580969,33.85225873,79.58806842,6.905940596,5.620808283,12.52674888,171.5114503,33.59759076,1.963152132,15.1,15.73901289,26.99501208,84.18775465,-229.311877,14.98269875,46.72566037
112,45973,Breeding,,26,F252632,CIAT 17768,Clitoria ,ternatea,Clitoria ternatea ,Fabaceae,Fabales,Herbáceas ,OT-033,"55,56,57",14.76666667,17.13333333,60.90247635,35.35225873,96.25473508,8.992932342,6.05713144,15.05006378,205.926236,56.66312814,2.752477335,14.76666667,15.63614515,32.19792754,57.12033842,-565.8857856,17.87040684,31.70277606
113,45973,Breeding,,26,F252633,CIAT 712,Clitoria ,ternatea,Clitoria ternatea ,Fabaceae,Fabales,Herbáceas ,OT-033,"55,56,57",14.55,16.5,49.40247635,35.43559206,84.83806842,7.188810309,5.846872691,13.035683,178.2657353,50.27399015,2.820709514,14.55,15.36461055,27.39118957,54.50269775,710.4166892,15.20258411,30.24994021
114,45973,Breeding,,26,F252634,CIAT 712,Clitoria ,ternatea,Clitoria ternatea ,Fabaceae,Fabales,Herbáceas ,OT-033,"55,56,57",14.56666667,17.46666667,55.06914302,36.35225873,91.42140175,8.022294056,6.350750081,14.37304414,200.226843,46.5383691,2.326843095,14.56666667,15.71818568,31.47916348,68.18476395,23.54150974,17.47148035,37.84372366
115,45973,Breeding,,26,F252635,CIAT 9432,Clitoria ,ternatea,Clitoria ternatea ,Fabaceae,Fabales,Herbáceas ,OT-033,"55,56,57",15.16666667,16.8,48.06914302,35.5189254,83.58806842,7.288708914,5.967179467,13.25588838,173.4061874,45.40521251,2.615916211,15.16666667,15.85960171,27.49977489,61.57552825,208.13453,15.26285084,34.1754835
116,45973,Breeding,,26,F252636,CIAT 9432,Clitoria ,ternatea,Clitoria ternatea ,Fabaceae,Fabales,Herbáceas ,OT-033,"55,56,57",15.63333333,18.3,55.40247635,32.18559206,87.58806842,8.660587137,5.888630014,14.54921715,185.3257562,50.54485442,2.726392195,15.63333333,16.61279377,30.7843833,61.09566863,542.6792072,17.08586533,33.90915311
117,45973,Breeding,,26,F252637,CIAT 17462,Leucaena ,leucocephala ,Leucaena leucocephala ,Leguminosae,Fabales,Arbustiva ,OT-033,"55,56,57",13.23333333,15.33333333,25.73580969,34.5189254,60.25473508,3.405761037,5.29245745,8.698218487,130.1031365,35.32420964,2.721414449,13.23333333,14.43655232,18.78135395,54.87523744,-1150.7022,10.42397638,30.45670618
118,45973,Breeding,,26,F252638,N/A,Tithonia ,diversifolia ,Tithonia diversifolia,Compositae,Asterales,Arbustiva ,OT-033,"55,56,57",12.93333333,14.13333333,19.90247635,26.0189254,45.92140175,2.574053608,3.677397012,6.25145062,99.54324939,48.98708707,4.922826195,12.93333333,13.6132359,13.55119148,27.76829248,-180.1581755,7.521145721,15.41188275
119,45973,Breeding,,26,F252639,N/A,Gliricidia  ,sepium,Gliricidia sepium ,Fabaceae,Fabales,Arbustiva ,OT-033,"55,56,57",12.96666667,15.06666667,44.56914302,40.5189254,85.08806842,5.778021101,6.102962538,11.88098364,191.2819636,60.31447972,3.168554777,12.96666667,13.96408435,26.70900776,45.19163661,298.1900248,14.8239614,25.08214018
120,45973,LMF,Isabel Molina,26,Dieta 1_2,Dieta 1_Exp2,Dieta 1_Exp2,Dieta 1_Exp2,Dieta 1_Exp2,,,,,"55,56,57",14.46666667,15.5,21.15247635,22.68559206,43.83806842,3.046706595,3.504923974,6.551630569,98.47312405,11.7431679,1.193240434,14.4,14.94441103,14.71687857,126.7445554,#DIV/0!,8.168122225,70.34542107
121,45973,LMF,Isabel Molina,26,Dieta 2_2,Dieta 2_Exp2,Dieta 2_Exp2,Dieta 2_Exp2,Dieta 2_Exp2,,,,,"55,56,57",13.73333333,14.83333333,25.40247635,25.0189254,50.42140175,3.486273419,3.71102949,7.197302909,113.215948,24.44995315,2.160778674,13.73333333,14.27745341,16.16078577,66.15454311,#DIV/0!,8.969515702,36.71691597
122,45973,Genetic bank,Juan José Gonzalez,26,F24-3568,ABC-12115-1,Stylosanthes,humilis,Stylosanthes humilis,Fabaceae,Fabales,Herbaceous,OT-033 (2024),"55,56,57",12.8,15.23333333,47.73580969,46.68559206,94.42140175,6.109350307,7.111438524,13.22078883,204.1262786,47.80538421,2.348111109,12.8,14.00244365,28.58155433,62.91010301,101.627582,15.86325715,34.91619558
123,45973,Genetic bank,Juan José Gonzalez,26,F24-3569,ABC-12140-1,Stylosanthes,humilis,Stylosanthes humilis,Fabaceae,Fabales,Herbaceous,OT-033 (2024),"55,56,57",12.46666667,15.3,47.73580969,40.5189254,88.25473508,5.950842052,6.201395586,12.15223764,192.7205147,55.38004263,2.858909484,12.46666667,13.76854158,26.5366554,49.54236664,-60.33940252,14.72830286,27.49687062
124,45973,Genetic bank,Juan José Gonzalez,26,F24-3570,ABC-12184-1,Stylosanthes,humilis,Stylosanthes humilis,Fabaceae,Fabales,Herbaceous,OT-033 (2024),"55,56,57",13.1,15.26666667,46.73580969,48.5189254,95.25473508,6.122057736,7.408000388,13.53005812,205.8338843,57.56035137,2.795835964,13.1,14.20359302,29.23680819,50.91038972,772.2262242,16.22693437,28.2561471
125,45973,Genetic bank,Juan José Gonzalez,26,F24-3571,ABC-12202-1,Stylosanthes,humilis,Stylosanthes humilis,Fabaceae,Fabales,Herbaceous,OT-033 (2024),"55,56,57",12.8,15.26666667,46.56914302,48.5189254,95.08806842,5.96068364,7.406667055,13.3673507,205.1509767,58.33179428,2.840327952,12.8,14.05863826,28.83984391,49.7047254,-3951.428647,16.00661233,27.58698254
126,45973,Genetic bank,Juan José Gonzalez,26,F24-3572,ABC-12311-1,Stylosanthes,guianensis,Stylosanthes guianensis,Fabaceae,Fabales,Herbaceous,OT-033 (2024),"55,56,57",12.83333333,15.1,44.06914302,47.68559206,91.75473508,5.655151132,7.200191068,12.8553422,199.8241478,50.4693987,2.525418511,12.83333333,14.01044804,27.99646032,57.76370948,69.65427316,15.53851984,32.05985813
127,45973,Genetic bank,Juan José Gonzalez,26,F24-3573,ABC-12381-1,Stylosanthes,hamata,Stylosanthes hamata,Fabaceae,Fabales,Herbaceous,OT-033 (2024),"55,56,57",13.3,16.1,51.40247635,46.5189254,97.92140175,6.836196022,7.489880322,14.32607634,212.1348465,48.12244957,2.27274628,13.3,14.6300666,31.03570774,66.34434049,10.52874192,17.22535475,36.8222568
128,45973,Genetic bank,Juan José Gonzalez,26,F24-3574,ABC-12374-1,Stylosanthes,hamata,Stylosanthes hamata,Fabaceae,Fabales,Herbaceous,OT-033 (2024),"55,56,57",13.5,16.26666667,51.40247635,49.68559206,101.0880684,6.935334308,8.082689642,15.01802395,219.8552289,57.582434,2.620739901,13.5,14.85768265,32.66252036,56.7848399,239.7212729,18.12826389,31.51656858
129,45973,Genetic bank,Juan José Gonzalez,26,F24-3575,ABC-12457-1,Stylosanthes,hamata,Stylosanthes hamata,Fabaceae,Fabales,Herbaceous,OT-033 (2024),"55,56,57",13.36666667,16.06666667,48.56914302,49.0189254,97.58806842,6.491964339,7.875151792,14.36711613,208.2677407,60.24786793,2.892808445,13.36666667,14.72220566,30.66160511,50.94136144,198.4380832,17.01772131,28.27333694
130,45973,Genetic bank,Juan José Gonzalez,26,F24-3576,ABC-12462-1,Stylosanthes,hamata,Stylosanthes hamata,Fabaceae,Fabales,Herbaceous,OT-033 (2024),"55,56,57",13.16666667,16.23333333,48.73580969,47.5189254,96.25473508,6.415326053,7.713461112,14.12878716,208.0017358,60.80035455,2.921095723,13.16666667,14.67870411,30.53161232,50.87369855,199.6455647,16.94557306,28.23578286
131,45973,Genetic bank,Juan José Gonzalez,26,F24-3577,ABC-12485-1,Stylosanthes,scabra,Stylosanthes scabra,Fabaceae,Fabales,Herbaceous,OT-033 (2024),"55,56,57",13.23333333,14.43333333,36.23580969,38.18559206,74.42140175,4.794094371,5.513287121,10.30738149,158.4261572,54.79198976,3.464582362,13.23333333,13.85010626,21.94205971,40.26580906,236.6550882,12.17822276,22.34822067
132,45973,Genetic bank,Juan José Gonzalez,26,F24-3578,ABC-12615-1,Stylosanthes,guianensis,Stylosanthes guianensis,Fabaceae,Fabales,Herbaceous,OT-033 (2024),"55,56,57",12.86666667,14.3,39.40247635,49.18559206,88.58806842,5.070118624,7.031039665,12.10115829,197.2374506,54.27601201,2.752285014,12.86666667,13.66209635,26.94269841,49.65564141,356.0531134,14.95366375,27.55974008
133,45973,Genetic bank,Juan José Gonzalez,26,F24-3579,ABC-12686-1,Stylosanthes,hamata,Stylosanthes hamata,Fabaceae,Fabales,Herbaceous,OT-033 (2024),"55,56,57",12.5,14.93333333,41.73580969,49.5189254,91.25473508,5.217309544,7.392215082,12.60952463,200.5778572,50.51570579,2.512287376,12.5,13.81929161,27.71572815,55.90055491,348.7110372,15.38270864,31.02577511
134,45973,Genetic bank,Juan José Gonzalez,26,F24-3580,ABC-12710-1,Stylosanthes,scabra,Stylosanthes scabra,Fabaceae,Fabales,Herbaceous,OT-033 (2024),"55,56,57",13,14.9,39.65247635,38.43559206,78.08806842,5.175773164,5.707060422,10.88283359,170.129513,52.29763314,3.073471797,13.05,13.93711233,23.71029551,45.38452841,-2120.911801,13.15962422,25.18919846
135,45973,Genetic bank,Juan José Gonzalez,26,F24-3581,ABC-12758-1,Stylosanthes,guianensis,Stylosanthes guianensis,Fabaceae,Fabales,Herbaceous,OT-033 (2024),"55,56,57",12.4,11.3,37.56914302,40.85225873,78.42140175,4.657573735,4.617305237,9.274878971,171.5771431,45.50703488,2.648668613,12.4,11.82703935,20.29238449,45.67084793,215.0176419,11.26262447,25.34811076
136,45973,LMF,,26,F25-2134,Hohenheimer Heustandard,,,Hohenheimer Heustandard, Heustandard,Green meal ,,OT-017,"55,56,57",13.9,17,31.56914302,15.5189254,47.08806842,4.389444213,2.637383984,7.026828197,205.9786238,32.63535938,1.564851307,13.9,14.92004022,30.73764651,102.6994635,#DIV/0!,17.0599256,56.99997905
137,,,,,,,,,,,,,,,,,,,,,,,,,,,,,,,,
138,,,,,,,,,,,,,,,,,,,,,,,,,,,,,,,,
139,,,,,,,,,,,,,,,,,,,,,,,,,,,,,,,,
140,,,,,,,,,,,,,,,,,,,,,,,,,,,,,,,,
141,,,,,,,,,,,,,,,,,,,,,,,,,,,,,,,,
142,,,,,,,,,,,,,,,,,,,,,,,,,,,,,,,,
143,,,,,,,,,,,,,,,,,,,,,,,,,,,,,,,,
144,,,,,,,,,,,,,,,,,,,,,,,,,,,,,,,,
145,,,,,,,,,,,,,,,,,,,,,,,,,,,,,,,,
146,,,,,,,,,,,,,,,,,,,,,,,,,,,,,,,,
147,,,,,,,,,,,,,,,,,,,,,,,,,,,,,,,,
148,,,,,,,,,,,,,,,,,,,,,,,,,,,,,,,,
149,,,,,,,,,,,,,,,,,,,,,,,,,,,,,,,,
150,,,,,,,,,,,,,,,,,,,,,,,,,,,,,,,,
151,,,,,,,,,,,,,,,,,,,,,,,,,,,,,,,,
152,,,,,,,,,,,,,,,,,,,,,,,,,,,,,,,,
153,,,,,,,,,,,,,,,,,,,,,,,,,,,,,,,,
154,,,,,,,,,,,,,,,,,,,,,,,,,,,,,,,,
155,,,,,,,,,,,,,,,,,,,,,,,,,,,,,,,,
156,,,,,,,,,,,,,,,,,,,,,,,,,,,,,,,,
157,,,,,,,,,,,,,,,,,,,,,,,,,,,,,,,,
158,,,,,,,,,,,,,,,,,,,,,,,,,,,,,,,,
159,,,,,,,,,,,,,,,,,,,,,,,,,,,,,,,,
160,,,,,,,,,,,,,,,,,,,,,,,,,,,,,,,,
161,,,,,,,,,,,,,,,,,,,,,,,,,,,,,,,,
162,,,,,,,,,,,,,,,,,,,,,,,,,,,,,,,,
163,,,,,,,,,,,,,,,,,,,,,,,,,,,,,,,,
164,,,,,,,,,,,,,,,,,,,,,,,,,,,,,,,,
165,,,,,,,,,,,,,,,,,,,,,,,,,,,,,,,,
166,,,,,,,,,,,,,,,,,,,,,,,,,,,,,,,,
167,,,,,,,,,,,,,,,,,,,,,,,,,,,,,,,,
168,,,,,,,,,,,,,,,,,,,,,,,,,,,,,,,,
169,,,,,,,,,,,,,,,,,,,,,,,,,,,,,,,,
170,,,,,,,,,,,,,,,,,,,,,,,,,,,,,,,,
171,,,,,,,,,,,,,,,,,,,,,,,,,,,,,,,,
172,,,,,,,,,,,,,,,,,,,,,,,,,,,,,,,,
173,,,,,,,,,,,,,,,,,,,,,,,,,,,,,,,,
174,,,,,,,,,,,,,,,,,,,,,,,,,,,,,,,,
175,,,,,,,,,,,,,,,,,,,,,,,,,,,,,,,,
176,,,,,,,,,,,,,,,,,,,,,,,,,,,,,,,,
177,,,,,,,,,,,,,,,,,,,,,,,,,,,,,,,,
178,,,,,,,,,,,,,,,,,,,,,,,,,,,,,,,,
179,,,,,,,,,,,,,,,,,,,,,,,,,,,,,,,,
180,,,,,,,,,,,,,,,,,,,,,,,,,,,,,,,,
181,,,,,,,,,,,,,,,,,,,,,,,,,,,,,,,,
182,,,,,,,,,,,,,,,,,,,,,,,,,,,,,,,,
183,,,,,,,,,,,,,,,,,,,,,,,,,,,,,,,,
184,,,,,,,,,,,,,,,,,,,,,,,,,,,,,,,,
185,,,,,,,,,,,,,,,,,,,,,,,,,,,,,,,,
186,,,,,,,,,,,,,,,,,,,,,,,,,,,,,,,,
187,,,,,,,,,,,,,,,,,,,,,,,,,,,,,,,,
188,,,,,,,,,,,,,,,,,,,,,,,,,,,,,,,,
189,,,,,,,,,,,,,,,,,,,,,,,,,,,,,,,,
190,,,,,,,,,,,,,,,,,,,,,,,,,,,,,,,,
191,,,,,,,,,,,,,,,,,,,,,,,,,,,,,,,,
192,,,,,,,,,,,,,,,,,,,,,,,,,,,,,,,,
193,,,,,,,,,,,,,,,,,,,,,,,,,,,,,,,,
194,,,,,,,,,,,,,,,,,,,,,,,,,,,,,,,,
195,,,,,,,,,,,,,,,,,,,,,,,,,,,,,,,,
196,,,,,,,,,,,,,,,,,,,,,,,,,,,,,,,,
197,,,,,,,,,,,,,,,,,,,,,,,,,,,,,,,,
198,,,,,,,,,,,,,,,,,,,,,,,,,,,,,,,,
199,,,,,,,,,,,,,,,,,,,,,,,,,,,,,,,,
200,,,,,,,,,,,,,,,,,,,,,,,,,,,,,,,,
201,,,,,,,,,,,,,,,,,,,,,,,,,,,,,,,,
202,,,,,,,,,,,,,,,,,,,,,,,,,,,,,,,,
203,,,,,,,,,,,,,,,,,,,,,,,,,,,,,,,,
204,,,,,,,,,,,,,,,,,,,,,,,,,,,,,,,,
205,,,,,,,,,,,,,,,,,,,,,,,,,,,,,,,,
206,,,,,,,,,,,,,,,,,,,,,,,,,,,,,,,,
207,,,,,,,,,,,,,,,,,,,,,,,,,,,,,,,,
208,,,,,,,,,,,,,,,,,,,,,,,,,,,,,,,,
209,,,,,,,,,,,,,,,,,,,,,,,,,,,,,,,,
210,,,,,,,,,,,,,,,,,,,,,,,,,,,,,,,,
211,,,,,,,,,,,,,,,,,,,,,,,,,,,,,,,,
212,,,,,,,,,,,,,,,,,,,,,,,,,,,,,,,,
213,,,,,,,,,,,,,,,,,,,,,,,,,,,,,,,,
214,,,,,,,,,,,,,,,,,,,,,,,,,,,,,,,,
215,,,,,,,,,,,,,,,,,,,,,,,,,,,,,,,,
216,,,,,,,,,,,,,,,,,,,,,,,,,,,,,,,,
217,,,,,,,,,,,,,,,,,,,,,,,,,,,,,,,,
218,,,,,,,,,,,,,,,,,,,,,,,,,,,,,,,,
219,,,,,,,,,,,,,,,,,,,,,,,,,,,,,,,,
220,,,,,,,,,,,,,,,,,,,,,,,,,,,,,,,,
221,,,,,,,,,,,,,,,,,,,,,,,,,,,,,,,,
222,,,,,,,,,,,,,,,,,,,,,,,,,,,,,,,,
223,,,,,,,,,,,,,,,,,,,,,,,,,,,,,,,,
224,,,,,,,,,,,,,,,,,,,,,,,,,,,,,,,,
225,,,,,,,,,,,,,,,,,,,,,,,,,,,,,,,,
226,,,,,,,,,,,,,,,,,,,,,,,,,,,,,,,,
227,,,,,,,,,,,,,,,,,,,,,,,,,,,,,,,,
228,,,,,,,,,,,,,,,,,,,,,,,,,,,,,,,,
229,,,,,,,,,,,,,,,,,,,,,,,,,,,,,,,,
230,,,,,,,,,,,,,,,,,,,,,,,,,,,,,,,,
231,,,,,,,,,,,,,,,,,,,,,,,,,,,,,,,,
232,,,,,,,,,,,,,,,,,,,,,,,,,,,,,,,,
233,,,,,,,,,,,,,,,,,,,,,,,,,,,,,,,,
234,,,,,,,,,,,,,,,,,,,,,,,,,,,,,,,,
235,,,,,,,,,,,,,,,,,,,,,,,,,,,,,,,,
236,,,,,,,,,,,,,,,,,,,,,,,,,,,,,,,,
237,,,,,,,,,,,,,,,,,,,,,,,,,,,,,,,,
238,,,,,,,,,,,,,,,,,,,,,,,,,,,,,,,,
239,,,,,,,,,,,,,,,,,,,,,,,,,,,,,,,,
240,,,,,,,,,,,,,,,,,,,,,,,,,,,,,,,,
241,,,,,,,,,,,,,,,,,,,,,,,,,,,,,,,,
242,,,,,,,,,,,,,,,,,,,,,,,,,,,,,,,,
243,,,,,,,,,,,,,,,,,,,,,,,,,,,,,,,,
244,,,,,,,,,,,,,,,,,,,,,,,,,,,,,,,,
245,,,,,,,,,,,,,,,,,,,,,,,,,,,,,,,,
246,,,,,,,,,,,,,,,,,,,,,,,,,,,,,,,,
247,,,,,,,,,,,,,,,,,,,,,,,,,,,,,,,,
248,,,,,,,,,,,,,,,,,,,,,,,,,,,,,,,,
249,,,,,,,,,,,,,,,,,,,,,,,,,,,,,,,,
250,,,,,,,,,,,,,,,,,,,,,,,,,,,,,,,,
251,,,,,,,,,,,,,,,,,,,,,,,,,,,,,,,,
252,,,,,,,,,,,,,,,,,,,,,,,,,,,,,,,,
253,,,,,,,,,,,,,,,,,,,,,,,,,,,,,,,,
254,,,,,,,,,,,,,,,,,,,,,,,,,,,,,,,,
255,,,,,,,,,,,,,,,,,,,,,,,,,,,,,,,,
256,,,,,,,,,,,,,,,,,,,,,,,,,,,,,,,,
257,,,,,,,,,,,,,,,,,,,,,,,,,,,,,,,,
258,,,,,,,,,,,,,,,,,,,,,,,,,,,,,,,,
259,,,,,,,,,,,,,,,,,,,,,,,,,,,,,,,,
260,,,,,,,,,,,,,,,,,,,,,,,,,,,,,,,,
261,,,,,,,,,,,,,,,,,,,,,,,,,,,,,,,,
262,,,,,,,,,,,,,,,,,,,,,,,,,,,,,,,,
263,,,,,,,,,,,,,,,,,,,,,,,,,,,,,,,,
264,,,,,,,,,,,,,,,,,,,,,,,,,,,,,,,,
265,,,,,,,,,,,,,,,,,,,,,,,,,,,,,,,,
266,,,,,,,,,,,,,,,,,,,,,,,,,,,,,,,,
267,,,,,,,,,,,,,,,,,,,,,,,,,,,,,,,,
268,,,,,,,,,,,,,,,,,,,,,,,,,,,,,,,,
269,,,,,,,,,,,,,,,,,,,,,,,,,,,,,,,,
270,,,,,,,,,,,,,,,,,,,,,,,,,,,,,,,,
271,,,,,,,,,,,,,,,,,,,,,,,,,,,,,,,,
272,,,,,,,,,,,,,,,,,,,,,,,,,,,,,,,,
273,,,,,,,,,,,,,,,,,,,,,,,,,,,,,,,,
274,,,,,,,,,,,,,,,,,,,,,,,,,,,,,,,,
275,,,,,,,,,,,,,,,,,,,,,,,,,,,,,,,,
276,,,,,,,,,,,,,,,,,,,,,,,,,,,,,,,,
277,,,,,,,,,,,,,,,,,,,,,,,,,,,,,,,,
278,,,,,,,,,,,,,,,,,,,,,,,,,,,,,,,,
279,,,,,,,,,,,,,,,,,,,,,,,,,,,,,,,,
280,,,,,,,,,,,,,,,,,,,,,,,,,,,,,,,,
281,,,,,,,,,,,,,,,,,,,,,,,,,,,,,,,,
282,,,,,,,,,,,,,,,,,,,,,,,,,,,,,,,,
283,,,,,,,,,,,,,,,,,,,,,,,,,,,,,,,,
284,,,,,,,,,,,,,,,,,,,,,,,,,,,,,,,,
