ch4_ml_g_ndf_digested_24h,CH4_Decrease_Pct,Benchmark_vs_Control,CH4_Category,TDDM_Category,Z_Score_CH4,Z_Score_TDDM,Composite_Score,Overall_Rank,CH4_8h_Reduction_Pct,CH4_24h_Reduction_Pct,Accession_ID,CH4_Intensity,TDDM,CH4_8h,category,functional_group
100.2753571,58.54606055,33.71693585,Low,High,1.287870623,2.003778284,4.57951953,1,-2.206782773,#N/A,CIAT-BR-02-1752,33.82558661,67.38520137,13.97777778,Category_1a,Grasses
91.55408067,57.99987939,32.8436157,Low,High,1.255894612,1.786520215,4.298309439,2,-3.912937334,#N/A,CIAT-Mulato-II,34.27125952,65.31952458,14.21111111,Category_1a,Grasses
108.1966359,55.82738514,29.36989094,Low,High,1.128706592,1.925807647,4.18322083,3,-0.632652076,#N/A,CIAT-BR-09-1232,36.04397144,66.64386119,13.7625,Category_1a,Grasses
103.446458,56.18030467,29.93419408,Low,High,1.149368159,1.85107277,4.149809088,4,-4.887882798,#N/A,CIAT-BR-12-4951,35.75599615,65.93328643,14.34444444,Category_1a,Grasses
108.270091,55.90497795,29.49395851,Low,High,1.133249239,1.676498646,3.942997125,5,-6.847929407,#N/A,CIAT-BR-06-0423,35.98065725,64.27344606,14.6125,Category_1a,Grasses
116.139978,56.16582004,29.91103377,Low,High,1.148520161,1.644553484,3.941593805,6,-0.825610032,#N/A,CIAT-BR-02-1794,35.76781532,63.96971335,13.78888889,Category_1a,Grasses
314.5182096,55.06447926,28.15003729,Low,High,1.084042497,1.690867234,3.858952229,7,12.57989009,#N/A,CIAT-BR-12-1362,36.6664874,64.41006173,11.95555556,Category_1a,Grasses
107.1233399,54.46273375,27.18787214,Low,High,1.048813488,1.593354279,3.690981255,8,-1.881800951,#N/A,CIAT-BR-19-0423,37.15749971,63.48291436,13.93333333,Category_1a,Grasses
106.3740181,55.81232822,29.34581558,Low,High,1.127825089,1.348198324,3.603848501,9,-2.46067482,#N/A,CIAT-BR-15-6487,36.05625758,61.15198613,14.0125,Category_1a,Grasses
105.0022714,55.69706548,29.16151542,Low,High,1.121077067,1.320861078,3.563015211,10,-4.400410066,#N/A,CIAT-BR-15-0722,36.15030967,60.89206522,14.27777778,Category_1a,Grasses
345.7941643,55.8354115,29.38272475,Low,High,1.129176493,1.241183904,3.499536889,11,9.330071881,#N/A,CIAT-BR-12-1620,36.03742209,60.13449939,12.4,Category_1a,Grasses
335.9709798,53.79743753,26.12409213,Low,High,1.009863922,1.394368218,3.414096061,12,8.436371872,#N/A,CIAT-BR-12-0461,37.70036814,61.59096673,12.52222222,Category_1a,Grasses
117.4763639,53.14511733,25.08106021,Low,High,0.971674032,1.436946992,3.380295056,13,-1.912267997,#N/A,CIAT-BR-19-0029,38.2326484,61.99580318,13.9375,Category_1a,Grasses
374.3268936,54.07255661,26.56399568,Low,High,1.025970685,1.239709269,3.291650638,14,9.980035523,#N/A,CIAT-BR-12-0255,37.47587647,60.12047865,12.31111111,Category_1a,Grasses
331.7563919,47.81359167,16.55618027,Low,High,0.659541471,1.25855956,2.577642503,15,-0.338137301,#N/A,CIAT-PM-21-2580,42.58306684,60.2997061,13.72222222,Category_1a,Grasses
119.9833225,38.92112806,2.337513868,Low,High,0.138934873,1.239364865,1.51723461,16,-26.01170118,#N/A,CIAT-PM-21-6628,49.83913953,60.11720408,17.23333333,Category_1a,Grasses
139.4125121,35.13342413,-3.71886162,Low,High,-0.082815111,1.470756966,1.305126744,17,-24.30554662,#N/A,CIAT-PM-21-3537,52.92983029,62.31726641,17,Category_1a,Grasses
635.5422785,58.99168682,34.42947307,Low,Not High,1.313959679,0.79383283,1.313959679,1,18.99828106,#N/A,CIAT-BR-12-3868,33.46196447,55.88111201,11.07777778,Category_2,Grasses
416.360862,56.15040715,29.88638922,Low,Not High,1.147617818,0.828033136,1.147617818,2,5.349044571,#N/A,CIAT-BR-12-2462,35.78039193,56.20628648,12.94444444,Category_2,Grasses
408.0486319,55.10106779,28.20854077,Low,Not High,1.086184562,1.015158066,1.086184562,3,14.85476284,#N/A,CIAT-BR-12-1889,36.63663189,57.98545919,11.64444444,Category_2,Grasses
164.5140248,54.89540679,27.87969769,Low,Not High,1.0741442,0.893583876,1.0741442,4,12.33615373,#N/A,CIAT-BR-15-2811,36.80444716,56.82953902,11.98888889,Category_2,Grasses
385.1211006,53.27585779,25.29010857,Low,Not High,0.979328193,0.824520516,0.979328193,5,10.54875371,#N/A,CIAT-BR-12-4039,38.1259668,56.17288871,12.23333333,Category_2,Grasses
437.1241867,53.12875128,25.0548916,Low,Not High,0.970715886,0.945873035,0.970715886,6,10.87373553,#N/A,CIAT-BR-15-2558,38.24600277,57.32670123,12.18888889,Category_2,Grasses
772.2863773,51.98369208,23.22399124,Low,Not High,0.903678741,0.239851729,0.903678741,7,13.39234465,#N/A,CIAT-BR-19-1343,39.18034821,50.61389268,11.84444444,Category_2,Grasses
501.4826746,50.67814511,21.13647786,Low,Not High,0.827245888,0.693696347,0.827245888,8,4.374099107,#N/A,CIAT-BR-15-2891,40.24564846,54.9290203,13.07777778,Category_2,Grasses
535.60664,50.55860623,20.94534034,Low,Not High,0.82024752,0.629571331,0.82024752,9,7.217690043,#N/A,CIAT-BR-15-3248,40.34318979,54.31932346,12.68888889,Category_2,Grasses
317.9425895,50.43228817,20.74336321,Low,Not High,0.812852268,1.103411427,0.812852268,10,-6.106564627,#N/A,CIAT-PM-21-6106,40.4462628,58.82456689,14.51111111,Category_2,Grasses
522.8730909,50.11701092,20.23924845,Low,Not High,0.794394456,0.127349716,0.794394456,11,8.192635506,#N/A,CIAT-BR-12-4856,40.70352275,49.54423024,12.55555556,Category_2,Grasses
98.89072681,50.09017312,20.19633597,Low,Not High,0.792823245,0.860038471,0.792823245,12,-8.381437376,#N/A,CIAT-CIAT-6962,40.72542185,56.51059131,14.82222222,Category_2,Grasses
342.0183261,49.88806213,19.8731692,Low,Not High,0.780990718,0.653267791,0.780990718,13,3.724135465,#N/A,CIAT-CIAT-16886,40.89034038,54.54462799,13.16666667,Category_2,Grasses
340.451852,49.83006286,19.78043087,Low,Not High,0.777595169,0.986062548,0.777595169,14,-0.17564639,#N/A,CIAT-PM-21-3662,40.93766663,57.70882073,13.7,Category_2,Grasses
617.084781,49.48685955,19.23166355,Low,Not High,0.757502434,0.482085128,0.757502434,15,9.411317336,#N/A,CIAT-BR-15-7659,41.21771368,52.91703342,12.38888889,Category_2,Grasses
353.0816565,49.41115142,19.1106095,Low,Not High,0.753070124,0.588331411,0.753070124,16,-3.262973692,#N/A,CIAT-PM-21-3535,41.27949,53.92721675,14.12222222,Category_2,Grasses
461.2857007,48.90100345,18.29490487,Low,Not High,0.723203666,0.174105098,0.723203666,17,7.623917319,#N/A,CIAT-CIAT-16891,41.69576055,49.98877763,12.63333333,Category_2,Grasses
382.6768523,48.8634535,18.23486412,Low,Not High,0.721005315,0.545809009,0.721005315,18,10.22377189,#N/A,CIAT-BH-16-1763,41.72640056,53.52291628,12.27777778,Category_2,Grasses
411.4118578,48.78536631,18.11000607,Low,Not High,0.716433725,0.687929178,0.716433725,19,-1.638064585,#N/A,CIAT-PM-21-0074,41.79011814,54.87418639,13.9,Category_2,Grasses
178.6510057,48.69203176,17.96076815,Low,Not High,0.710969481,0.221547487,0.710969481,20,9.573808247,#N/A,CIAT-BR-15-6547,41.86627727,50.43985704,12.36666667,Category_2,Grasses
467.4823782,48.10912012,17.02871753,Low,Not High,0.676843095,0.010026949,0.676843095,21,11.60494463,#N/A,CIAT-CIAT-26415,42.34192153,48.42873235,12.08888889,Category_2,Grasses
594.4577028,47.99801568,16.85106632,Low,Not High,0.670338519,0.414020479,0.670338519,22,6.080253668,#N/A,CIAT-BR-15-3025,42.43258053,52.26987879,12.84444444,Category_2,Grasses
406.9538942,47.71291493,16.39520249,Low,Not High,0.653647382,0.508877813,0.653647382,23,0.799299074,#N/A,CIAT-PM-21-0072,42.66521705,53.17177667,13.56666667,Category_2,Grasses
374.128588,47.34564965,15.80796113,Low,Not High,0.632145947,0.798951178,0.632145947,24,-1.313082764,#N/A,CIAT-CIAT-16031,42.96489818,55.92977696,13.85555556,Category_2,Grasses
525.2143627,47.01317554,15.27634935,Low,Not High,0.612681351,0.272810981,0.612681351,25,9.16758097,#N/A,CIAT-BR-15-8919,43.23619042,50.92726728,12.42222222,Category_2,Grasses
125.156944,46.99299162,15.24407611,Low,Not High,0.611499689,0.924056525,0.611499689,26,-3.344219147,#N/A,CIAT-PM-21-0631,43.2526601,57.11927115,14.13333333,Category_2,Grasses
350.1031207,46.6459921,14.68923882,Low,Not High,0.591184707,0.676440627,0.591184707,27,8.030144596,#N/A,CIAT-BH-16-B-2165,43.53580477,54.76495394,12.57777778,Category_2,Grasses
441.8928559,46.38598057,14.27349158,Low,Not High,0.57596241,0.483181694,0.57596241,28,9.005090059,#N/A,CIAT-CIAT-26149,43.74796899,52.9274595,12.44444444,Category_2,Grasses
422.5231423,46.35783902,14.22849446,Low,Not High,0.574314872,0.155260439,0.574314872,29,7.380180953,#N/A,CIAT-BH-16-B-2167,43.77093193,49.80960373,12.66666667,Category_2,Grasses
154.8980326,46.20343753,13.98161312,Low,Not High,0.565275483,-0.045779157,0.565275483,30,-4.1566737,#N/A,CIAT-PM-21-2627,43.89692047,47.89813121,14.24444444,Category_2,Grasses
142.2565502,46.1397808,13.87982876,Low,Not High,0.561548719,0.02833922,0.561548719,31,-0.419382756,#N/A,CIAT-PM-21-0906,43.94886308,48.60284433,13.73333333,Category_2,Grasses
394.5250056,45.99129628,13.64240841,Low,Not High,0.552855738,0.382636423,0.552855738,32,7.78640823,#N/A,CIAT-CIAT-26146,44.07002348,51.97148105,12.61111111,Category_2,Grasses
463.978618,45.91026401,13.51284129,Low,Not High,0.548111727,0.44051489,0.548111727,33,6.242744579,#N/A,CIAT-CIAT-26160,44.1361442,52.52178607,12.82222222,Category_2,Grasses
414.2955901,45.90123463,13.4984037,Low,Not High,0.547583105,0.565287362,0.547583105,34,-5.53784644,#N/A,CIAT-CIAT-26936,44.143512,53.70811531,14.43333333,Category_2,Grasses
495.4161195,45.78426636,13.31137647,Low,Not High,0.540735233,0.160598466,0.540735233,35,-0.17564639,#N/A,CIAT-PM-21-6640,44.23895577,49.86035737,13.7,Category_2,Grasses
731.1054198,45.26653376,12.48354435,Low,Not High,0.510424735,0.235423039,0.510424735,36,6.811462766,#N/A,CIAT-BR-12-5049,44.66141522,50.57178496,12.74444444,Category_2,Grasses
-2378.792121,44.69567599,11.57076735,Low,Not High,0.477004039,0.078392676,0.477004039,37,15.50472648,#N/A,CIAT-CIAT-26646,45.12722376,49.07874962,11.55555556,Category_2,Grasses
-932.5610931,44.49065364,11.24294544,Low,Not High,0.465001067,0.293291838,0.465001067,38,6.40523549,#N/A,CIAT-BR-15-1851,45.29451791,51.12199805,12.8,Category_2,Grasses
600.2987608,44.48345131,11.23142922,Low,Not High,0.464579409,0.387517238,0.464579409,39,9.736299157,#N/A,CIAT-BR-19-5515,45.30039486,52.01788755,12.34444444,Category_2,Grasses
612.4997511,44.3000552,10.93818674,Low,Not High,0.453842539,-0.022111293,0.453842539,40,2.627321818,#N/A,CIAT-CIAT-26570,45.45004243,48.12316386,13.31666667,Category_2,Grasses
431.2473274,44.20452787,10.78544265,Low,Not High,0.44824992,0.61093889,0.44824992,41,0.433694525,#N/A,CIAT-PM-21-0070,45.52799082,54.14216732,13.61666667,Category_2,Grasses
24.46729694,44.1610486,10.71592118,Low,Not High,0.44570444,-3.665508212,0.44570444,42,-117.9822149,#N/A,CIAT-BH-22-0521,45.56346903,13.48196282,29.81120114,Category_2,Grasses
1725.240206,44.13642556,10.67655,Low,Not High,0.444262891,-0.509724601,0.444262891,43,9.655053702,#N/A,CIAT-BR-05-1435,45.58356094,43.48696556,12.35555556,Category_2,Grasses
640.8704309,44.08966948,10.60178904,Low,Not High,0.44152557,0.315825986,0.44152557,44,4.130362741,#N/A,CIAT-BR-19-5029,45.62171297,51.33625139,13.11111111,Category_2,Grasses
152.5872948,43.82887883,10.18479602,Low,Not High,0.426257661,0.14465097,0.426257661,45,-3.311720965,#N/A,CIAT-PM-21-6638,45.83451293,49.70872953,14.12888889,Category_2,Grasses
129.5053665,43.64417808,9.889467476,Low,Not High,0.415444411,0.301147697,0.415444411,46,-2.856746415,#N/A,CIAT-PM-21-3522,45.98522505,51.1966911,14.06666667,Category_2,Grasses
242.3576893,43.28649682,9.317550539,Low,Not High,0.394504069,-0.081047377,0.394504069,47,9.736299157,#N/A,CIAT-BR-19-5381,46.27708582,47.56280308,12.34444444,Category_2,Grasses
510.2473874,43.21431122,9.202128867,Low,Not High,0.390277985,0.255167666,0.390277985,48,1.530508171,#N/A,CIAT-PM-21-6598,46.33598783,50.75951569,13.46666667,Category_2,Grasses
-190.1787592,43.01234119,8.879187497,Low,Not High,0.378453711,0.528909156,0.378453711,49,9.248826425,#N/A,CIAT-BR-12-4400,46.50079133,53.36223349,12.41111111,Category_2,Grasses
165.2034583,42.74826683,8.456943962,Low,Not High,0.362993557,-0.15997491,0.362993557,50,-3.587955513,#N/A,CIAT-PM-21-6529,46.71627074,46.81236479,14.16666667,Category_2,Grasses
605.8043584,42.7408284,8.445050234,Low,Not High,0.362558076,0.372979967,0.362558076,51,-0.744364577,#N/A,CIAT-PM-21-0819,46.72234035,51.87966804,13.77777778,Category_2,Grasses
721.7766048,42.67576746,8.341020596,Low,Not High,0.358749104,0.361471823,0.358749104,52,8.49440434,#N/A,CIAT-BR-15-8887,46.77542878,51.7702493,12.51428571,Category_2,Grasses
172.6019508,42.55043828,8.140624635,Low,Not High,0.351411745,0.216521602,0.351411745,53,-4.725391887,#N/A,CIAT-PM-21-2195,46.87769488,50.39207122,14.32222222,Category_2,Grasses
1363.611606,42.50836097,8.073344816,Low,Not High,0.348948341,0.176906966,0.348948341,54,7.217690043,#N/A,CIAT-BR-19-5877,46.91202913,50.01541762,12.68888889,Category_2,Grasses
146.8583471,42.21879635,7.610343467,Low,Not High,0.331995868,0.28225556,0.331995868,55,-7.690851006,#N/A,CIAT-PM-21-0215,47.14830808,51.01706578,14.72777778,Category_2,Grasses
597.3228571,42.18348918,7.553888819,Low,Not High,0.32992882,-0.052176429,0.32992882,56,7.867653685,#N/A,CIAT-BH-22-4092,47.17711802,47.83730633,12.6,Category_2,Grasses
115.7304904,42.0219808,7.295643874,Low,Not High,0.320473361,0.571266499,0.320473361,57,-6.675282814,#N/A,CIAT-PM-21-3684,47.30890563,53.76496459,14.58888889,Category_2,Grasses
104.9527281,41.93541088,7.157222304,Low,Not High,0.315405151,0.464686786,0.315405151,58,-4.806637342,#N/A,CIAT-CIAT-6890,47.37954496,52.75161102,14.33333333,Category_2,Grasses
446.3044063,41.89279853,7.08908698,Low,Not High,0.312910423,-0.164394173,0.312910423,59,5.064685477,#N/A,CIAT-BH-22-0071,47.41431579,46.77034671,12.98333333,Category_2,Grasses
164.1455321,41.8766914,7.063332378,Low,Not High,0.311967436,0.218094037,0.311967436,60,-3.912937334,#N/A,CIAT-PM-21-0052,47.42745888,50.40702184,14.21111111,Category_2,Grasses
-144.0656959,41.68223491,6.752404827,Low,Not High,0.30058304,-0.113783727,0.30058304,61,5.39982298,#N/A,CIAT-BR-09-3660,47.58613149,47.25154781,12.9375,Category_2,Grasses
562.8969995,41.23749915,6.041291488,Low,Not High,0.274546119,-0.369492418,0.274546119,62,-0.013155479,#N/A,CIAT-PM-21-6629,47.949027,44.8202848,13.67777778,Category_2,Grasses
560.8003359,41.00891067,5.675788362,Low,Not High,0.261163476,0.115655686,0.261163476,63,2.911680912,#N/A,CIAT-CIAT-26110,48.13555062,49.43304409,13.27777778,Category_2,Grasses
428.0981492,40.86439599,5.444715603,Low,Not High,0.252702907,0.143271467,0.252702907,64,7.298935498,#N/A,CIAT-BR-15-3811,48.25347172,49.69561329,12.67777778,Category_2,Grasses
525.5025406,40.86410943,5.444257416,Low,Not High,0.252686131,0.229399093,0.252686131,65,-3.506710057,#N/A,CIAT-PM-21-6647,48.25370554,50.51450964,14.15555556,Category_2,Grasses
233.654891,40.84661584,5.416285909,Low,Not High,0.251661973,1.095594678,0.251661973,66,2.139849086,#N/A,CIAT-36087-MulatoII-Exc,48.26797997,58.7502457,13.38333333,Category_2,Grasses
128.7549526,40.70538437,5.190462874,Low,Not High,0.24339362,1.096258283,0.24339362,67,-20.74090226,#N/A,CIAT-PM-21-3670,48.38322203,58.75655522,16.5125,Category_2,Grasses
587.0033574,40.63590466,5.079367806,Low,Not High,0.239325951,0.329513685,0.239325951,68,-4.969128253,#N/A,CIAT-PM-21-6641,48.43991608,51.46639322,14.35555556,Category_2,Grasses
-350.9917264,40.60387852,5.028159385,Low,Not High,0.23745099,-0.674300828,0.23745099,69,5.674026392,#N/A,CIAT-BH-22-1370,48.46604877,41.92218458,12.9,Category_2,Grasses
1407.975018,40.43488724,4.757949617,Low,Not High,0.227557447,-0.032954254,0.227557447,70,2.226897788,#N/A,CIAT-PM-21-0079,48.60394228,48.02006964,13.37142857,Category_2,Grasses
155.096404,40.29204761,4.529555191,Low,Not High,0.219194944,0.017709606,0.219194944,71,-11.41798627,#N/A,CIAT-CIAT-16048,48.72049657,48.50177859,15.2375,Category_2,Grasses
282.5983487,40.1318553,4.27341458,Low,Not High,0.209816533,0.069860803,0.209816533,72,-3.831691879,#N/A,CIAT-PM-21-0059,48.85121029,48.99762907,14.2,Category_2,Grasses
-1421.481038,40.06665052,4.16915495,Low,Not High,0.205999139,-0.239805666,0.205999139,73,7.623917319,#N/A,CIAT-BR-19-6136,48.90441609,46.05333872,12.63333333,Category_2,Grasses
-2093.713543,39.94607079,3.976353151,Low,Not High,0.198939835,-0.302673712,0.198939835,74,9.330071881,#N/A,CIAT-BR-19-1264,49.00280674,45.45559308,12.4,Category_2,Grasses
141.0925903,39.90556569,3.91158724,Low,Not High,0.196568476,0.325671694,0.196568476,75,-7.000264636,#N/A,CIAT-PM-21-0053,49.0358581,51.4298638,14.63333333,Category_2,Grasses
377.2406528,39.81916701,3.773439482,Low,Not High,0.191510292,0.247703829,0.191510292,76,3.80538092,#N/A,CIAT-BR-15-3434,49.10635769,50.68854998,13.15555556,Category_2,Grasses
237.7736709,39.75830519,3.676124055,Low,Not High,0.187947155,0.375705794,0.187947155,77,5.948229804,#N/A,CIAT-36087-MulatoII-Opt,49.15601972,51.90558505,12.8625,Category_2,Grasses
436.78641,39.53411909,3.317660131,Low,Not High,0.174822248,0.368410591,0.174822248,78,4.820949111,#N/A,CIAT-BH-22-0456,49.3389511,51.83622268,13.01666667,Category_2,Grasses
197.0687694,39.42285851,3.139759257,Low,Not High,0.168308531,-0.203075523,0.168308531,79,-3.506710057,#N/A,CIAT-PM-21-0055,49.42973751,46.40256674,14.15555556,Category_2,Grasses
680.4573562,39.32868332,2.989177172,Low,Not High,0.162795072,0.130451621,0.162795072,80,-3.344219147,#N/A,CIAT-PM-21-0065,49.50658259,49.57372296,14.13333333,Category_2,Grasses
535.8586863,39.13941388,2.686543488,Low,Not High,0.15171435,0.014483899,0.15171435,81,6.323990034,#N/A,CIAT-BR-19-5357,49.66102267,48.47110877,12.81111111,Category_2,Grasses
211.7640115,39.10360044,2.629279336,Low,Not High,0.149617663,-0.263095999,0.149617663,82,1.855489993,#N/A,CIAT-CIAT-16025,49.69024572,45.83189562,13.42222222,Category_2,Grasses
126.2941203,38.88743822,2.283645267,Low,Not High,0.136962511,0.802428661,0.136962511,83,-19.67455566,#N/A,CIAT-BH-16-B-1618,49.86662977,55.96284067,16.36666667,Category_2,Grasses
115.5532303,38.55055248,1.744979476,Low,Not High,0.117239637,1.049631443,0.117239637,84,-25.19924662,#N/A,CIAT-PM-21-3534,50.1415218,58.31323,17.12222222,Category_2,Grasses
-4.203087871,38.51721835,1.691679628,Low,Not High,0.1152881,0.198591915,0.1152881,85,5.034218431,#N/A,Cayman-Br-02-1752,50.16872179,50.22159683,12.9875,Category_2,Grasses
242.6964204,38.48414119,1.63879068,Low,Not High,0.113351608,0.77777577,0.113351608,86,1.449262716,#N/A,BR-06-423-Cayman-Exc,50.19571209,55.72844244,13.47777778,Category_2,Grasses
121.1815183,38.4765086,1.626586493,Low,Not High,0.11290476,-0.111406067,0.11290476,87,5.592780937,#N/A,CIAT-CIAT-6297,50.20194014,47.27415447,12.91111111,Category_2,Grasses
-490.2729515,38.16135041,1.122662116,Low,Not High,0.094453919,-0.257459066,0.094453919,88,-10.25008285,#N/A,CIAT-PM-21-6080,50.45910292,45.88549124,15.07777778,Category_2,Grasses
170.2609648,38.03109185,0.914384296,Low,Not High,0.086827971,-0.320199316,0.086827971,89,-8.543928286,#N/A,CIAT-PM-21-3595,50.5653913,45.28896068,14.84444444,Category_2,Grasses
172.8412732,37.79395532,0.535213194,Low,Not High,0.072944885,-0.339285064,0.072944885,90,-6.91901918,#N/A,CIAT-PM-21-3550,50.75888998,45.10749452,14.62222222,Category_2,Grasses
247.0917974,37.75309608,0.46988102,Low,Not High,0.070552793,0.021149422,0.070552793,91,2.505453635,#N/A,CIAT-6133-Llanero-Opt,50.7922303,48.53448416,13.33333333,Category_2,Grasses
-4332.821057,37.73638143,0.443155025,Low,Not High,0.069574239,-0.060515195,0.069574239,92,12.41739918,#N/A,CIAT-BR-15-7121,50.80586912,47.75802185,11.97777778,Category_2,Grasses
195.9168933,37.69348475,0.374565073,Low,Not High,0.067062865,-0.151348378,0.067062865,93,-5.050373708,#N/A,CIAT-PM-21-0185,50.84087196,46.89438535,14.36666667,Category_2,Grasses
-90.29756644,37.58223286,0.196678088,Low,Not High,0.060549657,0.013399357,0.060549657,94,-5.53784644,#N/A,CIAT-PM-21-0047,50.93165128,48.460797,14.43333333,Category_2,Grasses
1497.74509,37.529173,0.111837665,Low,Not High,0.057443284,-0.571417086,0.057443284,95,-0.489021718,#N/A,CIAT-PM-21-0078,50.97494706,42.90039708,13.74285714,Category_2,Grasses
-349.6656646,37.52115329,0.0990145,Low,Not High,0.056973772,-0.342134845,0.056973772,96,6.718610817,#N/A,CIAT-BR-19-5217,50.98149098,45.08039898,12.75714286,Category_2,Grasses
1079.449796,37.50238858,0.069010531,Low,Not High,0.055875198,-0.341223527,0.055875198,97,0.24218738,#N/A,CIAT-CIAT-6986,50.99680261,45.08906373,13.64285714,Category_2,Grasses
246.9467102,37.45922886,0,Low,Not High,0.053348425,0.712991966,0.053348425,98,0.393071797,#N/A,BR-02-1752-Cayman-Exc,51.03202008,55.11248189,13.62222222,Category_2,Grasses
141.1897581,37.27651214,-0.292156177,Low,Not High,0.04265133,1.038345254,0.04265133,99,-23.36542063,#N/A,CIAT-PM-21-3545,51.18111328,58.20592158,16.87142857,Category_2,Grasses
-3662.275784,36.95423295,-0.807466714,Low,Not High,0.023783592,-0.489533199,0.023783592,100,11.27996281,#N/A,CIAT-BR-02-0465,51.44408666,43.6789442,12.13333333,Category_2,Grasses
0.626844625,36.88344752,-0.920649569,Low,Not High,0.01963948,0.657099655,0.01963948,101,1.600147133,#N/A,CIAT-BR-06-1348,51.50184615,54.58106112,13.45714286,Category_2,Grasses
177.3461588,36.79597599,-1.06051279,Low,Not High,0.014518486,-0.311079782,0.014518486,102,-2.044291862,#N/A,CIAT-PM-21-0062,51.57322118,45.37566867,13.95555556,Category_2,Grasses
-2899.727343,36.66203771,-1.274674321,Low,Not High,0.00667711,-0.053181726,0.00667711,103,6.486480945,#N/A,CIAT-BR-19-4678,51.68251214,47.82774803,12.78888889,Category_2,Grasses
189.5762781,36.55147757,-1.451455226,Low,Not High,0.0002044,-0.284972665,0.0002044,104,-8.381437376,#N/A,CIAT-PM-21-0086,51.772727,45.62389359,14.82222222,Category_2,Grasses
175.5467318,36.30901864,-1.839136619,Low,Not High,-0.013990285,-0.65530327,-0.013990285,105,-9.112646473,#N/A,CIAT-CIAT-6799,51.97056865,42.10281223,14.92222222,Category_2,Grasses
253.3708404,35.96706596,-2.38590423,Low,Not High,-0.034009802,0.881620542,-0.034009802,106,2.505453635,#N/A,CIAT-606-Basilisk-Exc,52.24959521,56.71579236,13.33333333,Category_2,Grasses
254.3870302,35.64317211,-2.903796544,Low,Not High,-0.052972069,-0.001875964,-0.052972069,107,4.536590018,#N/A,CIAT-606-Basilisk-Opt,52.51388612,48.31556016,13.05555556,Category_2,Grasses
614.8346237,35.204969,-3.604464457,Low,Not High,-0.078626538,-0.311094034,-0.078626538,108,1.89611272,#N/A,CIAT-BH-22-4454,52.87145111,45.37553317,13.41666667,Category_2,Grasses
199.6664566,35.18041396,-3.6437269,Low,Not High,-0.080064105,-0.590433521,-0.080064105,109,-6.431546448,#N/A,CIAT-PM-21-4449,52.89148752,42.71958994,14.55555556,Category_2,Grasses
253.2027887,34.93109149,-4.042382801,Medium,Not High,-0.094660615,0.340870566,-0.094660615,110,-3.100482781,#N/A,CIAT-6294-Marandu-Exc,53.09492968,51.57437377,14.1,Category_2,Grasses
469.1447153,34.86724129,-4.144476512,Medium,Not High,-0.098398705,-0.750584297,-0.098398705,111,1.809064018,#N/A,CIAT-PM-21-0876,53.14703017,41.1968859,13.42857143,Category_2,Grasses
219.8677202,34.84019417,-4.18772369,Medium,Not High,-0.09998217,-0.478522636,-0.09998217,112,1.20552635,#N/A,CIAT-CIAT-26124,53.16910008,43.78363198,13.51111111,Category_2,Grasses
636.5711565,34.71730814,-4.38421317,Medium,Not High,-0.107176496,-0.79755962,-0.107176496,113,-1.272460037,#N/A,CIAT-PM-21-4852,53.26937263,40.75024733,13.85,Category_2,Grasses
130.3640076,34.24290035,-5.142770788,Medium,Not High,-0.134950557,1.102971479,-0.134950557,114,-19.99953748,#N/A,CIAT-BH-16-B-0741,53.6564799,58.82038388,16.41111111,Category_2,Grasses
335.9780059,34.18302146,-5.238514562,Medium,Not High,-0.138456149,-0.88664524,-0.138456149,115,-5.294110074,#N/A,CIAT-PM-21-4926,53.70533988,39.90322655,14.4,Category_2,Grasses
250.402246,34.08839119,-5.389824286,Medium,Not High,-0.143996249,-3.211069853,-0.143996249,116,7.014576404,#N/A,Sabana-Quemada,53.78255629,17.80273569,12.71666667,Category_2,Grasses
488.6373039,34.01634106,-5.505029341,Medium,Not High,-0.148214402,-0.298167883,-0.148214402,117,4.942817294,#N/A,CIAT-BH-22-1303,53.84134776,45.49843423,13,Category_2,Grasses
212.2122535,33.98291282,-5.558479659,Medium,Not High,-0.150171448,-0.267234739,-0.150171448,118,-9.193891929,#N/A,CIAT-CIAT-16051,53.86862454,45.79254473,14.93333333,Category_2,Grasses
261.2488385,33.96452271,-5.587884651,Medium,Not High,-0.151248092,-0.893465616,-0.151248092,119,7.014576404,#N/A,CIAT-6962-Mombaza-Ex,53.8836305,39.83837882,12.71666667,Category_2,Grasses
661.5443743,33.44478411,-6.418924298,Medium,Not High,-0.181676032,0.047262261,-0.181676032,120,1.611753627,#N/A,CIAT-BR-04-3025,54.30772682,48.78276349,13.45555556,Category_2,Grasses
263.1040124,33.06843654,-7.02068785,Medium,Not High,-0.203709186,0.029552735,-0.203709186,121,4.374099107,#N/A,CIAT-6294-Marandu-Opt,54.61481891,48.61438237,13.07777778,Category_2,Grasses
119.5665888,33.02871658,-7.084198367,Medium,Not High,-0.20603458,1.002637876,-0.20603458,122,-21.46195568,#N/A,CIAT-BH-16-B-0733,54.64722961,57.86641796,16.61111111,Category_2,Grasses
137.6455617,32.8413528,-7.383784979,Medium,Not High,-0.217003735,-0.62439734,-0.217003735,123,8.285487455,#N/A,CIAT-CIAT-26438,54.80011471,42.39666398,12.54285714,Category_2,Grasses
119.0906849,32.516948,-7.902494275,Medium,Not High,-0.235995916,1.046668089,-0.235995916,124,-22.19316478,#N/A,CIAT-BH-08-1149,55.06482255,58.28505461,16.71111111,Category_2,Grasses
115.9902983,32.09365358,-8.579323839,Medium,Not High,-0.260777561,1.12882906,-0.260777561,125,-18.21213747,#N/A,CIAT-BH-16-3249,55.41022235,59.06623623,16.16666667,Category_2,Grasses
271.8846799,31.66781006,-9.260229275,Medium,Not High,-0.285708441,-0.409921681,-0.285708441,126,4.699080928,#N/A,CIAT-6962-Mombaza-Opt,55.75770214,44.43588577,13.03333333,Category_2,Grasses
6151.636458,31.56475933,-9.425002968,Medium,Not High,-0.291741515,-1.192697231,-0.291741515,127,4.333476379,#N/A,CIAT-BH-22-3521,55.84178949,36.99330244,13.08333333,Category_2,Grasses
759.0711781,31.54610627,-9.4548284,Medium,Not High,-0.292833552,-0.567469238,-0.292833552,128,-7.325246457,#N/A,CIAT-CIAT-16021,55.85701001,42.93793298,14.67777778,Category_2,Grasses
81.02614344,31.36765879,-9.740158244,Medium,Not High,-0.303280707,-0.075814647,-0.303280707,129,-8.868910107,#N/A,CIAT-PM-21-0076,56.00261959,47.61255557,14.88888889,Category_2,Grasses
127.7173709,31.26244104,-9.908396884,Medium,Not High,-0.309440648,1.004848521,-0.309440648,130,-16.50598291,#N/A,CIAT-BH-16-B-1194,56.08847517,57.88743664,15.93333333,Category_2,Grasses
763.8931324,31.0551698,-10.23981467,Medium,Not High,-0.32157528,-0.896617477,-0.32157528,131,3.846003648,#N/A,CIAT-BH-22-2225,56.25760436,39.80841111,13.15,Category_2,Grasses
624.2496888,30.79618354,-10.65392255,Medium,Not High,-0.336737552,-0.604701527,-0.336737552,132,7.25831277,#N/A,CIAT-BH-22-1267,56.46893198,42.58393059,12.68333333,Category_2,Grasses
126.4282428,30.33761127,-11.38715987,Medium,Not High,-0.363584528,-1.249932751,-0.363584528,133,5.917762758,#N/A,CIAT-BH-22-4253,56.84311779,36.44911052,12.86666667,Category_2,Grasses
808.5738796,30.30403863,-11.44084108,Medium,Not High,-0.365550028,-0.834087863,-0.365550028,134,7.745785502,#N/A,CIAT-BR-09-4777,56.8705124,40.40293897,12.61666667,Category_2,Grasses
-105.1416281,29.31931974,-13.01536417,Medium,Not High,-0.423200098,-0.784262964,-0.423200098,135,9.330071881,#N/A,CIAT-CIAT-6133,57.67402334,40.87667114,12.4,Category_2,Grasses
125.9829581,29.06639504,-13.41977988,Medium,Not High,-0.438007498,0.850526683,-0.438007498,136,-15.89664199,#N/A,CIAT-BH-16-0562,57.88040484,56.4201538,15.85,Category_2,Grasses
128.4300153,28.84096222,-13.78023726,Medium,Not High,-0.451205395,0.865350785,-0.451205395,137,-19.02459202,#N/A,CIAT-BH-16-0550,58.06435353,56.56110047,16.27777778,Category_2,Grasses
180.62079,28.6870015,-14.02641381,Medium,Not High,-0.460218978,-0.988777925,-0.460218978,138,1.743777492,#N/A,CIAT-PM-21-3641,58.18998239,38.93215506,13.4375,Category_2,Grasses
130.1663992,28.5193999,-14.29440155,Medium,Not High,-0.470031163,0.910918295,-0.470031163,139,-15.77477381,#N/A,CIAT-BH-16-B-1707,58.32674195,56.99435365,15.83333333,Category_2,Grasses
277.4150213,28.0039766,-15.11854122,Medium,Not High,-0.500206465,-2.28430978,-0.500206465,140,9.121154996,#N/A,Paja-Sabana-Madura,58.74731707,26.6143153,12.42857143,Category_2,Grasses
610.2734047,27.96090482,-15.18741113,Medium,Not High,-0.502728089,-0.669214087,-0.502728089,141,9.121154996,#N/A,CIAT-BH-22-1375,58.78246278,41.97054901,12.42857143,Category_2,Grasses
281.7138242,27.35393072,-16.15793659,Medium,Not High,-0.538263205,-0.091460589,-0.538263205,142,2.992926367,#N/A,CIAT-PM-21-4448,59.27774153,47.46379489,13.26666667,Category_2,Grasses
558.4520306,27.25326276,-16.31890032,Medium,Not High,-0.54415678,-0.253206798,-0.54415678,143,2.505453635,#N/A,CIAT-BH-22-2074,59.35988457,45.92592155,13.33333333,Category_2,Grasses
107.315605,26.46042563,-17.58661275,Medium,Not High,-0.590573191,-0.232711546,-0.590573191,144,4.420525082,#N/A,CIAT-BH-22-1832,60.00682383,46.12078919,13.07142857,Category_2,Grasses
-2546.391986,25.48195434,-19.15114621,Medium,Not High,-0.647857497,-1.284847178,-0.647857497,145,9.330071881,#N/A,CIAT-BH-22-1706,60.80523686,36.11714623,12.4,Category_2,Grasses
705.1132655,24.81100515,-20.22396507,Medium,Not High,-0.687138015,-1.245105615,-0.687138015,146,6.222433215,#N/A,CIAT-BH-22-4865,61.352718,36.49500665,12.825,Category_2,Grasses
0.620938013,24.27958057,-21.0736901,Medium,Not High,-0.718250107,-0.540788735,-0.718250107,147,0.033270495,#N/A,CIAT-BH-22-0528,61.78634985,43.19160962,13.67142857,Category_2,Grasses
-1161.729271,23.44635608,-22.40598017,Medium,Not High,-0.767030983,-0.758287834,-0.767030983,148,9.330071881,#N/A,CIAT-CIAT-679,62.46624438,41.12364113,12.4,Category_2,Grasses
266.8814388,23.32449085,-22.60083744,Medium,Not High,-0.774165547,-1.132063258,-0.774165547,149,11.19871735,#N/A,CIAT-BH-22-3115,62.56568398,37.56980665,12.14444444,Category_2,Grasses
145.1332779,23.1970086,-22.80467606,Medium,Not High,-0.781628956,0.518154801,-0.781628956,150,-19.75580112,#N/A,CIAT-CIAT-16888,62.66970695,53.25998172,16.37777778,Category_2,Grasses
0,20.33928392,-27.37405477,Medium,Not High,-0.948933585,-1.466081109,-0.948933585,151,-5.294110074,#N/A,Sample-6,65.00155321,34.3939848,14.4,Category_2,Grasses
311.0891453,17.6702778,-31.64168062,High,Not High,-1.105189743,-0.632808047,-1.73799779,1,7.055199132,#N/A,CIAT-BR-09-4467,67.17940889,42.31669548,12.71111111,Category_4,Grasses
-245.2543387,17.05295341,-32.62875574,High,Not High,-1.141330813,-0.784419957,-1.92575077,2,2.749190001,#N/A,CIAT-BH-22-2508,67.68313326,40.87517846,13.3,Category_4,Grasses
0.842980164,18.08456731,-30.97924953,High,Not High,-1.080935289,-0.894705376,-1.975640665,3,-2.369273683,#N/A,CIAT-BH-22-2365,66.84135692,39.82659126,14,Category_4,Grasses
568.8143429,16.48209029,-33.54154129,High,Not High,-1.174751822,-0.967856579,-2.142608402,4,8.598862783,#N/A,CIAT-BH-22-2046,68.14894617,39.13107397,12.5,Category_4,Grasses
329.5439298,13.88159688,-37.69961828,High,Not High,-1.326996925,-0.901322765,-2.22831969,5,2.911680912,#N/A,CIAT-CIAT-16071,70.27089685,39.76367352,13.27777778,Category_4,Grasses
346.7115255,12.19916204,-40.38975914,High,Not High,-1.425494565,-0.825540353,-2.251034918,6,4.629441967,#N/A,CIAT-BH-22-2531,71.64373008,40.48420818,13.04285714,Category_4,Grasses
0.76123829,7.960317601,-47.16748886,High,Not High,-1.673656433,-0.792653955,-2.466310388,7,-1.638064585,#N/A,CIAT-BH-22-3830,75.10254247,40.7968901,13.9,Category_4,Grasses
335.5632995,14.34313132,-36.96164457,High,Not High,-1.29997653,-1.225789132,-2.525765662,8,-2.076790044,#N/A,CIAT-BH-22-0765,69.89429396,36.67866661,13.96,Category_4,Grasses
-1126.968605,15.22183724,-35.55663165,High,Not High,-1.248532957,-1.572818514,-2.821351471,9,6.648971856,#N/A,CIAT-BH-22-0132,69.17728749,33.37913191,12.76666667,Category_4,Grasses
-9.634574402,9.530918561,-44.65616556,High,Not High,-1.581706074,-1.285475561,-2.867181634,10,-1.951439913,#N/A,CIAT-BH-22-1710,73.82096346,36.11117161,13.94285714,Category_4,Grasses
124.6275114,-0.321056437,-60.40904935,High,Not High,-2.158486977,-0.791626842,-2.950113819,11,5.034218431,#N/A,CIAT-BH-22-1872,81.85997828,40.80665582,12.9875,Category_4,Grasses
1.649834993,5.419973032,-51.22939044,High,Not High,-1.822380139,-1.172545355,-2.994925494,12,-4.441032793,#N/A,CIAT-BH-22-1594,77.1754129,37.18490528,14.28333333,Category_4,Grasses
0.132084468,7.475213484,-47.94314946,High,Not High,-1.702056707,-1.441740072,-3.143796779,13,-4.928505525,#N/A,CIAT-BH-22-0468,75.49837774,34.62541793,14.35,Category_4,Grasses
2884.434465,8.711723737,-45.96602281,High,Not High,-1.629665587,-1.913524035,-3.543189623,14,5.674026392,#N/A,CIAT-BH-22-4169,74.48941007,30.13972409,12.9,Category_4,Grasses
709.3857101,10.06965364,-43.79475136,High,Not High,-1.550165991,-2.004417436,-3.554583427,15,-6.645043474,#N/A,Sample-8,73.38136639,29.27551505,14.58475336,Category_4,Grasses
-1401.209782,6.649652261,-49.26318631,High,Not High,-1.75038894,-2.181572692,-3.931961632,16,5.430290026,#N/A,CIAT-BH-22-2189,76.17201921,27.59113342,12.93333333,Category_4,Grasses
-284.6442385,-0.80004403,-61.17492988,High,Not High,-2.186529161,-2.172013447,-4.358542608,17,5.917762758,#N/A,CIAT-BH-22-1258,82.25082258,27.68202215,12.86666667,Category_4,Grasses
326.5721061,13.30756795,-38.61746581,High,Not High,-1.360603275,-3.08356381,-4.444167085,18,4.028805922,#N/A,Humidicola-679,70.73929299,19.01505556,13.125,Category_4,Grasses
603.4142102,-8.947376856,-74.20216424,High,Not High,-2.663512303,-2.451143248,-5.11465555,19,6.40523549,#N/A,CIAT-BH-22-3507,88.89888344,25.02807262,12.8,Category_4,Grasses
-1.068920924,-58.46015639,-153.3709667,High,Not High,-5.562223039,-2.755872426,-8.318095465,20,-2.807999142,#N/A,CIAT-BH-22-0303,129.3003226,22.13072574,14.06,Category_4,Grasses
-1.056966339,-89.77715774,-203.4455033,High,Not High,-7.395667433,-2.900449524,-10.29611696,21,0.701804527,#N/A,CIAT-BH-22-3572,154.8543702,20.75609529,13.58,Category_4,Grasses
