CH4_Decrease_Pct,Benchmark_vs_Control,CH4_Category,TDDM_Category,Z_Score_CH4,Z_Score_TDDM,Composite_Score,Overall_Rank,CH4_8h_Reduction_Pct,CH4_24h_Reduction_Pct,Accession_ID,CH4_Intensity,TDDM,CH4_8h,CH4_24h,category,functional_group
50.41462081,33.5436943,Low,High,1.563137793,1.935601099,5.061876685,1,-16.65065344,-13.4543995,CIAT-7317,34.29812028,70.23628082,15.92222222,17.40268672,Category_1a,Herbaceous_legumes
54.15640061,38.55857704,Low,High,1.823778474,1.147840138,4.795397086,2,0.118386765,4.114620564,CIAT-24466,31.70993772,61.86948506,13.63333333,14.70778768,Category_1a,Herbaceous_legumes
47.32251216,29.39952679,Low,High,1.347751173,1.533496082,4.228998428,3,0.769611627,-5.910562963,CIAT-707,36.43692643,65.96553027,13.54444444,16.24554319,Category_1a,Herbaceous_legumes
48.7390821,31.2980704,Low,High,1.446425005,1.167169656,4.060019667,4,6.87484471,4.009328876,CIAT-20305,35.45708748,62.07478354,12.71111111,14.72393829,Category_1a,Herbaceous_legumes
45.0972869,26.41719102,Low,High,1.192748939,1.513475364,3.898973242,5,-7.777714689,-3.939231037,CIAT-20093,37.97611086,65.75289056,14.71111111,15.94316204,Category_1a,Herbaceous_legumes
45.17370167,26.51960515,Low,High,1.198071753,1.452119351,3.848262857,6,1.420836489,2.302949068,CIAT-772,37.9232549,65.1012294,13.45555556,14.98567864,Category_1a,Herbaceous_legumes
47.61937954,29.79740031,Low,High,1.368430026,1.07693448,3.813794533,7,14.36393062,-3.266616814,CIAT-18749,36.23158379,61.11639727,11.68888889,15.83999024,Category_1a,Herbaceous_legumes
44.68482779,25.86439685,Low,High,1.164018327,1.470573324,3.798609978,8,4.595557692,1.52088936,CIAT-20113,38.26140811,65.29722873,13.02222222,15.1056382,Category_1a,Herbaceous_legumes
45.71149313,27.24037474,Low,High,1.235532624,1.166337364,3.637402613,9,6.223619847,-1.756691463,CIAT-17451,37.55126549,62.06594378,12.8,15.6083839,Category_1a,Herbaceous_legumes
41.35429359,21.40068188,Low,High,0.932023728,1.753772983,3.61782044,10,3.47626496,5.738878157,CIAT-8013,40.56513281,68.30508749,13.175,14.45864401,Category_1a,Herbaceous_legumes
43.50471876,24.28276759,Low,High,1.081815622,1.426010012,3.589641256,11,1.176627166,-2.570276788,CIAT-768,39.07768747,64.82392255,13.48888889,15.73317916,Category_1a,Herbaceous_legumes
36.59792221,15.02600299,Low,High,0.60070977,2.35066835,3.552087891,12,-26.09341394,-24.13906111,CIAT-7322,43.85510659,74.64470302,17.21111111,19.04159909,Category_1a,Herbaceous_legumes
41.73795335,21.91487803,Low,High,0.958748268,1.564866638,3.482363174,13,2.234867567,-5.210579845,CIAT-21212,40.29975602,66.29871641,13.34444444,16.1381733,Category_1a,Herbaceous_legumes
43.41806502,24.16663079,Low,High,1.075779594,1.31599821,3.467557398,14,-9.812792383,-4.891910387,CIAT-19213,39.13762571,63.65548908,14.98888889,16.08929282,Category_1a,Herbaceous_legumes
42.30325778,22.6725216,Low,High,0.998125607,1.235559806,3.231811021,15,-15.20574827,-10.45581901,CIAT-17360,39.90873593,62.80115416,15.725,16.94273667,Category_1a,Herbaceous_legumes
40.66755341,20.48028527,Low,High,0.884187555,1.432177419,3.20055253,16,-13.19102136,-16.20697479,CIAT-7816,41.04014979,64.88942648,15.45,17.82490221,Category_1a,Herbaceous_legumes
40.38330474,20.09932384,Low,High,0.864387681,1.398782865,3.127558227,17,2.47907689,7.801801149,CIAT-20345,41.2367641,64.53474349,13.31111111,14.14221377,Category_1a,Herbaceous_legumes
40.89815166,20.78934225,Low,High,0.900250308,1.293563107,3.094063723,18,11.51482185,-0.384755475,CIAT-905,40.88064539,63.41720623,12.07777778,15.39794365,Category_1a,Herbaceous_legumes
41.41874645,21.48706419,Low,High,0.936513314,1.212907487,3.085934114,19,-13.64891384,-13.73302758,CIAT-5234,40.52055088,62.56056426,15.5125,17.44542527,Category_1a,Herbaceous_legumes
38.56691986,17.66493228,Low,High,0.73786399,1.438213509,2.913941489,20,1.095224058,3.372121155,CIAT-22423,42.49315436,64.95353569,13.5,14.82167912,Category_1a,Herbaceous_legumes
36.12455338,14.39157518,Low,High,0.567736378,1.53768455,2.673157307,21,-18.92994045,-21.4813616,CIAT-7972,44.18253499,66.01001592,16.23333333,18.63393652,Category_1a,Herbaceous_legumes
37.59057646,16.35639786,Low,High,0.669854961,1.314179156,2.653889079,22,0.199789872,4.312827752,CIAT-9537,43.16848938,63.63616893,13.62222222,14.67738483,Category_1a,Herbaceous_legumes
36.38026018,14.73428364,Low,High,0.585548114,1.479613745,2.650709974,23,-21.0057197,-24.9856883,CIAT-8719,44.00566304,65.39324689,16.51666667,19.17146261,Category_1a,Herbaceous_legumes
35.85311418,14.02778151,Low,High,0.548828772,1.492114446,2.589771989,24,-27.35516211,-21.66111317,CIAT-7714,44.37028901,65.52601662,17.38333333,18.66150848,Category_1a,Herbaceous_legumes
37.07741299,15.66863569,Low,High,0.634109599,1.28943222,2.557651419,25,-8.266133336,-14.747285,CIAT-19038,43.52344365,63.37333215,14.77777778,17.60100147,Category_1a,Herbaceous_legumes
37.09824936,15.69656142,Low,High,0.635560996,1.20698677,2.478108761,26,10.20074311,10.20567445,CIAT-12140,43.50903117,62.49768043,12.25714286,13.77348541,Category_1a,Herbaceous_legumes
32.708663,9.813462456,Medium,High,0.329796135,2.271263317,2.930855587,1,-22.22676632,-21.25430098,CIAT-7858,46.5453004,73.80134352,16.68333333,18.59910786,Category_1b,Herbaceous_legumes
31.67503391,8.428151468,Medium,High,0.257796765,2.161671357,2.677264886,2,-24.91306888,-23.86643989,CIAT-9982,47.26025984,72.63736918,17.05,18.99978192,Category_1b,Herbaceous_legumes
31.06612919,7.612073029,Medium,High,0.215382365,1.795459098,2.226223829,3,-3.300543762,-2.001551801,CIAT-22770,47.68143818,68.74783501,14.1,15.64594285,Category_1b,Herbaceous_legumes
30.86381646,7.340925428,Medium,High,0.201289893,1.621981028,2.024560814,4,-29.18673203,-24.46799475,CIAT-4279,47.82137754,66.90532738,17.63333333,19.09205398,Category_1b,Herbaceous_legumes
33.35591783,10.68093922,Medium,High,0.374881882,1.182407348,1.932171112,5,-12.66190116,-9.108701263,CIAT-18430,46.09759537,62.23662281,15.37777778,16.73610327,Category_1b,Herbaceous_legumes
30.9601403,7.470022492,Medium,High,0.207999511,1.509292286,1.925291308,6,-21.86045233,-17.39963609,CIAT-7469,47.7547505,65.70846217,16.63333333,18.00784365,Category_1b,Herbaceous_legumes
31.00056433,7.524200394,Medium,High,0.210815323,1.478015172,1.899645817,7,-27.47726677,-23.30651803,CIAT-4134,47.72678927,65.37626848,17.4,18.91389592,Category_1b,Herbaceous_legumes
32.63863735,9.71961128,Medium,High,0.324918367,1.216208403,1.866045137,8,-4.195977947,-3.996981451,CIAT-466,46.59373702,62.59562323,14.22222222,15.95202033,Category_1b,Herbaceous_legumes
30.94843874,7.4543396,Medium,High,0.207184417,1.444529819,1.858898653,9,0.912067065,-10.37348437,CIAT-20304,47.76284445,65.02062111,13.525,16.93010742,Category_1b,Herbaceous_legumes
32.87448461,10.0357032,Medium,High,0.34134675,1.142860613,1.825554113,10,-31.5067206,-26.22917755,CIAT-9433,46.43060189,61.81659761,17.95,19.36220051,Category_1b,Herbaceous_legumes
33.66576164,11.09620427,Medium,High,0.396464633,1.016425181,1.809354447,11,-4.674221205,-1.418640988,CIAT-9690,45.88327695,60.47372903,14.2875,15.55653059,Category_1b,Herbaceous_legumes
26.87539866,1.9954886,Medium,High,-0.076530819,1.832854388,1.679792749,12,-36.51301173,-31.64479173,CIAT-9336,50.58015917,69.14500974,18.63333333,20.19289758,Category_1b,Herbaceous_legumes
28.40400205,4.044183915,Medium,High,0.029946913,1.467947502,1.527841327,13,-21.86045233,-25.01346657,CIAT-7792,49.52282687,65.26933992,16.63333333,19.1757235,Category_1b,Herbaceous_legumes
26.0887768,0.941226565,Medium,High,-0.131324439,1.744077807,1.481428929,14,-24.66885955,-25.21313423,CIAT-9530,51.12426414,68.20211519,17.01666667,19.20635037,Category_1b,Herbaceous_legumes
28.37879433,4.010399522,Medium,High,0.028191022,1.365222706,1.42160475,15,-3.788962408,-2.436674129,CIAT-22768,49.54026301,64.17830162,14.16666667,15.71268594,Category_1b,Herbaceous_legumes
27.9740584,3.467956265,Medium,High,-1.61728E-06,1.317562006,1.317558772,16,-2.893528223,-6.278583391,CIAT-923,49.82021814,63.67209813,14.04444444,16.30199357,Category_1b,Herbaceous_legumes
25.26979562,-0.15640473,Medium,High,-0.188372107,1.401731952,1.024987738,17,-7.37069915,-2.607717008,CIAT-9323,51.69075199,64.5660657,14.65555556,15.73892209,Category_1b,Herbaceous_legumes
25.84733688,0.617639133,Medium,High,-0.148142389,1.291252215,0.994967437,18,-10.78962968,-14.50339991,CIAT-17365,51.29126771,63.39266228,15.12222222,17.56359212,Category_1b,Herbaceous_legumes
26.51798123,1.516463487,Medium,High,-0.1014274,0.983524307,0.780669507,19,-32.84987188,-35.75242842,CIAT-9283,50.82738418,60.12428941,18.13333333,20.82296494,Category_1b,Herbaceous_legumes
21.77378083,-4.841903388,Medium,High,-0.431893566,1.42699513,0.563207998,20,-30.52988331,-27.63503462,CIAT-7757,54.10893933,64.83438548,17.81666667,19.57784389,Category_1b,Herbaceous_legumes
20.74598234,-6.219399972,Medium,High,-0.503486795,1.399032391,0.392058801,21,-29.30883669,-37.14002539,CIAT-7790,54.81986575,64.5373937,17.65,21.03580742,Category_1b,Herbaceous_legumes
65.3523122,53.56378494,Low,Not High,2.603650668,-0.760412293,2.603650668,1,26.00457504,26.08923186,ILRI-2273-27,23.9657452,41.60196847,10.1,11.33711825,Category_2,Herbaceous_legumes
62.04837017,49.13570987,Low,Not High,2.373508397,-0.738791439,2.373508397,2,29.58631178,28.40993373,CIAT-17896,26.25107614,41.83160319,9.611111111,10.9811475,Category_2,Herbaceous_legumes
55.33030158,40.13188601,Low,Not High,1.905548745,-1.010830959,1.905548745,3,17.86426426,15.70379952,CIAT-13268,30.89795246,38.94227608,11.21111111,12.93013206,Category_2,Herbaceous_legumes
55.26546069,40.04498366,Low,Not High,1.901032131,-0.974750839,1.901032131,4,22.26003208,30.72036726,CIAT-17519,30.9428028,39.32548243,10.61111111,10.6267518,Category_2,Herbaceous_legumes
54.95074946,39.62319511,Low,Not High,1.879110331,0.144293776,1.879110331,5,23.5624818,24.89647464,CIAT-7227,31.160488,51.21083623,10.43333333,11.5200744,Category_2,Herbaceous_legumes
53.76564297,38.03486805,Low,Not High,1.796559519,-0.647101833,1.796559519,6,63.64333699,41.17897134,CIAT-17000,31.9802241,42.80543694,4.9625,9.022514232,Category_2,Herbaceous_legumes
52.99141513,36.99721698,Low,Not High,1.742629228,-0.458602073,1.742629228,7,4.269945261,6.690542997,CIAT-19667,32.51575614,44.80748968,13.06666667,14.31266884,Category_2,Herbaceous_legumes
52.52447463,36.37140467,Low,Not High,1.710103613,-0.780624906,1.710103613,8,9.886759697,12.84058534,CIAT-350,32.83873807,41.38729065,12.3,13.36931837,Category_2,Herbaceous_legumes
52.50204499,36.34134356,Low,Not High,1.708541234,0.248199751,1.708541234,9,-14.04575399,-9.425423982,CIAT-989,32.85425262,52.31441982,15.56666667,16.78468513,Category_2,Herbaceous_legumes
51.4859675,34.97955594,Low,Not High,1.637764454,-0.521610115,1.637764454,10,10.21237213,10.78987518,CIAT-23761,33.55707164,44.13828234,12.25555556,13.68387529,Category_2,Herbaceous_legumes
51.10412796,34.46779934,Low,Not High,1.611166705,0.432686257,1.611166705,11,-3.544753085,1.350269928,CIAT-19421,33.82118938,54.27384786,14.13333333,15.13180939,Category_2,Herbaceous_legumes
50.56557977,33.74601553,Low,Not High,1.573653122,0.705818515,1.573653122,12,-6.231055642,-10.20381635,CIAT-18848,34.19370223,57.17478092,14.5,16.90408217,Category_2,Herbaceous_legumes
49.81294979,32.73731077,Low,Not High,1.521227271,0.401988728,1.521227271,13,-17.62749073,-15.09978406,CIAT-7339,34.71429507,53.94780993,16.05555556,17.65507104,Category_2,Herbaceous_legumes
49.00709911,31.65727751,Low,Not High,1.465094233,-0.252540896,1.465094233,14,3.659421953,11.58299155,CIAT-15474,35.27170058,46.99606193,13.15,13.56221976,Category_2,Herbaceous_legumes
48.03865602,30.35933139,Low,Not High,1.397635515,-0.601795384,1.397635515,15,9.072728619,13.01470266,CIAT-13158,35.94157098,43.28663596,12.41111111,13.34261065,Category_2,Herbaceous_legumes
47.49870303,29.63566484,Low,Not High,1.360024078,-1.084599006,1.360024078,16,22.74845073,17.31962359,CIAT-18123,36.31505552,38.15878691,10.54444444,12.682282,Category_2,Herbaceous_legumes
47.48783849,29.62110375,Low,Not High,1.359267288,-1.810993791,1.359267288,17,13.54989955,16.51477476,CIAT-9578,36.3225705,30.44376027,11.8,12.80573717,Category_2,Herbaceous_legumes
46.34141757,28.08462463,Low,Not High,1.279411191,0.233638448,1.279411191,18,-2.486512684,-0.638248113,CIAT-24360,37.11554785,52.15976447,13.98888889,15.4368267,Category_2,Herbaceous_legumes
46.30675208,28.03816456,Low,Not High,1.276996502,-0.239303441,1.276996502,19,8.94480945,13.36394605,CIAT-20927,37.13952591,47.13665671,12.42857143,13.28904046,Category_2,Herbaceous_legumes
46.30273862,28.03278556,Low,Not High,1.276716937,0.528390631,1.276716937,20,-1.102659852,-1.577112908,CIAT-21031,37.14230201,55.29032239,13.8,15.58083848,Category_2,Herbaceous_legumes
45.37551037,26.79007723,Low,Not High,1.212129116,-0.199850751,1.212129116,21,2.886092429,8.344909038,CIAT-15799,37.78366418,47.55568307,13.25555556,14.05890685,Category_2,Herbaceous_legumes
44.80839808,26.03001068,Low,Not High,1.172625847,-0.153209084,1.172625847,22,-15.34820371,-12.0942987,CIAT-7292,38.17593476,48.05106342,15.74444444,17.19406186,Category_2,Herbaceous_legumes
44.78006425,25.99203655,Low,Not High,1.170652201,-0.672013818,1.170652201,23,-10.74892812,-8.838925423,CIAT-9170,38.19553322,42.54084717,15.11666667,16.69472255,Category_2,Herbaceous_legumes
44.67482099,25.85098533,Low,Not High,1.163321285,-0.529572742,1.163321285,24,18.31198135,22.36616244,CIAT-11998,38.2683298,44.05371141,11.15,11.90819712,Category_2,Herbaceous_legumes
44.22676386,25.25048127,Low,Not High,1.132111026,0.14588894,1.132111026,25,1.74644892,-7.23695347,CIAT-18813,38.57825013,51.22777844,13.41111111,16.44899725,Category_2,Herbaceous_legumes
43.10074076,23.74134014,Low,Not High,1.053675778,0.629288478,1.053675778,26,-1.753884714,-0.036406502,CIAT-20298,39.35711835,56.3619567,13.88888889,15.34451066,Category_2,Herbaceous_legumes
42.54016987,22.99004064,Low,Not High,1.014628162,0.257441139,1.014628162,27,-4.358784163,-12.11373583,CIAT-19139,39.74486426,52.41257244,14.24444444,17.19704331,Category_2,Herbaceous_legumes
42.36782167,22.75905271,Low,Not High,1.002622926,0.75523263,1.002622926,28,8.665713081,3.991407703,CIAT-21565,39.8640772,57.69960739,12.46666667,14.72668721,Category_2,Herbaceous_legumes
42.08965631,22.38624437,Low,Not High,0.983246796,-1.078440009,0.983246796,29,16.48041143,21.59737673,CIAT-2613,40.0564837,38.22420151,11.4,12.0261206,Category_2,Herbaceous_legumes
41.91722196,22.15514098,Low,Not High,0.971235559,0.649660423,0.971235559,30,-3.38194687,-0.887016481,CIAT-19119,40.17575623,56.57832678,14.11111111,15.4749851,Category_2,Herbaceous_legumes
41.62042925,21.75736753,Low,Not High,0.950561907,-0.388387068,0.950561907,31,-0.858450529,4.821440514,CIAT-15470,40.38104723,45.55324206,13.76666667,14.59936909,Category_2,Herbaceous_legumes
41.33094367,21.36938739,Low,Not High,0.930397246,-1.803390668,0.930397246,32,16.88742697,12.89280836,CIAT-4028,40.58128391,30.52451291,11.34444444,13.36130792,Category_2,Herbaceous_legumes
41.12408678,21.09214952,Low,Not High,0.915988242,0.155130377,0.915988242,33,4.107139045,2.75384657,CIAT-22520,40.72436646,51.32593159,13.08888889,14.9165158,Category_2,Herbaceous_legumes
40.8275972,20.69478235,Low,Not High,0.895335705,0.66903605,0.895335705,34,5.67414887,6.461813903,CIAT-24104,40.92944778,56.78411499,12.875,14.34775342,Category_2,Herbaceous_legumes
40.54089274,20.31052957,Low,Not High,0.875364768,-0.251557766,0.875364768,35,2.246496582,3.503027086,CIAT-15561,41.12776076,47.00650374,13.34285714,14.80159955,Category_2,Herbaceous_legumes
40.53260979,20.29942843,Low,Not High,0.874787804,0.763486236,0.874787804,36,5.653798093,3.304666096,CIAT-7746,41.13349006,57.7872688,12.87777778,14.832026,Category_2,Herbaceous_legumes
39.97917694,19.55769563,Low,Not High,0.836237403,0.292444655,0.836237403,37,-5.824040103,-5.729336907,CIAT-887,41.51629859,52.78434419,14.44444444,16.21774506,Category_2,Herbaceous_legumes
39.95483929,19.52507734,Low,Not High,0.834542118,0.847434741,0.834542118,38,-12.0920794,-3.955794995,CIAT-18850,41.53313291,58.67888445,15.3,15.94570277,Category_2,Herbaceous_legumes
39.80471702,19.32387748,Low,Not High,0.82408507,-1.502676958,0.82408507,39,18.84110155,18.61678819,CIAT-21849,41.63697222,33.71838809,11.07777778,12.48331088,Category_2,Herbaceous_legumes
39.75707549,19.26002639,Low,Not High,0.82076651,0.792009964,0.82076651,40,-0.45143499,-0.060435375,CIAT-22915,41.66992578,58.09021884,13.71111111,15.34819643,Category_2,Herbaceous_legumes
39.6467503,19.11216417,Low,Not High,0.813081602,0.503488143,0.813081602,41,-9.812792383,-7.38924253,CIAT-20589,41.74623752,55.02583349,14.98888889,16.47235676,Category_2,Herbaceous_legumes
39.13269679,18.42320912,Low,Not High,0.777274242,0.665866366,0.777274242,42,-28.48463023,-23.16878456,CIAT-5124,42.10180744,56.75044983,17.5375,18.89276908,Category_2,Herbaceous_legumes
39.01827926,18.26986217,Low,Not High,0.769304274,-1.241021742,0.769304274,43,-24.79096421,-20.65828657,CIAT-3522,42.18094985,36.49742369,17.03333333,18.50768565,Category_2,Herbaceous_legumes
38.79442056,17.96983781,Low,Not High,0.753710978,0.054390666,0.753710978,44,-5.315270679,-5.047354102,CIAT-8156,42.33579252,50.25597683,14.375,16.11313622,Category_2,Herbaceous_legumes
38.65982256,17.7894442,Low,Not High,0.744335302,0.294590172,0.744335302,45,0.525402303,2.509043154,CIAT-13149,42.42889372,52.80713169,13.57777778,14.95406602,Category_2,Herbaceous_legumes
38.65419475,17.78190158,Low,Not High,0.743943286,-0.642874689,0.743943286,46,0.362596088,-5.793947644,CIAT-13575,42.43278646,42.85033336,13.6,16.22765565,Category_2,Herbaceous_legumes
38.39106137,17.42923971,Low,Not High,0.725614238,0.566938482,0.725614238,47,-1.102659852,-4.159649898,CIAT-20803,42.61479537,55.69973846,13.8,15.97697193,Category_2,Herbaceous_legumes
38.23070304,17.21432108,Low,Not High,0.714444178,-0.658407095,0.714444178,48,12.57306225,11.30686396,CIAT-18127,42.72571494,42.68536394,11.93333333,13.60457477,Category_2,Herbaceous_legumes
37.73937108,16.55581835,Low,Not High,0.68021953,0.325097774,0.68021953,49,0.240491426,0.465780259,CIAT-15121,43.0655684,53.13115241,13.61666667,15.26748061,Category_2,Herbaceous_legumes
37.72146371,16.53181818,Low,Not High,0.678972158,-0.765784596,0.678972158,50,12.73586847,10.82430622,CIAT-18126,43.0779549,41.54490933,11.91111111,13.67859394,Category_2,Herbaceous_legumes
37.6384978,16.42062396,Low,Not High,0.673193013,0.188208995,0.673193013,51,0.54575308,1.41642395,CIAT-22754,43.13534227,51.67725903,13.575,15.12166207,Category_2,Herbaceous_legumes
37.52608597,16.26996514,Low,Not High,0.665362756,0.488158044,0.665362756,52,-11.76646697,-14.4325662,CIAT-19138,43.21309734,54.86301277,15.25555556,17.55272699,Category_2,Herbaceous_legumes
37.51703526,16.257835,Low,Not High,0.664732311,0.655973088,0.664732311,53,3.130301752,4.369661413,CIAT-15086,43.2193577,56.64537349,13.22222222,14.66866715,Category_2,Herbaceous_legumes
37.49960785,16.2344781,Low,Not High,0.663518373,0.639626373,0.663518373,54,-27.11095278,-20.74001218,CIAT-9349,43.23141221,56.47175531,17.35,18.52022148,Category_2,Herbaceous_legumes
37.47063906,16.19565296,Low,Not High,0.661500497,0.160819629,0.661500497,55,17.76251037,10.08597256,CIAT-415,43.25144987,51.38635704,11.225,13.7918464,Category_2,Herbaceous_legumes
37.30435719,15.97279537,Low,Not High,0.649917823,-0.429601885,0.649917823,56,-2.934229777,4.555134318,CIAT-9900,43.36646675,45.11550018,14.05,14.6402176,Category_2,Herbaceous_legumes
36.81205973,15.31299864,Low,Not High,0.61562592,0.482540771,0.61562592,57,6.305022955,8.86416767,CIAT-19537,43.70698805,54.8033518,12.78888889,13.97925815,Category_2,Herbaceous_legumes
36.59655804,15.02417468,Low,Not High,0.600614747,0.691527785,0.600614747,58,7.270231233,1.07118848,CIAT-7648,43.85605018,57.02299932,12.65714286,15.17461748,Category_2,Herbaceous_legumes
36.45792918,14.83837874,Low,Not High,0.590958294,-1.648063092,0.590958294,59,10.17981089,11.27176793,CIAT-7799,43.95193953,32.17424444,12.26,13.60995812,Category_2,Herbaceous_legumes
36.45565275,14.83532777,Low,Not High,0.590799725,0.150165163,0.590799725,60,-5.335621456,-3.678052862,CIAT-19673,43.95351413,51.27319613,14.37777778,15.90310011,Category_2,Herbaceous_legumes
36.30792908,14.63734261,Low,Not High,0.580509756,0.578778067,0.580509756,61,-1.835287822,-0.549563476,CIAT-715,44.05569434,55.82548649,13.9,15.42322343,Category_2,Herbaceous_legumes
35.70327665,13.82696328,Low,Not High,0.538391558,0.723439347,0.538391558,62,-20.70045805,-13.73103512,CIAT-7703,44.47393136,57.36193149,16.475,17.44511965,Category_2,Herbaceous_legumes
35.66376414,13.77400703,Low,Not High,0.53563924,0.94772646,0.53563924,63,-15.10399439,-15.40286282,CIAT-19118,44.5012621,59.74408108,15.71111111,17.70156007,Category_2,Herbaceous_legumes
35.64588861,13.75004954,Low,Not High,0.534394087,0.506442098,0.534394087,64,18.15498964,12.53120656,CIAT-12411,44.51362657,55.05720739,11.17142857,13.41677376,Category_2,Herbaceous_legumes
35.64404519,13.7475789,Low,Not High,0.53426568,-0.576441615,0.53426568,65,-2.567915792,-0.86497639,CIAT-22475,44.51490167,43.55591791,14,15.47160439,Category_2,Herbaceous_legumes
35.29224642,13.27608415,Low,Not High,0.509760478,-1.064762417,0.509760478,66,-5.579830779,-1.891448816,CIAT-438,44.75824026,38.36947099,14.41111111,15.62905424,Category_2,Herbaceous_legumes
35.26038253,13.23337889,Low,Not High,0.507540939,0.309351248,0.507540939,67,6.14221674,10.684639,CIAT-12615,44.78028045,52.96390883,12.81111111,13.70001739,Category_2,Herbaceous_legumes
35.07634099,12.98671906,Low,Not High,0.49472118,-0.005521754,0.49472118,68,-11.35945143,-12.78286164,CIAT-18862,44.90758167,49.61964804,15.2,17.29968002,Category_2,Herbaceous_legumes
34.74206058,12.5387031,Medium,Not High,0.471436252,-2.027463506,0.471436252,69,-23.44781294,-17.36357854,CIAT-9562,45.13880285,28.14463911,16.85,18.00231281,Category_2,Herbaceous_legumes
34.60723313,12.35800198,Medium,Not High,0.462044594,0.287185346,0.462044594,70,-10.62682346,-3.291597387,CIAT-22598,45.23206275,52.72848516,15.1,15.84382199,Category_2,Herbaceous_legumes
34.49243308,12.20414236,Medium,Not High,0.454047981,0.273416326,0.454047981,71,5.328185662,8.277404929,CIAT-12485,45.31146975,52.58224464,12.92222222,14.06926125,Category_2,Herbaceous_legumes
34.28599761,11.9274693,Medium,Not High,0.439668332,0.938735551,0.439668332,72,6.060813632,5.197097019,CIAT-955,45.4542608,59.6485888,12.82222222,14.54174741,Category_2,Herbaceous_legumes
34.25604553,11.88732633,Medium,Not High,0.437581964,0.227571698,0.437581964,73,-1.416643268,-2.32557139,CIAT-15401,45.4749786,52.09532962,13.84285714,15.69564398,Category_2,Herbaceous_legumes
33.97943014,11.51659533,Medium,Not High,0.4183138,0.140198407,0.4183138,74,-5.091412133,1.599373587,CIAT-18865,45.66631299,51.16733939,14.34444444,15.09359956,Category_2,Herbaceous_legumes
33.93520746,11.45732632,Medium,Not High,0.415233387,0.892036833,0.415233387,75,2.804689321,0.058657113,CIAT-19032,45.69690174,59.15260251,13.26666667,15.32992892,Category_2,Herbaceous_legumes
33.8734876,11.3746069,Medium,Not High,0.410934174,0.325935351,0.410934174,76,9.764655036,9.798854888,CIAT-34347,45.73959326,53.1400483,12.31666667,13.83588717,Category_2,Herbaceous_legumes
33.66191232,11.09104527,Medium,Not High,0.396196502,0.290933048,0.396196502,77,9.886759697,1.975779146,CIAT-7894,45.88593951,52.76828945,12.3,15.03586299,Category_2,Herbaceous_legumes
33.65685504,11.08426729,Medium,Not High,0.395844227,0.897813162,0.395844227,78,-4.602993486,-4.902964906,CIAT-5512,45.88943763,59.2139528,14.27777778,16.09098847,Category_2,Herbaceous_legumes
33.58177901,10.98364741,Medium,Not High,0.390614666,0.218999452,0.390614666,79,-1.591078499,0.431179565,CIAT-25522,45.94136758,52.00428394,13.86666667,15.27278798,Category_2,Herbaceous_legumes
33.51231309,10.8905464,Medium,Not High,0.385775887,-0.91866841,0.385775887,80,6.956247817,5.90423854,CIAT-19228,45.98941704,39.92113294,12.7,14.4332795,Category_2,Herbaceous_legumes
33.3302008,10.64647224,Medium,Not High,0.373090515,0.901080561,0.373090515,81,-11.11524211,-17.50413044,CIAT-11194,46.11538379,59.2486558,15.16666667,18.02387196,Category_2,Herbaceous_legumes
33.11189896,10.3538954,Medium,Not High,0.357884291,-0.689239611,0.357884291,82,1.258030273,-2.328777232,CIAT-32246,46.26638279,42.35789231,13.47777778,15.69613572,Category_2,Herbaceous_legumes
33.05070405,10.27187954,Medium,Not High,0.353621645,-0.683075199,0.353621645,83,11.2473545,9.699480943,CIAT-997,46.3087112,42.42336443,12.11428571,13.85113006,Category_2,Herbaceous_legumes
33.02978525,10.24384331,Medium,Not High,0.352164506,0.873338883,0.352164506,84,-15.10399439,-14.7341221,CIAT-1257,46.32318071,58.95401191,15.71111111,17.59898242,Category_2,Herbaceous_legumes
32.98782429,10.18760556,Medium,Not High,0.349241637,-0.430961183,0.349241637,85,10.37517834,19.39913886,CIAT-12758,46.35220503,45.1010631,12.23333333,12.36330668,Category_2,Herbaceous_legumes
32.93689267,10.11934497,Medium,Not High,0.3456939,-1.061592891,0.3456939,86,-0.044419451,-6.331264689,CIAT-13609,46.38743434,38.40313447,13.65555556,16.31007432,Category_2,Herbaceous_legumes
32.6186442,9.692815662,Medium,Not High,0.323525707,0.013780904,0.323525707,87,10.9450001,11.50868087,CIAT-1992,46.60756625,49.82466124,12.15555556,13.57361822,Category_2,Herbaceous_legumes
32.61831727,9.692377502,Medium,Not High,0.323502934,0.834893098,0.323502934,88,4.921170123,-5.950392913,CIAT-11999,46.60779238,58.54567987,12.97777778,16.25165268,Category_2,Herbaceous_legumes
32.54355676,9.592180478,Medium,Not High,0.318295351,-1.397222084,0.318295351,89,9.154131727,11.25584245,CIAT-852,46.6595041,34.83842252,12.4,13.61240092,Category_2,Herbaceous_legumes
32.47728969,9.503366698,Medium,Not High,0.313679393,0.960193475,0.313679393,90,6.040462855,8.831690283,CIAT-9350,46.70534092,59.87649304,12.825,13.98423983,Category_2,Herbaceous_legumes
32.24501405,9.192061617,Medium,Not High,0.297499799,0.696872922,0.297499799,91,2.804689321,2.380515253,CIAT-5277,46.86600557,57.07976993,13.26666667,14.97378082,Category_2,Herbaceous_legumes
32.1653341,9.085271354,Medium,Not High,0.291949542,0.069262491,0.291949542,92,5.368887216,6.244030116,CIAT-24565,46.92112006,50.41393023,12.91666667,14.38115912,Category_2,Herbaceous_legumes
32.03604765,8.9119965,Medium,Not High,0.282943853,0.197572182,0.282943853,93,6.681512329,1.53058912,CIAT-7395,47.01054727,51.77670528,12.7375,15.10415036,Category_2,Herbaceous_legumes
31.92482368,8.762929682,Medium,Not High,0.275196338,-0.83358826,0.275196338,94,6.467829171,7.49453527,CIAT-907,47.0874807,40.82476777,12.76666667,14.18934505,Category_2,Herbaceous_legumes
31.7907151,8.583192009,Medium,Not High,0.265854754,0.208239275,0.265854754,95,-1.835287822,0.247533255,CIAT-5735,47.18024337,51.89000029,13.9,15.30095735,Category_2,Herbaceous_legumes
31.58272327,8.304433056,Medium,Not High,0.251366694,-0.115379981,0.251366694,96,11.59622496,16.07985977,CIAT-11624,47.32411095,48.45284568,12.06666667,12.87244846,Category_2,Herbaceous_legumes
31.52411278,8.225880932,Medium,Not High,0.24728407,0.3223388,0.24728407,97,-10.87103278,-17.00854226,CIAT-21128,47.36465173,53.1018494,15.13333333,17.94785406,Category_2,Herbaceous_legumes
31.46797578,8.150643886,Medium,Not High,0.243373742,0.09230593,0.243373742,98,6.223619847,2.697122522,CIAT-5657,47.40348159,50.65867421,12.8,14.92521666,Category_2,Herbaceous_legumes
31.37304071,8.023408116,Medium,Not High,0.236760862,0.814640386,0.236760862,99,-11.90892241,-18.99417298,CIAT-18044,47.46914801,58.33057617,15.275,18.25242849,Category_2,Herbaceous_legumes
31.32513267,7.959199845,Medium,Not High,0.233423738,-0.327059402,0.233423738,100,1.932513166,3.128419482,CIAT-15816,47.50228592,46.20460215,13.38571429,14.85906034,Category_2,Herbaceous_legumes
31.06830473,7.614988775,Medium,Not High,0.215533907,0.533165471,0.215533907,101,5.490991878,5.881834113,CIAT-34038,47.67993336,55.34103588,12.9,14.4367161,Category_2,Herbaceous_legumes
30.87721552,7.358883393,Medium,Not High,0.20222323,0.252827276,0.20222323,102,-13.80154466,-4.624518022,CIAT-19867,47.81210943,52.36356869,15.53333333,16.04827771,Category_2,Herbaceous_legumes
30.39392042,6.711151997,Medium,Not High,0.168558405,0.492906318,0.168558405,103,2.804689321,4.762742794,CIAT-822,48.14640381,54.9134441,13.26666667,14.60837269,Category_2,Herbaceous_legumes
30.12160313,6.346181486,Medium,Not High,0.149589634,-0.482686679,0.149589634,104,23.28338543,12.73454755,CIAT-9740,48.3347652,44.55168749,10.47142857,13.38558343,Category_2,Herbaceous_legumes
29.98785026,6.166920544,Medium,Not High,0.140272827,0.808536677,0.140272827,105,6.549232279,8.548020386,CIAT-12184,48.42728183,58.26574877,12.75555556,14.02775175,Category_2,Herbaceous_legumes
29.90026717,6.049538195,Medium,Not High,0.134172063,0.110308977,0.134172063,106,8.94480945,4.523259653,CIAT-9531,48.4878629,50.84988426,12.42857143,14.64510683,Category_2,Herbaceous_legumes
29.89631241,6.044237867,Medium,Not High,0.133896587,0.331132878,0.133896587,107,-12.17348251,-14.68567484,CIAT-19137,48.4905984,53.19525116,15.31111111,17.59155114,Category_2,Herbaceous_legumes
29.85260639,5.985661312,Medium,Not High,0.130852162,0.530143547,0.130852162,108,7.597297291,2.451763171,CIAT-7318,48.52082978,55.30894008,12.6125,14.96285215,Category_2,Herbaceous_legumes
29.71341255,5.79910816,Medium,Not High,0.121156354,-0.53535668,0.121156354,109,3.21170486,4.016852125,CIAT-5733,48.61710992,43.99228031,13.21111111,14.72278431,Category_2,Herbaceous_legumes
29.64235573,5.703874973,Medium,Not High,0.116206758,-0.544544652,0.116206758,110,1.258030273,7.160916504,CIAT-15150,48.66625979,43.89469501,13.47777778,14.24051859,Category_2,Herbaceous_legumes
29.60427387,5.652836153,Medium,Not High,0.113554095,-1.041573715,0.113554095,111,17.63168395,14.38221178,CIAT-778,48.69260095,38.61575779,11.24285714,13.13284943,Category_2,Herbaceous_legumes
29.34849092,5.310025617,Medium,Not High,0.095737054,0.199509461,0.095737054,112,0.28119298,-1.195278482,CIAT-8202,48.86952557,51.79728108,13.61111111,15.52226918,Category_2,Herbaceous_legumes
29.14336993,5.035114284,Medium,Not High,0.081448968,-0.270416593,0.081448968,113,-11.27804832,-15.27319874,CIAT-19128,49.0114074,46.80620446,15.18888889,17.68167099,Category_2,Herbaceous_legumes
28.95907489,4.788114699,Medium,Not High,0.068611551,0.301572208,0.068611551,114,5.700314155,1.205693098,CIAT-5749,49.13888396,52.88128778,12.87142857,15.15398592,Category_2,Herbaceous_legumes
28.8927719,4.699252793,Medium,Not High,0.063993093,0.0207475,0.063993093,115,-16.56925033,-19.15615049,CIAT-19129,49.18474562,49.89865333,15.91111111,18.2772741,Category_2,Herbaceous_legumes
28.81621251,4.596644832,Medium,Not High,0.058660204,-0.08609045,0.058660204,116,-13.39452913,-17.06642627,CIAT-19127,49.23770162,48.76392929,15.47777778,17.95673284,Category_2,Herbaceous_legumes
28.69806683,4.438301272,Medium,Not High,0.050430546,0.638083382,0.050430546,117,-4.521590378,-2.477450705,CIAT-43055,49.31942278,56.45536723,14.26666667,15.71894063,Category_2,Herbaceous_legumes
28.6366746,4.35602096,Medium,Not High,0.046154155,0.695385713,0.046154155,118,-5.04053519,-6.129758832,CIAT-20044,49.36188768,57.06397432,14.3375,16.27916549,Category_2,Herbaceous_legumes
28.59054574,4.294197222,Medium,Not High,0.042940963,0.30722167,0.042940963,119,10.45658145,10.82915298,CIAT-12686,49.39379493,52.94129062,12.22222222,13.6778505,Category_2,Herbaceous_legumes
28.36439669,3.991103228,Medium,Not High,0.027188127,0.095799605,0.027188127,120,8.258697542,11.48343962,CIAT-10634,49.55022183,50.69578047,12.52222222,13.57748996,Category_2,Herbaceous_legumes
28.16663783,3.726058906,Medium,Not High,0.013412864,0.912619221,0.013412864,121,5.246782554,4.927029144,CIAT-12462,49.68701129,59.37120771,12.93333333,14.58317293,Category_2,Herbaceous_legumes
28.06847263,3.59449398,Medium,Not High,0.006574982,0.646588157,0.006574982,122,7.363263356,8.889199953,CIAT-12311,49.75491199,56.5456963,12.64444444,13.97541847,Category_2,Herbaceous_legumes
28.02310051,3.533684452,Medium,Not High,0.003414502,0.688994246,0.003414502,123,-0.838913783,0.339671804,CIAT-712,49.78629581,56.99609065,13.764,15.28682429,Category_2,Herbaceous_legumes
27.98015332,3.476124923,Medium,Not High,0.000422936,0.600589912,0.000422936,124,0.362596088,1.573613969,CIAT-798,49.8160023,56.05714972,13.6,15.09755081,Category_2,Herbaceous_legumes
27.91725728,3.391829138,Medium,Not High,-0.003958206,-1.104977724,-0.003958206,125,-2.486512684,-2.112331711,CIAT-398,49.85950738,37.94234489,13.98888889,15.6629353,Category_2,Herbaceous_legumes
27.79463997,3.227492516,Medium,Not High,-0.012499344,0.960744149,-0.012499344,126,-10.30121103,-11.88388647,CIAT-18708,49.94432156,59.88234174,15.05555556,17.16178688,Category_2,Herbaceous_legumes
27.74452453,3.160325798,Medium,Not High,-0.015990229,-1.52507957,-0.015990229,127,11.87532133,15.11759319,CIAT-18954,49.97898632,33.48045034,12.02857143,13.02004982,Category_2,Herbaceous_legumes
27.67808174,3.071276525,Medium,Not High,-0.020618426,-0.784738229,-0.020618426,128,10.53798456,17.71577557,CIAT-11417,50.02494468,41.34360311,12.21111111,12.62151654,Category_2,Herbaceous_legumes
27.67248615,3.063777093,Medium,Not High,-0.021008197,0.003834898,-0.021008197,129,-8.347536444,-14.04069528,CIAT-15551,50.02881514,49.71902488,14.78888889,17.4926182,Category_2,Herbaceous_legumes
27.54108058,2.887662096,Medium,Not High,-0.030161498,-1.343118733,-0.030161498,130,3.618720399,7.052292227,CIAT-5172,50.11970815,35.41305329,13.15555556,14.25718039,Category_2,Herbaceous_legumes
27.34317912,2.622426655,Medium,Not High,-0.043946695,0.637162957,-0.043946695,131,9.33728872,3.551987662,CIAT-416,50.25659624,56.44559141,12.375,14.79408953,Category_2,Herbaceous_legumes
27.04614026,2.224323302,Medium,Not High,-0.064637494,0.578906675,-0.064637494,132,5.572394985,7.300789035,CIAT-11220,50.46205751,55.82685244,12.88888889,14.21906365,Category_2,Herbaceous_legumes
27.04058648,2.216879913,Medium,Not High,-0.065024353,0.672227084,-0.065024353,133,8.696239246,2.730282315,CIAT-11162,50.46589904,56.81800691,12.4625,14.9201303,Category_2,Herbaceous_legumes
26.93990921,2.081948216,Medium,Not High,-0.072037216,-0.317634755,-0.072037216,134,12.08464361,17.08356641,CIAT-9337,50.53553733,46.30470117,12,12.71849064,Category_2,Herbaceous_legumes
26.92648639,2.063958413,Medium,Not High,-0.072972208,-1.458330577,-0.072972208,135,1.665045812,7.605185815,CIAT-15154,50.54482188,34.18939026,13.42222222,14.17237245,Category_2,Herbaceous_legumes
26.64472063,1.686324681,Medium,Not High,-0.09259913,-0.412098147,-0.09259913,136,10.21237213,10.04635951,CIAT-10613,50.73971876,45.30140709,12.25555556,13.79792262,Category_2,Herbaceous_legumes
26.31313233,1.241916808,Medium,Not High,-0.115696534,-0.310791656,-0.115696534,137,-6.688948123,-1.901473528,CIAT-25113,50.96907781,46.37738161,14.5625,15.63059192,Category_2,Herbaceous_legumes
26.28365386,1.202408581,Medium,Not High,-0.117749912,-0.144145663,-0.117749912,138,8.840148312,10.40208668,CIAT-12710,50.98946802,48.14732586,12.44285714,13.74335789,Category_2,Herbaceous_legumes
26.16864878,1.048274182,Medium,Not High,-0.125760806,0.526011039,-0.125760806,139,7.119054033,8.532952317,CIAT-12202,51.06901683,55.26504878,12.67777778,14.03006303,Category_2,Herbaceous_legumes
25.95555724,0.762680387,Medium,Not High,-0.140604097,-0.962155567,-0.140604097,140,9.032027066,5.841404205,CIAT-18277,51.21641188,39.45925659,12.41666667,14.44291761,Category_2,Herbaceous_legumes
25.94448481,0.747840668,Medium,Not High,-0.141375368,-0.195071138,-0.141375368,141,16.88742697,5.850084706,CIAT-32265,51.22407066,47.60644726,11.34444444,14.44158611,Category_2,Herbaceous_legumes
25.89089271,0.6760144,Medium,Not High,-0.145108426,-0.689721895,-0.145108426,142,-7.220103401,-3.881341417,CIAT-8512,51.26114022,42.35276998,14.635,15.9342824,Category_2,Herbaceous_legumes
25.79200058,0.543475218,Medium,Not High,-0.151996942,-0.976615963,-0.151996942,143,-1.71318316,9.242411388,CIAT-18953,51.32954373,39.30567298,13.88333333,13.92123963,Category_2,Herbaceous_legumes
25.60708365,0.295642162,Medium,Not High,-0.164877677,-1.620121082,-0.164877677,144,7.566771126,10.06350728,CIAT-18952,51.45745045,32.47101606,12.61666667,13.79529233,Category_2,Herbaceous_legumes
25.38649467,0,Medium,Not High,-0.180243216,-0.699013528,-0.180243216,145,17.31770054,13.2069244,CIAT-10026,51.61003146,42.25408371,11.28571429,13.3131259,Category_2,Herbaceous_legumes
25.3295286,-0.076348201,Medium,Not High,-0.184211294,-2.848926057,-0.184211294,146,7.688875787,13.82988305,CIAT-1812,51.64943479,19.41989934,12.6,13.21757073,Category_2,Herbaceous_legumes
24.58907823,-1.068729364,Medium,Not High,-0.235788752,0.794959232,-0.235788752,147,6.663196629,6.09863882,CIAT-1467,52.16160302,58.12154296,12.74,14.40346058,Category_2,Herbaceous_legumes
24.43954939,-1.269133891,Medium,Not High,-0.246204464,0.678427521,-0.246204464,148,-2.486512684,-10.56870466,CIAT-12318,52.26503186,56.88386164,13.98888889,16.96005211,Category_2,Herbaceous_legumes
24.43373727,-1.276923516,Medium,Not High,-0.246609317,-0.600760854,-0.246609317,149,-6.719474288,-3.62984646,CIAT-442,52.26905209,43.29762369,14.56666667,15.89570577,Category_2,Herbaceous_legumes
24.40742233,-1.312191861,Medium,Not High,-0.248442334,0.932212247,-0.248442334,150,-33.70460451,-35.32593602,CIAT-9254,52.2872541,59.5793049,18.25,20.75754559,Category_2,Herbaceous_legumes
24.23918214,-1.537674074,Medium,Not High,-0.260161419,-0.955555509,-0.260161419,151,-4.124750228,-5.023141341,CIAT-5744,52.40362554,39.52935569,14.2125,16.10942224,Category_2,Herbaceous_legumes
23.93205031,-1.949304422,Medium,Not High,-0.281555262,-0.744055663,-0.281555262,152,5.072347323,7.390530776,CIAT-1650,52.61606809,41.77569196,12.95714286,14.20529823,Category_2,Herbaceous_legumes
23.85497519,-2.052603579,Medium,Not High,-0.286924074,-0.487611947,-0.286924074,153,-3.219140654,-3.819538442,CIAT-5568,52.66938082,44.49937631,14.08888889,15.92480248,Category_2,Herbaceous_legumes
23.63942351,-2.341494552,Medium,Not High,-0.301938731,0.180657661,-0.301938731,154,6.14221674,8.166782127,CIAT-10639,52.81847754,51.59705643,12.81111111,14.0862296,Category_2,Herbaceous_legumes
23.59857431,-2.396242285,Medium,Not High,-0.304784158,-1.056445073,-0.304784158,155,3.816413661,8.399625209,CIAT-25704,52.84673286,38.45780936,13.12857143,14.05051398,Category_2,Herbaceous_legumes
23.59422232,-2.402074992,Medium,Not High,-0.305087304,-0.215843539,-0.305087304,156,5.572394985,7.29321826,CIAT-10725,52.84974312,47.38582394,12.88888889,14.22022492,Category_2,Herbaceous_legumes
23.57086534,-2.433378947,Medium,Not High,-0.306714278,-0.422557711,-0.306714278,157,-2.044610099,-0.25431429,CIAT-827,52.8658991,45.19031624,13.92857143,15.37793538,Category_2,Herbaceous_legumes
23.54650784,-2.466023845,Medium,Not High,-0.308410946,-1.10075918,-0.308410946,158,15.19831248,13.71669441,CIAT-517,52.88274715,37.98714998,11.575,13.23493265,Category_2,Herbaceous_legumes
23.54618453,-2.466457152,Medium,Not High,-0.308433466,-0.830455427,-0.308433466,159,3.171003306,7.132086853,CIAT-1964,52.88297078,40.85804154,13.21666667,14.24494075,Category_2,Herbaceous_legumes
23.53914634,-2.47589002,Medium,Not High,-0.308923725,0.840860632,-0.308923725,160,1.01382095,-3.123340995,CIAT-20303,52.88783908,58.60906095,13.51111111,15.81801327,Category_2,Herbaceous_legumes
23.44635931,-2.600246904,Medium,Not High,-0.315386979,0.321229693,-0.315386979,161,7.322561802,8.65978345,CIAT-12115,52.95201971,53.0900696,12.65,14.0106085,Category_2,Herbaceous_legumes
23.35143134,-2.72747316,Medium,Not High,-0.321999365,0.527641918,-0.321999365,162,-6.312458749,-10.33467349,CIAT-18447,53.01768122,55.28237032,14.51111111,16.92415425,Category_2,Herbaceous_legumes
23.31608207,-2.774849655,Medium,Not High,-0.324461684,-0.763947467,-0.324461684,163,6.118958709,5.852218214,CIAT-7162,53.04213224,41.56442145,12.81428571,14.44125886,Category_2,Herbaceous_legumes
22.9595908,-3.252633506,Medium,Not High,-0.349293752,0.196406388,-0.349293752,164,10.09608197,12.98540351,CIAT-8014,53.28871664,51.7643234,12.27142857,13.34710482,Category_2,Herbaceous_legumes
22.93658928,-3.283461051,Medium,Not High,-0.350895965,-0.250678868,-0.350895965,165,9.398341051,9.938751555,CIAT-11313,53.30462674,47.0158385,12.36666667,13.81442852,Category_2,Herbaceous_legumes
22.73365435,-3.555442551,Medium,Not High,-0.365031778,0.650363727,-0.365031778,166,8.095891326,6.039632567,CIAT-22156,53.44499648,56.58579656,12.54444444,14.41251151,Category_2,Herbaceous_legumes
22.67309277,-3.636609597,Medium,Not High,-0.369250308,-0.821746798,-0.369250308,167,10.71096616,10.94180849,CIAT-563,53.48688682,40.95053574,12.1875,13.66057036,Category_2,Herbaceous_legumes
22.60859799,-3.723048079,Medium,Not High,-0.373742813,0.851194591,-0.373742813,168,-1.18406296,-2.560934101,CIAT-18004,53.53149775,58.71881775,13.81111111,15.73174609,Category_2,Herbaceous_legumes
22.5780794,-3.763950316,Medium,Not High,-0.375868642,-0.358134015,-0.375868642,169,-0.461610378,-2.338632101,CIAT-19198,53.55260741,45.87455921,13.7125,15.69764735,Category_2,Herbaceous_legumes
21.74544403,-4.879881492,Medium,Not High,-0.433867419,0.024903762,-0.433867419,170,-24.4002293,-34.00899068,CIAT-8409,54.12853984,49.94279692,16.98,20.55554031,Category_2,Herbaceous_legumes
21.73026969,-4.900218752,Medium,Not High,-0.434924416,-0.370465961,-0.434924416,171,8.238346765,2.584186333,CIAT-33195,54.1390359,45.74358183,12.525,14.94253986,Category_2,Herbaceous_legumes
21.71752653,-4.917297649,Medium,Not High,-0.435812065,0.61955056,-0.435812065,172,3.130301752,4.008686415,CIAT-1475,54.14785033,56.25853045,13.22222222,14.72403684,Category_2,Herbaceous_legumes
21.67359162,-4.976180963,Medium,Not High,-0.438872433,0.958761988,-0.438872433,173,-12.90611048,-20.83801244,CIAT-18455,54.17824002,59.86128925,15.41111111,18.53525367,Category_2,Herbaceous_legumes
20.85212913,-6.07713781,Medium,Not High,-0.496092942,0.179936034,-0.496092942,174,4.351348369,6.658564951,CIAT-11215,54.7464442,51.58939205,13.05555556,14.31757393,Category_2,Herbaceous_legumes
20.79201148,-6.157709876,Medium,Not High,-0.500280549,-0.499766032,-0.500280549,175,10.51472653,4.653004634,CIAT-14080,54.78802747,44.37028797,12.21428571,14.62520534,Category_2,Herbaceous_legumes
20.75863688,-6.202439846,Medium,Not High,-0.502605319,-0.338135459,-0.502605319,176,10.21237213,12.2355967,CIAT-11690,54.81111262,46.08696353,12.25555556,13.46211714,Category_2,Herbaceous_legumes
20.70811254,-6.270154591,Medium,Not High,-0.506124687,0.502844504,-0.506124687,177,-4.521590378,-3.616502538,CIAT-22692,54.84606022,55.0189974,14.26666667,15.89365895,Category_2,Herbaceous_legumes
20.66301663,-6.330593935,Medium,Not High,-0.509265927,0.175795838,-0.509265927,178,2.804689321,5.149060997,CIAT-5713,54.87725298,51.5454191,13.26666667,14.54911562,Category_2,Herbaceous_legumes
20.6318553,-6.372357592,Medium,Not High,-0.511436528,0.536138541,-0.511436528,179,4.595557692,4.759539578,CIAT-12457,54.89880722,55.37261281,13.02222222,14.60886403,Category_2,Herbaceous_legumes
20.46611409,-6.594490576,Medium,Not High,-0.522981542,-2.50693534,-0.522981542,180,2.560479998,4.954192595,CIAT-7131,55.01345012,23.05217692,13.3,14.57900635,Category_2,Herbaceous_legumes
20.31464481,-6.797495762,Medium,Not High,-0.533532419,-0.136650209,-0.533532419,181,-14.37136642,-17.73591232,CIAT-19133,55.11822116,48.22693495,15.61111111,18.05942481,Category_2,Herbaceous_legumes
20.18867104,-6.966330832,Medium,Not High,-0.542307357,0.527003651,-0.542307357,182,-6.027547872,-1.953230766,CIAT-20692,55.205357,55.27559129,14.47222222,15.63853092,Category_2,Herbaceous_legumes
20.16976961,-6.991663282,Medium,Not High,-0.543623972,0.885698177,-0.543623972,183,-11.76646697,-20.14421983,CIAT-17775,55.21843108,59.08527975,15.25555556,18.42883333,Category_2,Herbaceous_legumes
20.01560439,-7.198281669,Medium,Not High,-0.554362639,-0.259993022,-0.554362639,184,14.28252752,10.81973728,CIAT-4537,55.3250669,46.91691303,11.7,13.67929477,Category_3,Herbaceous_legumes
18.48436791,-9.250505961,High,High,-0.661023785,1.61194331,2.562862834,1,-31.14040662,-24.36219987,CIAT-7759,56.3842205,66.79871694,17.9,19.07582618,Category_3,Herbaceous_legumes
16.75140501,-11.57309206,High,High,-0.781736562,1.136643762,1.491550963,2,-3.195882623,-11.53770834,CIAT-7813,57.58290791,61.75056854,14.08571429,17.10868687,Category_3,Herbaceous_legumes
18.51919846,-9.203824666,High,Not High,-0.658597597,0.515853135,-0.142744462,1,3.781526614,4.482893762,CIAT-12374,56.36012827,55.15716186,13.13333333,14.65129853,Category_4,Herbaceous_legumes
18.8803817,-8.719752458,High,Not High,-0.633438702,0.433502713,-0.199935989,2,1.095224058,-0.384590131,CIAT-34040,56.11029845,54.28251943,13.5,15.39791829,Category_4,Herbaceous_legumes
18.16463845,-9.679020151,High,Not High,-0.683295139,0.40684577,-0.276449369,3,-9.77209083,-6.942556563,CIAT-9434,56.60537681,53.99939649,14.98333333,16.40383993,Category_4,Herbaceous_legumes
17.99971492,-9.900057261,High,Not High,-0.694783197,0.408878695,-0.285904502,4,-3.208965266,0.773123667,CIAT-34159,56.71945413,54.02098815,14.0875,15.22033743,Category_4,Herbaceous_legumes
17.61348881,-10.41769291,High,Not High,-0.7216865,0.35466501,-0.367021489,5,-1.285816844,-0.708229766,CIAT-21603,56.98660605,53.44518553,13.825,15.44756114,Category_4,Herbaceous_legumes
19.35892317,-8.078392073,High,Not High,-0.600105,0.141433929,-0.458671071,6,5.816604309,6.695639565,CIAT-11778,55.77929215,51.18046184,12.85555556,14.31188708,Category_4,Herbaceous_legumes
14.52183466,-14.5612513,High,Not High,-0.937041461,0.46431465,-0.472726811,7,-2.934229777,-2.172621014,CIAT-34144,59.12509784,54.60977248,14.05,15.67218303,Category_4,Herbaceous_legumes
16.93197383,-11.33108651,High,Not High,-0.769158702,0.2062043,-0.562954402,8,5.165379446,6.110876522,CIAT-12381,57.45800878,51.86838685,12.94444444,14.40158345,Category_4,Herbaceous_legumes
17.25120286,-10.90324302,High,Not High,-0.746922206,0.179033733,-0.567888473,9,10.13096902,10.20703072,CIAT-10440,57.23719861,51.57980872,12.26666667,13.77327738,Category_4,Herbaceous_legumes
18.65613972,-9.020290526,High,Not High,-0.649058698,0.023985306,-0.625073392,10,1.27838105,0.878822851,CIAT-34042,56.26540624,49.93304202,13.475,15.20412431,Category_4,Herbaceous_legumes
11.90056025,-18.07438796,High,Not High,-1.11963124,0.396872606,-0.722758634,11,-17.62749073,-40.12003157,CIAT-18707,60.93822877,53.89347169,16.05555556,21.49290837,Category_4,Herbaceous_legumes
17.18432974,-10.99286905,High,Not High,-0.751580379,-0.154381793,-0.905962172,12,5.490991878,4.921483146,CIAT-11199,57.28345464,48.0386081,12.9,14.58402362,Category_4,Herbaceous_legumes
17.05010717,-11.17275949,High,Not High,-0.760929903,-0.2436452,-1.004575103,13,5.490991878,4.1543721,CIAT-9352,57.37629615,47.09054297,12.9,14.70169022,Category_4,Herbaceous_legumes
19.54926354,-7.823290301,High,Not High,-0.586846485,-0.47219856,-1.059045044,14,4.130397076,5.088302499,CIAT-590,55.64763405,44.66308163,13.08571429,14.55843533,Category_4,Herbaceous_legumes
13.69631134,-15.66765062,High,Not High,-0.994544834,-0.068634286,-1.06317912,15,-14.09884297,-8.695180554,CIAT-9432,59.69611088,48.94933091,15.57391304,16.67267363,Category_4,Herbaceous_legumes
15.38990361,-13.39783061,High,Not High,-0.876574492,-0.224258201,-1.100832693,16,-26.13411549,-33.47474044,CIAT-8408,58.52465606,47.29645195,17.21666667,20.47359206,Category_4,Herbaceous_legumes
10.40052929,-20.08478936,High,Not High,-1.224118706,0.099654639,-1.124464068,17,9.886759697,10.65017012,CIAT-2783,61.97579757,50.73672471,12.3,13.70530455,Category_4,Herbaceous_legumes
15.89693004,-12.71829354,High,Not High,-0.841256616,-0.294310684,-1.1355673,18,-1.743709326,-0.434446693,CIAT-34148,58.17394676,46.55242573,13.8875,15.40556575,Category_4,Herbaceous_legumes
13.85552318,-15.45426856,High,Not High,-0.983454635,-0.223651281,-1.207105916,19,-1.93994896,-1.387299319,CIAT-18950,59.58598433,47.30289805,13.91428571,15.55172312,Category_4,Herbaceous_legumes
11.4249664,-18.71179783,High,Not High,-1.152759621,-0.129051018,-1.281810639,20,7.851682003,6.689324897,CIAT-11232,61.26719621,48.30764582,12.57777778,14.31285568,Category_4,Herbaceous_legumes
18.30578685,-9.489847429,High,Not High,-0.673463183,-0.672416235,-1.345879418,21,9.805356589,11.1218301,CIAT-10627,56.50774471,42.53657311,12.31111111,13.63295697,Category_4,Herbaceous_legumes
16.44883325,-11.97861082,High,Not High,-0.802812764,-0.59007031,-1.392883074,22,4.20889293,2.772515804,CIAT-5911,57.79219627,43.41116778,13.075,14.91365214,Category_4,Herbaceous_legumes
6.436025138,-25.39817617,High,Not High,-1.50027367,-0.020988096,-1.521261765,23,-0.644767371,-2.170649059,CIAT-34044,64.71803818,49.45538028,13.7375,15.67188056,Category_4,Herbaceous_legumes
11.77901357,-18.23728967,High,Not High,-1.128097802,-0.434582823,-1.562680625,24,5.002573231,6.467323266,CIAT-11784,61.0223024,45.06259773,12.96666667,14.34690835,Category_4,Herbaceous_legumes
19.83244386,-7.443760728,High,Not High,-0.567121029,-0.99657494,-1.563695969,25,-0.858450529,0.703131716,CIAT-326,55.45175872,39.09368902,13.76666667,15.23107344,Category_4,Herbaceous_legumes
12.32967707,-17.49926845,High,Not High,-1.089740304,-0.531000065,-1.620740369,26,1.186802554,1.744665332,CIAT-23806,60.64140942,44.03855184,13.4875,15.07131337,Category_4,Herbaceous_legumes
11.81183145,-18.19330584,High,Not High,-1.125811811,-0.550893341,-1.676705152,27,6.549232279,7.918682305,CIAT-11820,60.99960233,43.82726569,12.75555556,14.12428545,Category_4,Herbaceous_legumes
6.223167277,-25.68345678,High,Not High,-1.515100683,-0.230593888,-1.745694571,28,-1.560552333,-6.787131905,CIAT-17009,64.86527159,47.22916073,13.8625,16.37999946,Category_4,Herbaceous_legumes
10.2618813,-20.27061094,High,Not High,-1.233776492,-0.512320821,-1.746097314,29,10.93337108,11.46994316,CIAT-9326,62.07170015,44.23694377,12.15714286,13.57956017,Category_4,Herbaceous_legumes
13.43484856,-16.01807348,High,Not High,-1.012757514,-0.834533679,-1.847291193,30,-2.6493189,-0.036876736,CIAT-8702,59.87696422,40.81472649,14.01111111,15.34458279,Category_4,Herbaceous_legumes
14.81001009,-14.17502708,High,Not High,-0.916968062,-0.958039985,-1.875008047,31,6.432942125,6.72854001,CIAT-1706,58.9257674,39.50296811,12.77142857,14.3068405,Category_4,Herbaceous_legumes
9.740294241,-20.96966274,High,Not High,-1.270108616,-0.617042837,-1.887151452,32,-1.743709326,0.154433231,CIAT-33561,62.432481,43.12469303,13.8875,15.3152379,Category_4,Herbaceous_legumes
14.83264816,-14.14468663,High,Not High,-0.915391165,-1.027492841,-1.942884006,33,2.853531186,1.690592853,CIAT-1405,58.91010868,38.76531051,13.26,15.0796075,Category_4,Herbaceous_legumes
10.3097357,-20.20647455,High,Not High,-1.230443104,-0.715198801,-1.945641905,34,9.398341051,11.59299656,CIAT-12042,62.03859934,42.0821802,12.36666667,13.5606851,Category_4,Herbaceous_legumes
4.03899629,-28.61076997,High,Not High,-1.667243204,-0.400890795,-2.068133999,35,-10.31284005,-8.277818332,CIAT-8820,66.37605885,45.42044018,15.05714286,16.60865475,Category_4,Herbaceous_legumes
0.450598747,-33.42008369,High,Not High,-1.917199757,-0.199995688,-2.117195445,36,-9.03946286,-6.090341134,Hohenheimer-Heustandard,68.85814717,47.55414369,14.88333333,16.27311923,Category_4,Herbaceous_legumes
12.15759869,-17.72989477,High,Not High,-1.101726746,-1.041816679,-2.143543425,37,2.246496582,2.820934894,CIAT-4080,60.76043573,38.61317727,13.34285714,14.90622517,Category_4,Herbaceous_legumes
17.55617922,-10.49450152,High,Not High,-0.725678507,-1.506502293,-2.2321808,38,16.84672541,17.34936673,CIAT-4069,57.026247,33.67775928,11.35,12.67771972,Category_4,Herbaceous_legumes
16.19889687,-12.31358553,High,Not High,-0.820222551,-1.468348658,-2.288571209,39,5.857305862,5.230024114,CIAT-7381,57.96507683,34.08298839,12.85,14.53669675,Category_4,Herbaceous_legumes
11.78136851,-18.23413348,High,Not High,-1.127933764,-1.178945958,-2.306879722,40,-9.77209083,-3.984640988,CIAT-20709,61.02067349,37.15672954,14.98333333,15.95012744,Category_4,Herbaceous_legumes
17.01503622,-11.21976298,High,Not High,-0.763372836,-1.555859757,-2.319232593,41,1.461538043,7.507538719,CIAT-15160,57.40055467,33.1535345,13.45,14.18735047,Category_4,Herbaceous_legumes
15.69414905,-12.99006872,High,Not High,-0.855381706,-1.496772778,-2.352154484,42,-8.324278413,-0.557422793,CIAT-33235,58.31421002,33.7810963,14.78571429,15.42442897,Category_4,Herbaceous_legumes
12.66511909,-17.04969567,High,Not High,-1.066374462,-1.28869062,-2.355065083,43,20.3877606,14.43106718,CIAT-2085,60.40938476,35.99113335,10.86666667,13.12535554,Category_4,Herbaceous_legumes
7.122363399,-24.47831822,High,Not High,-1.452465492,-0.992457232,-2.444922725,44,6.101515186,7.321088728,CIAT-172,64.2432992,39.13742312,12.81666667,14.21594989,Category_4,Herbaceous_legumes
11.54621477,-18.54929591,High,Not High,-1.144313838,-1.356724707,-2.501038545,45,9.67743742,3.137564534,CIAT-9472,61.18332892,35.26854447,12.32857143,14.85765758,Category_4,Herbaceous_legumes
15.21884082,-13.6270958,High,Not High,-0.888490191,-1.656260792,-2.544750983,46,6.851586679,7.035846498,CIAT-5452,58.64297989,32.08717682,12.71428571,14.25970299,Category_4,Herbaceous_legumes
1.89466943,-31.48468248,High,Not High,-1.816610308,-0.83292286,-2.649533168,47,1.827852028,4.159423092,CIAT-4141,67.859286,40.83183498,13.4,14.70091545,Category_4,Herbaceous_legumes
1.305056396,-32.27490542,High,Not High,-1.857680909,-0.827215236,-2.684896145,48,5.328185662,7.249162091,CIAT-11762,68.2671203,40.89245555,12.92222222,14.22698267,Category_4,Herbaceous_legumes
5.437023769,-26.73707771,High,Not High,-1.569860981,-1.15490565,-2.724766631,49,6.956247817,1.425729083,CIAT-8849,65.40904568,37.41206125,12.7,15.12023476,Category_4,Herbaceous_legumes
9.015962239,-21.94044142,High,Not High,-1.320563318,-1.41009554,-2.730658858,50,-15.3365747,-6.284528842,CIAT-18873,62.93350018,34.70169377,15.74285714,16.30290554,Category_4,Herbaceous_legumes
7.053870617,-24.57011498,High,Not High,-1.457236485,-1.273994092,-2.731230577,51,13.30286373,7.255700957,CIAT-1727,64.29067554,36.14722493,11.83371914,14.22597967,Category_4,Herbaceous_legumes
19.55388071,-7.817102185,High,Not High,-0.586524867,-2.168228486,-2.754753353,52,7.444666464,10.17544815,CIAT-8182,55.64444036,26.64957665,12.63333333,13.7781218,Category_4,Herbaceous_legumes
7.872609101,-23.47280897,High,Not High,-1.400205723,-1.369359594,-2.769565317,53,0.885901781,3.263745689,CIAT-8434,63.72435556,35.13434955,13.52857143,14.83830275,Category_4,Herbaceous_legumes
12.45827238,-17.32691988,High,Not High,-1.080782757,-1.733390319,-2.814173076,54,-0.265370743,3.232416657,CIAT-33605,60.55246027,31.26798542,13.68571429,14.84310829,Category_4,Herbaceous_legumes
1.472149526,-32.05096053,High,Not High,-1.846041724,-0.980673619,-2.826715342,55,-9.789534353,-8.870088843,CIAT-19193,68.15154228,39.26257668,14.98571429,16.69950269,Category_4,Herbaceous_legumes
7.247687747,-24.31035352,High,Not High,-1.44373579,-1.582706637,-3.026442427,56,5.177008462,6.326602415,CIAT-23503,64.15661257,32.86839424,12.94285714,14.36849341,Category_4,Herbaceous_legumes
12.46465199,-17.31836967,High,Not High,-1.080338373,-1.964585766,-3.044924139,57,15.6256788,18.19267656,CIAT-7803,60.5480475,28.81246251,11.51666667,12.54836505,Category_4,Herbaceous_legumes
3.359955714,-29.52084728,High,Not High,-1.714543047,-1.421002857,-3.135545904,58,2.01100902,3.312332727,CIAT-7826,66.84575003,34.58584734,13.375,14.83085002,Category_4,Herbaceous_legumes
8.02956862,-23.26244555,High,Not High,-1.389272413,-1.804850869,-3.194123282,59,14.77094616,14.03186539,CIAT-11833,63.61578693,30.50900413,11.63333333,13.18658881,Category_4,Herbaceous_legumes
6.362816674,-25.49629308,High,Not High,-1.505373142,-1.735705732,-3.241078874,60,4.147840599,3.020045602,CIAT-13608,64.76867634,31.24339346,13.08333333,14.87568373,Category_4,Herbaceous_legumes
12.32315313,-17.50801209,High,Not High,-1.090194741,-2.181892996,-3.272087737,61,3.607091383,8.730268049,CIAT-13651,60.64592201,26.50444612,13.15714286,13.99979691,Category_4,Herbaceous_legumes
-3.635292857,-38.89615881,High,Not High,-2.20181019,-1.227533465,-3.429343656,62,-5.707749949,-5.924865309,CIAT-19641,71.68435126,36.64068245,14.42857143,16.24773702,Category_4,Herbaceous_legumes
-9.918824663,-47.31759911,High,Not High,-2.639501368,-1.439236017,-4.078737385,63,-7.57420692,-4.225045201,CIAT-13593,76.03065925,34.39219326,14.68333333,15.98700287,Category_4,Herbaceous_legumes
-14.16125835,-53.00347818,High,Not High,-2.935016034,-1.164924976,-4.09994101,64,3.47626496,4.796636505,CIAT-4532,78.96514323,37.30564615,13.175,14.60317376,Category_4,Herbaceous_legumes
-13.38880654,-51.96820741,High,Not High,-2.881209456,-1.393376366,-4.274585822,65,-2.934229777,-3.360813545,CIAT-7289,78.43083966,34.87926782,14.05,15.85443901,Category_4,Herbaceous_legumes
-21.77701928,-63.21042517,High,Not High,-3.465506128,-0.859154014,-4.324660142,66,3.293107968,4.09610368,CIAT-789,84.23295178,40.55323433,13.2,14.71062797,Category_4,Herbaceous_legumes
0.850987201,-32.88346709,High,Not High,-1.889309949,-2.579343226,-4.468653175,67,8.543608419,4.331013329,CIAT-33827,68.58119917,22.283134,12.48333333,14.67459535,Category_4,Herbaceous_legumes
-22.41835246,-64.0699655,High,Not High,-3.510179391,-1.322642647,-4.832822038,68,-6.545039057,-1.610929006,CIAT-24333,84.67656082,35.63052945,14.54285714,15.58602551,Category_4,Herbaceous_legumes
-23.70508024,-65.79448948,High,Not High,-3.599808825,-1.861832984,-5.46164181,69,19.41092331,12.98309926,CIAT-2690,85.56658818,29.90379806,11,13.34745827,Category_4,Herbaceous_legumes
-38.8524952,-86.09566001,High,Not High,-4.654930389,-2.662159934,-7.317090323,70,-2.881899208,-0.476821603,CIAT-3694,96.04402868,21.40353914,14.04285714,15.41206561,Category_4,Herbaceous_legumes
