40nutrition_no,40nutrition_date,40nutrition_requisitioner,40nutrition_set_ciat,40nutrition_sample_id,40nutrition_gene_bank_breeding_program_id,40nutrition_genus,40nutrition_species,40nutrition_tax_name,40nutrition_dm_percentage,40nutrition_av_dm_105,40nutrition_ash_dm,40nutrition_av_ash_percentage,40nutrition_om_percentage,40nutrition_om_percentage,40nutrition_pc_percentage_dm,40nutrition_av_pc_percentage,40nutrition_adf_percentage_dm,40nutrition_av_adf_percentage_dm,40nutrition_ndf_percentage_dm,40nutrition_av_ndf_percentage_dm
No,Date,,Set CIAT,Sample ID,Gene bank /Breeding program ID,Genus,Species,Tax Name,"DM, %",Av DM 105,Ash/DM,"Av Ash, %","OM, %","OM, %","PC (%), DM","Av PC, %","ADF, % (DM)"," Av ADF, % (DM)","NDF, % (DM)"," Av NDF, % (DM)"
1,45572,Genetic bank,1,F24 3416,ABC-705-1,Indigofera,suffruticosa,Indigofera suffruticosa,91.93080692,91.97040346,12.72569067,12.67737636,87.27430933,87.32262364,33.01052157,33.01052157,28.48961421,28.05113538,45.21032889,45.22272398
2,45572,Genetic bank,1,F24 3416,ABC-705-1,Indigofera,suffruticosa,Indigofera suffruticosa,92.01,,12.62906206,,87.37093794,,33.01052157,,27.61265655,,45.23511907,
3,45572,Genetic bank,1,F24 3417,ABC-707-1,Alysicarpus,ovalifolius,Alysicarpus ovalifolius,90.64280716,90.09244937,11.91132679,12.07446643,88.08867321,87.92553357,25.39749175,25.39749175,26.19631971,25.44058874,54.55645373,54.10826554
4,45572,Genetic bank,1,F24 3417,ABC-707-1,Alysicarpus,ovalifolius,Alysicarpus ovalifolius,89.54209158,,12.23760607,,87.76239393,,25.39749175,,24.68485778,,53.66007735,
5,45572,Genetic bank,1,F24 3418,ABC-712-1,Clitoria,ternatea,Clitoria ternatea,91.25174965,91.30260413,7.71337789,7.76302443,92.28662211,92.23697557,31.19171324,31.19171324,26.67696802,25.82373269,55.20337963,54.87890628
6,45572,Genetic bank,1,F24 3418,ABC-712-1,Clitoria,ternatea,Clitoria ternatea,91.35345862,,7.812670971,,92.18732903,,31.19171324,,24.97049736,,54.55443293,
7,45572,Genetic bank,1,F24 3419,ABC-749-1,Crotalaria,juncea,Crotalaria juncea,91.70082992,91.74582542,11.46003707,11.547012,88.53996293,88.452988,27.94809909,27.94809909,28.03361032,28.74740224,52.76025243,50.9986235
8,45572,Genetic bank,1,F24 3419,ABC-749-1,Crotalaria,juncea,Crotalaria juncea,91.79082092,,11.63398693,,88.36601307,,27.94809909,,29.46119416,,49.23699458,
9,45572,Genetic bank,1,F24 3420,ABC-768-1,Clitoria,ternatea,Clitoria ternatea,92.1,92.16577684,8.729641694,8.700864207,91.27035831,91.29913579,29.46000546,29.46000546,25.50083329,25.72686234,53.02758632,54.20871271
10,45572,Genetic bank,1,F24 3420,ABC-768-1,Clitoria,ternatea,Clitoria ternatea,92.23155369,,8.672086721,,91.32791328,,29.46000546,,25.95289139,,55.3898391,
11,45572,Genetic bank,1,F24 3421,ABC-772-1,Clitoria,ternatea,Clitoria ternatea,91.48085191,91.48585141,6.153677998,6.180664135,93.846322,93.81933586,18.97317122,18.97317122,16.19061161,16.74207055,68.96562435,67.4182344
12,45572,Genetic bank,1,F24 3421,ABC-772-1,Clitoria,ternatea,Clitoria ternatea,91.49085091,,6.207650273,,93.79234973,,18.97317122,,17.2935295,,65.87084445,
13,45572,Genetic bank,1,F24 3422,ABC-819-1,Indigofera,suffruticosa,Indigofera suffruticosa,90.75,90.755,17.06887052,17.05691212,82.93112948,82.94308788,26.78170271,26.78170271,25.19997454,26.08685186,52.93970501,53.05046945
14,45572,Genetic bank,1,F24 3422,ABC-819-1,Indigofera,suffruticosa,Indigofera suffruticosa,90.76,,17.04495372,,82.95504628,,26.78170271,,26.97372917,,53.16123389,
15,45572,Genetic bank,1,F24 3423,ABC-905-1,Canavalia,brasiliensis,Canavalia brasiliensis,91.85,91.88080884,14.61077844,14.53371512,85.38922156,85.46628488,24.61245901,24.61245901,16.6837954,17.08170091,37.10603201,36.56131246
16,45572,Genetic bank,1,F24 3423,ABC-905-1,Canavalia,brasiliensis,Canavalia brasiliensis,91.91161768,,14.4566518,,85.5433482,,24.61245901,,17.47960642,,36.0165929,
17,45572,Genetic bank,1,F24 3424,ABC-913-1,Cajanus,cajan,Cajanus cajan,94.74,94.77077977,9.193582436,9.205037554,90.80641756,90.79496245,25.17714256,25.17714256,39.66617808,40.42406934,59.68853241,60.86165589
18,45572,Genetic bank,1,F24 3424,ABC-913-1,Cajanus,cajan,Cajanus cajan,94.80155953,,9.216492671,,90.78350733,,25.17714256,,41.1819606,,62.03477938,
19,45572,Genetic bank,1,F24 3425,ABC-955-1,Clitoria,ternatea,Clitoria ternatea,91.80081992,91.81540996,5.674763098,5.695924509,94.3252369,94.30407549,22.01184157,22.01184157,21.79751615,21.54706139,62.34385176,61.6731124
20,45572,Genetic bank,1,F24 3425,ABC-955-1,Clitoria,ternatea,Clitoria ternatea,91.83,,5.71708592,,94.28291408,,22.01184157,,21.29660663,,61.00237303,
21,45621,Genetic bank,3,F24 3441,ABC-7714,Alysicarpus,glumaceus,Alysicarpus glumaceus,93,93.05,17.52688172,17.46376309,82.47311828,82.53623691,20.28455956,20.28455956,27.92187461,27.78830201,52.4951478,52.26265146
22,45621,Genetic bank,3,F24 3441,ABC-7714,Alysicarpus,glumaceus,Alysicarpus glumaceus,93.1,,17.40064447,,82.59935553,,20.28455956,,27.65472942,,52.03015512,
23,45621,Genetic bank,3,F24 3442,ABC-7757,Clitoria,ternatea,Clitoria ternatea,92,92.1,8.260869565,8.251909837,91.73913043,91.74809016,24.74722085,24.74722085,22.60477034,21.95422173,58.40376201,57.24279253
24,45621,Genetic bank,3,F24 3442,ABC-7757,Clitoria,ternatea,Clitoria ternatea,92.2,,8.242950108,,91.75704989,,24.74722085,,21.30367312,,56.08182306,
25,45621,Genetic bank,3,F24 3443,ABC-7759,Clitoria,ternatea,Clitoria ternatea,93.5,93.55,5.882352941,5.879210659,94.11764706,94.12078934,16.46449484,16.46449484,14.53118256,14.68149842,58.97473059,60.81175965
26,45621,Genetic bank,3,F24 3443,ABC-7759,Clitoria,ternatea,Clitoria ternatea,93.6,,5.876068376,,94.12393162,,16.46449484,,14.83181429,,62.64878872,
27,45621,Genetic bank,3,F24 3444,ABC-7790,Crotalaria,pallida,Crotalaria pallida,92.2,92.15,5.965292842,5.859953696,94.03470716,94.1400463,27.43905179,27.43905179,19.81624028,20.07772175,69.18318261,67.5835542
28,45621,Genetic bank,3,F24 3444,ABC-7790,Crotalaria,pallida,Crotalaria pallida,92.1,,5.754614549,,94.24538545,,27.43905179,,20.33920323,,65.98392579,
29,45621,Genetic bank,3,F24 3445,ABC-7792,Chamaecrista,rotundifolia,Chamaecrista rotundifolia,92.9,92.95,8.073196986,8.068856558,91.92680301,91.93114344,20.02103028,20.02103028,22.86232699,23.48182591,63.66665084,63.94342997
30,45621,Genetic bank,3,F24 3445,ABC-7792,Chamaecrista,rotundifolia,Chamaecrista rotundifolia,93,,8.064516129,,91.93548387,,20.02103028,,24.10132483,,64.22020909,
31,45621,Genetic bank,3,F24 3446,ABC-7816,Indigofera,spicata,Indigofera spicata,92.4,92.5,17.53246753,17.62152534,82.46753247,82.37847466,28.00898398,28.00898398,23.70542578,23.10670087,52.81745526,54.74329686
32,45621,Genetic bank,3,F24 3446,ABC-7816,Indigofera,spicata,Indigofera spicata,92.6,,17.71058315,,82.28941685,,28.00898398,,22.50797596,,56.66913846,
33,45621,Genetic bank,3,F24 3447,ABC-7858,Crotalaria,incana,Crotalaria incana,93.1,93.2,9.129967777,9.173772741,90.87003222,90.82622726,31.03415068,31.03415068,25.70977869,23.56845153,61.74390856,60.72538106
34,45621,Genetic bank,3,F24 3447,ABC-7858,Crotalaria,incana,Crotalaria incana,93.3,,9.217577706,,90.78242229,,31.03415068,,21.42712438,,59.70685356,
35,45621,Genetic bank,3,F24 3448,ABC-7972,Canavalia,brasiliensis,Canavalia brasiliensis,91.9,91.95,17.51904244,17.83560818,82.48095756,82.16439182,26.52781626,26.52781626,23.17741101,23.8526448,56.60692904,56.06643684
36,45621,Genetic bank,3,F24 3448,ABC-7972,Canavalia,brasiliensis,Canavalia brasiliensis,92,,18.15217391,,81.84782609,,26.52781626,,24.5278786,,55.52594465,
37,45621,Genetic bank,3,F24 3449,ABC-8205,Indigofera,suffruticosa,Indigofera suffruticosa,92.1,92.2,14.54940282,14.64198202,85.45059718,85.35801798,24.22786897,24.22786897,27.04056493,26.75974916,51.6842826,51.20819381
38,45621,Genetic bank,3,F24 3449,ABC-8205,Indigofera,suffruticosa,Indigofera suffruticosa,92.3,,14.73456121,,85.26543879,,24.22786897,,26.47893339,,50.73210501,
39,45621,Genetic bank,3,F24 3450,ABC-8402,Indigofera,suffruticosa,Indigofera suffruticosa,91.9,92,17.62785637,17.71729409,82.37214363,82.28270591,26.88970109,26.88970109,18.67389258,18.99519674,46.30410467,47.90480151
40,45621,Genetic bank,3,F24 3450,ABC-8402,Indigofera,suffruticosa,Indigofera suffruticosa,92.1,,17.80673181,,82.19326819,,26.88970109,,19.3165009,,49.50549834,
41,45621,Genetic bank,3,F24 3451,ABC-8408,Chamaecrista,nictitans,Chamaecrista nictitans,94,94.05,6.808510638,6.858027902,93.19148936,93.1419721,23.37980179,23.37980179,38.78359549,38.36972369,58.48434029,58.63328794
42,45621,Genetic bank,3,F24 3451,ABC-8408,Chamaecrista,nictitans,Chamaecrista nictitans,94.1,,6.907545165,,93.09245484,,23.37980179,,37.95585188,,58.78223559,
43,45621,Genetic bank,3,F24 3452,ABC-8409,Chamaecrista,nictitans,Chamaecrista nictitans,91.9,91.95,7.616974973,7.667183139,92.38302503,92.33281686,27.7836572,27.7836572,39.30658161,38.02222478,62.395736,61.8471383
44,45621,Genetic bank,3,F24 3452,ABC-8409,Chamaecrista,nictitans,Chamaecrista nictitans,92,,7.717391304,,92.2826087,,27.7836572,,36.73786796,,61.2985406,
45,45621,Genetic bank,3,F24 3453,ABC-8719,Canavalia,sp.,Canavalia sp. ,93.40659341,93.5032967,17.11229947,17.10315828,82.88770053,82.89684172,20.28346797,20.28346797,16.15254503,15.80770956,41.55922425,40.19522125
46,45621,Genetic bank,3,F24 3453,ABC-8719,Canavalia,sp.,Canavalia sp. ,93.6,,17.09401709,,82.90598291,,20.28346797,,15.46287409,,38.83121826,
47,45621,Genetic bank,3,F24 3454,ABC-8797,Desmanthus,virgatus,Desmanthus virgatus,93.00699301,92.85714286,7.08915145,7.046730897,92.91084855,92.9532691,25.88000034,25.88000034,30.1458951,30.2474918,59.29133305,60.00899649
48,45621,Genetic bank,3,F24 3454,ABC-8797,Desmanthus,virgatus,Desmanthus virgatus,92.70729271,,7.004310345,,92.99568966,,25.88000034,,30.34908851,,60.72665992,
49,45621,Genetic bank,3,F24 3455,ABC-8819,Coursetia,caribaea,Coursetia caribaea,91.60839161,91.7541958,13.74045802,13.94313434,86.25954198,86.05686566,21.83464401,21.83464401,22.76303077,20.9311004,34.80352448,36.01389313
50,45621,Genetic bank,3,F24 3455,ABC-8819,Coursetia,caribaea,Coursetia caribaea,91.9,,14.14581066,,85.85418934,,21.83464401,,19.09917003,,37.22426177,
51,45621,Breeding,4,F24 3582,ABC-BR02_1752,Urochloa,interespecifico,Brachiaria interespecifico,95.98,96.02539292,15.64169595,15.70260308,84.35830405,84.29739692,10.91797301,10.91797301,21.19578114,21.14081447,55.59004249,55.41185871
52,45621,Breeding,4,F24 3582,ABC-BR02_1752,Urochloa,interespecifico,Brachiaria interespecifico,96.07078584,,15.7635102,,84.2364898,,10.91797301,,21.08584781,,55.23367493,
53,45621,Breeding,4,F24 3583,ABC-BR02_1794,Urochloa,interespecifico,Brachiaria interespecifico,96.97030297,97.04515148,15.13577023,15.01802548,84.86422977,84.98197452,9.392254149,9.392254149,21.26984722,21.83535497,54.82804262,55.76175346
54,45621,Breeding,4,F24 3583,ABC-BR02_1794,Urochloa,interespecifico,Brachiaria interespecifico,97.12,,14.90028072,,85.09971928,,9.392254149,,22.40086272,,56.69546429,
55,45621,Breeding,4,F24 3584,ABC-BR06_0423,Urochloa,interespecifico,Brachiaria interespecifico,96.56103169,96.76581878,15.97192437,15.96755672,84.02807563,84.03244328,11.00867792,11.00867792,22.15456453,22.02334064,57.44947572,57.36436861
56,45621,Breeding,4,F24 3584,ABC-BR06_0423,Urochloa,interespecifico,Brachiaria interespecifico,96.97060588,,15.96318908,,84.03681092,,11.00867792,,21.89211675,,57.27926149,
57,45621,Breeding,4,F24 3585,ABC-BR09_1232,Urochloa,interespecifico,Brachiaria interespecifico,97.13086074,97.23582925,13.82820131,13.79735773,86.17179869,86.20264227,10.08023483,10.08023483,21.0430635,21.03258278,55.54448094,55.65771615
58,45621,Breeding,4,F24 3585,ABC-BR09_1232,Urochloa,interespecifico,Brachiaria interespecifico,97.34079776,,13.76651416,,86.23348584,,10.08023483,,21.02210206,,55.77095135,
59,45621,Breeding,4,F24 3586,ABC-BR12_4951,Urochloa,interespecifico,Brachiaria interespecifico,95.47045295,95.7458233,15.47693428,15.47538705,84.52306572,84.52461295,11.10404195,11.10404195,23.31828587,23.28964746,56.94152855,56.86413105
60,45621,Breeding,4,F24 3586,ABC-BR12_4951,Urochloa,interespecifico,Brachiaria interespecifico,96.02119364,,15.47383982,,84.52616018,,11.10404195,,23.26100905,,56.78673355,
61,45621,Breeding,4,F24 3587,ABC-BR15_0722,Urochloa,interespecifico,Brachiaria interespecifico,95.0709858,95.2154929,14.04952506,14.05618126,85.95047494,85.94381874,10.31254646,10.31254646,26.52115031,26.17777008,60.67041444,60.21275449
62,45621,Breeding,4,F24 3587,ABC-BR15_0722,Urochloa,interespecifico,Brachiaria interespecifico,95.36,,14.06283746,,85.93716254,,10.31254646,,25.83438985,,59.75509455,
63,45621,Breeding,4,F24 3588,ABC-BR15_6487,Urochloa,interespecifico,Brachiaria interespecifico,94.97,95.07,13.40065215,13.5689492,86.59934785,86.4310508,9.608712975,9.608712975,24.32323047,24.55349937,59.69854782,59.72506873
64,45621,Breeding,4,F24 3588,ABC-BR15_6487,Urochloa,interespecifico,Brachiaria interespecifico,95.17,,13.73724624,,86.26275376,,9.608712975,,24.78376827,,59.75158964,
65,45621,Breeding,4,F24 3589,ABC-BR19_0029,Urochloa,interespecifico,Brachiaria interespecifico,96.05,96.07039092,14.10424156,14.1288488,85.89575844,85.8711512,10.07879313,10.07879313,23.75783461,23.97575256,58.02335089,58.41008046
66,45621,Breeding,4,F24 3589,ABC-BR19_0029,Urochloa,interespecifico,Brachiaria interespecifico,96.09078184,,14.15345604,,85.84654396,,10.07879313,,24.19367052,,58.79681002,
67,45621,Breeding,4,F24 3590,ABC-BR19_0423,Urochloa,interespecifico,Brachiaria interespecifico,95.18,95.34544891,13.86537077,13.90068579,86.13462923,86.09931421,10.11450669,10.11450669,24.24316116,24.49388118,58.93991291,59.22404943
68,45621,Breeding,4,F24 3590,ABC-BR19_0423,Urochloa,interespecifico,Brachiaria interespecifico,95.51089782,,13.93600081,,86.06399919,,10.11450669,,24.7446012,,59.50818595,
69,45621,Breeding,4,F24 3591,ABC-CIAT_6962,Megathyrsus,maximus,Megathyrsus maximus,95.5813256,95.7256628,14.19256219,14.24692367,85.80743781,85.75307633,8.588266117,8.588266117,31.5913337,32.14264215,67.16616479,67.62478303
70,45621,Breeding,4,F24 3591,ABC-CIAT_6962,Megathyrsus,maximus,Megathyrsus maximus,95.87,,14.30128515,,85.69871485,,8.588266117,,32.6939506,,68.08340127,
71,45621,Breeding,4,F24 3592,ABC-Mulato_II,Urochloa,interespecifico,Brachiaria interespecifico,96.69066187,96.66083628,14.95653166,14.97129758,85.04346834,85.02870242,11.84729481,11.84729481,24.44965204,24.36365449,60.04654225,59.41988072
72,45621,Breeding,4,F24 3592,ABC-Mulato_II,Urochloa,interespecifico,Brachiaria interespecifico,96.6310107,,14.9860635,,85.0139365,,11.84729481,,24.27765695,,58.7932192,
73,45621,Breeding,4,F24 3593,ABC-PM21_0215,Megathyrsus,maximus,Megathyrsus maximus,95.98,96.01559232,15.02880902,15.052585,84.97119098,84.947415,9.725160285,9.725160285,29.756359,29.90976266,65.00865087,65.23814446
74,45621,Breeding,4,F24 3593,ABC-PM21_0215,Megathyrsus,maximus,Megathyrsus maximus,96.05118464,,15.07636099,,84.92363901,,9.725160285,,30.06316632,,65.46763805,
75,45621,Breeding,4,F24 3594,ABC-PM21_0631,Megathyrsus,maximus,Megathyrsus maximus,96.73032697,96.79563434,13.97650548,13.98543619,86.02349452,86.01456381,9.055024441,9.055024441,29.06594194,28.77503778,63.22871631,62.86207095
76,45621,Breeding,4,F24 3594,ABC-PM21_0631,Megathyrsus,maximus,Megathyrsus maximus,96.86094172,,13.99436691,,86.00563309,,9.055024441,,28.48413362,,62.49542559,
77,45621,Breeding,4,F24 3595,ABC-PM21_2195,Megathyrsus,maximus,Megathyrsus maximus,96.66,96.76047086,14.09666559,14.14104437,85.90333441,85.85895563,8.717412856,8.717412856,30.70952616,30.92212321,67.8500454,68.05113316
78,45621,Breeding,4,F24 3595,ABC-PM21_2195,Megathyrsus,maximus,Megathyrsus maximus,96.86094172,,14.18542315,,85.81457685,,8.717412856,,31.13472027,,68.25222093,
79,45621,Breeding,4,F24 3596,ABC-PM21_3522,Megathyrsus,maximus,Megathyrsus maximus,96.46035396,96.41535846,15.85688359,15.65465388,84.14311641,84.34534612,8.710478289,8.710478289,29.56094377,29.81695123,64.48048266,64.71518053
80,45621,Breeding,4,F24 3596,ABC-PM21_3522,Megathyrsus,maximus,Megathyrsus maximus,96.37036296,,15.45242416,,84.54757584,,8.710478289,,30.0729587,,64.94987839,
81,45718,Breeding,5,F24 3597,ABC-PM21_3534,Megathyrsus,maximus,Megathyrsus maximus,96.96030397,97.28525795,15.58390929,14.47659551,84.41609071,85.52340449,9.000965172,10.87316719,30.95929986,26.81044889,67.25304297,61.93762764
82,45718,Breeding,5,F24 3597,ABC-PM21_3534,Megathyrsus,maximus,Megathyrsus maximus,96.04,,15.53365429,,84.46634571,,9.000965172,,30.87115597,,67.21327086,
83,45718,Breeding,5,F24 3598,ABC-PM21_3537,Megathyrsus,maximus,Megathyrsus maximus,97.15,97.12,14.49346005,14.78068369,85.50653995,85.21931631,10.87316719,8.40826817,26.62942029,30.00475359,61.71271858,65.74084764
84,45718,Breeding,5,F24 3598,ABC-PM21_3537,Megathyrsus,maximus,Megathyrsus maximus,97.4205159,,14.45973096,,85.54026904,,10.87316719,,26.9914775,,62.1625367,
85,45718,Breeding,5,F24 3599,ABC-PM21_3545,Megathyrsus,maximus,Megathyrsus maximus,96.98,97.13028697,14.7961285,14.59748816,85.2038715,85.40251184,8.40826817,8.834231116,30.17716395,29.25564376,65.69916439,64.38415589
86,45718,Breeding,5,F24 3599,ABC-PM21_3545,Megathyrsus,maximus,Megathyrsus maximus,97.26,,14.76523888,,85.23476112,,8.40826817,,29.83234323,,65.78253088,
87,45718,Breeding,5,F24 3600,ABC-PM21_3670,Megathyrsus,maximus,Megathyrsus maximus,96.96030397,95.21546891,14.55631048,14.10342923,85.44368952,85.89657077,8.834231116,9.980926223,29.30596547,29.82723766,64.35902183,64.96026167
88,45718,Breeding,5,F24 3600,ABC-PM21_3670,Megathyrsus,maximus,Megathyrsus maximus,97.30026997,,14.63866584,,85.36133416,,8.834231116,,29.20532204,,64.40928995,
89,45718,Breeding,5,F24 3601,ABC-PM21_6628,Megathyrsus,maximus,Megathyrsus maximus,95.12,94.42555189,13.98932353,13.31603681,86.01067647,86.68396319,9.980926223,7.526319867,29.70798149,28.61056023,64.85398573,68.72940855
90,45718,Breeding,5,F24 3601,ABC-PM21_6628,Megathyrsus,maximus,Megathyrsus maximus,95.31093781,,14.21753492,,85.78246508,,9.980926223,,29.94649383,,65.06653761,
91,45718,Breeding,5,F24 3602,ABC-BH08_1149,Urochloa,humidicola,Brachiaria humidicola,94.37,94.11,13.30148434,11.5237488,86.69851566,88.4762512,7.526319867,6.425464292,28.67656881,30.14508217,67.49290661,69.15978352
92,45718,Breeding,5,F24 3602,ABC-BH08_1149,Urochloa,humidicola,Brachiaria humidicola,94.48110378,,13.33058929,,86.66941071,,7.526319867,,28.54455165,,69.96591048,
93,45718,Breeding,5,F24 3603,ABC-BH16_0550,Urochloa,humidicola,Brachiaria humidicola,94,95.16621668,11.45468069,11.17239453,88.54531931,88.82760547,6.425464292,5.939448687,29.83002246,30.46611447,68.75694556,69.59254363
94,45718,Breeding,5,F24 3603,ABC-BH16_0550,Urochloa,humidicola,Brachiaria humidicola,94.22,,11.59281692,,88.40718308,,6.425464292,,30.46014187,,69.56262149,
95,45718,Breeding,5,F24 3604,ABC-BH16_0562,Urochloa,humidicola,Brachiaria humidicola,95.00149955,95.8156214,11.10355157,12.04215411,88.89644843,87.95784589,5.939448687,6.64642741,30.66293364,28.8604292,69.91192737,69.64533207
96,45718,Breeding,5,F24 3604,ABC-BH16_0562,Urochloa,humidicola,Brachiaria humidicola,95.33093381,,11.24123749,,88.75876251,,5.939448687,,30.26929531,,69.27315989,
97,45718,Breeding,5,F24 3605,ABC-BH16_3249,Urochloa,humidicola,Brachiaria humidicola,95.69043096,96.30536946,11.94883981,12.640814,88.05116019,87.359186,6.64642741,8.098687385,28.50012439,29.35547793,69.32874104,68.83461568
98,45718,Breeding,5,F24 3605,ABC-BH16_3249,Urochloa,humidicola,Brachiaria humidicola,95.94081184,,12.13546841,,87.86453159,,6.64642741,,29.22073401,,69.96192311,
99,45718,Breeding,5,F24 3606,ABC-BH16B_0733,Urochloa,humidicola,Brachiaria humidicola,96.21037896,96.66535293,12.44873592,14.22808985,87.55126408,85.77191015,8.098687385,7.498562822,29.23820931,28.13819685,68.74402079,65.68321921
100,45718,Breeding,5,F24 3606,ABC-BH16B_0733,Urochloa,humidicola,Brachiaria humidicola,96.40035996,,12.83289207,,87.16710793,,8.098687385,,29.47274655,,68.92521056,
101,45718,Breeding,5,F24 3607,ABC-BH16B_0741,Urochloa,humidicola,Brachiaria humidicola,96.47070586,96.735,14.13874375,11.91399183,85.86125625,88.08600817,7.498562822,5.470321142,28.1395684,29.53819758,65.64541008,67.77363719
102,45718,Breeding,5,F24 3607,ABC-BH16B_0741,Urochloa,humidicola,Brachiaria humidicola,96.86,,14.31743596,,85.68256404,,7.498562822,,28.1368253,,65.72102834,
103,45718,Breeding,5,F24 3608,ABC-BH16B_1194,Urochloa,humidicola,Brachiaria humidicola,96.64,97.16070232,11.92949811,13.97849497,88.07050189,86.02150503,5.470321142,8.125850845,29.62300868,28.04747157,67.75778221,66.3853
104,45718,Breeding,5,F24 3608,ABC-BH16B_1194,Urochloa,humidicola,Brachiaria humidicola,96.83,,11.89848555,,88.10151445,,5.470321142,,29.45338648,,67.78949217,
105,45718,Breeding,5,F24 3609,ABC-BH16B_1618,Urochloa,humidicola,Brachiaria humidicola,97.01059788,96.95029294,13.96375923,10.5197972,86.03624077,89.4802028,8.125850845,5.966437759,28.5241981,26.73881247,66.90032155,68.58525194
106,45718,Breeding,5,F24 3609,ABC-BH16B_1618,Urochloa,humidicola,Brachiaria humidicola,97.31080676,,13.9932307,,86.0067693,,8.125850845,,27.57074505,,65.87027845,
107,45718,Breeding,5,F24 3610,ABC-BH16B_1707,Urochloa,humidicola,Brachiaria humidicola,96.83,96.78015898,10.45896788,11.69085862,89.54103212,88.30914138,5.966437759,6.11164643,26.78768698,30.80701399,68.86607208,69.99815476
108,45718,Breeding,5,F24 3610,ABC-BH16B_1707,Urochloa,humidicola,Brachiaria humidicola,97.07058588,,10.58062652,,89.41937348,,5.966437759,,26.68993796,,68.30443179,
109,45718,Breeding,5,F24 3611,ABC-CIAT_16888,Urochloa,humidicola,Brachiaria humidicola,96.74,92.37038196,11.63461614,13.66171032,88.36538386,86.33828968,6.11164643,25.3469484,30.34465841,47.62549013,69.3161333,53.10107125
110,45718,Breeding,5,F24 3611,ABC-CIAT_16888,Urochloa,humidicola,Brachiaria humidicola,96.82031797,,11.74710109,,88.25289891,,6.11164643,,31.26936957,,70.68017622,
111,45718,Genetic bank,5,F24 3426,ABC-989-1,Indigofera,hirsuta,Indigofera hirsuta,92.36076392,92.37038196,13.75987875,13.66171032,86.24012125,86.33828968,25.3469484,25.3469484,47.64235849,47.62549013,53.47541692,53.10107125
112,45718,Genetic bank,5,F24 3426,ABC-989-1,Indigofera,hirsuta,Indigofera hirsuta,92.38,,13.56354189,,86.43645811,,25.3469484,,47.60862178,,52.72672557,
113,45718,Genetic bank,5,F24 3427,ABC-1257-1,Stylosanthes,scabra,Stylosanthes scabra,92.61073893,92.71608732,9.576765277,9.516947912,90.42323472,90.48305209,17.95515598,17.95515598,35.7671013,35.89620842,68.89257778,69.9050053
114,45718,Genetic bank,5,F24 3427,ABC-1257-1,Stylosanthes,scabra,Stylosanthes scabra,92.82143571,,9.457130547,,90.54286945,,17.95515598,,36.02531554,,70.91743282,
115,45718,Genetic bank,5,F24 3428,ABC-3240-1,Desmodium,cinereum,Desmodium cinereum,92.84,92.86035596,12.04222318,12.00668593,87.95777682,87.99331407,22.62704069,22.62704069,24.44668691,24.90728416,56.91475286,56.33867198
116,45718,Genetic bank,5,F24 3428,ABC-3240-1,Desmodium,cinereum,Desmodium cinereum,92.88071193,,11.97114867,,88.02885133,,22.62704069,,25.36788142,,55.7625911,
117,45718,Genetic bank,5,F24 3429,ABC-3522-1,Desmodium,incanum,Desmodium incanum,93.23203039,93.27634916,11.15161913,11.05100511,88.84838087,88.94899489,17.94095507,17.94095507,47.15664681,47.9701854,64.26385297,64.48155421
118,45718,Genetic bank,5,F24 3429,ABC-3522-1,Desmodium,incanum,Desmodium incanum,93.32066793,,10.95039109,,89.04960891,,17.94095507,,48.78372398,,64.69925545,
119,45718,Genetic bank,5,F24 3430,ABC-4134-1,Macroptilium,lathyroides,Macroptilium lathyroides,91.84326269,91.91283399,14.39921637,14.35643896,85.60078363,85.64356104,22.08537556,22.08537556,24.2709361,24.28674512,42.17983588,43.64614315
120,45718,Genetic bank,5,F24 3430,ABC-4134-1,Macroptilium,lathyroides,Macroptilium lathyroides,91.98240528,,14.31366156,,85.68633844,,22.08537556,,24.30255413,,45.11245042,
121,45718,Genetic bank,5,F24 3431,ABC-4279-1,Vigna,umbellata,Vigna umbellata,90.96,91.03544446,11.01583113,11.01713418,88.98416887,88.98286582,25.72120617,25.72120617,13.25207826,13.14422147,51.75391912,52.82497596
122,45718,Genetic bank,5,F24 3431,ABC-4279-1,Vigna,umbellata,Vigna umbellata,91.11088891,,11.01843723,,88.98156277,,25.72120617,,13.03636467,,53.89603281,
123,45718,Genetic bank,5,F24 3432,ABC-5124-1,Centrosema,molle x acutifolium,Centrosema molle x acutifolium,91.58,91.535,10.34068574,10.36216711,89.65931426,89.63783289,25.77536281,25.77536281,38.41636274,37.6144658,67.42623331,65.50813774
124,45718,Genetic bank,5,F24 3432,ABC-5124-1,Centrosema,molle x acutifolium,Centrosema molle x acutifolium,91.49,,10.38364849,,89.61635151,,25.77536281,,36.81256886,,63.59004217,
125,45718,Genetic bank,5,F24 3433,ABC-5234-1,Centrosema,brasilianum,Centrosema brasilianum,92.4830068,92.53224525,11.21919585,11.21974911,88.78080415,88.78025089,17.21944618,17.21944618,33.40776562,33.37983721,59.55180766,60.62801841
126,45718,Genetic bank,5,F24 3433,ABC-5234-1,Centrosema,brasilianum,Centrosema brasilianum,92.5814837,,11.22030238,,88.77969762,,17.21944618,,33.35190879,,61.70422917,
127,45718,Genetic bank,5,F24 3434,ABC-7292-1,Chamaecrista,desvauxii,Chamaecrista desvauxii,91.94161168,92.00080584,9.471509352,9.417483983,90.52849065,90.58251602,31.82560604,31.82560604,43.11436797,44.14408862,60.33622995,59.53002965
128,45718,Genetic bank,5,F24 3434,ABC-7292-1,Chamaecrista,desvauxii,Chamaecrista desvauxii,92.06,,9.363458614,,90.63654139,,31.82560604,,45.17380928,,58.72382934,
129,45718,Genetic bank,5,F24 3435,ABC-7317-1,Canavalia,sp.,Canavalia sp.,91.80163967,92.45081984,19.05902853,19.06227474,80.94097147,80.93772526,23.8828974,23.8828974,24.59602868,24.73436997,50.59020328,52.25784177
130,45718,Genetic bank,5,F24 3435,ABC-7317-1,Canavalia,sp.,Canavalia sp.,93.1,,19.06552095,,80.93447905,,23.8828974,,24.87271125,,53.92548025,
131,45718,Genetic bank,5,F24 3436,ABC-7322-1,Canavalia,sp.,Canavalia sp.,89.28107189,89.36711797,15.13047374,15.19263964,84.86952626,84.80736036,21.51684891,21.51684891,18.07416386,18.1626666,45.8587462,47.53834417
132,45718,Genetic bank,5,F24 3436,ABC-7322-1,Canavalia,sp.,Canavalia sp.,89.45316405,,15.25480554,,84.74519446,,21.51684891,,18.25116934,,49.21794213,
133,45718,Genetic bank,5,F24 3437,ABC-7339-1,Indigofera,lespedezioides,Indigofera lespedezioides,91.95160968,91.98580484,16.59236708,16.46288643,83.40763292,83.53711357,24.9715208,24.9715208,43.20852578,42.71416967,57.47737849,57.93782208
134,45718,Genetic bank,5,F24 3437,ABC-7339-1,Indigofera,lespedezioides,Indigofera lespedezioides,92.02,,16.33340578,,83.66659422,,24.9715208,,42.21981356,,58.39826568,
135,45718,Genetic bank,5,F24 3438,ABC-7469-1,Clitoria,ternatea,Clitoria ternatea,92.12,92.165,8.119843682,8.094191443,91.88015632,91.90580856,26.36670549,26.36670549,22.4549051,22.54261885,62.05313956,60.52862179
136,45718,Genetic bank,5,F24 3438,ABC-7469-1,Clitoria,ternatea,Clitoria ternatea,92.21,,8.068539204,,91.9314608,,26.36670549,,22.63033261,,59.00410402,
137,45718,Genetic bank,5,F24 3439,ABC-7643-1,Desmanthus,pernambucanus,Desmanthus pernambucanus,93.86122775,93.8215466,7.349808266,7.352550439,92.65019173,92.64744956,22.49012437,22.49012437,37.87869213,37.80469398,65.61156874,66.98254594
138,45718,Genetic bank,5,F24 3439,ABC-7643-1,Desmanthus,pernambucanus,Desmanthus pernambucanus,93.78186544,,7.355292613,,92.64470739,,22.49012437,,37.73069582,,68.35352315,
139,45718,Genetic bank,5,F24 3440,ABC-7703-1,Aeschynomene,indica,Aeschynomene indica,91.87,91.94619664,8.871231087,8.846261932,91.12876891,91.15373807,22.07736189,22.07736189,32.9712372,32.10105566,68.51876674,67.28945857
140,45718,Genetic bank,5,F24 3440,ABC-7703-1,Aeschynomene,indica,Aeschynomene indica,92.02239328,,8.821292776,,91.17870722,,22.07736189,,31.23087411,,66.06015039,
141,,Genetic bank,6,F24 3441,ABC-7714-1,Alysicarpus,glumaceus,Alysicarpus glumaceus,93.00209937,93.05173955,17.49973127,17.45368866,82.50026873,82.54631134,21.81506189,21.04962113,27.92135262,27.78778253,78.84631195,82.34850817
142,,Genetic bank,6,F24 3441,ABC-7714-1,Alysicarpus,glumaceus,Alysicarpus glumaceus,93.10137972,,17.40764605,,82.59235395,,20.28418036,,27.65421243,,85.85070439,
143,,Genetic bank,6,F24 3442,ABC-7757-1,Clitoria,ternatea,Clitoria ternatea,92.05,92.12039046,8.24551874,8.244234424,91.75448126,91.75576558,20.48925605,22.6154996,22.59976687,21.94936226,58.39083458,57.23012208
144,,Genetic bank,6,F24 3442,ABC-7757-1,Clitoria,ternatea,Clitoria ternatea,92.19078092,,8.242950108,,91.75704989,,24.74174315,,21.29895765,,56.06940958,
145,,Genetic bank,6,F24 3443,ABC-7759-1,Clitoria,ternatea,Clitoria ternatea,93.50064994,93.54160845,5.84964175,5.862227412,94.15035825,94.13777259,24.36583118,20.41590152,14.53248615,14.68281549,58.98002117,60.81721503
146,,Genetic bank,6,F24 3443,ABC-7759-1,Clitoria,ternatea,Clitoria ternatea,93.58256697,,5.874813074,,94.12518693,,16.46597185,,14.83314484,,62.65440889,
147,,Genetic bank,6,F24 3444,ABC-7790-1,Crotalaria,pallida,Crotalaria pallida,92.11236629,92.11118315,5.882352941,5.850741122,94.11764706,94.14925888,16.72167743,22.0861462,19.8245911,20.08618277,69.21233731,67.61203479
148,,Genetic bank,6,F24 3444,ABC-7790-1,Crotalaria,pallida,Crotalaria pallida,92.11,,5.819129302,,94.1808707,,27.45061497,,20.34777443,,66.01173228,
149,,Genetic bank,6,F24 3445,ABC-7792-1,Chamaecrista,rotundifolia,Chamaecrista rotundifolia,92.81287485,92.87643743,8.045234249,8.05209851,91.95476575,91.94790149,27.22443596,23.63066193,22.88043504,23.50042464,63.71707787,63.99407622
150,,Genetic bank,6,F24 3445,ABC-7792-1,Chamaecrista,rotundifolia,Chamaecrista rotundifolia,92.94,,8.058962772,,91.94103723,,20.0368879,,24.12041423,,64.27107457,
151,,Genetic bank,6,F24 3446,ABC-7816-1,Indigofera,spicata,Indigofera spicata,92.43,92.50111417,17.50513902,17.58626282,82.49486098,82.41373718,20.11818757,24.06341709,23.70514025,23.10642255,52.81681908,54.74263748
152,,Genetic bank,6,F24 3446,ABC-7816-1,Indigofera,spicata,Indigofera spicata,92.57222833,,17.66738661,,82.33261339,,28.00864661,,22.50770485,,56.66845589,
153,,Genetic bank,6,F24 3447,ABC-7858-1,Crotalaria,incana,Crotalaria incana,93.09,93.155,9.098721667,9.146013912,90.90127833,90.85398609,27.81204464,29.43059343,25.7221982,23.57983665,61.77373494,60.75471542
154,,Genetic bank,6,F24 3447,ABC-7858-1,Crotalaria,incana,Crotalaria incana,93.22,,9.193306157,,90.80669384,,31.04914222,,21.43747509,,59.73569591,
155,,Genetic bank,6,F24 3448,ABC-7972-1,Canavalia,brasiliensis,Canavalia brasiliensis,91.82,91.88,17.45807014,17.8164834,82.54192986,82.1835166,31.48000483,29.01401583,23.19506902,23.87081726,56.65005578,56.1091518
156,,Genetic bank,6,F24 3448,ABC-7972-1,Canavalia,brasiliensis,Canavalia brasiliensis,91.94,,18.17489667,,81.82510333,,26.54802683,,24.54656549,,55.56824783,
157,,Genetic bank,6,F24 3449,ABC-8205-1,Indigofera,suffruticosa,Indigofera suffruticosa,92.13,92.225,14.53381092,14.65425381,85.46618908,85.34574619,26.44871462,25.335008,27.03323488,26.75249523,51.67027222,51.19431248
158,,Genetic bank,6,F24 3449,ABC-8205-1,Indigofera,suffruticosa,Indigofera suffruticosa,92.32,,14.77469671,,85.22530329,,24.22130138,,26.47175558,,50.71835274,
159,,Genetic bank,6,F24 3450,ABC-8402-1,Indigofera,suffruticosa,Indigofera suffruticosa,91.95,92.01,17.70527461,17.72088972,82.29472539,82.27911028,24.27789935,25.58233898,18.67186303,18.99313227,46.29907217,47.89959503
160,,Genetic bank,6,F24 3450,ABC-8402-1,Indigofera,suffruticosa,Indigofera suffruticosa,92.07,,17.73650483,,82.26349517,,26.88677861,,19.31440151,,49.50011789,
161,,Genetic bank,6,F24 3451,ABC-8408-1,Chamaecrista,nictitans,Chamaecrista nictitans,93.96181146,94.01679496,6.841153314,6.884976232,93.15884669,93.11502377,26.31287847,24.85046879,38.79729316,38.38327518,58.5049959,58.65399616
162,,Genetic bank,6,F24 3451,ABC-8408-1,Chamaecrista,nictitans,Chamaecrista nictitans,94.07177847,,6.92879915,,93.07120085,,23.38805912,,37.96925721,,58.80299642,
163,,Genetic bank,6,F24 3452,ABC-8409-1,Chamaecrista,nictitans,Chamaecrista nictitans,91.91242627,91.93701698,7.613661083,7.660929259,92.38633892,92.33907074,23.91713839,25.85235955,39.31213235,38.02759415,62.40454731,61.85587213
164,,Genetic bank,6,F24 3452,ABC-8409-1,Chamaecrista,nictitans,Chamaecrista nictitans,91.96160768,,7.708197434,,92.29180257,,27.78758071,,36.74305595,,61.30719696,
165,,Genetic bank,6,F24 3453,ABC-8719-1,Canavalia,sp.,Canavalia sp.,93.42328836,93.52759939,17.1177918,17.13245986,82.8822082,82.86754014,27.31500964,23.79660353,16.43957802,16.09918371,41.54842529,40.18477672
166,,Genetic bank,6,F24 3453,ABC-8719-1,Canavalia,sp.,Canavalia sp.,93.63191043,,17.14712791,,82.85287209,,20.27819741,,15.7587894,,38.82112816,
167,,Genetic bank,6,F24 3454,ABC-8797-1,Desmanthus,virgatus,Desmanthus virgatus,93.09345327,92.94852574,7.118316513,7.059427508,92.88168349,92.94057249,20.40453153,23.1295439,30.11625699,30.21775381,59.23304043,59.9499983
168,,Genetic bank,6,F24 3454,ABC-8797-1,Desmanthus,virgatus,Desmanthus virgatus,92.8035982,,7.000538503,,92.9994615,,25.85455626,,30.31925063,,60.66695616,
169,,Genetic bank,6,F24 3455,ABC-8819-1,Coursetia,caribaea,Coursetia caribaea,91.69415292,91.77870381,13.75626771,13.95647988,86.24373229,86.04352012,26.18410142,24.00645742,17.66952458,18.24323904,51.40754591,51.97573659
170,,Genetic bank,6,F24 3455,ABC-8819-1,Coursetia,caribaea,Coursetia caribaea,91.8632547,,14.15669206,,85.84330794,,21.82881342,,18.8169535,,52.54392727,
171,,Genetic bank,6,F24 3456,ABC-9170-1,Indigofera,lespedezioides,Indigofera lespedezioides,93.08207538,93.09103769,15.32595854,15.38048733,84.67404146,84.61951267,21.52108571,20.75389269,41.69760353,41.98638116,54.82821066,54.57173406
172,,Genetic bank,6,F24 3456,ABC-9170-1,Indigofera,lespedezioides,Indigofera lespedezioides,93.1,,15.43501611,,84.56498389,,19.98669966,,42.27515879,,54.31525746,
173,,Genetic bank,6,F24 3457,ABC-9254-1,Crotalaria,pallida,Crotalaria pallida,90.86,90.82638109,6.603565926,6.638052507,93.39643407,93.36194749,20.48504618,24.64778486,21.24990056,20.57624578,55.38070717,55.33710134
174,,Genetic bank,6,F24 3457,ABC-9254-1,Crotalaria,pallida,Crotalaria pallida,90.79276217,,6.672539088,,93.32746091,,28.81052353,,19.902591,,55.2934955,
175,,Genetic bank,6,F24 3458,ABC-9283-1,Crotalaria,pallida,Crotalaria pallida,92.76072393,92.80107782,8.21386224,8.193728449,91.78613776,91.80627155,28.1974698,25.55766027,15.20329524,15.01232891,54.98031476,54.1619301
176,,Genetic bank,6,F24 3458,ABC-9283-1,Crotalaria,pallida,Crotalaria pallida,92.84143171,,8.173594659,,91.82640534,,22.91785074,,14.82136258,,53.34354543,
177,,Genetic bank,6,F24 3459,ABC-9288-1,Indigofera,suffruticosa,Indigofera suffruticosa,93.7,93.755,11.93169691,11.90871169,88.06830309,88.09128831,22.68467015,27.5825287,16.3291768,16.46284897,52.25645049,52.41146942
178,,Genetic bank,6,F24 3459,ABC-9288-1,Indigofera,suffruticosa,Indigofera suffruticosa,93.81,,11.88572647,,88.11427353,,32.48038724,,16.59652115,,52.56648835,
179,,Genetic bank,6,F24 3460,ABC-9336-1,Clitoria,ternatea,Clitoria ternatea,90.37192561,90.39240088,8.109304127,8.112591028,91.89069587,91.88740897,33.6886583,31.6648623,19.4231364,19.15227714,48.63511665,48.60971355
180,,Genetic bank,6,F24 3460,ABC-9336-1,Clitoria,ternatea,Clitoria ternatea,90.41287614,,8.11587793,,91.88412207,,29.64106629,,18.88141789,,48.58431045,
181,,Genetic bank,6,F24 3461,ABC-9349-1,Mucuna,pruriens,Mucuna pruriens,91.33260022,91.42214894,8.636164623,8.633607276,91.36383538,91.36639272,29.30719938,30.38137152,27.78135042,27.80099367,55.88215726,55.5632413
182,,Genetic bank,6,F24 3461,ABC-9349-1,Mucuna,pruriens,Mucuna pruriens,91.51169766,,8.631049929,,91.36895007,,31.45554367,,27.82063691,,55.24432534,
183,,Genetic bank,6,F24 3462,ABC-9356-1,Tephrosia,noctiflora,Tephrosia noctiflora,92.98070193,93.0320801,8.398752554,8.360226701,91.60124745,91.6397733,30.91120176,30.62410081,20.54193059,20.60305675,55.73179674,55.97912636
184,,Genetic bank,6,F24 3462,ABC-9356-1,Tephrosia,noctiflora,Tephrosia noctiflora,93.08345827,,8.321700848,,91.67829915,,30.33699987,,20.66418291,,56.22645599,
185,,Genetic bank,6,F24 3463,ABC-9432-1,Clitoria,ternatea,Clitoria ternatea,91.25437281,91.27936032,8.039430449,8.031756823,91.96056955,91.96824318,30.91952213,31.25458694,17.479488,17.91608339,46.48848228,44.95314053
186,,Genetic bank,6,F24 3463,ABC-9432-1,Clitoria,ternatea,Clitoria ternatea,91.30434783,,8.024083196,,91.9759168,,31.58965175,,18.35267878,,43.41779879,
187,,Genetic bank,6,F24 3464,ABC-9433-1,Clitoria,ternatea,Clitoria ternatea,94.25287356,94.27286357,9.48038176,9.441272076,90.51961824,90.55872792,30.58656643,31.6787523,21.95966794,21.94377376,44.31689873,43.14194918
188,,Genetic bank,6,F24 3464,ABC-9433-1,Clitoria,ternatea,Clitoria ternatea,94.29285357,,9.402162391,,90.59783761,,32.77093817,,21.92787958,,41.96699963,
189,,Genetic bank,6,F24 3465,ABC-9435-1,Desmanthus,pubescens,Desmanthus pubescens,94.59108178,94.58635365,8.498044604,8.482190043,91.5019554,91.51780996,26.8210407,26.77532246,35.84907394,36.05686171,54.40665917,53.82572072
190,,Genetic bank,6,F24 3465,ABC-9435-1,Desmanthus,pubescens,Desmanthus pubescens,94.58162551,,8.466335483,,91.53366452,,26.72960421,,36.26464947,,53.24478227,
191,,Genetic bank,6,F24 3466,ABC-9530-1,Crotalaria,maypurensis,Crotalaria maypurensis,93.22338831,93.26303362,8.845287874,8.793760286,91.15471213,91.20623971,32.65498846,32.65498846,11.18089503,10.83686663,32.95438697,32.19897401
192,,Genetic bank,6,F24 3466,ABC-9530-1,Crotalaria,maypurensis,Crotalaria maypurensis,93.30267893,,8.742232698,,91.2577673,,32.65498846,,10.49283823,,31.44356105,
193,,Genetic bank,6,F24 3467,ABC-9562-1,Eriosema,diffusum,Eriosema diffusum,93.91,93.93151174,8.508146097,8.403009219,91.4918539,91.59699078,18.10554432,18.10554432,52.00739046,51.96325733,64.33949364,64.55154831
194,,Genetic bank,6,F24 3467,ABC-9562-1,Eriosema,diffusum,Eriosema diffusum,93.95302349,,8.29787234,,91.70212766,,18.10554432,,51.91912419,,64.76360299,
195,,Genetic bank,6,F24 3468,ABC-9982-1,Crotalaria,incana,Crotalaria incana,93.76311844,93.81655922,8.613154248,8.64768717,91.38684575,91.35231283,26.85672385,26.85672385,13.97311302,14.32890927,46.44758291,46.83102013
196,,Genetic bank,6,F24 3468,ABC-9982-1,Crotalaria,incana,Crotalaria incana,93.87,,8.682220092,,91.31777991,,26.85672385,,14.68470551,,47.21445736,
197,,Genetic bank,6,F24 3469,ABC-10647-1,Stylosanthes,scabra,Stylosanthes scabra,92.95281887,92.92782887,9.34509087,9.358364243,90.65490913,90.64163576,20.01579809,20.01579809,32.86281412,32.44224002,57.000799,56.19410887
198,,Genetic bank,6,F24 3469,ABC-10647-1,Stylosanthes,scabra,Stylosanthes scabra,92.90283886,,9.371637616,,90.62836238,,20.01579809,,32.02166593,,55.38741874,
199,,Genetic bank,6,F24 3470,ABC-11194-1,Stylosanthes,hamata,Stylosanthes hamata,92.88213536,92.89142264,9.783661608,9.606070391,90.21633839,90.39392961,21.17967693,21.17967693,30.39423714,30.17992448,56.19486686,55.93710804
200,,Genetic bank,6,F24 3470,ABC-11194-1,Stylosanthes,hamata,Stylosanthes hamata,92.90070993,,9.428479173,,90.57152083,,21.17967693,,29.96561182,,55.67934921,
201,,Genetic bank,7,F24 3471,ABC-11999-1,Stylosanthes,guianensis,Stylosanthes guianensis,93.44196741,93.5025929,10.27,10.465,89.73,89.535,20.08914589,20.08914589,32.87994342,33.8951169,59.74610052,61.31669822
202,,Genetic bank,7,F24 3471,ABC-11999-1,Stylosanthes,guianensis,Stylosanthes guianensis,93.56321839,,10.66,,89.34,,20.08914589,,34.91029039,,62.88729593,
203,,Genetic bank,7,F24 3472,ABC-12318-1,Stylosanthes,hamata,Stylosanthes hamata,94.10294853,94.102359,11.07,11.085,88.93,88.915,22.04897357,22.04897357,29.13357684,29.34322756,53.9014198,55.25520846
204,,Genetic bank,7,F24 3472,ABC-12318-1,Stylosanthes,hamata,Stylosanthes hamata,94.10176947,,11.1,,88.9,,22.04897357,,29.55287829,,56.60899712,
205,,Genetic bank,7,F24 3473,ABC-13575-1,Desmodium,incanum,Desmodium incanum,94.10117976,94.13646412,11.54,11.515,88.46,88.485,23.16919124,23.16919124,43.40548533,44.08764943,57.12037272,57.60611616
206,,Genetic bank,7,F24 3473,ABC-13575-1,Desmodium,incanum,Desmodium incanum,94.17174848,,11.49,,88.51,,23.16919124,,44.76981353,,58.0918596,
207,,Genetic bank,7,F24 3474,ABC-13609-1,Desmodium,incanum,Desmodium incanum,93.34332834,93.40199114,11.75,11.575,88.25,88.425,20.01347066,20.01347066,42.15809354,40.85292871,58.11257089,58.78077664
208,,Genetic bank,7,F24 3474,ABC-13609-1,Desmodium,incanum,Desmodium incanum,93.46065393,,11.4,,88.6,,20.01347066,,39.54776388,,59.44898239,
209,,Genetic bank,7,F24 3475,ABC-15551-1,Centrosema,molle,Centrosema molle,93.77,93.75094022,10.47,10.485,89.53,89.515,22.31266675,22.31266675,23.34914874,23.67242922,62.3421133,61.58812353
210,,Genetic bank,7,F24 3475,ABC-15551-1,Centrosema,molle,Centrosema molle,93.73188044,,10.5,,89.5,,22.31266675,,23.9957097,,60.83413376,
211,,Genetic bank,7,F24 3476,ABC-17024-1,Desmanthus,pernambucanus,Desmanthus pernambucanus,92.54372814,92.53223803,8.19,8.23,91.81,91.77,24.6266959,24.6266959,31.82647479,32.03196846,58.56969638,58.23503518
212,,Genetic bank,7,F24 3476,ABC-17024-1,Desmanthus,pernambucanus,Desmanthus pernambucanus,92.52074793,,8.27,,91.73,,24.6266959,,32.23746214,,57.90037398,
213,,Genetic bank,7,F24 3477,ABC-17091-1,Crotalaria,micans,Crotalaria micans,94.18058194,94.56155534,8.39,8.37,91.61,91.63,24.38060094,24.38060094,16.95252212,17.15303522,49.48032931,49.73373546
214,,Genetic bank,7,F24 3477,ABC-17091-1,Crotalaria,micans,Crotalaria micans,94.94252874,,8.35,,91.65,,24.38060094,,17.35354831,,49.98714161,
215,,Genetic bank,7,F24 3478,ABC-17365-1,Clitoria,ternatea,Clitoria ternatea,93.39198241,93.3869839,7.51,7.63,92.49,92.37,32.12201646,32.12201646,23.04515395,23.36870323,50.87574418,51.72327633
216,,Genetic bank,7,F24 3478,ABC-17365-1,Clitoria,ternatea,Clitoria ternatea,93.3819854,,7.75,,92.25,,32.12201646,,23.6922525,,52.57080849,
217,,Genetic bank,7,F24 3479,ABC-17451-1,Canavalia,sp.,Canavalia sp.,91.65333866,91.64376079,19.59,19.475,80.41,80.525,22.34228589,22.34228589,19.9664378,20.07506852,48.93839022,49.14213417
218,,Genetic bank,7,F24 3479,ABC-17451-1,Canavalia,sp.,Canavalia sp.,91.63418291,,19.36,,80.64,,22.34228589,,20.18369925,,49.34587812,
219,,Genetic bank,7,F24 3480,ABC-17775-1,Christia,obcordata,Christia obcordata,94.07177847,94.3019828,10.68,10.725,89.32,89.275,16.04996893,16.04996893,25.64550373,26.03646082,53.08435061,54.96795705
220,,Genetic bank,7,F24 3480,ABC-17775-1,Christia,obcordata,Christia obcordata,94.53218713,,10.77,,89.23,,16.04996893,,26.42741792,,56.8515635,
221,,Genetic bank,7,F24 3481,ABC-18016-1,Sesbania,emerus,Sesbania emerus,93.01209637,93.22268986,7.6,7.685,92.4,92.315,24.15784219,24.15784219,27.14059342,28.11638345,56.82055093,56.38157902
222,,Genetic bank,7,F24 3481,ABC-18016-1,Sesbania,emerus,Sesbania emerus,93.43328336,,7.77,,92.23,,24.15784219,,29.09217348,,55.9426071,
223,,Genetic bank,7,F24 3482,ABC-18044-1,Christia,sp.,Christia sp.,93.71188643,93.66689993,14.45,14.44,85.55,85.56,21.00012874,21.00012874,23.0296543,22.6938603,55.45525749,54.67917535
224,,Genetic bank,7,F24 3482,ABC-18044-1,Christia,sp.,Christia sp.,93.62191343,,14.43,,85.57,,21.00012874,,22.35806629,,53.90309322,
225,,Genetic bank,7,F24 3483,ABC-18288-1,Sesbania,exasperata,Sesbania exasperata,92.94211736,92.91141465,8.93,8.89,91.07,91.11,23.18028169,23.18028169,28.03169547,27.95025006,51.51388346,51.10366055
226,,Genetic bank,7,F24 3483,ABC-18288-1,Sesbania,exasperata,Sesbania exasperata,92.88071193,,8.85,,91.15,,23.18028169,,27.86880464,,50.69343764,
227,,Genetic bank,7,F24 3484,ABC-18447-1,Clitoria,ternatea,Clitoria ternatea,92.82358821,92.93353323,7.45,7.5,92.55,92.5,29.41115131,29.41115131,26.35106691,26.19653597,55.79141192,54.05004759
228,,Genetic bank,7,F24 3484,ABC-18447-1,Clitoria,ternatea,Clitoria ternatea,93.04347826,,7.55,,92.45,,29.41115131,,26.04200502,,52.30868327,
229,,Genetic bank,7,F24 3485,ABC-18455-1,Christia,obcordata,Christia obcordata,93.2133933,93.2033983,14.5,14.45,85.5,85.55,21.77303294,21.77303294,22.36886095,22.27016756,52.98974006,52.42690104
230,,Genetic bank,7,F24 3485,ABC-18455-1,Christia,obcordata,Christia obcordata,93.1934033,,14.4,,85.6,,21.77303294,,22.17147418,,51.86406202,
231,,Genetic bank,7,F24 3486,ABC-18707-1,Crotalaria,pallida,Crotalaria pallida,92.76144771,92.82607932,7.32,7.44,92.68,92.56,37.49811369,37.49811369,22.10757358,22.03122998,53.42481874,51.92656888
232,,Genetic bank,7,F24 3486,ABC-18707-1,Crotalaria,pallida,Crotalaria pallida,92.89071093,,7.56,,92.44,,37.49811369,,21.95488639,,50.42831902,
233,,Genetic bank,7,F24 3487,ABC-18749-1,Arachis,pintoi,Arachis pintoi,92.8035982,92.69753995,14.34,14.32,85.66,85.68,21.12793945,21.12793945,27.2652202,27.42442885,51.9975456,51.5288203
234,,Genetic bank,7,F24 3487,ABC-18749-1,Arachis,pintoi,Arachis pintoi,92.5914817,,14.3,,85.7,,21.12793945,,27.58363749,,51.060095,
235,,Genetic bank,7,F24 3488,ABC-18813-1,Crotalaria,nitens,Crotalaria nitens,91.65083492,91.79702881,17.07,16.91,82.93,83.09,17.16342238,17.16342238,28.31696092,28.68680636,51.62297256,52.37107717
236,,Genetic bank,7,F24 3488,ABC-18813-1,Crotalaria,nitens,Crotalaria nitens,91.94322271,,16.75,,83.25,,17.16342238,,29.05665181,,53.11918178,
237,,Genetic bank,7,F24 3489,ABC-18848-1,Alysicarpus,rugosus,Alysicarpus rugosus,94.39112178,94.4269452,24.47,24.505,75.53,75.495,19.98876765,19.98876765,27.49648452,28.13229937,47.60570016,48.33421443
238,,Genetic bank,7,F24 3489,ABC-18848-1,Alysicarpus,rugosus,Alysicarpus rugosus,94.46276862,,24.54,,75.46,,19.98876765,,28.76811422,,49.0627287,
239,,Genetic bank,7,F24 3490,ABC-18862-1,Alysicarpus,rugosus,Alysicarpus rugosus,93.03069693,93.06534847,16.41,16.355,83.59,83.645,24.57881528,24.57881528,21.78161327,21.71893469,48.20003233,49.433281
240,,Genetic bank,7,F24 3490,ABC-18862-1,Alysicarpus,rugosus,Alysicarpus rugosus,93.1,,16.3,,83.7,,24.57881528,,21.65625612,,50.66652966,
241,,Genetic bank,7,F24 3491,ABC-18931-1,Tephrosia,linearis,Tephrosia linearis,93.5,93.53564287,10.87,10.785,89.13,89.215,28.55552953,28.55552953,19.66808936,19.07405185,59.36999731,61.08643903
242,,Genetic bank,7,F24 3491,ABC-18931-1,Tephrosia,linearis,Tephrosia linearis,93.57128574,,10.7,,89.3,,28.55552953,,18.48001434,,62.80288074,
243,,Genetic bank,7,F24 3492,ABC-19038-1,Canavalia,sp.,Canavalia sp.,90.16196761,90.17147475,16.15,16.035,83.85,83.965,23.78356078,23.78356078,17.61235458,17.61119084,48.86713402,47.64742547
244,,Genetic bank,7,F24 3492,ABC-19038-1,Canavalia,sp.,Canavalia sp.,90.1809819,,15.92,,84.08,,23.78356078,,17.61002711,,46.42771692,
245,,Genetic bank,7,F24 3493,ABC-19118-1,Alysicarpus,rugosus,Alysicarpus rugosus,92.87,92.92035146,11.42,11.39,88.58,88.61,22.79950205,22.79950205,24.47548155,24.1800352,44.41393365,44.31262576
246,,Genetic bank,7,F24 3493,ABC-19118-1,Alysicarpus,rugosus,Alysicarpus rugosus,92.97070293,,11.36,,88.64,,22.79950205,,23.88458886,,44.21131787,
247,,Genetic bank,7,F24 3494,ABC-19127-1,Alysicarpus,rugosus,Alysicarpus rugosus,92.21,92.25154138,10.3,10.385,89.7,89.615,19.49502682,19.49502682,35.05181828,34.90972739,58.78371748,57.93355379
248,,Genetic bank,7,F24 3494,ABC-19127-1,Alysicarpus,rugosus,Alysicarpus rugosus,92.29308277,,10.47,,89.53,,19.49502682,,34.7676365,,57.0833901,
249,,Genetic bank,7,F24 3495,ABC-19128-1,Alysicarpus,rugosus,Alysicarpus rugosus,92.64073593,92.68536796,9.47,9.45,90.53,90.55,17.09154173,17.09154173,39.78003939,40.01004818,61.61152598,61.97315593
250,,Genetic bank,7,F24 3495,ABC-19128-1,Alysicarpus,rugosus,Alysicarpus rugosus,92.73,,9.43,,90.57,,17.09154173,,40.24005698,,62.33478588,
251,,Genetic bank,7,F24 3496,ABC-19129-1,Alysicarpus,rugosus,Alysicarpus rugosus,93.40131974,93.45695735,11.55,11.985,88.45,88.015,17.81459969,17.81459969,36.53895419,36.71002423,61.30686614,62.07653936
252,,Genetic bank,7,F24 3496,ABC-19129-1,Alysicarpus,rugosus,Alysicarpus rugosus,93.51259496,,12.42,,87.58,,17.81459969,,36.88109426,,62.84621258,
253,,Genetic bank,7,F24 3497,ABC-19133-1,Alysicarpus,rugosus,Alysicarpus rugosus,93.1427429,93.12740464,12,11.81,88,88.19,17.49348196,17.49348196,34.69912088,35.05733935,54.5170921,55.15014717
254,,Genetic bank,7,F24 3497,ABC-19133-1,Alysicarpus,rugosus,Alysicarpus rugosus,93.11206638,,11.62,,88.38,,17.49348196,,35.41555783,,55.78320225,
255,,Genetic bank,7,F24 3498,ABC-19137-1,Alysicarpus,rugosus,Alysicarpus rugosus,93.79186244,93.77186844,11.03,10.965,88.97,89.035,18.129116,18.129116,33.73327237,33.34237695,57.75025344,57.06964178
256,,Genetic bank,7,F24 3498,ABC-19137-1,Alysicarpus,rugosus,Alysicarpus rugosus,93.75187444,,10.9,,89.1,,18.129116,,32.95148153,,56.38903013,
257,,Genetic bank,7,F24 3499,ABC-19138-1,Alysicarpus,rugosus,Alysicarpus rugosus,92.59,92.69072086,11.35,11.37,88.65,88.63,21.31731707,21.31731707,31.79353115,32.53670505,52.53681868,54.0327314
258,,Genetic bank,7,F24 3499,ABC-19138-1,Alysicarpus,rugosus,Alysicarpus rugosus,92.79144171,,11.39,,88.61,,21.31731707,,33.27987896,,55.52864413,
259,,Genetic bank,7,F24 3500,ABC-19139-1,Alysicarpus,ovalifolius,Alysicarpus ovalifolius,94.61107778,94.60553889,11.35,12.045,88.65,87.955,18.53940369,18.53940369,34.81682261,35.03283324,58.66046333,58.30815457
260,,Genetic bank,7,F24 3500,ABC-19139-1,Alysicarpus,ovalifolius,Alysicarpus ovalifolius,94.6,,12.74,,87.26,,18.53940369,,35.24884387,,57.95584582,
261,28-02-2025,Breeding,9,F25 0990,ABC-PM21_0053,Megathyrsus ,maximus,Megathyrsus maximus,95.81083783,95.80083983,11.32941805,11.41385651,88.67058195,88.58614349,14.96531353,14.92263771,32.53639506,32.65995062,68.53177284,67.93183843
262,28-02-2025,Breeding,9,F25 0990,ABC-PM21_0053,Megathyrsus ,maximus,Megathyrsus maximus,95.79084183,,11.49829497,,88.50170503,,14.87996188,,32.78350617,,67.33190402,
263,28-02-2025,Breeding,9,F25 0991,ABC-PM21_3550,Megathyrsus ,maximus,Megathyrsus maximus,96.61067786,96.67566487,14.45783133,14.27167899,85.54216867,85.72832101,14.61138437,14.63694296,30.37265304,30.13686542,69.19046891,69.1807804
264,28-02-2025,Breeding,9,F25 0991,ABC-PM21_3550,Megathyrsus ,maximus,Megathyrsus maximus,96.74065187,,14.08552666,,85.91447334,,14.66250156,,29.9010778,,69.17109189,
265,28-02-2025,Breeding,9,F25 0992,ABC-PM21_3595,Megathyrsus ,maximus,Megathyrsus maximus,95.85248851,95.88144873,16.73980732,16.60842131,83.26019268,83.39157869,14.24606837,14.25983492,30.98589752,30.86053506,68.01592327,68.73254854
266,28-02-2025,Breeding,9,F25 0992,ABC-PM21_3595,Megathyrsus ,maximus,Megathyrsus maximus,95.91040896,,16.4770353,,83.5229647,,14.27360147,,30.73517261,,69.44917382,
267,28-02-2025,Breeding,9,F25 0993,ABC-PM21_0086,Megathyrsus ,maximus,Megathyrsus maximus,96.84189486,97.47142219,14.85698155,15.36018425,85.14301845,84.63981575,14.78636094,14.80638782,31.13377098,31.01613067,67.36537042,67.37598947
268,28-02-2025,Breeding,9,F25 0993,ABC-PM21_0086,Megathyrsus ,maximus,Megathyrsus maximus,98.10094953,,15.86338695,,84.13661305,,14.82641469,,30.89849036,,67.38660852,
269,28-02-2025,Breeding,9,F25 0994,ABC-CIAT_16048,Megathyrsus ,maximus,Megathyrsus maximus,97.4005199,97.56082966,15.36170064,15.2774384,84.63829936,84.7225616,17.38158977,17.3378444,31.70948586,31.99715999,67.28661645,67.10207687
270,28-02-2025,Breeding,9,F25 0994,ABC-CIAT_16048,Megathyrsus ,maximus,Megathyrsus maximus,97.72113943,,15.19317615,,84.80682385,,17.29409903,,32.28483412,,66.91753728,
271,28-02-2025,Breeding,9,F25 0995,ABC-PM21_0185,Megathyrsus ,maximus,Megathyrsus maximus,96.40107968,96.48588277,13.85279361,13.88457253,86.14720639,86.11542747,16.73943327,16.72567444,28.14452653,27.90094408,67.12855577,66.83112433
272,28-02-2025,Breeding,9,F25 0995,ABC-PM21_0185,Megathyrsus ,maximus,Megathyrsus maximus,96.57068586,,13.91635144,,86.08364856,,16.71191561,,27.65736162,,66.53369288,
273,28-02-2025,Breeding,9,F25 0996,ABC-PM21_0215,Megathyrsus ,maximus,Megathyrsus maximus,95.47090582,95.59088182,13.56552662,13.71195482,86.43447338,86.28804518,15.16534338,15.16078345,30.5316324,30.24515529,67.38710857,67.2344246
274,28-02-2025,Breeding,9,F25 0996,ABC-PM21_0215,Megathyrsus ,maximus,Megathyrsus maximus,95.71085783,,13.85838301,,86.14161699,,15.15622351,,29.95867818,,67.08174063,
275,28-02-2025,Breeding,9,F25 0997,ABC-CIAT_16051,Megathyrsus ,maximus,Megathyrsus maximus,95.99160336,96.15135501,13.92039263,13.97827277,86.07960737,86.02172723,14.95914637,14.91332159,30.83925513,31.61010586,68.17360139,68.2189537
276,28-02-2025,Breeding,9,F25 0997,ABC-CIAT_16051,Megathyrsus ,maximus,Megathyrsus maximus,96.31110667,,14.03615291,,85.96384709,,14.8674968,,32.38095659,,68.26430601,
277,28-02-2025,Breeding,9,F25 0998,ABC-PM21_6080,Megathyrsus ,maximus,Megathyrsus maximus,96.23188406,96.34700339,15.38458715,15.44086948,84.61541285,84.55913052,18.25157098,18.29048196,32.95488054,31.99374341,67.99010871,67.46820868
278,28-02-2025,Breeding,9,F25 0998,ABC-PM21_6080,Megathyrsus ,maximus,Megathyrsus maximus,96.46212273,,15.4971518,,84.5028482,,18.32939294,,31.03260627,,66.94630865,
279,28-02-2025,Breeding,9,F25 0999,ABC-PM21_3684,Megathyrsus ,maximus,Megathyrsus maximus,97.17113155,97.38068626,13.43671584,13.45926704,86.56328416,86.54073296,14.74815432,14.78131999,30.42779577,30.38588054,70.47290392,70.03250777
280,28-02-2025,Breeding,9,F25 0999,ABC-PM21_3684,Megathyrsus ,maximus,Megathyrsus maximus,97.59024098,,13.48181825,,86.51818175,,14.81448566,,30.3439653,,69.59211162,
281,28-02-2025,Breeding,9,F25 1000,ABC-PM21_0076,Megathyrsus ,maximus,Megathyrsus maximus,94.86205518,94.90703719,15.38785613,15.42471957,84.61214387,84.57528043,16.17987857,16.15211492,32.38276338,32.19080267,66.29959502,67.60458566
282,28-02-2025,Breeding,9,F25 1000,ABC-PM21_0076,Megathyrsus ,maximus,Megathyrsus maximus,94.95201919,,15.46158302,,84.53841698,,16.12435126,,31.99884195,,68.90957631,
283,28-02-2025,Breeding,9,F25 1001,ABC-CIAT_6890,Megathyrsus ,maximus,Megathyrsus maximus,96.18076385,96.16595925,12.257604,12.31936474,87.742396,87.68063526,15.95943204,15.86572264,34.22487194,34.27013017,72.59324657,71.38638313
284,28-02-2025,Breeding,9,F25 1001,ABC-CIAT_6890,Megathyrsus ,maximus,Megathyrsus maximus,96.15115465,,12.38112547,,87.61887453,,15.77201324,,34.31538841,,70.17951969,
285,28-02-2025,Breeding,9,F25 1002,ABC-PM21_6638,Megathyrsus ,maximus,Megathyrsus maximus,95.58044196,95.66649521,16.63948086,16.6457702,83.36051914,83.3542298,14.34328359,14.2420424,34.63058061,34.5406945,67.43302037,67.33885028
286,28-02-2025,Breeding,9,F25 1002,ABC-PM21_6638,Megathyrsus ,maximus,Megathyrsus maximus,95.75254847,,16.65205953,,83.34794047,,14.14080122,,34.45080839,,67.24468019,
287,28-02-2025,Breeding,9,F25 1003,ABC-PM21_0052,Megathyrsus ,maximus,Megathyrsus maximus,95.44091182,95.43591282,14.00659997,14.13231366,85.99340003,85.86768634,15.22455413,15.40599,32.18770122,31.81079165,65.50460292,65.12700898
288,28-02-2025,Breeding,9,F25 1003,ABC-PM21_0052,Megathyrsus ,maximus,Megathyrsus maximus,95.43091382,,14.25802734,,85.74197266,,15.58742586,,31.43388207,,64.74941504,
289,28-02-2025,Breeding,9,F25 1004,ABC-PM21_4449,Megathyrsus ,maximus,Megathyrsus maximus,96.06157537,96.14097667,12.77819967,12.80091692,87.22180033,87.19908308,14.59080653,14.53670485,32.8855697,32.66650116,69.88245799,70.17727731
290,28-02-2025,Breeding,9,F25 1004,ABC-PM21_4449,Megathyrsus ,maximus,Megathyrsus maximus,96.22037796,,12.82363416,,87.17636584,,14.48260316,,32.44743262,,70.47209663,
291,28-02-2025,Breeding,9,F25 1005,ABC-CIAT_6799,Megathyrsus ,maximus,Megathyrsus maximus,96.48070386,96.01124357,12.7147176,12.65618459,87.2852824,87.34381541,13.53725897,13.54429904,33.72138703,33.69825288,71.71790917,71.54773333
292,28-02-2025,Breeding,9,F25 1005,ABC-CIAT_6799,Megathyrsus ,maximus,Megathyrsus maximus,95.54178329,,12.59765157,,87.40234843,,13.55133911,,33.67511874,,71.3775575,
293,28-02-2025,Breeding,9,F25 1006,ABC-PM21_0055,Megathyrsus ,maximus,Megathyrsus maximus,96.09195402,96.30167473,13.64818247,13.33227816,86.35181753,86.66772184,16.61401948,16.4819727,31.83297629,31.62422417,65.81278849,65.67783936
294,28-02-2025,Breeding,9,F25 1006,ABC-PM21_0055,Megathyrsus ,maximus,Megathyrsus maximus,96.51139544,,13.01637385,,86.98362615,,16.34992592,,31.41547205,,65.54289024,
295,28-02-2025,Breeding,9,F25 1007,ABC-PM21_6529,Megathyrsus ,maximus,Megathyrsus maximus,96.59034097,96.55621386,14.84996726,14.92388537,85.15003274,85.07611463,12.65050808,12.68034511,30.39390062,30.14537777,68.25706692,68.17657505
296,28-02-2025,Breeding,9,F25 1007,ABC-PM21_6529,Megathyrsus ,maximus,Megathyrsus maximus,96.52208675,,14.99780349,,85.00219651,,12.71018213,,29.89685493,,68.09608318,
297,28-02-2025,Breeding,9,F25 1008,ABC-PM21_0047,Megathyrsus ,maximus,Megathyrsus maximus,96.09,96.13019148,15.07330816,14.93213407,84.92669184,85.06786593,14.15671899,14.14910959,32.59629299,32.29175037,65.76547247,65.85180487
298,28-02-2025,Breeding,9,F25 1008,ABC-PM21_0047,Megathyrsus ,maximus,Megathyrsus maximus,96.17038296,,14.79095997,,85.20904003,,14.14150019,,31.98720776,,65.93813728,
299,28-02-2025,Breeding,9,F25 1009,ABC-PM21_2195,Megathyrsus ,maximus,Megathyrsus maximus,97.01149425,96.99650175,14.12746664,13.99866042,85.87253336,86.00133958,15.47973651,15.4919462,30.67720851,30.71226819,67.56643306,67.21269134
300,28-02-2025,Breeding,9,F25 1009,ABC-PM21_2195,Megathyrsus ,maximus,Megathyrsus maximus,96.98150925,,13.86985419,,86.13014581,,15.50415588,,30.74732786,,66.85894962,
301,28-02-2025,Breeding,9,F25 1010,ABC-PM21_2627,Megathyrsus ,maximus,Megathyrsus maximus,97.25027497,97.37051387,14.80793063,14.90398649,85.19206937,85.09601351,17.32019145,17.29271543,33.60157216,33.54419935,66.28355195,65.78624543
302,28-02-2025,Breeding,9,F25 1010,ABC-PM21_2627,Megathyrsus ,maximus,Megathyrsus maximus,97.49075277,,15.00004235,,84.99995765,,17.2652394,,33.48682654,,65.28893892,
303,28-02-2025,Breeding,9,F25 1011,ABC-PM21_0059,Megathyrsus ,maximus,Megathyrsus maximus,97.47025297,97.53036744,14.00449367,14.03454709,85.99550633,85.96545291,16.6753137,16.70851284,31.69248342,31.69637596,65.75007251,65.4591281
304,28-02-2025,Breeding,9,F25 1011,ABC-PM21_0059,Megathyrsus ,maximus,Megathyrsus maximus,97.5904819,,14.0646005,,85.9353995,,16.74171199,,31.70026851,,65.1681837,
305,28-02-2025,Breeding,9,F25 1012,ABC-PM21_3522,Megathyrsus ,maximus,Megathyrsus maximus,97.04118353,97.17612955,14.40106979,14.59651288,85.59893021,85.40348712,13.19408879,13.12453464,24.69167246,24.90305717,66.26299639,66.46570475
306,28-02-2025,Breeding,9,F25 1012,ABC-PM21_3522,Megathyrsus ,maximus,Megathyrsus maximus,97.31107557,,14.79195597,,85.20804403,,13.05498049,,25.11444188,,66.66841311,
307,28-02-2025,Breeding,9,F25 1013,ABC-PM21_0062,Megathyrsus ,maximus,Megathyrsus maximus,98.04078369,98.12048183,17.22702375,15.74178972,82.77297625,84.25821028,13.54174136,13.4700851,24.39715579,24.4222486,67.9411322,67.94162001
308,28-02-2025,Breeding,9,F25 1013,ABC-PM21_0062,Megathyrsus ,maximus,Megathyrsus maximus,98.20017998,,14.25655569,,85.74344431,,13.39842885,,24.44734141,,67.94210782,
309,28-02-2025,Breeding,9,F25 1014,ABC-PM21_0906,Megathyrsus ,maximus,Megathyrsus maximus,97.30134933,97.40642121,15.21726034,15.32423106,84.78273966,84.67576894,14.75111841,14.66534725,19.40217094,19.49710017,67.25501918,67.20085773
310,28-02-2025,Breeding,9,F25 1014,ABC-PM21_0906,Megathyrsus ,maximus,Megathyrsus maximus,97.5114931,,15.43120179,,84.56879821,,14.5795761,,19.59202941,,67.14669629,
311,28-02-2025,Genetic bank,9,F24 3501,ABC-19213-1,Clitoria,ternatea,Clitoria ternatea,93.79,93.84,13.28,11.79,86.72,88.21,31.12,31.12,37.91203528,37.55754652,51.09922823,51.31080464
312,28-02-2025,Genetic bank,9,F24 3501,ABC-19213-1,Clitoria,ternatea,Clitoria ternatea,93.89,,10.3,,89.7,,31.12,,37.20305777,,51.52238104,
313,28-02-2025,Genetic bank,9,F24 3502,ABC-19421-1,Uraria,lagopodioides,Uraria lagopodioides,93.99,94.09,18.93,18.675,81.07,81.325,20.04,20.04,27.8491901,27.79536475,45.25680517,46.04271357
314,28-02-2025,Genetic bank,9,F24 3502,ABC-19421-1,Uraria,lagopodioides,Uraria lagopodioides,94.19,,18.42,,81.58,,20.04,,27.7415394,,46.82862197,
315,28-02-2025,Genetic bank,9,F24 3503,ABC-19566-1,Tephrosia,noctiflora,Tephrosia noctiflora,95.26,93.745,14.16,12.425,85.84,87.575,25.36,25.36,19.4,19.495,43.99759588,42.59773976
316,28-02-2025,Genetic bank,9,F24 3503,ABC-19566-1,Tephrosia,noctiflora,Tephrosia noctiflora,92.23,,10.69,,89.31,,25.36,,19.59,,41.19788364,
317,28-02-2025,Genetic bank,9,F24 3504,ABC-19667-1,Indigofera,hirsuta,Indigofera hirsuta,92.42,92.42,9.94,9.955,90.06,90.045,26,26,37.91,37.555,50.60512241,50.52940068
318,28-02-2025,Genetic bank,9,F24 3504,ABC-19667-1,Indigofera,hirsuta,Indigofera hirsuta,92.42,,9.97,,90.03,,26,,37.2,,50.45367896,
319,28-02-2025,Genetic bank,9,F24 3505,ABC-19673-1,Alysicarpus,rugosus,Alysicarpus rugosus,92.5,92.51,11.78,11.98,88.22,88.02,25.41,25.41,27.85,27.795,53.11875455,53.07571035
320,28-02-2025,Genetic bank,9,F24 3505,ABC-19673-1,Alysicarpus,rugosus,Alysicarpus rugosus,92.52,,12.18,,87.82,,25.41,,27.74,,53.03266615,
321,45754,Genetic bank,10,F24-3506,ABC-19895-1,Aeschynomene ,americana,Aeschynomene americana,93.29,93.355,11.32941805,11.41385651,88.67058195,88.58614349,25.26,25.26,25.07,25.71,61.34412539,62.05894102
322,45754,Genetic bank,10,F24-3506,ABC-19895-1,Aeschynomene ,americana,Aeschynomene americana,93.42,,11.49829497,,88.50170503,,25.26,,26.35,,62.77375665,
323,45754,Genetic bank,10,F24-3507,ABC-20093-1,Canavalia ,sp.,Canavalia sp.,94.33,94.365,12.9,12.87,87.1,87.13,24.07,24.07,16.35,16.585,51.228562,50.41174401
324,45754,Genetic bank,10,F24-3507,ABC-20093-1,Canavalia ,sp.,Canavalia sp.,94.4,,12.84,,87.16,,24.07,,16.82,,49.59492601,
325,45754,Genetic bank,10,F24-3508,ABC-20113-1,Canavalia ,sp.,Canavalia sp.,94.63,94.64,15.68,15.79,84.32,84.21,18.07,18.07,15.88,15.925,49.77840953,48.42732425
326,45754,Genetic bank,10,F24-3508,ABC-20113-1,Canavalia ,sp.,Canavalia sp.,94.65,,15.9,,84.1,,18.07,,15.97,,47.07623896,
327,45754,Genetic bank,10,F24-3509,ABC-20125-1,Coursetia ,caribaea,Coursetia caribaea,93.47,93.495,13.36,13.235,86.64,86.765,20.44,20.44,18.15,18.085,43.96964902,44.2288339
328,45754,Genetic bank,10,F24-3509,ABC-20125-1,Coursetia ,caribaea,Coursetia caribaea,93.52,,13.11,,86.89,,20.44,,18.02,,44.48801878,
329,45754,Genetic bank,10,F24-3510,ABC-20298-1,Canavalia ,sp.,Canavalia sp.,93.6,93.665,15.66,16.19,84.34,83.81,22.85,22.85,21.47,21.715,42.63122741,43.09103349
330,45754,Genetic bank,10,F24-3510,ABC-20298-1,Canavalia ,sp.,Canavalia sp.,93.73,,16.72,,83.28,,22.85,,21.96,,43.55083958,
331,45754,Genetic bank,10,F24-3511,ABC-20305-1,Canavalia ,sp.,Canavalia sp.,93.5,93.545,18.84,18.34,81.16,81.66,23.35,23.35,23.93,19.375,40.87592951,39.69699346
332,45754,Genetic bank,10,F24-3511,ABC-20305-1,Canavalia ,sp.,Canavalia sp.,93.59,,17.84,,82.16,,23.35,,14.82,,38.51805742,
333,45754,Genetic bank,10,F24-3512,ABC-20803-1,Canavalia ,sp.,Canavalia sp.,93.31,93.375,15.51,15.935,84.49,84.065,22.07,22.07,14.08,15.58,50.98866177,49.53319645
334,45754,Genetic bank,10,F24-3512,ABC-20803-1,Canavalia ,sp.,Canavalia sp.,93.44,,16.36,,83.64,,22.07,,17.08,,48.07773113,
335,45754,Genetic bank,10,F24-3513,ABC-21031-1,Christia ,obcordata,Christia obcordata,94.03,94.065,20.38,19.67,79.62,80.33,20.42,20.42,8.69,8.94,45.68423306,46.57256845
336,45754,Genetic bank,10,F24-3513,ABC-21031-1,Christia ,obcordata,Christia obcordata,94.1,,18.96,,81.04,,20.42,,9.19,,47.46090383,
337,45754,Genetic bank,10,F24-3514,ABC-21128-1,Crotalaria,pallida,Crotalaria pallida,93.45,93.46,8.52,10.345,91.48,89.655,29.38,29.38,36.43,36.545,54.46115777,43.83586534
338,45754,Genetic bank,10,F24-3514,ABC-21128-1,Crotalaria,pallida,Crotalaria pallida,93.47,,12.17,,87.83,,29.38,,36.66,,33.21057291,
339,45754,Genetic bank,10,F24-3515,ABC-21212-1,Canavalia ,sp.,Canavalia sp.,93.66,93.67,16.13,14.995,83.87,85.005,23.03,22.98,21.46,20.77,31.85832415,39.81578459
340,45754,Genetic bank,10,F24-3515,ABC-21212-1,Canavalia ,sp.,Canavalia sp.,93.68,,13.86,,86.14,,22.93,,20.08,,47.77324504,
341,45754,Genetic bank,10,F24-3516,ABC-21263-1,Sesbania,rostrata,Sesbania rostrata,92.54,92.58,12.14,13.365,87.86,86.635,25.01,25.01,15.29,15.325,41.7059865,40.69445959
342,45754,Genetic bank,10,F24-3516,ABC-21263-1,Sesbania,rostrata,Sesbania rostrata,92.62,,14.59,,85.41,,25.01,,15.36,,39.68293269,
343,45754,Genetic bank,10,F24-3517,ABC-21514-1,Desmanthus ,virgatus,Desmanthus virgatus,93.6,93.55,10.8,9.915,89.2,90.085,23.25,23.25,14.72,15.23,54.76079796,55.94515835
344,45754,Genetic bank,10,F24-3517,ABC-21514-1,Desmanthus ,virgatus,Desmanthus virgatus,93.5,,9.03,,90.97,,23.25,,15.74,,57.12951874,
345,45754,Genetic bank,10,F24-3518,ABC-21565-1,Chamaecrista,rotundifolia,Chamaecrista rotundifolia,92.59,92.64,7.83,7.89,92.17,92.11,19.59,19.59,33.67,33.72,60.30470265,58.2973873
346,45754,Genetic bank,10,F24-3518,ABC-21565-1,Chamaecrista,rotundifolia,Chamaecrista rotundifolia,92.69,,7.95,,92.05,,19.59,,33.77,,56.29007195,
347,45754,Genetic bank,10,F24-3519,ABC-21709-1,Crotalaria ,juncea,Crotalaria juncea,92.1,92.165,16.79,16.8,83.21,83.2,25.97,25.97,23.82,23.18,41.62168055,43.05742015
348,45754,Genetic bank,10,F24-3519,ABC-21709-1,Crotalaria ,juncea,Crotalaria juncea,92.23,,16.81,,83.19,,25.97,,22.54,,44.49315976,
349,45754,Genetic bank,10,F24-3520,ABC-22286-1,Crotalaria,micans,Crotalaria micans,93.56,93.585,10.41,10.405,89.59,89.595,25.3,25.3,24.8,24.475,42.0538243,43.5874985
350,45754,Genetic bank,10,F24-3520,ABC-22286-1,Crotalaria,micans,Crotalaria micans,93.61,,10.4,,89.6,,25.3,,24.15,,45.12117269,
351,45754,Genetic bank,10,F24-3521,ABC-22475-1,Alysicarpus ,rugosus,Alysicarpus rugosus,94.07,94.16,12.37,12.425,87.63,87.575,17.41,17.41,32.45,31.675,63.34684235,64.14768061
352,45754,Genetic bank,10,F24-3521,ABC-22475-1,Alysicarpus ,rugosus,Alysicarpus rugosus,94.25,,12.48,,87.52,,17.41,,30.9,,64.94851887,
353,45754,Genetic bank,10,F24-3522,ABC-22481-1,Sesbania,cochinchinensis,Sesbania cochinchinensis,91.91,91.97,10.32,10.46,89.68,89.54,31.18,31.18,25.71,26.64,60.12270719,61.9555076
354,45754,Genetic bank,10,F24-3522,ABC-22481-1,Sesbania,cochinchinensis,Sesbania cochinchinensis,92.03,,10.6,,89.4,,31.18,,27.57,,63.78830801,
355,45754,Genetic bank,10,F24-3523,ABC-22520-1,Arachis,pusilla,Arachis pusilla,92.97,93.06,15.27,14.93,84.73,85.07,20.36,20.36,23.01,22.79,61.34275582,61.21755346
356,45754,Genetic bank,10,F24-3523,ABC-22520-1,Arachis,pusilla,Arachis pusilla,93.15,,14.59,,85.41,,20.36,,22.57,,61.0923511,
357,45754,Genetic bank,10,F24-3524,ABC-22570-1,Desmanthus,bicornutus,Desmanthus bicornutus,92.62,92.67,8.43,8.455,91.57,91.545,32.64,32.64,19.98,19.865,63.69054073,64.70825457
358,45754,Genetic bank,10,F24-3524,ABC-22570-1,Desmanthus,bicornutus,Desmanthus bicornutus,92.72,,8.48,,91.52,,32.64,,19.75,,65.7259684,
359,45754,Genetic bank,10,F24-3525,ABC-22594-1,Desmanthus,pernambucanus,Desmanthus pernambucanus,94.54,94.58,8.87,8.87,91.13,91.13,27.26,27.26,24.21,23.955,59.82740125,58.57618253
360,45754,Genetic bank,10,F24-3525,ABC-22594-1,Desmanthus,pernambucanus,Desmanthus pernambucanus,94.62,,8.87,,91.13,,27.26,,23.7,,57.32496381,
361,45754,Genetic bank,10,F24-3526,ABC-22754-1,Lablab ,purpureus,Lablab purpureus,91.62,91.685,12.15,12.14,87.85,87.86,30.03,30.03,25.54,24.885,51.91597651,51.33967367
362,45754,Genetic bank,10,F24-3526,ABC-22754-1,Lablab ,purpureus,Lablab purpureus,91.75,,12.13,,87.87,,30.03,,24.23,,50.76337083,
363,45754,Genetic bank,10,F24-3527,ABC-22915-1,Aeschynomene ,villosa,Aeschynomene villosa,92.03,92.065,7.92,7.925,92.08,92.075,27.06,27.06,34.6,34.545,66.36481933,64.50973724
364,45754,Genetic bank,10,F24-3527,ABC-22915-1,Aeschynomene ,villosa,Aeschynomene villosa,92.1,,7.93,,92.07,,27.06,,34.49,,62.65465514,
365,45754,Genetic bank,10,F24-3528,ABC-23259-1,Desmodium,gangeticum,Desmodium gangeticum,92.84,92.86,13.19,12.965,86.81,87.035,23.04,23.04,24.71,24.965,56.14753621,56.45462089
366,45754,Genetic bank,10,F24-3528,ABC-23259-1,Desmodium,gangeticum,Desmodium gangeticum,92.88,,12.74,,87.26,,23.04,,25.22,,56.76170558,
367,45754,Genetic bank,10,F24-3529,ABC-23339-1,Desmodium,gangeticum,Desmodium gangeticum,93.68,93.7,14.99,14.995,85.01,85.005,22.09,22.09,14.89,14.565,55.18463877,55.6778598
368,45754,Genetic bank,10,F24-3529,ABC-23339-1,Desmodium,gangeticum,Desmodium gangeticum,93.72,,15,,85,,22.09,,14.24,,56.17108082,
369,45754,Genetic bank,10,F24-3530,ABC-23761-1,Uraria,picta,Uraria picta,94.98,95.005,13.67,13.685,86.33,86.315,18.09,18.09,26.43,26.645,62.76528351,61.9022359
370,45754,Genetic bank,10,F24-3530,ABC-23761-1,Uraria,picta,Uraria picta,95.03,,13.7,,86.3,,18.09,,26.86,,61.03918828,
371,45754,Genetic bank,10,F24-3531,ABC-24360-1,Vigna,umbellata,Vigna umbellata,92.74,92.73,17.33,17.215,82.67,82.785,23.17,23.17,28.08,28.73,53.68131694,53.68275229
372,45754,Genetic bank,10,F24-3531,ABC-24360-1,Vigna,umbellata,Vigna umbellata,92.72,,17.1,,82.9,,23.17,,29.38,,53.68418764,
373,45754,Genetic bank,10,F24-3532,ABC-24466-1,Vigna,umbellata,Vigna umbellata,92.81,92.855,19.75,19.77,80.25,80.23,22.39,22.39,20.17,19.995,37.33530066,37.53168225
374,45754,Genetic bank,10,F24-3532,ABC-24466-1,Vigna,umbellata,Vigna umbellata,92.9,,19.79,,80.21,,22.39,,19.82,,37.72806385,
375,45754,Genetic bank,10,F24-3533,ABC-32246-1,Chamaecrista,nictitans,Chamaecrista nictitans,91.51,91.535,8.03,8.03,91.97,91.97,26.83,26.83,26.42652342,26.6427393,77.06768565,79.3952483
376,45754,Genetic bank,10,F24-3533,ABC-32246-1,Chamaecrista,nictitans,Chamaecrista nictitans,91.56,,8.03,,91.97,,26.83,,26.85895517,,81.72281094,
377,45754,Genetic bank,10,F24-3534,ABC-32365-1,Desmanthus,virgatus,Desmanthus virgatus,90.87,90.925,7.56,7.505,92.44,92.495,30.19,30.19,28.08362098,28.73342378,77.86276485,75.75668294
378,45754,Genetic bank,10,F24-3534,ABC-32365-1,Desmanthus,virgatus,Desmanthus virgatus,90.98,,7.45,,92.55,,30.19,,29.38322659,,73.65060102,
379,45754,Genetic bank,10,F24-3535,ABC-32373-1,Desmanthus,pubescens,Desmanthus pubescens,92.3,92.335,8.61,8.66,91.39,91.34,28.4,28.4,20.16866025,19.99378193,76.26718922,77.88576233
380,45754,Genetic bank,10,F24-3535,ABC-32373-1,Desmanthus,pubescens,Desmanthus pubescens,92.37,,8.71,,91.29,,28.4,,19.81890361,,79.50433545,
