"id_lab","net_gas_8h_ml","net_gas_8h_ml_SE","net_gas_24h_ml","net_gas_24h_ml_SE","ch4_8h_ml","ch4_8h_ml_SE","ch4_24h_ml","ch4_24h_ml_SE","ch4_percentage_in_gas_8h","ch4_percentage_in_gas_8h_SE","ch4_percentage_in_gas_24h","ch4_percentage_in_gas_24h_SE","gas_ml_g_dm_incubated_24h","gas_ml_g_dm_incubated_24h_SE","ch4_ml_g_ndf_digested_24h","ch4_ml_g_ndf_digested_24h_SE","methane_intensity","methane_intensity_SE","tddm","tddm_SE"
"F25-0008",20.6993246840766,0.741361086817699,54.3830505730567,1.36553391915377,3.03204953536052,0.111905918156826,8.50811242275086,0.256792691503169,14.7416666666674,0.134830125017111,16.2777777777841,0.160649847038588,106.811759524532,3.19666498836964,NA,NA,95.4057160483433,23.7528356925863,30.6862032811177,3.83259367120564
"F25-2077",34.0554166463165,1.21192245565369,76.2569423666923,2.50858881773146,4.75134520325636,0.169447633459445,11.8103695156217,0.415554257700546,13.9470283730372,0.22821319006166,16.6408541776445,0.193178010326506,146.640686989386,5.65212739742746,32.1032279300028,13.1517964891477,-21.0379669037229,40.5203216727131,65.0379421472121,6.43189968835224
"F25-2078",35.6041784696499,1.21192245565369,76.6994457466923,2.50858881773146,5.12634223258969,0.169447633459445,12.2702350056217,0.415554257700546,14.3636950397039,0.22821319006166,17.3241875109778,0.193178010326506,151.100137089386,5.65212739742746,37.1464673216675,13.1517964891478,-21.8720971820562,40.5203216727131,69.6604015722122,6.43189968835223
"F25-2079",40.2504639396499,1.21192245565369,86.2132683733589,2.50858881773146,5.43356249408969,0.169447633459445,13.1526654072883,0.415554257700546,13.4636950397039,0.22821319006166,16.6908541776445,0.193178010326506,171.618678989386,5.65212739742746,37.7742838150009,13.1517964891478,-19.4515455937229,40.5203216727131,70.9704645638788,6.43189968835224
"F25-2080",37.9641964879832,1.21192245565369,80.6082255850256,2.50858881773146,5.16835546975636,0.169447633459445,12.3815405822883,0.415554257700546,13.5970283730372,0.22821319006166,16.8241875109778,0.193178010326506,158.353400639386,5.65212739742746,31.1500686266675,13.1517964891478,-18.9592393570563,40.5203216727131,66.1843236055455,6.43189968835224
"F25-2081",34.5716705913165,1.21192245565369,78.7644615100256,2.50858881773146,4.93660661725636,0.169447633459445,12.3358607146217,0.415554257700546,14.2636950397039,0.22821319006166,16.6408541776445,0.193178010326506,152.88452632272,5.65212739742746,29.0056785650009,13.1517964891478,-17.5557395920563,40.5203216727131,63.9613593722122,6.43189968835223
"F25-2082",38.8492032429832,1.21192245565369,77.2894502500256,2.50858881773146,5.34461931525636,0.169447633459445,11.8074551356217,0.415554257700546,13.7303617063706,0.22821319006166,16.7575208443112,0.193178010326506,147.186905356053,5.65212739742746,30.3092416633342,13.1517964891478,-22.2393047003895,40.5203216727131,66.5487055188788,6.43189968835223
"F25-2083",36.7841874796499,1.21192245565369,77.0681985600256,2.50858881773146,4.89474088108969,0.169447633459445,11.6344805706217,0.415554257700546,13.2970283730372,0.22821319006166,16.6575208443112,0.193178010326506,150.863906289386,5.65212739742746,28.7412734833342,13.1517964891478,-20.3307726537229,40.5203216727131,64.2548372322122,6.43189968835223
"F25-2084",38.5542009896499,1.21192245565369,80.5344750233589,2.50858881773146,5.05411584775636,0.169447633459445,12.112443215955,0.415554257700546,13.0970283730372,0.22821319006166,16.7241875109778,0.193178010326506,155.027372706053,5.65212739742746,23.6935207050009,13.1517964891478,-16.6778855003896,40.5203216727131,61.4722363855455,6.43189968835223
"F25-2085",39.0704549296499,1.21192245565369,81.6407334683589,2.50858881773146,5.45635141825636,0.169447633459445,12.5526529506217,0.415554257700546,13.9303617063706,0.22821319006166,16.5741875109778,0.193178010326506,159.86837342272,5.65212739742746,24.5652523550009,13.1517964891478,-14.1333521120563,40.5203216727131,61.5281693872121,6.43189968835224
"F25-2086",37.8166953596499,1.21192245565369,79.3544660133589,2.50858881773146,5.09263822508969,0.169447633459445,11.988751228955,0.415554257700546,13.4470283730372,0.22821319006166,16.5241875109778,0.193178010326506,157.15102957272,5.65212739742746,22.8134280836675,13.1517964891478,-15.4201673137229,40.5203216727131,61.4133179055455,6.43189968835223
"F25-2087",34.0554166463165,1.21192245565369,77.4369513766923,2.50858881773146,4.91199851308969,0.169447633459445,12.4455118222883,0.415554257700546,14.3970283730372,0.22821319006166,17.2908541776445,0.193178010326506,151.146573189386,5.65212739742746,19.0325484706675,13.1517964891478,-5.99338503538954,40.5203216727131,54.2019752022122,6.43189968835224
"F25-2088",32.5804053896499,1.21192245565369,73.4544209716923,2.50858881773146,4.38859076708969,0.169447633459445,11.2916805756217,0.415554257700546,13.4803617063706,0.22821319006166,16.8075208443112,0.193178010326506,143.834884006053,5.65212739742746,23.1114776816675,13.1517964891478,-18.5906811387229,40.5203216727131,60.9453746605455,6.43189968835223
"F25-2089",39.6604594363165,1.21192245565369,81.7144840300256,2.50858881773146,5.51385227392302,0.169447633459445,12.5909602256217,0.415554257700546,13.8636950397039,0.22821319006166,16.7408541776445,0.193178010326506,157.41419657272,5.65212739742746,17.6867236336675,13.1517964891478,-11.0080298187229,40.5203216727131,58.0524780305455,6.43189968835223
"F25-2090",31.9904008846499,1.21192245565369,73.7494232250256,2.50858881773146,4.28283245975636,0.169447633459445,11.0747875456217,0.415554257700546,13.4136950397039,0.22821319006166,16.1575208443112,0.193178010326506,143.87767592272,5.65212739742746,22.6539010036675,13.1517964891478,-12.5672014320562,40.5203216727131,54.9814584122121,6.43189968835223
"F25-2091",39.1442054963165,1.21192245565369,78.6169603850256,2.50858881773146,5.54241832558969,0.169447633459445,12.339915763955,0.415554257700546,14.1136950397039,0.22821319006166,17.1575208443112,0.193178010326506,153.900660756053,5.65212739742746,20.9709234466675,13.1517964891478,-15.0659858570562,40.5203216727131,61.6034749038788,6.43189968835224
"F25-2092",33.5391627063165,1.21192245565369,73.2331692850256,2.50858881773146,4.42622813775636,0.169447633459445,10.918601058955,0.415554257700546,13.1970283730372,0.22821319006166,16.2741875109778,0.193178010326506,147.388630656053,5.65212739742746,16.8676349540009,13.1517964891478,-9.70943269205627,40.5203216727131,54.3126929655455,6.43189968835224
"F25-2093",34.2029177746499,1.21192245565369,77.8794547550256,2.50858881773146,4.63894934525636,0.169447633459445,11.9748996432883,0.415554257700546,13.5803617063706,0.22821319006166,16.7075208443112,0.193178010326506,153.387662883204,5.90451273447139,9.67492291533274,13.3930412269422,27.2508136820801,42.2422418959298,51.1945352295439,6.69895739790136
"F25-2094",24.3203423296499,1.21192245565369,64.2356005966923,2.50858881773146,3.39738320025636,0.169447633459445,10.0210984991217,0.415554257700546,14.0970283730372,0.22821319006166,16.5075208443112,0.193178010326506,127.92340897272,5.65212739742746,13.2267261283342,13.1517964891478,3.77675916294375,40.5203216727131,49.5199021255455,6.43189968835223
"F25-2095",30.9578930013165,1.21192245565369,72.0531602750256,2.50858881773146,4.19863390042302,0.169447633459445,10.9647135986217,0.415554257700546,13.6303617063706,0.22821319006166,16.3575208443112,0.193178010326506,139.082784239386,5.65212739742746,14.1267695633342,13.1517964891478,5.28942775961039,40.5203216727131,52.9790011188788,6.43189968835224
"F25-2096",29.2616300513165,1.21192245565369,73.233169283359,2.50858881773146,4.04987901458969,0.169447633459445,11.285580173955,0.415554257700546,13.8803617063706,0.22821319006166,16.3408541776445,0.193178010326506,139.463895856053,5.65212739742746,17.6490184266675,13.1517964891478,22.3234689379438,40.5203216727131,52.0984359653788,6.43189968835223
"F25-2097",31.1053941279832,1.21192245565369,73.0119175950256,2.50858881773146,4.10000481408969,0.169447633459445,10.8476763732883,0.415554257700546,13.2470283730372,0.22821319006166,16.0075208443112,0.193178010326506,143.08207997272,5.65212739742746,18.6865907016675,13.1517964891478,-8.71388767705626,40.5203216727131,55.7033303088788,6.43189968835223
"F25-2098",29.2616300529832,1.21192245565369,71.9056591500256,2.50858881773146,3.92873142325636,0.169447633459445,10.7938323156217,0.415554257700546,13.4970283730372,0.22821319006166,15.9908541776445,0.193178010326506,144.856624506053,5.65212739742746,13.6876779658342,13.1517964891478,36.7840806496104,40.5203216727131,49.4549449503788,6.43189968835223
"F25-2099",29.4828817429832,1.21192245565369,72.9381670333589,2.50858881773146,4.01143038808969,0.169447633459445,11.018711301955,0.415554257700546,13.6636950397039,0.22821319006166,16.0075208443112,0.193178010326506,143.29833277272,5.65212739742746,11.2319215416675,13.1517964891478,45.3557484496104,40.5203216727131,46.7727716867121,6.43189968835223
"F25-2100",30.9578930029832,1.21192245565369,72.7169153433589,2.50858881773146,4.17663164908969,0.169447633459445,11.0578175401217,0.415554257700546,13.5470283730372,0.22821319006166,16.3741875109778,0.193178010326506,140.72764972272,5.65212739742746,4.70882673100085,13.1517964891478,14.8239790162771,40.5203216727131,48.1216367190455,6.43189968835223
"F25-2101",29.2616300513165,1.21192245565369,67.9231287483589,2.50858881773146,3.94566946908969,0.169447633459445,10.5989439956217,0.415554257700546,13.5470283730372,0.22821319006166,17.1575208443112,0.193178010326506,133.861262439386,5.65212739742746,-10.7052018699991,13.1517964891478,45.8690310496104,40.5203216727131,37.8121467668788,6.43189968835224
"F25-2102",31.6216480696499,1.21192245565369,74.4131782916923,2.50858881773146,4.15074520142302,0.169447633459445,11.005543140955,0.415554257700546,13.1636950397039,0.22821319006166,15.8908541776445,0.193178010326506,146.720105356053,5.65212739742746,-1.76146198016581,13.1517964891478,53.808572971277,40.5203216727131,43.6769570777121,6.43189968835223
"F25-2103",31.5478975079832,1.21192245565369,73.0856681583589,2.50858881773146,4.11903245925636,0.169447633459445,10.8446304756217,0.415554257700546,13.1136950397039,0.22821319006166,16.0741875109778,0.193178010326506,140.21431707272,5.65212739742746,8.22024315616752,13.1517964891478,-0.711650680389624,40.5203216727131,48.0652287238788,6.43189968835223
"F25-2104",35.4314764973336,1.25992254342097,77.692098952765,2.62444987336078,4.310133207449,0.175399980391594,10.7478636358313,0.431772817797924,12.2618404379199,0.237700092794281,15.1153266915714,0.196796037558787,148.384264963204,5.90451273447139,-0.604482727867264,13.3930412269422,-4.36296376591991,42.2422418959298,51.1959556375439,6.69895739790136
"F25-2105",33.8341649579832,1.21192245565369,75.224434483359,2.50858881773146,4.11158365242302,0.169447633459445,10.379824925955,0.415554257700546,12.2136950397039,0.22821319006166,15.0075208443112,0.193178010326506,144.939521806053,5.65212739742746,-1.6668744241658,13.1517964891478,-0.496033680389587,40.5203216727131,51.5009090905455,6.43189968835223
"F25-2106",35.0879245313165,1.21192245565369,76.5519446183589,2.50858881773146,4.37484857892302,0.169447633459445,10.623357890955,0.415554257700546,12.5303617063706,0.22821319006166,14.9241875109778,0.193178010326506,147.439048189386,5.65212739742746,-18.9887380274991,13.1517964891478,27.2580209879437,40.5203216727131,41.2744303405455,6.43189968835223
"F25-2107",31.539941610168,1.04933318232563,76.9831955439049,2.12642513802204,3.82905718391044,0.149119663687971,10.5186100146065,0.360538762436997,12.2733954445285,0.196266199626231,14.7918600545569,0.180870106832594,156.49235871258,4.8150398921608,30.4534371666675,10.7383968664465,55.5577831152779,34.7531969137203,60.7466009605192,5.53415945436231
"F25-2108",30.6057678112791,1.04933318232563,79.8840510216827,2.12642513802204,3.78483142957711,0.149119663687971,11.1821561201621,0.360538762436997,12.4845065556396,0.196266199626231,15.0474156101125,0.180870106832594,156.918573968135,4.8150398921608,36.815407812223,10.7383968664465,55.7822747841668,34.7531969137203,62.2170890416303,5.53415945436231
"F25-2109",32.326614280168,1.04933318232563,77.5732000483493,2.12642513802204,3.95585898513267,0.149119663687971,10.5658472512732,0.360538762436997,12.3622843334174,0.196266199626231,14.6918600545569,0.180870106832594,149.775298090357,4.8150398921608,33.9536424744453,10.7383968664465,54.1193287308334,34.7531969137203,60.7606217027414,5.53415945436231
"F25-2110",30.4090996435014,1.04933318232563,75.0165138639049,2.12642513802204,3.48346204579933,0.149119663687971,10.2953178946065,0.360538762436997,11.6067287778618,0.196266199626231,15.3251933878902,0.180870106832594,146.553949445913,4.8150398921608,27.2518099133342,10.7383968664465,54.7185385330557,34.7531969137203,58.6115814960747,5.53415945436231
"F25-2111",30.1632644335013,1.04933318232563,75.1148479472382,2.12642513802204,3.63674029913267,0.149119663687971,10.5128820557176,0.360538762436997,12.1956176667507,0.196266199626231,15.3474156101125,0.180870106832594,144.953288668135,4.8150398921608,29.1255860800008,10.7383968664465,56.2078734397223,34.7531969137203,56.7990110171858,5.53415945436231
"F25-2112",28.1474157123902,1.04933318232563,70.1489767072382,2.12642513802204,3.47847978535489,0.149119663687971,9.67520676971763,0.360538762436997,12.5178398889729,0.196266199626231,14.8363044990013,0.180870106832594,137.624067457024,4.8150398921608,20.6997733555564,10.7383968664465,58.7854293919445,34.7531969137203,50.1703525449636,5.53415945436231
"F25-2113",31.2449393579458,1.04933318232563,76.4915251239049,2.12642513802204,3.93587258268822,0.149119663687971,10.9455397312732,0.360538762436997,12.7067287778618,0.196266199626231,15.5363044990013,0.180870106832594,149.584988023691,4.8150398921608,18.4314462624453,10.7383968664465,62.7433218675001,34.7531969137203,51.197907268297,5.53415945436231
"F25-2114",33.0149528690569,1.04933318232563,80.0807191916827,2.12642513802204,4.17902818902155,0.149119663687971,11.289032979051,0.360538762436997,12.7622843334174,0.196266199626231,15.1585267212236,0.180870106832594,154.904499768135,4.8150398921608,17.7704338431119,10.7383968664465,63.3764245508335,34.7531969137203,51.7481203627414,5.53415945436231
"F25-2115",32.769117660168,1.04933318232563,77.3765318816827,2.12642513802204,4.16055777035489,0.149119663687971,10.8352744457176,0.360538762436997,12.8067287778618,0.196266199626231,15.0251933878902,0.180870106832594,150.416590745913,4.8150398921608,20.3727987511119,10.7383968664465,60.5144871786112,34.7531969137203,52.8960011016303,5.53415945436231
"F25-2116",30.9991041468347,1.04933318232563,75.9015206205715,2.12642513802204,3.884828998466,0.149119663687971,10.7819404967176,0.360538762436997,12.6511732223063,0.196266199626231,15.4140822767791,0.180870106832594,146.449612234802,4.8150398921608,22.2959682477786,10.7383968664465,58.4250964352779,34.7531969137203,54.9454457649636,5.53415945436231
"F25-2117",32.1299461146125,1.04933318232563,77.9173693427938,2.12642513802204,3.92900558591044,0.149119663687971,10.7472654401621,0.360538762436997,12.3511732223063,0.196266199626231,14.9474156101125,0.180870106832594,149.238928834802,4.8150398921608,21.6832600214453,10.7383968664465,59.2996203219446,34.7531969137203,53.5431557305192,5.53415945436231
"F25-2118",29.1799235957236,1.04933318232563,76.6390262494604,2.12642513802204,3.57424079413267,0.149119663687971,10.5281279346065,0.360538762436997,12.3845065556396,0.196266199626231,14.702971165668,0.180870106832594,151.88181241258,4.8150398921608,22.3626164266675,10.7383968664465,61.3180970597223,34.7531969137203,51.5533895927414,5.53415945436231
"F25-2119",32.2774472412791,1.04933318232563,80.0807191916827,2.12642513802204,3.93493840902155,0.149119663687971,11.0233711579398,0.360538762436997,12.3067287778618,0.196266199626231,14.8807489434458,0.180870106832594,162.467837890357,4.8150398921608,21.1924850188897,10.7383968664465,63.3823015086112,34.7531969137203,52.6440098627414,5.53415945436231
"F25-2120",31.6382756946125,1.04933318232563,78.3598727205715,2.12642513802204,3.96874075013267,0.149119663687971,10.9471376612732,0.360538762436997,12.6511732223063,0.196266199626231,15.002971165668,0.180870106832594,154.200522623691,4.8150398921608,17.6255566438897,10.7383968664465,64.9939357775001,34.7531969137203,50.6415399249636,5.53415945436231
"F25-2121",31.2449393579458,1.04933318232563,75.999854705016,2.12642513802204,3.90294705368822,0.149119663687971,10.5292710679398,0.360538762436997,12.5956176667507,0.196266199626231,14.8807489434458,0.180870106832594,149.911465645913,4.8150398921608,9.98923818511194,10.7383968664465,66.9863227341668,34.7531969137203,46.679461028297,5.53415945436231
"F25-2144",35.1596613543291,1.04933318232562,84.5510023216828,2.12642513802207,4.40120807162906,0.149119663687968,11.7332486588325,0.360538762437008,12.6837758357022,0.19626619962623,14.8151346187668,0.180870106832593,160.118821382164,4.89986991013335,31.5175942744393,10.7383968664467,69.346400427583,35.3748687064395,52.8938047938595,5.6333228431403
"F25-2145",34.5696568498846,1.04933318232562,88.7302008916829,2.12642513802207,4.43206039051795,0.149119663687968,12.6937514088325,0.360538762437008,12.9837758357022,0.19626619962623,15.2151346187668,0.180870106832593,166.007321348831,4.89986991013335,36.5253358288838,10.7383968664467,71.1558046386941,35.3748687064395,54.1358424449706,5.6333228431403
"F25-2146",31.8163024987735,1.04933318232562,83.7151626072384,2.12642513802207,4.11071279840684,0.149119663687967,11.6508283066103,0.360538762437008,13.0726647245911,0.19626619962623,14.5151346187668,0.180870106832593,154.19680653772,4.89986991013335,30.7203819144393,10.7383968664467,71.3909317931385,35.3748687064395,49.1804922438595,5.6333228431403
"F25-2147",33.4879819265513,1.04933318232562,84.7968375283495,2.12642513802207,4.49028236285128,0.149119663687967,12.0150085866103,0.360538762437008,13.5726647245911,0.19626619962623,14.637356840989,0.180870106832593,156.316401082164,4.89986991013335,35.8085057022171,10.7383968664467,68.5103402464719,35.3748687064395,53.9155164949706,5.6333228431403
"F25-2148",31.0296298254402,1.04933318232562,79.6834651639051,2.12642513802207,4.00329920074017,0.149119663687967,11.2208543299436,0.360538762437008,13.0393313912578,0.19626619962623,14.8262457298779,0.180870106832593,146.035241571053,4.89986991013335,26.3538251344393,10.7383968664467,69.3157604164719,35.3748687064395,49.3596661360817,5.6333228431403
"F25-2149",31.4229661609957,1.04933318232562,87.6485259661273,2.12642513802207,4.04499285240684,0.149119663687967,12.3902678421659,0.360538762437008,13.0171091690355,0.19626619962623,14.8151346187668,0.180870106832593,159.342090182164,4.89986991013335,33.7897295566616,10.7383968664467,71.690023347583,35.3748687064395,51.3423695627484,5.6333228431403
"F25-2150",34.7663250187735,1.04933318232562,88.2385304716828,2.12642513802207,4.41015647329573,0.149119663687967,12.4193009799436,0.360538762437008,12.8504425023689,0.19626619962623,14.9484679521001,0.180870106832593,162.380570159942,4.89986991013335,30.2849194166616,10.7383968664467,71.3679688553608,35.3748687064395,52.2983480083039,5.6333228431403
"F25-2151",32.1113047521069,1.04933318232562,84.9443386572384,2.12642513802207,4.20134404585128,0.149119663687967,12.2346787366103,0.360538762437008,13.2282202801466,0.19626619962623,15.1706901743224,0.180870106832593,157.061574704387,4.89986991013335,30.6125269022171,10.7383968664467,71.7561440664719,35.3748687064395,51.8926745827484,5.6333228431403
"F25-2152",30.6854605309957,1.04933318232562,79.1426277005717,2.12642513802207,3.79456871829573,0.149119663687967,10.8526505466103,0.360538762437008,12.4948869468133,0.19626619962623,14.5484679521001,0.180870106832593,147.54375223772,4.89986991013335,25.2996488444393,10.7383968664467,69.9619213942496,35.3748687064395,47.7996208583039,5.6333228431403
"F25-2153",37.0280089498846,1.04933318232562,84.0593318983495,2.12642513802207,4.74948281362906,0.149119663687967,11.9023341154992,0.360538762437008,13.0059980579244,0.19626619962623,15.1818012854335,0.180870106832593,157.316791159942,4.89986991013335,22.6080773633282,10.7383968664467,74.7971178864719,35.3748687064395,47.2081948427484,5.6333228431403
"F25-2154",33.930485303218,1.04933318232562,84.5018352772384,2.12642513802207,4.33617646418462,0.149119663687967,11.8259940888325,0.360538762437008,12.9393313912578,0.19626619962623,14.7595790632112,0.180870106832593,155.680188848831,4.89986991013335,10.3483450434393,10.7383968664467,129.265009042027,35.3748687064395,34.3247609183039,5.6333228431403
"F25-2155",33.7338171365513,1.04933318232562,78.1101198172384,2.12642513802207,4.55940302951795,0.149119663687967,11.4179895854992,0.360538762437008,13.6837758357022,0.19626619962623,15.4262457298779,0.180870106832593,144.602371859942,4.89986991013335,4.18925587577265,10.7383968664467,116.470021982027,35.3748687064395,35.737252773415,5.6333228431403
"F25-2156",31.2262979943291,1.04933318232562,84.6001693616828,2.12642513802207,3.87696448618462,0.149119663687967,11.7683785099437,0.360538762437008,12.5504425023689,0.19626619962623,14.7595790632112,0.180870106832593,160.146923604387,4.89986991013335,12.056792060106,10.7383968664467,90.1856838453608,35.3748687064395,36.9406951583039,5.6333228431403
"F25-2157",35.5646841710964,1.0726682475114,88.1880268872998,2.18400637279185,4.49683853887715,0.151964905393191,12.4038949317593,0.368406681663528,12.8108277363359,0.200910674111279,14.9835338415426,0.182490659634507,168.403032552308,5.02385139520857,9.89282285234167,10.8621325668549,96.2230318472451,36.2149431812587,38.3943207771236,5.76319765051871
"F25-2158",30.0954560265513,1.04933318232562,83.6659955639051,2.12642513802207,3.79860041596239,0.149119663687967,11.6591129543881,0.360538762437008,12.7504425023689,0.19626619962623,14.6484679521001,0.180870106832593,159.115659326609,4.89986991013335,10.8913049172171,10.7383968664467,113.798720449805,35.3748687064395,34.4154346361928,5.6333228431403
"F25-2159",33.2913137587735,1.04933318232562,89.4677065216829,2.12642513802207,4.22037169129573,0.149119663687967,12.5401535699436,0.360538762437008,12.8282202801466,0.19626619962623,14.7818012854335,0.180870106832593,171.826047582164,4.89986991013335,6.81758502243933,10.7383968664467,108.544848840916,35.3748687064395,33.4225268149706,5.6333228431403
"F25-2160",29.2104492721069,1.04933318232562,75.5042665905717,2.12642513802207,3.83175539118462,0.149119663687967,10.6951849003881,0.360538762437008,13.2504425023689,0.19626619962623,14.7929123965446,0.180870106832593,143.119590282164,4.89986991013335,2.10577840743933,10.7383968664467,97.0740450831385,35.3748687064395,33.458311639415,5.6333228431403
"F25-2161",27.6862709698846,1.04933318232562,77.0284448939051,2.12642513802207,3.52219969462906,0.149119663687967,10.7500307360548,0.360538762437008,12.8282202801466,0.19626619962623,14.6262457298779,0.180870106832593,144.273271615498,4.89986991013335,2.51053487388377,10.7383968664467,110.531412892027,35.3748687064395,28.8214990183039,5.6333228431403
"F25-2162",26.3587608343291,1.04933318232562,75.5042665927939,2.12642513802207,3.48740581774017,0.149119663687967,10.7694189404992,0.360538762437008,13.3393313912578,0.19626619962623,14.7818012854335,0.180870106832593,140.251179471053,4.89986991013335,0.190559351772652,10.7383968664467,113.809949772027,35.3748687064395,27.2467277530817,5.6333228431403
"F25-2163",32.1604717921069,1.04933318232562,82.190984302794,2.12642513802207,4.21652027296239,0.149119663687967,11.5882386643881,0.360538762437008,13.2726647245911,0.19626619962623,14.7040235076557,0.180870106832593,152.325277659942,4.89986991013335,-1.69347546478289,10.7383968664467,109.870822448694,35.3748687064395,27.0529106627484,5.6333228431403
"F25-2164",28.767945893218,1.04933318232562,74.7667609605717,2.12642513802207,3.79163508485128,0.149119663687967,10.5118164187214,0.360538762437008,13.2948869468133,0.19626619962623,14.5929123965446,0.180870106832593,139.496689548831,4.89986991013335,3.3917696982171,10.7383968664467,94.8752465664719,35.3748687064395,35.4477447638595,5.6333228431403
"F25-2165",31.3246320787735,1.04933318232562,81.0601423350162,2.12642513802207,4.24362770207351,0.149119663687967,11.7143193477214,0.360538762437008,13.7171091690355,0.19626619962623,15.0040235076557,0.180870106832593,151.308759915498,4.89986991013335,4.47467514277267,10.7383968664467,131.47003510425,35.3748687064395,29.5205432438595,5.6333228431403
"F25-2166",26.2604267543291,1.04933318232562,71.4725691450162,2.12642513802207,3.47608920385128,0.149119663687967,10.057275309277,0.360538762437008,13.3393313912578,0.19626619962623,14.537356840989,0.180870106832593,133.83754233772,4.89986991013335,-4.53817819111622,10.7383968664467,174.599374322027,35.3748687064395,22.4771833325261,5.6333228431403
"F25-2167",28.1779413909958,1.04933318232562,70.2925601372384,2.12642513802207,3.68835971307351,0.149119663687967,9.85295347205476,0.360538762437008,13.1948869468133,0.19626619962623,14.6040235076557,0.180870106832593,132.909934315498,4.89986991013335,-7.33424681333845,10.7383968664467,140.781859643139,35.3748687064395,22.2327215827484,5.6333228431403
"F25-2168",30.8821287021069,1.04933318232562,74.7667609639051,2.12642513802207,4.09078375740684,0.149119663687967,10.5163561749436,0.360538762437008,13.3948869468133,0.19626619962623,14.6262457298779,0.180870106832593,141.681005859942,4.89986991013335,-4.90352996100511,10.7383968664467,121.205599680916,35.3748687064395,28.0219456189706,5.6333228431403
"F25-2169",28.8171129365513,1.04933318232562,70.0467249294606,2.12642513802207,3.81046606185128,0.149119663687967,9.88705081438809,0.360538762437008,13.3393313912578,0.19626619962623,14.7262457298779,0.180870106832593,133.695284648831,4.89986991013335,-6.16658854200511,10.7383968664467,103.792019073139,35.3748687064395,26.9620219249706,5.6333228431403
"F25-2170",29.9971219443291,1.04933318232562,72.3575759027939,2.12642513802207,4.13421464462906,0.149119663687967,10.3104364080548,0.360538762437007,13.9282202801466,0.19626619962623,14.5706901743224,0.180870106832593,135.652700186372,5.0219111811866,0.314966800954625,10.8621475156635,147.933581907482,36.2012564509026,27.3833826515349,5.76104712915373
"F25-2171",30.1446230687735,1.04933318232562,77.0776119350162,2.12642513802207,3.88828110051795,0.149119663687967,10.8888374901659,0.360538762437008,13.0504425023689,0.19626619962623,14.8929123965446,0.180870106832593,146.22719373464,5.1774485789291,0.133142120760013,11.0222366029837,177.076573263066,37.2562171847225,28.3302319185462,5.92422038143076
"F25-2172",29.3087833576624,1.04933318232562,73.9800882872384,2.12642513802207,3.80742590007351,0.149119663687967,10.302987601277,0.360538762437007,13.1282202801466,0.19626619962623,14.5151346187668,0.180870106832593,139.040804693276,4.89986991013335,-2.79167350656067,10.7383968664467,122.873028532027,35.3748687064395,25.4688783369706,5.6333228431403
"F25-2173",29.8004537765513,1.04933318232562,71.3250680205717,2.12642513802207,3.99989848040684,0.149119663687967,10.0445492401659,0.360538762437008,13.5726647245911,0.19626619962623,14.5484679521001,0.180870106832593,131.942476059942,4.89986991013335,-6.603249714894,10.7383968664467,149.145162778694,35.3748687064395,27.1013951867483,5.6333228431403
"F25-2174",32.4370989509509,0.957743270420428,86.2199107933002,1.90683425425349,4.29415816254888,0.137835992778071,12.6215065518621,0.329605261309466,12.991940686644,0.178157238456723,15.5576602395366,0.174390715009707,177.519673884228,4.40248894957011,13.1868148147495,9.29972448226198,63.4102508097228,31.9601451807552,35.6975656489473,5.1026884798902
"F25-2175",33.4548567192842,0.957743270420429,90.3278171508002,1.90683425425349,4.38501885621555,0.137835992778071,12.8052984854454,0.329605261309466,12.8752740199773,0.178157238456723,14.8993269062032,0.174390715009707,188.113798018481,4.72259390585122,5.80696056368189,9.61845989568343,92.5658758444739,34.1284034560505,31.1320794644663,5.43777176228987
"F25-2176",32.6214753576176,0.957743270420428,87.5769211533002,1.90683425425349,4.27179945013221,0.137835992778071,12.4420554521121,0.329605261309466,12.866940686644,0.178157238456723,14.9493269062032,0.174390715009707,178.557404049649,4.6561340391315,6.21316483433662,9.60289465028693,144.114235296134,33.6604846966528,26.7102039657444,5.36432183291655
"F25-2177",33.1746045801176,0.957743270420428,87.1344177766336,1.9068342542535,4.29716964388222,0.137835992778071,12.5968671012788,0.329605261309466,12.716940686644,0.178157238456723,15.4493269062032,0.174390715009707,178.433663294199,4.46411641114944,0.545738258059494,9.38208650093892,253.849718908213,32.3695347253984,23.3835153971874,5.1654396348104
"F25-2178",29.4870764292842,0.957743270420428,77.8787221183002,1.90683425425349,3.81281282138222,0.137835992778071,11.1591828460288,0.329605261309466,12.691940686644,0.178157238456723,15.1993269062032,0.174390715009707,160.177714866165,4.54891481352097,0.513815997731513,9.49291624610755,141.945568043401,32.9353724348217,23.5827119594756,5.25233512322901
"F25-2179",34.2071124634509,0.957743270420428,82.3775064616336,1.90683425425349,4.57752626313222,0.137835992778071,12.1684162796121,0.329605261309466,13.1752740199773,0.178157238456723,15.8159935728699,0.174390715009707,166.961960446537,4.79788609004204,-4.65797538453872,9.78409000091164,157.210822299859,34.6127435347644,22.5922695131743,5.51098365883023
"F25-2180",32.0609710784509,0.957743270420428,85.7995325849669,1.90683425425349,4.06254574854888,0.137835992778071,12.2206236887788,0.329605261309466,12.4336073533107,0.178157238456723,15.2493269062032,0.174390715009707,176.398539234037,4.79788609004204,-6.08125035578871,9.78409000091164,246.079639953609,34.6127435347644,19.4800136722993,5.51098365883023
"F25-2181",31.7733438817842,0.957743270420428,84.2581458183002,1.90683425425349,4.12690417746555,0.137835992778071,12.0723776835288,0.329605261309466,12.7502740199773,0.178157238456723,15.1993269062032,0.174390715009707,174.503086887456,4.6677207242606,3.19052965066399,9.64551461009366,129.158397340853,33.7316851825343,24.3950870681612,5.37485672587619
"F25-2182",34.9077428117842,0.957743270420428,85.4381548258002,1.90683425425349,4.65466935213222,0.137835992778071,12.4904849879454,0.329605261309466,13.1086073533107,0.178157238456723,15.5743269062032,0.174390715009707,173.927122612381,4.46411641114944,3.27384689396858,9.38208650093892,104.105196507304,32.3695347253984,26.2286188905511,5.1654396348104
"F25-2183",34.7233664034509,0.957743270420428,86.0281593308002,1.90683425425349,4.35854240404888,0.137835992778071,12.0752140056121,0.329605261309466,12.291940686644,0.178157238456723,15.0993269062032,0.174390715009707,177.236128820789,4.6677207242606,-1.95907203133601,9.64551461009366,130.37900980863,33.7316851825343,22.3977934481612,5.37485672587619
