id_lab,id,subset,no,requisitioner,tax_name,functional_group,net_gas_8h_ml,net_gas_24h_ml,gas_ml_g_dm_incubated_24h,tddm,part_fact,ch4_percentage_in_gas_8h,ch4_percentage_in_gas_24h,ch4_ml_g_dm_incubated_24h,methane_intensity,ch4_ml_g_ndf_digested_24h,n_replicates_gas
Dieta-1_Exp1,Dieta-1-Exp-1,3,839,LMF-invivo,Dieta 1_Exp1,,26.17,60.87,136.67,29.35,2.15,15.67,15.45,21.11,81.06,360.94,6
Dieta-1_Exp2,Dieta-1-Exp-2,3,1019,LMF-invivo,Dieta 1_Exp2,,20.99,43.67,98.08,17.76,1.8,14.18,14.74,14.45,76.94,342.57,5
Dieta-2_Exp1,Dieta-2-Exp-1,3,738,LMF-invivo,Dieta 2_Exp1,,30.76,62.23,139.76,28.47,2.04,12.95,13.78,19.25,70.66,314.61,6
Dieta-2_Exp2,Dieta-2-Exp-2,3,1022,LMF-invivo,Dieta 2_Exp2,,25.22,50.07,112.45,25.08,2.23,13.6,14.19,15.96,63.75,283.91,6
F24-3416,CIAT-705,1,1,Genetic_bank,Indigofera suffruticosa,Herbaceous_legumes,29.35,61.94,134.59,74.34,5.52,14.26,17.35,23.36,31.84,149.32,9
F24-3417,CIAT-707,1,4,Genetic_bank,Alysicarpus ovalifolius,Herbaceous_legumes,30.58,66.26,147.01,65.97,4.49,13.54,16.25,23.89,36.44,125.18,9
F24-3418,CIAT-712,1,7,Genetic_bank,Clitoria ternatea,Herbaceous_legumes,39.78,78.31,171.45,62.66,3.66,12.57,14.79,25.37,40.73,153.83,9
F24-3419,CIAT-749,1,10,Genetic_bank,Crotalaria juncea,Herbaceous_legumes,35.74,67.64,147.39,65.15,4.43,14.03,15.59,22.98,35.43,150.15,9
F24-3420,CIAT-768,1,13,Genetic_bank,Clitoria ternatea,Herbaceous_legumes,33.53,74.13,160.77,64.82,4.03,13.49,15.73,25.3,39.08,134.6,9
F24-3421,CIAT-772,1,16,Genetic_bank,Clitoria ternatea,Herbaceous_legumes,32.3,75.07,163.99,65.1,4.06,13.46,14.99,24.42,37.92,77.57,9
F24-3422,CIAT-819,1,19,Genetic_bank,Indigofera suffruticosa,Herbaceous_legumes,32.19,63.25,139.32,60.93,4.39,14.22,16.94,23.64,39.4,201.43,8
F24-3423,CIAT-905,1,22,Genetic_bank,Canavalia brasiliensis,Herbaceous_legumes,38.42,76.32,166.0,63.42,3.87,12.08,15.4,25.65,40.88,908.11,9
F24-3424,CIAT-913,1,25,Genetic_bank,Cajanus cajan,Shrub_Trees,23.96,58.27,122.89,60.86,5.01,13.53,16.14,19.76,32.83,102.87,9
F24-3425,CIAT-955,1,28,Genetic_bank,Clitoria ternatea,Herbaceous_legumes,37.78,84.29,183.5,59.65,3.29,12.82,14.54,26.67,45.45,138.42,9
F24-3441,CIAT-7714,1,721,Genetic_bank,Alysicarpus glumaceus,Herbaceous_legumes,39.9,74.12,159.2,60.53,3.8,17.37,18.77,29.87,49.48,70.03,6
F24-3442,CIAT-7757,1,724,Genetic_bank,Clitoria ternatea,Herbaceous_legumes,44.18,87.39,189.64,66.03,3.48,17.9,19.68,37.3,56.57,162.42,6
F24-3443,CIAT-7759,1,727,Genetic_bank,Clitoria ternatea,Herbaceous_legumes,42.26,96.24,205.66,69.66,3.39,17.93,19.3,39.68,57.12,131.96,3
F24-3444,CIAT-7790,1,730,Genetic_bank,Crotalaria pallida,Herbaceous_legumes,35.77,82.38,178.79,65.94,3.69,18.1,22.17,39.64,60.17,118.62,3
F24-3445,CIAT-7792,1,733,Genetic_bank,Chamaecrista rotundifolia,Herbaceous_legumes,44.47,83.41,179.5,70.07,3.9,16.73,19.39,34.81,49.94,104.26,3
F24-3446,CIAT-7816,1,736,Genetic_bank,Indigofera spicata,Herbaceous_legumes,32.08,74.86,161.77,65.95,4.08,15.3,17.66,28.57,43.35,138.95,3
F24-3447,CIAT-7858,1,739,Genetic_bank,Crotalaria incana,Herbaceous_legumes,50.96,92.41,198.32,76.79,3.87,16.7,18.7,37.09,48.73,103.04,3
F24-3448,CIAT-7972,1,742,Genetic_bank,Canavalia brasiliensis,Herbaceous_legumes,38.9,76.51,166.39,72.05,4.33,15.67,18.32,30.48,42.58,113.55,3
F24-3449,CIAT-8205,1,745,Genetic_bank,Indigofera suffruticosa,Herbaceous_legumes,29.57,71.32,154.52,63.35,4.1,18.6,20.2,31.22,49.39,230.09,3
F24-3450,CIAT-8402,1,748,Genetic_bank,Indigofera suffruticosa,Herbaceous_legumes,31.12,59.81,129.96,64.65,4.98,18.75,20.64,26.83,41.45,222.6,2
F24-3451,CIAT-8408,1,751,Genetic_bank,Chamaecrista nictitans,Herbaceous_legumes,33.41,68.37,145.34,47.97,3.3,17.07,21.05,30.6,63.81,469.38,3
F24-3452,CIAT-8409,1,754,Genetic_bank,Chamaecrista nictitans,Herbaceous_legumes,35.92,63.06,137.12,53.21,3.88,17.1,21.16,29.01,54.93,210.53,3
F24-3453,CIAT-8719,1,757,Genetic_bank,Canavalia sp. ,Herbaceous_legumes,36.51,73.38,156.78,68.57,4.37,16.37,19.97,31.28,46.18,646.68,6
F24-3454,CIAT-8797,1,760,Genetic_bank,Desmanthus virgatus,Shrub_Trees,30.31,63.94,137.56,49.7,3.61,14.9,17.62,24.23,48.78,254.61,3
F24-3455,CIAT-8819,1,763,Genetic_bank,Coursetia caribaea,Herbaceous_legumes,32.67,75.08,163.57,66.46,4.06,18.7,20.65,33.77,50.86,184.51,2
F24-3456,CIAT-9170,1,766,Genetic_bank,Indigofera lespedezioides,Herbaceous_legumes,27.95,45.06,96.79,38.38,3.96,15.03,16.68,16.14,42.49,-353.85,3
F24-3457,CIAT-9254,1,769,Genetic_bank,Crotalaria pallida,Herbaceous_legumes,30.61,72.2,158.95,63.3,4.02,18.2,21.45,34.14,53.87,182.84,3
F24-3458,CIAT-9283,1,772,Genetic_bank,Crotalaria pallida,Herbaceous_legumes,31.2,68.37,147.27,63.4,4.3,17.87,21.67,31.92,50.36,183.41,3
F24-3459,CIAT-9288,1,775,Genetic_bank,Indigofera suffruticosa,Herbaceous_legumes,36.95,68.96,147.02,69.13,4.7,19.3,23.44,34.47,50.16,169.93,3
F24-3460,CIAT-9336,1,778,Genetic_bank,Clitoria ternatea,Herbaceous_legumes,47.13,76.77,169.79,72.28,4.35,18.33,20.07,34.22,48.04,188.45,3
F24-3461,CIAT-9349,1,781,Genetic_bank,Mucuna pruriens,Herbaceous_legumes,31.34,61.73,134.99,57.9,4.29,16.97,18.53,25.01,43.22,188.98,3
F24-3462,CIAT-9356,1,784,Genetic_bank,Tephrosia noctiflora,Shrub_Trees,33.11,62.91,135.16,55.38,4.1,18.23,20.57,27.81,50.96,342.42,3
F24-3463,CIAT-9432,1,787,Genetic_bank,Clitoria ternatea,Herbaceous_legumes,37.1,72.82,159.5,51.58,3.25,17.07,18.9,30.15,58.63,-1469.41,3
F24-3464,CIAT-9433,1,790,Genetic_bank,Clitoria ternatea,Herbaceous_legumes,37.39,67.19,142.45,60.78,4.27,17.73,19.28,27.47,45.26,1284.79,3
F24-3465,CIAT-9435,1,793,Genetic_bank,Desmanthus pubescens,Shrub_Trees,27.21,48.01,101.46,42.1,4.15,15.6,18.8,19.08,45.38,-548.0,3
F24-3466,CIAT-9530,1,796,Genetic_bank,Crotalaria maypurensis,Herbaceous_legumes,45.95,86.36,185.09,69.52,3.76,16.7,19.15,35.44,51.03,-3868.87,3
F24-3467,CIAT-9562,1,800,Genetic_bank,Eriosema diffusum,Herbaceous_legumes,18.07,31.93,67.98,25.77,3.79,16.8,18.23,12.39,48.1,-128.06,1
F24-3468,CIAT-9982,1,802,Genetic_bank,Crotalaria incana,Herbaceous_legumes,44.03,87.84,187.15,74.0,3.95,16.67,18.91,35.39,47.86,171.1,3
F24-3469,CIAT-10647,1,805,Genetic_bank,Stylosanthes scabra,Herbaceous_legumes,40.64,79.43,170.82,71.89,4.21,15.5,18.64,31.84,45.3,129.47,3
F24-3470,CIAT-11194,1,808,Genetic_bank,Stylosanthes hamata,Herbaceous_legumes,30.75,67.19,144.58,57.82,4.0,14.83,18.04,26.08,45.16,194.86,3
F24-3471,CIAT-11999,1,811,Genetic_bank,Stylosanthes guianensis,Herbaceous_legumes,34.49,78.22,167.21,58.55,3.5,12.98,16.25,27.25,46.61,139.83,9
F24-3472,CIAT-12318,1,814,Genetic_bank,Stylosanthes hamata,Herbaceous_legumes,39.9,82.4,175.02,56.88,3.25,13.99,16.96,29.75,52.27,259.42,9
F24-3473,CIAT-13575,1,817,Genetic_bank,Desmodium incanum,Herbaceous_legumes,25.6,51.93,110.26,42.85,3.89,13.6,16.23,17.97,42.43,502.53,9
F24-3474,CIAT-13609,1,820,Genetic_bank,Desmodium incanum,Herbaceous_legumes,27.51,50.25,107.53,38.4,3.58,13.66,16.31,17.58,46.39,-1188.43,9
F24-3475,CIAT-15551,1,823,Genetic_bank,Centrosema molle,Herbaceous_legumes,32.77,65.88,140.48,49.72,3.55,14.79,17.49,24.68,50.03,290.19,9
F24-3476,CIAT-17024,1,826,Genetic_bank,Desmanthus pernambucanus,Shrub_Trees,28.59,50.45,108.95,40.14,3.7,14.17,16.84,18.45,46.29,-1508.62,9
F24-3477,CIAT-17091,1,829,Genetic_bank,Crotalaria micans,Herbaceous_legumes,41.67,87.22,184.37,66.12,3.59,15.17,17.47,32.25,48.83,212.3,9
F24-3478,CIAT-17365,1,832,Genetic_bank,Clitoria ternatea,Herbaceous_legumes,47.57,86.39,184.9,63.39,3.43,15.12,17.56,32.55,51.29,221.13,9
F24-3479,CIAT-17451,1,835,Genetic_bank,Canavalia sp.,Herbaceous_legumes,35.57,68.16,148.64,62.07,4.18,12.8,15.61,23.25,37.55,223.01,9
F24-3480,CIAT-17775,1,838,Genetic_bank,Christia obcordata,Herbaceous_legumes,45.41,83.24,176.41,59.09,3.35,15.26,18.43,32.55,55.22,244.5,9
F24-3481,CIAT-18016,1,841,Genetic_bank,Sesbania emerus,Shrub_Trees,31.79,61.95,132.84,50.31,3.8,14.23,15.96,21.31,42.47,612.91,9
F24-3482,CIAT-18044,1,844,Genetic_bank,Christia sp.,Herbaceous_legumes,36.57,70.56,150.62,58.33,3.87,15.28,18.25,27.52,47.47,250.94,8
F24-3483,CIAT-18288,1,847,Genetic_bank,Sesbania exasperata,Shrub_Trees,39.39,73.99,159.19,55.66,3.49,14.9,16.94,27.04,48.91,-1024.53,8
F24-3484,CIAT-18447,1,850,Genetic_bank,Clitoria ternatea,Herbaceous_legumes,45.21,80.39,172.89,55.28,3.2,14.51,16.92,29.34,53.02,361.74,9
F24-3485,CIAT-18455,1,853,Genetic_bank,Christia obcordata,Herbaceous_legumes,40.14,81.32,174.41,59.86,3.47,15.41,18.54,32.52,54.18,301.16,9
F24-3486,CIAT-18707,1,856,Genetic_bank,Crotalaria pallida,Herbaceous_legumes,36.7,69.77,150.03,53.89,3.6,16.06,21.49,32.3,60.94,4102.07,9
F24-3487,CIAT-18749,1,859,Genetic_bank,Arachis pintoi,Herbaceous_legumes,24.41,64.46,139.0,61.12,4.41,11.69,15.84,22.11,36.23,193.52,9
F24-3488,CIAT-18813,1,862,Genetic_bank,Crotalaria nitens,Herbaceous_legumes,27.31,54.58,118.83,51.23,4.36,13.41,16.45,19.62,38.58,-51.21,9
F24-3489,CIAT-18848,1,865,Genetic_bank,Alysicarpus rugosus,Herbaceous_legumes,32.97,53.64,113.58,57.17,5.05,14.5,16.9,19.17,34.19,-169.44,9
F24-3490,CIAT-18862,1,868,Genetic_bank,Alysicarpus rugosus,Herbaceous_legumes,32.72,59.3,127.37,49.62,3.91,15.2,17.3,22.1,44.91,203.33,9
F24-3491,CIAT-18931,1,871,Genetic_bank,Tephrosia linearis,Shrub_Trees,30.95,58.9,125.87,49.75,3.95,14.06,16.35,20.54,42.05,293.07,9
F24-3492,CIAT-19038,1,874,Genetic_bank,Canavalia sp.,Shrub_Trees,33.95,69.37,153.76,63.37,4.15,14.78,17.6,27.11,43.52,-75.3,9
F24-3493,CIAT-19118,1,877,Genetic_bank,Alysicarpus rugosus,Herbaceous_legumes,35.18,69.18,148.82,59.74,4.02,15.71,17.7,26.31,44.5,451.56,9
F24-3494,CIAT-19127,1,880,Genetic_bank,Alysicarpus rugosus,Herbaceous_legumes,32.38,61.46,133.18,48.76,3.66,15.48,17.96,23.89,49.24,435.96,9
F24-3495,CIAT-19128,1,883,Genetic_bank,Alysicarpus rugosus,Herbaceous_legumes,31.15,60.03,129.47,46.81,3.62,15.19,17.68,22.87,49.01,275.49,9
F24-3496,CIAT-19129,1,886,Genetic_bank,Alysicarpus rugosus,Herbaceous_legumes,34.59,62.25,133.12,49.9,3.75,15.91,18.28,24.34,49.18,252.14,9
F24-3497,CIAT-19133,1,889,Genetic_bank,Alysicarpus rugosus,Herbaceous_legumes,36.85,65.88,141.43,48.23,3.42,15.61,18.06,25.59,55.12,-223.92,9
F24-3498,CIAT-19137,1,892,Genetic_bank,Alysicarpus rugosus,Herbaceous_legumes,37.39,67.9,144.72,53.2,3.68,15.31,17.59,25.49,48.49,578.79,9
F24-3499,CIAT-19138,1,895,Genetic_bank,Alysicarpus rugosus,Herbaceous_legumes,34.15,62.59,134.98,54.86,4.07,15.26,17.55,23.69,43.21,290.69,9
F24-3500,CIAT-19139,1,898,Genetic_bank,Alysicarpus ovalifolius,Herbaceous_legumes,30.61,56.94,120.28,52.41,4.37,14.24,17.2,20.77,39.74,239.14,9
F24-3501,CIAT-19213,1,1156,Genetic_bank,Clitoria ternatea,Herbaceous_legumes,50.45,71.89,153.19,63.66,4.15,14.99,16.09,24.65,39.14,194.95,9
F24-3502,CIAT-19421,1,1159,Genetic_bank,Uraria lagopodioides,Herbaceous_legumes,41.01,56.9,120.89,54.27,4.49,14.13,15.13,18.29,33.82,-270.24,9
F24-3503,CIAT-19566,1,1162,Genetic_bank,Tephrosia noctiflora,Shrub_Trees,45.23,68.65,146.32,64.11,4.39,15.42,16.28,23.83,37.31,595.67,9
F24-3504,CIAT-19667,1,1165,Genetic_bank,Indigofera hirsuta,Herbaceous_legumes,30.63,46.87,101.39,44.81,4.44,13.07,14.31,14.51,32.52,-324.21,9
F24-3505,CIAT-19673,1,1168,Genetic_bank,Alysicarpus rugosus,Herbaceous_legumes,42.48,65.45,141.49,51.27,3.64,14.38,15.9,22.51,43.95,-505.48,9
F24-3506,CIAT-19895,1,1351,Genetic_bank,Aeschynomene americana,Herbaceous_legumes,37.07,75.15,160.96,67.43,4.23,14.14,15.62,25.13,38.27,100.81,9
F24-3507,CIAT-20093,1,1354,Genetic_bank,Canavalia sp.,Herbaceous_legumes,39.24,73.92,156.59,65.75,4.25,14.71,15.94,24.97,37.98,162.04,9
F24-3508,CIAT-20113,1,1357,Genetic_bank,Canavalia sp.,Herbaceous_legumes,38.5,78.2,165.17,65.3,3.97,13.02,15.11,24.95,38.26,203.42,9
F24-3509,CIAT-20125,1,1360,Genetic_bank,Coursetia caribaea,Herbaceous_legumes,32.16,63.55,135.87,57.96,4.35,15.43,17.01,23.1,40.0,-114.46,9
F24-3510,CIAT-20298,1,1363,Genetic_bank,Canavalia sp.,Herbaceous_legumes,34.42,67.24,143.52,56.36,3.98,13.89,15.34,22.05,39.36,-380.08,9
F24-3511,CIAT-20305,1,1366,Genetic_bank,Canavalia sp.,Herbaceous_legumes,40.66,68.91,147.24,62.07,4.56,12.71,14.72,21.85,35.46,523.12,9
F24-3512,CIAT-20803,1,1369,Genetic_bank,Canavalia sp.,Herbaceous_legumes,35.35,68.27,146.13,55.7,3.86,13.8,15.98,23.37,42.61,344.33,9
F24-3513,CIAT-21031,1,1372,Genetic_bank,Christia obcordata,Herbaceous_legumes,34.52,60.94,129.5,55.29,4.34,13.8,15.58,20.23,37.14,282.43,9
F24-3514,CIAT-21128,1,1375,Genetic_bank,Crotalaria pallida,Herbaceous_legumes,33.38,65.81,140.73,53.1,3.83,15.13,17.95,25.14,47.36,521.97,9
F24-3515,CIAT-21212,1,1378,Genetic_bank,Canavalia sp.,Herbaceous_legumes,39.43,77.07,164.44,66.3,4.07,13.34,16.14,26.58,40.3,281.56,9
F24-3516,CIAT-21263,1,1381,Genetic_bank,Sesbania rostrata,Shrub_Trees,38.45,68.47,147.82,60.43,4.16,14.32,15.06,22.31,37.31,899.24,9
F24-3517,CIAT-21514,1,1384,Genetic_bank,Desmanthus virgatus,Shrub_Trees,27.93,48.55,103.75,35.54,3.65,13.74,15.01,15.6,46.93,-218.72,9
F24-3518,CIAT-21565,1,1387,Genetic_bank,Chamaecrista rotundifolia,Herbaceous_legumes,36.78,71.66,154.6,57.7,3.81,12.47,14.73,22.85,39.86,156.23,9
F24-3519,CIAT-21709,1,1390,Genetic_bank,Crotalaria juncea,Herbaceous_legumes,39.28,69.74,151.26,57.17,3.84,14.92,15.88,24.04,42.07,151.59,9
F24-3520,CIAT-22286,1,1393,Genetic_bank,Crotalaria micans,Herbaceous_legumes,36.48,74.76,159.67,59.54,3.76,14.86,15.96,25.49,43.2,1203.16,9
F24-3521,CIAT-22475,1,1396,Genetic_bank,Alysicarpus rugosus,Herbaceous_legumes,31.22,59.17,125.61,43.56,3.56,14.0,15.47,19.51,44.51,97.12,9
F24-3522,CIAT-22481,1,1399,Genetic_bank,Sesbania cochinchinensis,Shrub_Trees,30.63,52.58,114.3,51.99,4.62,13.89,14.44,16.5,31.77,130.73,9
F24-3523,CIAT-22520,1,1402,Genetic_bank,Arachis pusilla,Herbaceous_legumes,32.79,64.53,138.62,51.33,3.77,13.09,14.92,20.77,40.72,107.82,9
F24-3524,CIAT-22570,1,1405,Genetic_bank,Desmanthus bicornutus,Shrub_Trees,20.63,28.26,60.98,36.77,6.51,13.38,14.61,9.06,24.79,-1394.92,8
F24-3525,CIAT-22594,1,1408,Genetic_bank,Desmanthus pernambucanus,Shrub_Trees,27.09,43.49,91.94,38.96,4.29,13.66,14.94,13.77,35.36,-536.91,9
F24-3526,CIAT-22754,1,1412,Genetic_bank,Lablab purpureus,Herbaceous_legumes,42.09,67.48,147.12,51.68,3.53,13.58,15.12,22.29,43.14,287.96,8
F24-3527,CIAT-22915,1,1414,Genetic_bank,Aeschynomene villosa,Herbaceous_legumes,40.76,72.35,157.1,58.09,3.7,13.71,15.35,24.14,41.67,115.98,9
F24-3528,CIAT-23259,1,1417,Genetic_bank,Desmodium gangeticum,Shrub_Trees,27.44,53.1,114.29,51.49,4.56,15.36,16.83,19.24,37.41,-17.74,8
F24-3529,CIAT-23339,1,1420,Genetic_bank,Desmodium gangeticum,Shrub_Trees,27.34,52.34,111.66,53.81,4.9,15.24,16.87,18.86,35.07,236.82,9
F24-3530,CIAT-23761,1,1423,Genetic_bank,Uraria picta,Herbaceous_legumes,32.55,50.91,107.11,44.14,4.23,12.26,13.68,14.71,33.56,443.23,9
F24-3531,CIAT-24360,1,1426,Genetic_bank,Vigna umbellata,Herbaceous_legumes,32.75,57.94,124.94,52.16,4.19,13.99,15.44,19.32,37.12,-1517.27,9
F24-3532,CIAT-24466,1,1429,Genetic_bank,Vigna umbellata,Herbaceous_legumes,37.51,60.16,129.53,61.87,4.85,13.63,14.71,19.08,31.71,321.02,9
F24-3533,CIAT-32246,1,1432,Genetic_bank,Chamaecrista nictitans,Herbaceous_legumes,33.19,55.68,121.6,42.36,3.56,13.48,15.7,19.15,46.27,94.81,9
F24-3534,CIAT-32365,1,1435,Genetic_bank,Desmanthus virgatus,Shrub_Trees,25.61,40.89,89.89,35.6,4.1,12.9,14.73,13.35,37.06,120.66,8
F24-3535,CIAT-32373,1,1438,Genetic_bank,Desmanthus pubescens,Shrub_Trees,28.32,43.44,94.05,42.56,4.62,12.34,14.13,13.35,31.7,69.85,9
F24-3536,CIAT-32379,2,4,Genetic_bank,Desmanthus pubescens,Shrub_Trees,29.21,58.07,124.89,48.67,3.9,12.51,14.68,18.35,38.16,294.76,8
F24-3537,CIAT-32380,2,6,Genetic_bank,Desmanthus pubescens,Shrub_Trees,25.84,52.84,113.23,39.27,3.47,12.96,15.24,17.25,44.36,379.47,9
F24-3538,CIAT-33249,2,9,Genetic_bank,Desmodium velutinum,Shrub_Trees,31.15,61.99,133.06,41.65,3.13,14.49,15.65,20.83,50.33,376.46,9
F24-3539,CIAT-172,2,488,Genetic_bank,Stylosanthes hamata,Herbaceous_legumes,31.77,74.82,164.07,39.14,2.38,12.82,14.22,23.32,64.24,498.96,6
F24-3540,CIAT-1467,3,4,Genetic_bank,Stylosanthes hamata,Herbaceous_legumes,43.23,96.82,208.93,46.13,3.16,13.2,14.72,30.75,48.69,245.37,5
F24-3541,CIAT-1475,3,6,Genetic_bank,Stylosanthes hamata,Herbaceous_legumes,42.26,89.06,196.12,54.17,2.81,13.27,14.77,28.97,53.96,245.02,9
F24-3542,CIAT-1650,2,392,Genetic_bank,Stylosanthes guianensis,Herbaceous_legumes,32.46,70.56,153.47,41.78,2.72,12.96,14.21,21.77,52.62,230.68,7
F24-3543,CIAT-1706,2,396,Genetic_bank,Stylosanthes humilis,Herbaceous_legumes,36.01,73.09,157.6,39.5,2.51,12.77,14.31,22.53,58.93,275.23,7
F24-3544,CIAT-1727,2,398,Genetic_bank,Stylosanthes humilis,Herbaceous_legumes,36.78,73.8,160.16,36.15,2.25,11.83,14.23,22.72,64.29,288.8,9
F24-3546,CIAT-1964,2,404,Genetic_bank,Stylosanthes guianensis,Herbaceous_legumes,28.74,67.77,150.08,40.86,2.72,13.22,14.24,21.35,52.88,395.68,6
F24-3547,CIAT-2613,2,407,Genetic_bank,Stylosanthes guianensis,Herbaceous_legumes,28.09,57.51,125.03,38.22,3.04,11.4,12.03,15.02,40.06,414.44,6
F24-3548,CIAT-2783,3,673,Genetic_bank,Stylosanthes humilis,Herbaceous_legumes,40.99,96.06,214.01,48.58,2.27,12.25,13.7,29.32,64.2,288.18,6
F24-3549,CIAT-10440,3,675,Genetic_bank,Stylosanthes humilis,Herbaceous_legumes,38.18,81.25,179.98,54.2,4.78,12.24,13.73,24.84,45.94,207.39,9
F24-3550,CIAT-10613,3,678,Genetic_bank,Stylosanthes scabra,Herbaceous_legumes,37.35,79.09,170.29,39.5,2.32,12.26,13.87,23.62,63.05,292.79,9
F24-3551,CIAT-10627,3,681,Genetic_bank,Stylosanthes scabra,Herbaceous_legumes,35.52,76.43,163.6,47.71,2.92,12.49,13.61,22.26,46.84,218.84,9
F24-3552,CIAT-10634,3,684,Genetic_bank,Stylosanthes scabra,Herbaceous_legumes,39.63,88.53,190.25,50.55,2.65,12.53,13.56,25.78,52.78,245.61,9
F24-3553,CIAT-10639,3,687,Genetic_bank,Stylosanthes scabra,Herbaceous_legumes,40.85,88.31,189.43,51.87,2.74,12.8,14.27,27.04,52.7,245.67,9
F24-3554,CIAT-10725,3,690,Genetic_bank,Stylosanthes scabra,Herbaceous_legumes,35.63,74.59,161.39,45.73,2.84,12.91,14.14,22.82,51.65,238.69,9
F24-3555,CIAT-11199,3,695,Genetic_bank,Stylosanthes hamata,Herbaceous_legumes,39.64,85.79,186.8,46.13,2.47,12.94,14.61,27.29,61.65,283.14,7
F24-3556,CIAT-11215,3,698,Genetic_bank,Stylosanthes hamata,Herbaceous_legumes,38.18,85.81,184.7,58.15,3.15,13.08,14.14,26.11,45.54,211.59,9
F24-3557,CIAT-11220,3,701,Genetic_bank,Stylosanthes hamata,Herbaceous_legumes,41.02,91.47,199.06,52.76,2.66,12.84,14.34,28.54,56.23,258.37,9
F24-3558,CIAT-11232,3,704,Genetic_bank,Stylosanthes hamata,Herbaceous_legumes,40.57,91.03,199.47,49.49,2.48,12.5,14.31,28.54,59.02,269.37,9
F24-3559,CIAT-11313,3,707,Genetic_bank,Stylosanthes guianensis,Herbaceous_legumes,31.63,75.47,163.71,41.97,2.57,12.26,13.51,22.11,55.16,254.3,9
F24-3560,CIAT-11417,3,710,Genetic_bank,Stylosanthes guianensis,Herbaceous_legumes,30.79,68.81,150.35,43.31,2.87,12.13,12.21,18.36,43.95,201.15,9
F24-3561,CIAT-11624,3,713,Genetic_bank,Stylosanthes humilis,Herbaceous_legumes,37.52,82.64,179.53,49.47,2.77,12.16,13.26,23.8,51.7,238.0,9
F24-3562,CIAT-11690,3,716,Genetic_bank,Stylosanthes humilis,Herbaceous_legumes,38.29,80.64,177.81,41.84,2.36,12.24,13.52,24.03,61.77,280.14,9
F24-3563,CIAT-11762,3,719,Genetic_bank,Stylosanthes hamata,Herbaceous_legumes,40.9,85.53,188.52,44.09,2.34,13.2,14.58,27.48,64.94,294.64,9
F24-3564,CIAT-11778,3,722,Genetic_bank,Stylosanthes hamata,Herbaceous_legumes,42.52,87.86,190.81,52.53,2.83,12.7,14.19,27.12,53.43,246.04,9
F24-3565,CIAT-11784,3,725,Genetic_bank,Stylosanthes hamata,Herbaceous_legumes,37.68,81.25,175.99,41.61,2.39,13.21,14.46,25.42,64.6,298.25,9
F24-3566,CIAT-11820,3,728,Genetic_bank,Stylosanthes scabra,Herbaceous_legumes,40.46,84.09,183.11,47.55,2.59,12.56,13.96,25.56,56.11,257.63,9
F24-3567,CIAT-12042,3,731,Genetic_bank,Stylosanthes humilis,Herbaceous_legumes,36.13,75.42,165.02,35.98,2.03,12.24,13.34,21.97,62.22,284.36,9
F24-3568,CIAT-12115,3,1026,Genetic_bank,Stylosanthes humilis,Herbaceous_legumes,46.06,95.23,205.82,49.92,2.43,12.42,13.93,28.67,60.6,280.4,4
F24-3569,CIAT-12140,3,1029,Genetic_bank,Stylosanthes humilis,Herbaceous_legumes,45.29,88.27,192.78,58.14,3.01,12.24,13.69,26.39,46.61,213.43,5
F24-3570,CIAT-12184,3,1031,Genetic_bank,Stylosanthes humilis,Herbaceous_legumes,45.14,96.16,207.78,59.6,2.87,13.07,14.25,29.61,49.79,230.43,6
F24-3571,CIAT-12202,3,1034,Genetic_bank,Stylosanthes humilis,Herbaceous_legumes,44.89,94.82,204.62,58.95,2.88,12.77,14.07,28.78,48.98,226.99,6
F24-3572,CIAT-12311,3,1037,Genetic_bank,Stylosanthes guianensis,Herbaceous_legumes,41.97,90.49,197.07,53.95,2.74,12.63,13.98,27.56,52.5,241.05,6
F24-3573,CIAT-12381,3,1040,Genetic_bank,Stylosanthes hamata,Herbaceous_legumes,49.14,96.41,208.94,52.3,2.51,13.12,14.63,30.57,59.84,276.11,6
F24-3574,CIAT-12374,3,1043,Genetic_bank,Stylosanthes hamata,Herbaceous_legumes,49.47,99.07,215.45,56.4,2.62,13.17,14.76,31.79,56.68,260.63,6
F24-3575,CIAT-12457,3,1046,Genetic_bank,Stylosanthes hamata,Herbaceous_legumes,46.31,95.99,204.86,59.17,2.89,13.15,14.66,30.04,51.02,239.08,6
F24-3576,CIAT-12462,3,1049,Genetic_bank,Stylosanthes hamata,Herbaceous_legumes,47.06,94.57,204.29,60.06,2.94,12.9,14.64,29.9,50.14,232.12,6
F24-3577,CIAT-12485,3,1052,Genetic_bank,Stylosanthes scabra,Herbaceous_legumes,34.56,72.57,154.45,50.03,3.24,13.03,13.82,21.35,43.18,202.93,6
F24-3578,CIAT-12615,3,1055,Genetic_bank,Stylosanthes guianensis,Herbaceous_legumes,37.22,84.74,188.74,55.68,2.96,12.72,13.72,25.88,46.61,209.28,6
F24-3579,CIAT-12686,3,1058,Genetic_bank,Stylosanthes hamata,Herbaceous_legumes,39.14,88.91,195.38,52.01,2.66,12.15,13.76,26.89,52.34,238.17,6
F24-3580,CIAT-12710,3,1061,Genetic_bank,Stylosanthes scabra,Herbaceous_legumes,37.51,76.69,167.11,49.79,2.98,12.82,13.88,23.19,46.65,214.09,4
F24-3581,CIAT-12758,3,1064,Genetic_bank,Stylosanthes guianensis,Herbaceous_legumes,36.14,76.91,168.25,44.41,2.63,12.05,11.74,19.76,45.59,208.39,6
F24-3582,CIAT-BR-02-1752,1,226,Breeding,Urochloa interespecific,Grass,37.05,74.98,156.06,67.39,4.32,13.98,14.61,22.79,33.83,100.28,9
F24-3583,CIAT-BR-02-1794,1,229,Breeding,Urochloa interespecific,Grass,38.62,76.6,157.75,63.97,4.06,13.79,14.51,22.88,35.77,116.14,9
F24-3584,CIAT-BR-06-0423,1,232,Breeding,Urochloa interespecific,Grass,33.98,73.82,152.46,64.27,4.22,14.61,15.14,23.12,35.98,108.27,8
F24-3585,CIAT-BR-09-1232,1,235,Breeding,Urochloa interespecific,Grass,39.81,81.29,167.08,66.64,3.99,13.76,14.37,24.02,36.04,108.2,8
F24-3586,CIAT-BR-12-4951,1,238,Breeding,Urochloa interespecific,Grass,35.72,75.13,156.86,65.93,4.21,14.34,15.02,23.59,35.76,103.45,9
F24-3587,CIAT-BR-15-0722,1,241,Breeding,Urochloa interespecific,Grass,31.69,71.1,149.27,60.89,4.09,14.28,14.74,22.0,36.15,105.0,9
F24-3588,CIAT-BR-15-6487,1,244,Breeding,Urochloa interespecific,Grass,33.48,72.69,152.82,61.15,4.01,14.01,14.41,22.04,36.06,106.37,8
F24-3589,CIAT-BR-19-0029,1,247,Breeding,Urochloa interespecific,Grass,36.69,76.53,159.25,62.0,3.89,13.94,14.87,23.65,38.23,117.48,8
F24-3590,CIAT-BR-19-0423,1,250,Breeding,Urochloa interespecific,Grass,37.69,77.71,162.91,63.48,3.9,13.93,14.41,23.48,37.16,107.12,9
F24-3591,CIAT-CIAT-6962,1,253,Breeding,Megathyrsus maximus,Grass,31.29,68.88,143.8,56.51,3.93,14.82,15.87,22.81,40.73,98.89,9
F24-3592,CIAT-Mulato-II,1,256,Breeding,Urochloa interespecific,Grass,33.95,73.8,152.58,65.32,4.29,14.21,14.64,22.32,34.27,91.55,9
F24-3593,CIAT-PM-21-0215,1,259,Breeding,Megathyrsus maximus,Grass,32.08,68.24,142.05,54.75,3.86,14.81,16.18,22.94,41.92,115.48,9
F24-3594,CIAT-PM-21-0631,1,262,Breeding,Megathyrsus maximus,Grass,38.59,75.64,156.18,57.12,3.66,14.13,15.82,24.7,43.25,125.16,9
F24-3595,CIAT-PM-21-2195,1,265,Breeding,Megathyrsus maximus,Grass,34.64,71.64,147.93,52.92,3.58,14.39,15.76,23.31,44.07,112.15,9
F24-3596,CIAT-PM-21-3522,1,268,Breeding,Megathyrsus maximus,Grass,36.6,73.45,152.26,58.99,3.88,14.39,15.89,24.18,41.34,106.77,9
F24-3597,CIAT-PM-21-3534,1,361,Breeding,Megathyrsus maximus,Grass,36.81,75.35,154.81,58.31,3.77,17.12,18.84,29.17,50.14,115.55,9
F24-3598,CIAT-PM-21-3537,1,364,Breeding,Megathyrsus maximus,Grass,43.76,83.12,171.06,62.32,3.64,17.0,19.23,32.93,52.93,139.41,8
F24-3599,CIAT-PM-21-3545,1,367,Breeding,Megathyrsus maximus,Grass,38.09,75.85,156.09,58.21,3.73,16.87,18.98,29.64,51.18,141.19,7
F24-3600,CIAT-PM-21-3670,1,370,Breeding,Megathyrsus maximus,Grass,35.02,71.89,150.95,58.76,3.91,16.51,18.79,28.29,48.38,128.75,8
F24-3601,CIAT-PM-21-6628,1,373,Breeding,Megathyrsus maximus,Grass,36.86,73.29,155.16,60.12,3.95,17.23,19.34,29.91,49.84,119.98,9
F24-3602,CIAT-BH-08-1149,1,376,Breeding,Urochloa humidicola,Grass,37.6,80.76,171.54,58.29,3.41,16.71,18.65,32.05,55.06,119.09,9
F24-3603,CIAT-BH-16-0550,1,379,Breeding,Urochloa humidicola,Grass,38.92,85.33,179.21,56.56,3.16,16.28,18.26,32.77,58.06,128.43,9
F24-3604,CIAT-BH-16-0562,1,382,Breeding,Urochloa humidicola,Grass,40.82,86.64,180.76,56.42,3.13,15.85,18.02,32.61,57.88,125.98,8
F24-3605,CIAT-BH-16-3249,1,385,Breeding,Urochloa humidicola,Grass,39.61,86.22,178.91,59.07,3.31,16.17,18.16,32.52,55.41,115.99,9
F24-3606,CIAT-BH-16-B-0733,1,388,Breeding,Urochloa humidicola,Grass,38.14,82.14,169.84,57.87,3.41,16.61,18.55,31.53,54.65,119.57,9
F24-3607,CIAT-BH-16-B-0741,1,391,Breeding,Urochloa humidicola,Grass,37.84,81.5,168.39,58.82,3.51,16.41,18.67,31.47,53.66,130.36,9
F24-3608,CIAT-BH-16-B-1194,1,394,Breeding,Urochloa humidicola,Grass,39.76,87.64,180.29,57.89,3.23,15.93,17.98,32.39,56.09,127.72,9
F24-3609,CIAT-BH-16-B-1618,1,397,Breeding,Urochloa humidicola,Grass,35.19,77.07,158.9,55.96,3.54,16.37,17.53,27.82,49.87,126.29,9
F24-3610,CIAT-BH-16-B-1707,1,400,Breeding,Urochloa humidicola,Grass,40.01,89.41,184.66,56.99,3.11,15.83,17.95,33.26,58.33,130.17,9
F24-3611,CIAT-CIAT-16888,1,403,Breeding,Urochloa humidicola,Grass,40.65,84.1,181.95,53.26,2.94,16.38,18.25,33.24,62.67,145.13,9
F24-3612,CIAT-398,2,12,Genetic_bank,Desmodium incanum,Herbaceous_legumes,25.59,55.35,120.53,37.94,3.15,13.99,15.66,18.88,49.86,-398.95,9
F24-3613,CIAT-438,2,15,Genetic_bank,Centrosema molle x acutifolium,Herbaceous_legumes,27.8,51.32,109.5,38.37,3.51,14.41,15.63,17.13,44.76,-31.83,9
F24-3614,CIAT-442,2,18,Genetic_bank,Centrosema molle x acutifolium,Herbaceous_legumes,34.83,66.12,140.7,43.3,3.08,14.57,15.9,22.38,52.27,-10615.89,9
F24-3615,CIAT-466,2,21,Genetic_bank,Vigna umbellata,Herbaceous_legumes,44.62,84.7,182.53,62.6,3.43,14.22,15.95,29.12,46.59,1409.84,9
F24-3616,CIAT-715,2,24,Genetic_bank,Canavalia ensiformis,Herbaceous_legumes,37.49,72.02,158.87,55.83,3.51,13.9,15.42,24.51,44.06,1212.1,9
F24-3617,CIAT-887,2,27,Genetic_bank,Calopogonium mucunoides,Herbaceous_legumes,32.87,62.18,134.86,52.78,3.91,14.44,16.22,21.88,41.52,-1933.48,9
F24-3618,CIAT-923,2,30,Genetic_bank,Galactia latisiliqua,Herbaceous_legumes,42.36,90.16,194.09,63.67,3.28,14.04,16.3,31.65,49.82,728.15,9
F24-3619,CIAT-3813,2,33,Genetic_bank,Desmodium sequax,Herbaceous_legumes,19.89,34.95,75.02,23.81,3.18,13.71,15.03,11.27,47.74,-137.16,9
F24-3620,CIAT-5512,2,36,Genetic_bank,Centrosema brasilianum,Herbaceous_legumes,45.26,77.92,168.82,59.21,3.51,14.28,16.09,27.16,45.89,1170.89,9
F24-3621,CIAT-5568,2,39,Genetic_bank,Centrosema acutifolium,Herbaceous_legumes,35.23,67.15,146.58,44.5,3.04,14.09,15.92,23.35,52.67,1886.25,9
F24-3622,CIAT-5657,2,42,Genetic_bank,Centrosema brasilianum,Herbaceous_legumes,41.23,72.9,158.7,50.66,3.2,12.8,14.93,23.68,47.4,484.04,9
F24-3623,CIAT-5744,2,45,Genetic_bank,Centrosema macrocarpum,Herbaceous_legumes,33.92,59.04,126.09,39.53,3.14,14.21,16.11,20.32,52.4,640.22,8
F24-3624,CIAT-7131,2,48,Genetic_bank,Eriosema diffusum,Herbaceous_legumes,19.48,38.41,83.25,23.05,2.76,13.3,14.58,12.13,55.01,-265.17,8
F24-3625,CIAT-7318,2,53,Genetic_bank,Canavalia sp.,Herbaceous_legumes,40.22,81.53,176.37,55.31,3.16,12.61,14.96,26.4,48.52,-5919.72,8
F24-3626,CIAT-7395,2,56,Genetic_bank,Galactia striata,Herbaceous_legumes,32.81,69.61,151.69,51.78,3.45,12.74,15.1,22.95,47.01,393.38,8
F24-3627,CIAT-7648,2,59,Genetic_bank,Canavalia brasiliensis,Herbaceous_legumes,38.11,73.49,159.69,57.02,3.59,12.66,15.17,24.27,43.86,-24.7,7
F24-3628,CIAT-7746,2,62,Genetic_bank,Crotalaria paulina,Herbaceous_legumes,38.08,72.31,156.99,57.79,3.69,12.88,14.83,23.29,41.13,5746.12,9
F24-3629,CIAT-7813,2,65,Genetic_bank,Indigofera cryptantha,Herbaceous_legumes,44.9,91.27,202.34,61.75,3.06,14.09,17.11,34.62,57.58,789.63,7
F24-3630,CIAT-7831,2,68,Genetic_bank,Tephrosia rhodesica,Shrub_Trees,38.42,73.54,157.09,51.58,3.31,14.91,17.57,27.61,54.47,808.04,9
F24-3631,CIAT-7894,2,71,Genetic_bank,Canavalia brasiliensis,Herbaceous_legumes,37.79,73.06,156.45,52.77,3.39,12.3,15.04,23.54,45.89,-134.01,8
F24-3632,CIAT-7991,2,74,Genetic_bank,Indigofera suffruticosa,Herbaceous_legumes,30.66,64.0,137.63,39.55,2.9,14.83,16.72,23.12,63.57,-221.88,9
F24-3633,CIAT-8202,2,77,Genetic_bank,Chamaecrista rotundifolia,Herbaceous_legumes,46.14,74.23,160.13,51.8,3.24,13.61,15.52,24.86,48.87,1005.71,9
F24-3634,CIAT-9189,2,80,Genetic_bank,Indigofera suffruticosa,Herbaceous_legumes,36.85,68.25,147.93,57.89,3.92,15.22,17.47,25.84,45.56,962.5,8
F24-3635,CIAT-9434,2,83,Genetic_bank,Clitoria ternatea,Herbaceous_legumes,41.23,81.72,179.93,54.0,3.03,14.98,16.4,29.55,56.61,-224307.05,6
F24-3636,CIAT-11162,2,86,Genetic_bank,Stylosanthes scabra,Herbaceous_legumes,44.2,84.99,185.75,56.82,3.07,12.46,14.92,27.72,50.47,-1411.29,8
F24-3637,CIAT-13301,2,89,Genetic_bank,Desmodium sequax,Herbaceous_legumes,21.65,36.71,79.25,26.72,3.42,14.0,15.79,12.51,48.61,-287.68,6
F24-3638,CIAT-15401,2,92,Genetic_bank,Centrosema brasilianum,Herbaceous_legumes,42.28,70.33,150.83,52.1,3.47,13.84,15.7,23.67,45.47,-30307.6,7
F24-3639,CIAT-17360,2,319,Genetic_bank,Alysicarpus vaginalis,Herbaceous_legumes,37.19,68.51,147.48,62.8,4.26,15.72,16.94,24.99,39.91,-1689.12,8
F24-3640,CIAT-17768,2,321,Genetic_bank,Clitoria ternatea,Herbaceous_legumes,48.48,96.71,206.79,62.31,3.02,14.83,16.26,33.63,54.62,1076.52,9
F24-3641,CIAT-18004,2,324,Genetic_bank,Chamaecrista rotundifolia,Herbaceous_legumes,43.61,92.53,199.03,58.72,2.95,13.81,15.73,31.32,53.53,1161.41,9
F24-3642,CIAT-18430,2,327,Genetic_bank,Alysicarpus vaginalis,Herbaceous_legumes,42.43,78.86,170.13,62.24,3.66,15.38,16.74,28.48,46.1,297.36,9
F24-3644,CIAT-18708,2,330,Genetic_bank,Crotalaria pallida,Herbaceous_legumes,44.0,80.49,173.23,59.88,3.47,15.06,17.16,29.73,49.94,-62035.89,9
F24-3645,CIAT-18850,2,333,Genetic_bank,Alysicarpus rugosus,Herbaceous_legumes,37.07,71.34,151.79,58.68,3.87,15.3,15.95,24.2,41.53,207.48,9
F24-3646,CIAT-18865,2,336,Genetic_bank,Alysicarpus rugosus,Herbaceous_legumes,36.04,71.98,154.0,51.17,3.32,14.34,15.09,23.25,45.67,-941.73,9
F24-3647,CIAT-19032,2,339,Genetic_bank,Canavalia sp.,Herbaceous_legumes,37.81,80.83,174.84,59.15,3.39,13.27,15.33,26.81,45.7,-1866.4,9
F24-3648,CIAT-19119,2,342,Genetic_bank,Alysicarpus rugosus,Herbaceous_legumes,38.55,66.18,143.02,56.58,3.95,14.11,15.47,22.13,40.18,-661.24,9
F24-3650,CIAT-20303,2,345,Genetic_bank,Canavalia brasiliensis,Herbaceous_legumes,39.58,84.67,190.21,58.61,3.09,13.51,15.82,30.08,52.89,-292.82,9
F24-3651,CIAT-20589,2,348,Genetic_bank,Uraria lagopodioides,Herbaceous_legumes,34.42,63.62,138.18,55.03,3.99,14.99,16.47,22.78,41.75,124.42,9
F24-3652,CIAT-21687,2,351,Genetic_bank,Desmanthus virgatus,Shrub_Trees,30.24,58.13,126.5,45.4,3.58,12.63,14.66,18.59,42.42,-2025.92,9
F24-3653,CIAT-22048,2,459,Genetic_bank,Aeschynomene americana,Herbaceous_legumes,51.18,86.56,193.58,63.48,3.28,13.2,14.47,28.01,44.16,1378.74,6
F24-3654,CIAT-22156,2,357,Genetic_bank,Arachis pintoi,Herbaceous_legumes,43.04,91.27,203.44,56.59,2.78,12.54,14.41,29.31,53.44,58.01,9
F24-3655,CIAT-22507,2,361,Genetic_bank,Desmanthus subulatus,Shrub_Trees,30.8,54.98,122.18,42.78,3.51,12.19,13.98,17.07,40.95,-313.27,7
F24-3656,CIAT-22510,2,363,Genetic_bank,Desmanthus bicornutus,Shrub_Trees,26.07,48.27,109.68,32.63,3.02,12.46,14.39,15.78,51.7,-129.72,8
F24-3657,CIAT-22598,2,368,Genetic_bank,Lablab purpureus,Herbaceous_legumes,34.61,64.75,145.54,52.73,3.63,15.1,15.84,23.06,45.23,389.46,7
F24-3658,CIAT-22784,2,371,Genetic_bank,Desmanthus bicornutus,Shrub_Trees,28.66,53.14,114.68,39.85,3.46,12.88,14.99,17.19,44.64,-217.67,8
F24-3659,CIAT-25113,2,374,Genetic_bank,Centrosema brasilianum,Herbaceous_legumes,40.45,66.74,145.32,46.38,3.2,14.56,15.63,22.7,50.97,743.17,8
F24-3660,CIAT-33114,2,377,Genetic_bank,Dendrolobium sp.,Shrub_Trees,25.02,44.28,96.72,26.15,2.7,13.69,15.27,14.74,58.31,-213.51,8
F24-3662,CIAT-43477,2,381,Genetic_bank,Desmodium cinereum,Shrub_Trees,33.17,57.35,125.78,36.81,2.92,15.09,15.83,19.9,57.22,-158.14,7
F25-0001,Sample-1,1,#REF!,LMF,Cynodon nlemfuensis ,Grass,26.7,69.44,142.41,31.2,2.19,14.3,15.43,21.97,77.86,0.0,3
F25-0002,Sample-2,1,#REF!,LMF,Cynodon nlemfuensis ,Grass,25.67,66.34,137.94,50.61,3.68,14.37,15.49,21.37,44.7,0.0,3
F25-0003,Sample-3,1,#REF!,LMF,Cynodon nlemfuensis ,Grass,26.26,68.7,143.0,37.26,2.6,14.3,15.41,22.04,59.31,0.0,3
F25-0004,Sample-4,1,#REF!,LMF,Cynodon nlemfuensis ,Grass,26.4,69.44,143.53,44.69,3.11,14.63,15.44,22.16,49.69,0.0,3
F25-0005,Sample-5,1,#REF!,LMF,Cynodon nlemfuensis ,Grass,25.37,63.83,131.56,37.43,2.85,14.43,15.46,20.33,56.36,0.0,3
F25-0006,Sample-6,1,#REF!,LMF,Cynodon nlemfuensis ,Grass,24.93,64.72,136.79,34.39,2.51,14.4,15.61,21.35,65.0,0.0,3
F25-0007,Sample-7,1,#REF!,LMF,Cynodon nlemfuensis ,Grass,25.67,63.98,133.22,32.56,2.44,14.1,15.0,19.98,64.07,0.0,3
F25-0008,Sample-8,2,102,LMF,Cynodon nlemfuensis ,Grass,20.94,56.77,118.25,29.95,2.58,14.56,15.63,18.45,72.56,669.71,488
F25-0017,Hohenheimer-Heustandard,1,#REF!,LMF,Hohenheimer Heustandard,Forage,22.36,45.72,162.78,47.62,3.61,14.41,15.67,25.48,62.05,63.37,374
F25-0018,Homenheim-Concentrate,1,1624,LMF,Homenheim Concentrate,Concentrate,29.35,55.22,193.69,54.42,3.32,15.0,16.31,31.47,69.13,0.0,322
F25-0019,Sample-8,1,1627,LMF,Cynodon nlemfuensis ,Grass,19.77,49.45,105.46,29.24,2.77,14.73,16.27,17.17,68.02,0.0,6
F25-0769,AMC-ICARDA-156302,1,#REF!,LMF,Trifolium repens,Herbaceous_legumes,37.76,86.99,191.4,72.0,3.75,15.97,16.19,30.99,43.67,-25.03,3
F25-0770,AMC-ICARDA-165072,1,#REF!,LMF,Vicia tenuifolia,,43.07,86.99,191.46,56.78,2.97,14.37,16.59,31.76,56.12,0.0,3
F25-0773,AMC-ICARDA-168125,1,#REF!,LMF,Lathyrus sylvestris,,30.24,61.77,135.95,42.32,3.12,15.53,16.67,22.66,55.1,0.0,3
F25-0798,ICARDA-IFLA-ENT-27,1,#REF!,LMF,Lathyrus sativus,,52.66,93.18,205.04,54.67,2.67,15.3,17.55,35.98,66.26,0.0,3
F25-0814,ICARDA-T-216004,1,#REF!,LMF,Vicia narbonensis L.,,48.23,84.04,184.91,52.37,2.83,13.93,15.51,28.68,55.07,0.0,3
F25-0818,ICARDA-T-216008,1,#REF!,LMF,Hedysarum coronarium L.,,43.37,81.83,180.07,62.41,3.47,13.63,15.09,27.17,43.58,0.0,3
F25-0819,ICARDA-T-216009,1,#REF!,LMF,Hedysarum carnosum Desf.,,37.61,69.44,152.88,54.6,3.57,12.03,13.36,20.43,37.57,0.0,3
F25-0845,ILRI-21682-24-119729,1,#REF!,LMF,Leucaena pallida,Shrub_Trees,24.34,45.54,100.13,22.24,2.22,10.6,12.14,12.15,55.47,0.0,6
F25-0848,ILRI-2273-27-119732,1,#REF!,LMF,Trifolium burchellianum,Herbaceous_legumes,27.58,39.94,87.47,41.6,4.77,10.1,11.34,9.92,23.97,0.0,6
F25-0850,ILRI-13946-29,1,#REF!,LMF,Stylosanthes fructicosa,Herbaceous_legumes,41.08,83.23,183.17,49.35,2.69,13.6,16.01,29.32,59.42,0.0,2
F25-0863,ILRI-10299-42,1,#REF!,LMF,Erythrina abyssinica,,22.72,47.9,105.44,23.94,2.32,14.17,15.24,16.08,69.0,0.0,3
F25-0867,ILRI-20145-46,1,#REF!,LMF,Flemingia macrophylla,,22.42,36.1,79.47,12.98,1.64,13.5,14.76,11.73,93.53,0.0,3
F25-0869,ILRI-16555-48,1,#REF!,LMF,Cajanus cajan,Browse,22.86,47.31,104.14,21.63,2.07,13.5,15.73,16.38,90.64,0.0,3
F25-0873,ILRI-7384-52-120169,1,#REF!,LMF,Chloris gayana,Grass,24.04,69.14,152.0,47.47,3.12,12.87,16.89,25.68,54.67,0.0,6
F25-0874,ILRI-16791-53,1,#REF!,LMF,Cenchrus Purpureues,,28.62,62.5,137.54,30.44,2.21,15.2,16.23,22.32,78.0,0.0,3
F25-0878,ILRI-7153-57,1,#REF!,LMF,Panicum coloratum,,29.94,64.72,142.42,35.58,2.5,13.63,12.77,18.18,51.49,0.0,3
F25-0883,CIAT-20893,1,#REF!,LMF,Cajanus cajan,Browse,17.85,32.41,71.32,22.14,3.1,12.5,14.29,10.19,48.35,0.0,3
F25-0891,CIAT-23890,1,#REF!,LMF,Desmodium heterocarpon,,18.0,36.69,80.77,21.8,2.7,12.7,13.33,10.76,49.87,0.0,3
F25-0893,CIAT-43253,1,#REF!,LMF,Desmodium scorpiurus,,32.16,76.52,168.38,49.54,2.94,15.47,16.41,27.64,55.84,0.0,3
F25-0897,CIAT-21694,1,#REF!,LMF,Erythrina velutina,,39.38,73.86,162.59,53.97,3.33,14.23,16.08,26.15,48.88,0.0,3
F25-0899,CIAT-32055,1,#REF!,LMF,Flemingia macrophylla,,20.95,35.22,77.52,15.46,1.99,13.07,13.92,10.79,71.28,0.0,3
F25-0907,CIAT-17488,1,#REF!,LMF,Leucaena leucocephala,Shrub_Trees,34.52,65.75,144.71,42.03,2.9,11.2,12.94,18.73,46.4,0.0,3
F25-0923,CIAT-36099,1,#REF!,LMF,Cenchrus ciliaris,,22.86,65.31,143.71,50.72,3.53,14.0,16.71,24.02,47.56,0.0,3
F25-0924,CIAT-16666,1,#REF!,LMF,Chloris gayana,,29.5,72.68,161.96,43.52,2.69,13.27,15.56,25.21,58.31,0.0,3
F25-0929,CIAT-15474,2,949,Genetic_bank,Centrosema molle,Herbaceous_legumes,29.24,54.85,118.8,47.0,3.98,13.15,13.56,16.13,35.27,1242.16,6
F25-0930,CIAT-15470,2,951,Genetic_bank,Centrosema molle,Herbaceous_legumes,30.78,57.8,122.56,45.55,3.73,13.77,14.6,17.91,40.38,717.4,9
F25-0931,CIAT-13268,2,954,Genetic_bank,Tadehagi triquetrum,Herbaceous_legumes,21.73,42.65,90.5,38.94,4.31,11.21,12.93,11.71,30.9,-670.09,9
F25-0932,CIAT-22768,2,957,Genetic_bank,Lablab purpureus,Herbaceous_legumes,54.92,93.93,199.4,64.18,3.22,14.17,15.71,31.33,49.54,937.42,9
F25-0933,CIAT-22770,2,960,Genetic_bank,Lablab purpureus,Herbaceous_legumes,50.39,95.71,205.06,68.75,3.36,14.1,15.65,32.08,47.68,515.45,8
F25-0934,CIAT-18701,2,963,Genetic_bank,Cajanus cajan,Shrub_Trees,23.55,47.08,99.27,31.19,3.18,13.36,15.11,14.99,54.17,3921.96,9
F25-0935,CIAT-20891,2,966,Genetic_bank,Cajanus cajan,Shrub_Trees,26.16,45.26,94.97,29.51,3.11,12.92,14.44,13.72,47.98,-250.72,9
F25-0936,CIAT-5172,2,969,Genetic_bank,Centrosema molle,Herbaceous_legumes,30.43,54.95,117.3,35.41,3.03,13.16,14.26,16.73,50.12,-103.62,9
F25-0937,CIAT-5452,2,973,Genetic_bank,Centrosema macrocarpum,Herbaceous_legumes,40.82,62.13,131.12,32.09,2.45,12.71,14.26,18.7,58.64,-263.83,7
F25-0938,CIAT-5733,2,975,Genetic_bank,Centrosema macrocarpum,Herbaceous_legumes,40.26,66.64,139.87,43.99,3.17,13.21,14.72,20.58,48.62,-672.07,9
F25-0939,CIAT-5735,2,978,Genetic_bank,Centrosema macrocarpum,Herbaceous_legumes,45.14,73.33,155.99,51.89,3.33,13.9,15.3,23.86,47.18,406.03,9
F25-0940,CIAT-5749,2,983,Genetic_bank,Centrosema plumieri,Herbaceous_legumes,43.24,77.5,166.45,52.88,3.21,12.87,15.15,25.27,49.14,779.35,7
F25-0941,CIAT-5911,2,984,Genetic_bank,Centrosema macrocarpum,Herbaceous_legumes,46.19,76.4,160.22,43.41,2.71,13.08,14.91,23.9,57.79,-252.48,8
F25-0942,CIAT-13692,2,987,Genetic_bank,Desmodium velutinum,Shrub_Trees,35.79,60.55,127.54,40.73,3.26,15.48,16.96,21.64,56.63,-706.56,9
F25-0943,CIAT-15121,2,990,Genetic_bank,Centrosema macrocarpum,Herbaceous_legumes,39.47,69.08,147.06,53.13,3.62,13.62,15.27,22.45,43.07,-866.37,6
F25-0944,CIAT-15150,2,993,Genetic_bank,Centrosema molle,Herbaceous_legumes,33.48,66.25,142.28,43.89,3.09,13.48,14.24,20.27,48.67,773.0,9
F25-0945,CIAT-15154,2,998,Genetic_bank,Centrosema molle,Herbaceous_legumes,26.8,53.03,112.33,34.19,3.04,13.42,14.17,15.94,50.54,12656.79,9
F25-0946,CIAT-15561,2,1001,Genetic_bank,Centrosema molle,Herbaceous_legumes,33.47,59.49,128.56,47.01,3.66,13.34,14.8,19.08,41.13,394.94,7
F25-0947,CIAT-15799,2,1004,Genetic_bank,Centrosema macrocarpum,Herbaceous_legumes,36.0,57.61,124.07,47.56,3.83,13.26,14.06,17.45,37.78,-509.2,9
F25-0948,CIAT-15816,2,1007,Genetic_bank,Centrosema acutifolium,Herbaceous_legumes,40.01,68.46,142.98,46.2,3.23,13.39,14.86,21.26,47.5,-37.69,7
F25-0949,CIAT-20304,2,1010,Genetic_bank,Canavalia brasiliensis,Herbaceous_legumes,46.35,85.14,180.0,65.02,3.61,13.52,16.93,30.49,47.76,334.29,8
F25-0950,CIAT-21603,2,1013,Genetic_bank,Lablab purpureus,Herbaceous_legumes,47.51,89.84,190.52,53.45,2.82,13.82,15.45,29.46,56.99,-5460.16,8
F25-0951,CIAT-23248,2,1016,Genetic_bank,Desmodium velutinum,Shrub_Trees,43.81,75.85,159.69,53.11,3.32,14.16,16.2,25.88,49.94,105.02,8
F25-0952,CIAT-23271,2,1019,Genetic_bank,Desmodium velutinum,Shrub_Trees,43.22,69.01,145.11,53.06,3.66,13.81,16.05,23.3,45.15,-84.07,9
F25-0953,CIAT-23279,2,1022,Genetic_bank,Desmodium velutinum,Shrub_Trees,44.25,75.84,162.17,46.68,2.88,14.41,16.41,26.61,59.41,405.58,9
F25-0954,CIAT-23326,3,9,Genetic_bank,Desmodium velutinum,Shrub_Trees,44.1,79.25,165.32,63.05,3.82,14.57,16.41,27.14,43.07,206.46,9
F25-0955,CIAT-33255,2,1029,Genetic_bank,Desmodium velutinum,Shrub_Trees,40.9,62.63,131.85,44.57,3.38,15.11,16.67,21.97,51.85,116.47,8
F25-0956,CIAT-33428,2,1031,Genetic_bank,Desmodium velutinum,Shrub_Trees,31.75,55.66,115.68,52.17,4.54,14.39,15.82,18.3,35.5,-387.46,8
F25-0957,CIAT-33451,2,1034,Genetic_bank,Desmodium velutinum,Shrub_Trees,28.22,51.28,106.79,47.19,4.41,13.02,13.92,14.89,31.73,-185932.36,8
F25-0958,CIAT-33463,2,1037,Genetic_bank,Desmodium velutinum,Shrub_Trees,35.02,57.76,119.98,61.64,5.15,14.44,16.29,19.55,31.74,1783.58,8
F25-0959,CIAT-350,2,1263,Genetic_bank,Desmodium heterocarpon,Herbaceous_legumes,23.72,47.5,100.69,41.39,4.11,12.3,13.37,13.46,32.84,-737.07,7
F25-0960,CIAT-3187,2,1266,Genetic_bank,Desmodium cajanifolium,Shrub_Trees,42.6,79.96,169.94,70.3,4.14,12.83,14.49,24.62,35.08,855.03,9
F25-0961,CIAT-4028,2,1269,Genetic_bank,Galactia glaucescens,Herbaceous_legumes,19.69,41.07,86.86,30.52,3.52,11.34,13.36,11.61,40.58,497.51,9
F25-0962,CIAT-5277,2,1272,Genetic_bank,Centrosema acutifolium,Herbaceous_legumes,41.52,79.91,174.71,57.08,3.26,13.27,14.97,26.16,46.87,1988.85,9
F25-0963,CIAT-7227,2,1275,Genetic_bank,Galactia texana,Herbaceous_legumes,32.47,62.26,133.75,51.21,3.8,10.43,11.52,15.4,31.16,38491.0,9
F25-0964,CIAT-8013,2,1278,Genetic_bank,Crotalaria paulina,Herbaceous_legumes,45.15,88.15,188.0,68.31,3.63,13.18,14.46,27.18,40.57,330.68,8
F25-0965,CIAT-8156,2,1281,Genetic_bank,Chamaecrista rotundifolia,Herbaceous_legumes,41.84,60.21,127.92,50.26,3.92,14.38,16.11,20.62,42.34,-4182.55,8
F25-0966,CIAT-9323,2,1284,Genetic_bank,Crotalaria vitellina,Herbaceous_legumes,55.63,96.53,208.83,64.57,3.1,14.66,15.74,32.86,51.69,844.04,9
F25-0967,CIAT-9537,2,1287,Genetic_bank,Crotalaria sagittalis,Herbaceous_legumes,38.23,84.97,185.1,63.64,3.44,13.62,14.68,27.16,43.17,812.79,9
F25-0968,CIAT-9690,2,1290,Genetic_bank,Aeschynomene histrix,Herbaceous_legumes,44.88,81.56,173.86,60.47,3.48,14.29,15.56,27.05,45.88,-186.15,8
F25-0969,CIAT-9900,2,1293,Genetic_bank,Pueraria phaseoloides,Herbaceous_legumes,25.52,60.43,130.19,45.12,3.47,14.05,14.64,19.05,43.37,352.88,8
F25-0970,CIAT-11998,2,1296,Genetic_bank,Stylosanthes guianensis,Herbaceous_legumes,30.5,65.3,138.0,44.05,3.18,11.15,11.91,16.43,38.27,-545.97,8
F25-0971,CIAT-13149,3,12,Genetic_bank,Desmodium strigillosum,Herbaceous_legumes,35.26,66.56,141.88,46.64,3.29,13.02,14.15,20.09,43.24,202.87,9
F25-0972,CIAT-13389,2,1302,Genetic_bank,Desmodium sequax,Herbaceous_legumes,23.64,33.61,71.62,21.43,2.98,12.72,13.54,9.7,48.91,-137.82,8
F25-0973,CIAT-13651,2,1305,Genetic_bank,Desmodium heterocarpon,Herbaceous_legumes,25.55,50.22,105.62,26.5,2.51,13.16,14.0,14.78,60.65,-274.1,7
F25-0974,CIAT-13946,3,15,Genetic_bank,Desmodium sequax,Herbaceous_legumes,17.25,24.99,53.25,22.65,4.26,11.69,12.42,6.61,29.93,140.46,7
F25-0975,CIAT-15160,2,1313,Genetic_bank,Centrosema molle,Herbaceous_legumes,28.67,56.67,119.87,33.15,2.78,13.45,14.19,17.01,57.4,-633.03,8
F25-0976,CIAT-17000,2,1316,Genetic_bank,Chamaecrista rotundifolia,Herbaceous_legumes,38.68,71.33,150.8,42.81,2.84,4.96,9.02,13.6,31.98,-599.89,8
F25-0977,CIAT-17009,2,1319,Genetic_bank,Canavalia brasiliensis,Herbaceous_legumes,44.27,85.3,179.93,47.23,2.63,13.86,16.38,29.47,64.87,-1490.33,8
F25-0978,CIAT-18700,2,1323,Genetic_bank,Cajanus cajan,Shrub_Trees,28.2,53.11,113.06,32.23,2.84,13.9,15.46,17.47,59.27,-872.46,6
F25-0979,CIAT-18873,2,1325,Genetic_bank,Alysicarpus ferrugineus,Herbaceous_legumes,31.85,58.97,124.07,34.7,2.8,15.74,16.3,20.23,62.93,-1255.13,7
F25-0980,CIAT-19867,3,19,Genetic_bank,Uraria lagopodioides,Herbaceous_legumes,40.68,73.01,152.21,52.99,3.49,15.7,16.58,25.23,49.19,235.94,6
F25-0981,CIAT-20207,2,1332,Genetic_bank,Aeschynomene sensitiva,Herbaceous_legumes,33.41,61.78,136.11,44.19,3.25,12.4,13.02,17.72,42.6,-1084.49,8
F25-0982,CIAT-20709,2,1334,Genetic_bank,Calopogonium mucunoides,Herbaceous_legumes,29.92,62.77,133.61,37.16,2.78,14.98,15.95,21.31,61.02,171.88,6
F25-0983,CIAT-18437,2,1337,Genetic_bank,Flemingia macrophylla,Shrub_Trees,21.99,33.9,70.84,22.61,3.2,12.28,13.05,9.25,41.87,-248.83,5
F25-0984,CIAT-25522,2,1340,Genetic_bank,Centrosema macrocarpum,Herbaceous_legumes,43.73,72.63,152.35,52.0,3.41,13.87,15.27,23.27,45.94,231.59,6
F25-0985,CIAT-25704,2,1343,Genetic_bank,Centrosema molle x acutifolium,Herbaceous_legumes,31.55,64.25,134.2,38.46,2.87,13.13,14.05,18.85,52.85,-191.37,7
F25-0986,CIAT-33729,2,1346,Genetic_bank,Desmodium cinereum,Shrub_Trees,33.37,56.56,120.1,43.74,3.64,14.24,14.84,17.82,42.98,-449.72,8
F25-0987,CIAT-33827,2,1349,Genetic_bank,Desmodium incanum,Herbaceous_legumes,25.37,44.71,95.2,22.28,2.35,12.48,14.67,13.97,68.58,-124.29,6
F25-0988,CIAT-8512,2,1354,Genetic_bank,Calopogonium caeruleum,Herbaceous_legumes,28.42,60.92,131.05,42.35,3.24,14.64,15.93,20.9,51.26,-552.62,6
F25-0989,CIAT-11833,2,1355,Genetic_bank,Stylosanthes guianensis,Herbaceous_legumes,33.95,63.44,133.53,30.51,2.29,11.63,13.19,17.6,63.62,-1610.91,9
F25-0990,CIAT-PM-21-0053,1,1081,Breeding,Megathyrsus maximus,Grass,34.66,72.78,151.89,51.43,3.39,14.63,16.41,24.93,49.04,141.09,9
F25-0991,CIAT-PM-21-3550,1,1084,Breeding,Megathyrsus maximus,Grass,32.84,66.14,136.77,45.11,3.3,14.62,16.61,22.72,50.76,172.84,9
F25-0992,CIAT-PM-21-3595,1,1087,Breeding,Megathyrsus maximus,Grass,31.96,67.27,140.27,45.29,3.23,14.84,16.26,22.8,50.57,170.26,9
F25-0993,CIAT-PM-21-0086,1,1090,Breeding,Megathyrsus maximus,Grass,34.86,69.24,141.97,45.62,3.21,14.82,16.59,23.55,51.77,189.58,9
F25-0994,CIAT-CIAT-16048,1,1093,Breeding,Megathyrsus maximus,Grass,35.25,69.05,141.48,48.5,3.43,15.24,16.67,23.58,48.72,155.1,8
F25-0995,CIAT-PM-21-0185,1,1096,Breeding,Megathyrsus maximus,Grass,34.76,69.19,143.33,46.89,3.29,14.37,16.5,23.63,50.84,195.92,9
F25-0996,CIAT-PM-21-0215,1,1099,Breeding,Megathyrsus maximus,Grass,33.73,71.21,148.92,47.29,3.18,14.64,16.56,24.66,52.38,178.23,9
F25-0997,CIAT-CIAT-16051,1,1102,Breeding,Megathyrsus maximus,Grass,35.25,69.49,144.4,45.79,3.17,14.93,16.89,24.38,53.87,212.21,9
F25-0998,CIAT-PM-21-6080,1,1105,Breeding,Megathyrsus maximus,Grass,32.2,64.81,134.46,45.89,3.47,15.08,16.84,22.64,50.46,-490.27,9
F25-0999,CIAT-PM-21-3684,1,1108,Breeding,Megathyrsus maximus,Grass,37.37,75.09,154.08,53.76,3.48,14.59,16.22,24.99,47.31,115.73,9
F25-1000,CIAT-PM-21-0076,1,1111,Breeding,Megathyrsus maximus,Grass,35.2,71.8,151.21,47.61,3.16,14.89,16.81,25.42,56.0,81.03,9
F25-1001,CIAT-CIAT-6890,1,1114,Breeding,Megathyrsus maximus,Grass,34.66,73.91,153.66,52.75,3.43,14.33,16.21,24.91,47.38,104.95,9
F25-1002,CIAT-PM-21-6638,1,1117,Breeding,Megathyrsus maximus,Grass,33.58,67.81,141.66,49.71,3.51,14.13,15.91,22.53,45.83,152.59,9
F25-1003,CIAT-PM-21-0052,1,1120,Breeding,Megathyrsus maximus,Grass,33.83,70.08,146.81,50.41,3.43,14.21,16.2,23.78,47.43,164.15,9
F25-1004,CIAT-PM-21-4449,1,1123,Breeding,Megathyrsus maximus,Grass,29.7,65.7,136.64,42.72,3.13,14.56,16.39,22.39,52.89,199.67,9
F25-1005,CIAT-CIAT-6799,1,1126,Breeding,Megathyrsus maximus,Grass,26.99,64.22,133.68,42.1,3.15,14.92,16.22,21.69,51.97,175.55,9
F25-1006,CIAT-PM-21-0055,1,1129,Breeding,Megathyrsus maximus,Grass,32.6,67.57,140.3,46.4,3.32,14.16,16.3,22.86,49.43,197.07,9
F25-1007,CIAT-PM-21-6529,1,1132,Breeding,Megathyrsus maximus,Grass,30.63,65.85,136.31,46.81,3.44,14.17,15.99,21.82,46.72,165.2,9
F25-1008,CIAT-PM-21-0047,1,1135,Breeding,Megathyrsus maximus,Grass,35.11,72.44,150.62,48.46,3.2,14.43,16.14,24.31,50.93,-90.3,9
F25-1009,CIAT-PM-21-2195,1,1138,Breeding,Megathyrsus maximus,Grass,34.17,71.35,147.06,47.86,3.25,14.26,15.93,23.44,49.68,233.06,9
F25-1010,CIAT-PM-21-2627,1,1141,Breeding,Megathyrsus maximus,Grass,29.84,64.13,131.64,47.9,3.65,14.24,15.97,21.03,43.9,154.9,9
F25-1011,CIAT-PM-21-0059,1,1144,Breeding,Megathyrsus maximus,Grass,33.73,69.68,142.81,49.0,3.44,14.2,16.39,23.4,48.85,282.6,9
F25-1012,CIAT-PM-21-3522,1,1147,Breeding,Megathyrsus maximus,Grass,32.7,66.83,137.5,43.41,3.17,13.74,15.62,21.5,50.63,152.24,9
F25-1013,CIAT-PM-21-0062,1,1150,Breeding,Megathyrsus maximus,Grass,35.01,72.83,148.33,45.38,3.08,13.96,15.8,23.46,51.57,177.35,9
F25-1014,CIAT-PM-21-0906,1,1153,Breeding,Megathyrsus maximus,Grass,32.84,66.83,137.11,48.6,3.55,13.73,15.55,21.35,43.95,142.26,9
F25-1651,CIAT-798,3,21,Genetic_bank,Galactia striata,Herbaceous_legumes,41.6,93.23,201.26,57.23,2.84,12.62,14.39,28.96,50.8,235.29,9
F25-1652,CIAT-822,3,24,Genetic_bank,Calopogonium mucunoides,Herbaceous_legumes,43.04,80.23,170.53,51.7,3.03,13.54,14.72,25.1,48.95,230.29,9
F25-1653,CIAT-852,3,27,Genetic_bank,Dioclea sericea,Herbaceous_legumes,20.93,40.17,85.65,28.48,3.33,11.81,12.93,11.07,41.49,194.62,9
F25-1654,CIAT-907,3,30,Genetic_bank,Dioclea virgata,Herbaceous_legumes,30.15,71.92,154.64,45.26,2.94,13.26,14.93,23.08,52.97,246.31,9
F25-1655,CIAT-1992,3,33,Genetic_bank,Stylosanthes guianensis,Herbaceous_legumes,36.43,81.17,175.49,51.86,2.95,11.59,12.87,22.59,43.92,203.16,9
F25-1656,CIAT-3001,3,36,Genetic_bank,Codariocalyx gyroides,Shrub_Trees,28.37,59.34,125.51,36.92,2.93,12.27,13.71,17.21,49.08,232.04,9
F25-1657,CIAT-3304,3,39,Genetic_bank,Desmodium cajanifolium,Shrub_Trees,52.09,94.01,198.03,60.4,3.05,13.17,14.24,28.21,47.63,226.13,7
F25-1658,CIAT-5713,3,42,Genetic_bank,Centrosema macrocarpum,Herbaceous_legumes,44.43,85.78,181.19,45.58,2.51,13.33,14.69,26.62,61.23,289.91,9
F25-1659,CIAT-7381,3,45,Genetic_bank,Galactia glaucescens,Herbaceous_legumes,25.57,51.43,108.83,32.56,2.99,12.52,14.43,15.7,48.82,230.68,6
F25-1660,CIAT-7799,3,48,Genetic_bank,Dioclea guianensis,Herbaceous_legumes,22.42,45.48,97.29,26.54,2.72,12.18,13.09,12.74,49.38,230.84,5
F25-1661,CIAT-7803,3,54,Genetic_bank,Dioclea holtiana,Herbaceous_legumes,24.6,47.26,100.24,31.87,3.19,11.57,12.6,12.63,52.88,249.3,6
F25-1662,CIAT-8182,3,56,Genetic_bank,Eriosema diffusum,Herbaceous_legumes,28.98,49.26,105.47,21.74,2.07,13.12,14.35,15.14,73.24,342.08,6
F25-1663,CIAT-8434,3,59,Genetic_bank,Dioclea sericea,Herbaceous_legumes,36.03,66.79,142.79,39.65,2.76,13.79,15.04,21.49,57.16,267.39,7
F25-1664,CIAT-8702,3,62,Genetic_bank,Calopogonium caeruleum,Herbaceous_legumes,35.21,68.78,147.86,46.88,3.2,14.17,15.53,22.94,50.56,235.21,9
F25-1665,CIAT-8816,3,65,Genetic_bank,Crotalaria micans,Herbaceous_legumes,55.37,99.78,213.47,68.2,3.19,13.71,14.77,31.53,46.81,218.82,9
F25-1666,CIAT-8826,3,68,Genetic_bank,Zapoteca formosa,Shrub_Trees,43.65,95.89,204.56,67.6,3.31,10.9,11.8,24.12,36.29,170.12,9
F25-1668,CIAT-9740,3,74,Genetic_bank,Chamaecrista desvauxii,Herbaceous_legumes,42.64,82.78,173.51,46.73,2.69,10.03,13.41,23.27,50.98,243.21,7
F25-1669,CIAT-9934,3,77,Genetic_bank,Aeschynomene americana,Herbaceous_legumes,55.21,92.34,196.8,53.37,2.8,12.91,14.26,28.14,54.27,254.62,9
F25-1701,CIAT-BR-12-1362,2,633,Breeding,Urochloa interespecific,Grass,26.87,78.02,168.69,64.41,3.83,11.96,13.75,23.2,36.67,314.52,9
F25-1702,CIAT-BR-12-2462,2,636,Breeding,Urochloa interespecific,Grass,23.92,73.55,153.63,56.21,3.68,12.94,13.07,20.12,35.78,416.36,9
F25-1703,CIAT-BR-12-3868,2,639,Breeding,Urochloa interespecific,Grass,19.25,64.8,137.58,55.88,4.08,11.08,13.51,18.64,33.46,635.54,9
F25-1704,CIAT-BR-15-2558,2,642,Breeding,Urochloa interespecific,Grass,27.9,74.39,159.49,57.33,3.6,12.19,13.73,21.86,38.25,437.12,9
F25-1705,CIAT-BR-15-2811,2,645,Breeding,Urochloa interespecific,Grass,24.56,73.21,156.33,56.83,3.64,11.99,13.19,20.6,36.8,164.51,9
F25-1706,CIAT-BR-15-2891,2,648,Breeding,Urochloa interespecific,Grass,25.98,73.5,156.73,54.93,3.51,13.08,14.05,22.0,40.25,501.48,9
F25-1707,CIAT-BR-19-1343,2,651,Breeding,Urochloa interespecific,Grass,22.84,69.33,147.28,50.61,3.45,11.84,13.31,19.58,39.18,772.29,9
F25-1708,CIAT-CIAT-26110,2,654,Breeding,Urochloa interespecific,Grass,26.33,76.06,161.96,49.43,3.07,13.28,14.5,23.5,48.14,560.8,9
F25-1709,CIAT-CIAT-26646,2,657,Breeding,Urochloa interespecific,Grass,25.3,73.85,157.8,49.08,3.13,11.56,13.74,21.7,45.13,-2378.79,9
F25-1710,CIAT-CIAT-6297,2,660,Breeding,Urochloa interespecific,Grass,26.38,74.14,155.86,47.27,3.05,12.91,14.27,22.25,50.2,121.18,9
F25-1711,CIAT-BR-12-4400,2,663,Breeding,Urochloa interespecific,Grass,31.79,79.75,169.7,53.36,3.15,12.41,13.98,23.73,46.5,-190.18,9
F25-1712,CIAT-BR-15-3434,2,666,Breeding,Urochloa interespecific,Grass,30.8,79.21,167.29,50.69,3.04,13.16,14.18,23.74,49.11,377.24,9
F25-1713,CIAT-BR-15-3811,2,669,Breeding,Urochloa interespecific,Grass,35.67,79.95,165.94,49.7,3.01,12.68,13.72,22.77,48.25,428.1,9
F25-1714,CIAT-BR-15-6547,2,672,Breeding,Urochloa interespecific,Grass,26.62,69.67,147.0,50.44,3.52,12.37,13.83,20.18,41.87,178.65,9
F25-1715,CIAT-BR-15-7121,2,675,Breeding,Urochloa interespecific,Grass,32.03,80.04,168.76,47.76,2.84,11.98,14.1,23.78,50.81,-4332.82,9
F25-1716,CIAT-BR-15-8887,2,678,Breeding,Urochloa interespecific,Grass,34.19,79.73,168.17,51.77,3.08,12.51,14.3,24.02,46.78,721.78,7
F25-1717,CIAT-BR-19-4678,2,683,Breeding,Urochloa interespecific,Grass,37.58,81.31,175.22,47.83,2.73,12.79,13.9,24.34,51.68,-2899.73,9
F25-1718,CIAT-BR-19-5029,2,686,Breeding,Urochloa interespecific,Grass,33.2,75.98,158.86,51.34,3.24,13.11,14.43,22.89,45.62,640.87,9
F25-1719,CIAT-BR-19-5357,2,689,Breeding,Urochloa interespecific,Grass,31.28,77.08,162.95,48.47,2.97,12.81,14.24,23.2,49.66,535.86,9
F25-1720,CIAT-BR-19-5381,2,692,Breeding,Urochloa interespecific,Grass,27.79,70.49,149.01,47.56,3.19,12.34,14.04,20.9,46.28,242.36,9
F25-1721,CIAT-BR-02-0465,2,695,Breeding,Urochloa interespecific,Grass,28.28,75.07,154.91,43.68,2.82,12.13,14.13,21.88,51.44,-3662.28,9
F25-1722,CIAT-BR-04-3025,2,698,Breeding,Urochloa interespecific,Grass,31.48,85.24,177.8,48.78,2.74,13.46,14.64,26.01,54.31,661.54,9
F25-1723,CIAT-BR-05-1435,2,701,Breeding,Urochloa interespecific,Grass,21.01,65.72,136.75,43.49,3.19,12.36,14.27,19.49,45.58,1725.24,9
F25-1724,CIAT-BR-09-3660,2,704,Breeding,Urochloa interespecific,Grass,31.66,72.95,151.51,47.25,3.13,12.94,14.27,21.58,47.59,-144.07,8
F25-1725,CIAT-BR-19-1264,2,707,Breeding,Urochloa interespecific,Grass,30.95,74.26,154.14,45.46,2.95,12.4,14.3,22.02,49.0,-2093.71,8
F25-1726,CIAT-BR-19-5217,2,710,Breeding,Urochloa interespecific,Grass,32.28,76.31,158.52,45.08,2.84,12.76,14.24,22.52,50.98,-349.67,7
F25-1727,CIAT-CIAT-26124,2,713,Breeding,Urochloa interespecific,Grass,29.91,75.07,156.29,43.78,2.81,13.51,14.36,22.42,53.17,219.87,9
F25-1728,CIAT-13262,4,3,Genetic_bank,Dendrolobium triangulare,Shrub_Trees,27.23,46.52,97.92,32.71,3.39,13.46,14.98,14.64,45.6,-0.93,5
F25-1729,CIAT-13528,4,6,Genetic_bank,Dendrolobium lanceolatum,Shrub_Trees,24.18,38.17,80.27,25.89,3.22,12.78,14.42,11.58,46.62,-0.2,8
F25-1730,CIAT-13529,4,9,Genetic_bank,Dendrolobium triangulare,Shrub_Trees,26.52,51.6,109.28,31.83,2.94,13.73,15.62,17.08,55.06,2.81,7
F25-1731,CIAT-13710,4,13,Genetic_bank,Dendrolobium lanceolatum,Shrub_Trees,21.44,34.24,72.71,18.1,2.5,13.91,15.26,11.09,63.86,-0.2,7
F25-1732,CIAT-22004,4,15,Genetic_bank,Dendrolobium triangulare,Shrub_Trees,23.69,44.49,94.31,23.51,2.5,13.47,15.14,14.27,61.95,-0.36,7
F25-1733,CIAT-23104,4,18,Genetic_bank,Dendrolobium triangulare,Shrub_Trees,21.8,41.81,90.22,18.16,2.02,14.43,15.96,14.39,80.77,-0.32,6
F25-1734,CIAT-23106,4,21,Genetic_bank,Dendrolobium triangulare,Shrub_Trees,20.49,36.12,76.28,18.83,2.51,14.54,16.08,12.25,69.06,-0.33,7
F25-1735,CIAT-23107,4,24,Genetic_bank,Dendrolobium triangulare,Shrub_Trees,18.19,33.64,70.82,18.22,2.57,14.26,16.04,11.34,62.47,-0.25,5
F25-1736,CIAT-23108,4,27,Genetic_bank,Dendrolobium triangulare,Shrub_Trees,19.94,36.6,77.37,17.48,2.26,13.61,15.79,12.22,71.58,-0.32,7
F25-1737,CIAT-23412,4,30,Genetic_bank,Dendrolobium triangulare,Shrub_Trees,21.48,34.13,72.44,19.64,2.72,13.51,14.92,10.8,58.16,-0.18,7
F25-1738,CIAT-23413,4,33,Genetic_bank,Dendrolobium triangulare,Shrub_Trees,23.18,41.48,88.66,22.62,2.57,14.12,15.3,13.53,62.63,-0.23,8
F25-1739,CIAT-23419,4,36,Genetic_bank,Dendrolobium triangulare,Shrub_Trees,22.37,39.67,84.39,17.59,2.1,14.04,15.79,13.31,80.56,-0.17,8
F25-1740,CIAT-23422,4,39,Genetic_bank,Dendrolobium triangulare,Shrub_Trees,21.28,39.76,86.53,21.77,2.93,14.63,16.19,14.06,69.29,-0.23,7
F25-1741,CIAT-23734,4,42,Genetic_bank,Dendrolobium triangulare,Shrub_Trees,25.69,49.18,103.8,30.16,2.91,15.12,16.26,16.88,60.39,-0.5,8
F25-1742,CIAT-23932,4,45,Genetic_bank,Dendrolobium triangulare,Shrub_Trees,24.31,46.54,97.8,22.76,2.35,14.7,16.24,15.87,73.46,-0.28,8
F25-1743,CIAT-23933,4,48,Genetic_bank,Dendrolobium triangulare,Shrub_Trees,21.55,47.56,101.41,22.87,2.26,15.03,14.65,14.96,65.72,-0.4,6
F25-1744,CIAT-23934,4,53,Genetic_bank,Dendrolobium triangulare,Shrub_Trees,27.06,50.73,107.67,29.86,2.8,14.45,15.71,16.87,58.42,-0.16,8
F25-1745,CIAT-23936,4,56,Genetic_bank,Dendrolobium triangulare,Shrub_Trees,21.56,42.33,89.97,21.51,2.41,14.27,15.87,14.26,69.63,-0.28,7
F25-1746,CIAT-33119,4,59,Genetic_bank,Dendrolobium triangulare,Shrub_Trees,26.73,51.38,107.78,29.76,2.75,14.65,16.27,17.52,60.37,88.57,6
F25-1747,CIAT-33383,4,62,Genetic_bank,Dendrolobium sp.,Shrub_Trees,23.56,49.23,103.96,30.62,2.94,14.32,15.94,16.57,56.51,-0.65,8
F25-1748,CIAT-33402,4,65,Genetic_bank,Dendrolobium triangulare,Shrub_Trees,24.81,51.67,109.13,29.73,2.74,14.39,15.88,17.33,60.27,-0.61,8
F25-1749,CIAT-33508,4,69,Genetic_bank,Dendrolobium umbellatum,Shrub_Trees,27.8,56.81,121.09,31.78,2.63,14.74,16.94,20.5,67.34,-0.08,7
F25-1750,CIAT-33515,4,72,Genetic_bank,Dendrolobium triangulare,Shrub_Trees,21.21,41.84,89.54,18.94,2.14,14.2,15.58,13.93,79.12,-0.24,6
F25-1751,CIAT-7353,4,74,Genetic_bank,Prosopis juliflora,Shrub_Trees,18.68,30.98,65.45,44.37,6.98,11.21,9.59,6.48,15.04,-0.3,8
F25-1752,CIAT-7976,4,77,Genetic_bank,Cassia sp.,Shrub_Trees,31.56,59.92,128.2,41.56,3.26,12.78,14.12,18.07,44.81,-0.33,8
F25-1753,CIAT-8018,4,80,Genetic_bank,Acacia aroma,Shrub_Trees,25.82,41.96,89.45,19.41,2.18,14.07,15.7,14.04,74.59,-0.49,6
F25-1754,CIAT-9990,4,83,Genetic_bank,Prosopis juliflora,Shrub_Trees,15.37,26.54,57.07,52.35,9.25,9.28,6.78,3.88,7.53,-0.12,8
F25-1755,CIAT-13258,4,86,Genetic_bank,Dendrolobium lanceolatum,Shrub_Trees,18.81,28.98,61.24,19.8,3.22,12.89,13.15,8.06,41.85,-0.14,8
F25-1756,CIAT-13260,4,89,Genetic_bank,Dendrolobium lanceolatum,Shrub_Trees,21.62,33.98,72.2,18.9,2.66,13.58,14.5,10.46,60.35,-0.25,8
F25-1757,CIAT-17263,4,92,Genetic_bank,Leucaena leucocephala,Shrub_Trees,31.62,58.77,124.36,48.81,3.93,12.34,13.6,16.93,35.31,-0.12,7
F25-1758,CIAT-17459,4,285,Genetic_bank,Erythrina berteroana,Shrub_Trees,27.85,66.78,141.12,55.9,3.97,13.12,14.15,19.99,35.84,0.68,8
F25-1759,CIAT-17482,4,289,Genetic_bank,Leucaena leucocephala,Shrub_Trees,34.08,60.43,130.37,48.79,3.77,10.94,12.1,15.79,32.96,1.33,7
F25-1760,CIAT-17502,4,291,Genetic_bank,Leucaena leucocephala,Shrub_Trees,31.53,61.9,131.29,48.39,3.68,11.68,13.15,17.27,35.97,-2.0,8
F25-1761,CIAT-19384,4,294,Genetic_bank,Prosopis juliflora,Shrub_Trees,12.97,25.03,53.58,60.95,11.55,8.28,5.6,3.01,4.92,0.06,8
F25-1762,CIAT-19571,4,297,Genetic_bank,Senna cobanensis,Shrub_Trees,39.41,77.23,165.62,44.59,2.69,13.84,15.97,26.48,61.87,1.01,8
F25-1763,CIAT-20126,4,300,Genetic_bank,Acacia angustissima,Shrub_Trees,19.99,34.86,74.17,25.99,3.54,12.2,12.18,9.04,35.13,-0.16,6
F25-1764,CIAT-20788,4,303,Genetic_bank,Senna pallida,Shrub_Trees,48.88,97.71,207.97,67.1,3.23,12.93,15.23,31.7,47.31,0.39,7
F25-1765,CIAT-21242,4,306,Genetic_bank,Leucaena diversifolia,Shrub_Trees,23.28,41.97,90.01,32.08,3.59,11.32,12.5,11.27,35.98,0.04,8
F25-1766,CIAT-21512,4,309,Genetic_bank,Calliandra calothyrsus,Shrub_Trees,13.35,25.47,54.87,25.15,4.88,11.1,12.11,6.65,27.96,-0.08,8
F25-1767,CIAT-21601,4,312,Genetic_bank,Erythrina fusca,Shrub_Trees,21.28,48.78,104.57,29.92,2.9,13.99,14.78,15.49,52.41,-6.82,8
F25-1768,CIAT-21809,4,315,Genetic_bank,Acacia farnesiana,Shrub_Trees,33.78,63.72,134.62,38.97,2.9,13.66,15.72,21.17,54.95,0.21,8
F25-1769,CIAT-21810,4,318,Genetic_bank,Acacia angustissima,Shrub_Trees,17.85,34.97,73.76,33.76,4.62,10.94,11.11,8.21,26.04,-0.18,8
F25-1770,CIAT-21888,4,321,Genetic_bank,Leucaena leucocephala,Shrub_Trees,32.67,65.85,140.47,46.47,3.33,11.14,12.68,17.83,39.88,0.53,7
F25-1771,CIAT-22310,4,324,Genetic_bank,Calliandra calothyrsus,Shrub_Trees,17.74,29.71,62.59,22.65,3.69,10.89,11.49,7.21,32.88,-0.09,7
F25-1773,CIAT-22316,4,330,Genetic_bank,Calliandra calothyrsus,Shrub_Trees,19.95,31.49,65.91,31.08,4.63,12.41,12.6,8.3,28.14,-0.14,7
F25-1774,CIAT-23239,4,333,Genetic_bank,Dendrolobium triangulare,Shrub_Trees,25.88,49.56,103.36,22.69,2.22,13.71,15.68,16.23,72.83,-0.47,7
F25-1775,CIAT-33116,4,336,Genetic_bank,Dendrolobium triangulare,Shrub_Trees,24.14,41.39,86.49,26.21,3.08,13.88,15.41,13.36,51.55,-0.58,5
F25-2076,ILRI-15551,2,717,LMF,Leucaena diversifolia,Shrub_Trees,27.73,65.34,135.58,46.02,3.39,9.97,11.75,15.9,35.19,674.7,7
F25-2077,CIAT-PM-21-3535,2,1596,Breeding,Megathyrsus maximus,Grass,34.17,73.66,143.47,53.93,3.78,14.12,15.52,22.25,41.28,353.08,9
F25-2078,CIAT-PM-21-6106,2,1599,Breeding,Megathyrsus maximus,Grass,35.74,74.98,148.35,58.82,3.97,14.51,16.02,23.76,40.45,317.94,9
F25-2079,CIAT-PM-21-2580,2,1602,Breeding,Megathyrsus maximus,Grass,39.92,83.49,166.82,60.3,3.62,13.72,15.38,25.66,42.58,331.76,9
F25-2080,CIAT-CIAT-16031,2,1605,Breeding,Megathyrsus maximus,Grass,37.91,78.82,154.9,55.93,3.62,13.86,15.49,23.98,42.96,374.13,9
F25-2081,CIAT-CIAT-26936,2,1608,Breeding,Megathyrsus maximus,Grass,35.2,77.93,149.63,53.71,3.62,14.43,15.75,23.56,44.14,414.3,9
F25-2082,CIAT-PM-21-0074,2,1611,Breeding,Megathyrsus maximus,Grass,39.19,77.0,148.38,54.87,3.73,13.9,15.36,22.79,41.79,411.41,9
F25-2083,CIAT-PM-21-0072,2,1614,Breeding,Megathyrsus maximus,Grass,36.88,75.82,148.52,53.17,3.59,13.57,15.25,22.66,42.67,406.95,9
F25-2084,CIAT-PM-21-6598,2,1617,Breeding,Megathyrsus maximus,Grass,38.84,79.75,154.46,50.76,3.29,13.47,15.17,23.48,46.34,510.25,9
F25-2085,CIAT-PM-21-6647,2,1620,Breeding,Megathyrsus maximus,Grass,39.38,80.2,156.84,50.51,3.22,14.16,15.47,24.27,48.25,525.5,9
F25-2086,CIAT-PM-21-0819,2,1623,Breeding,Megathyrsus maximus,Grass,38.45,79.36,157.27,51.88,3.31,13.78,15.26,23.99,46.72,605.8,9
F25-2087,CIAT-CIAT-16021,2,1626,Breeding,Megathyrsus maximus,Grass,34.17,75.13,146.11,42.94,2.95,14.68,16.19,23.65,55.86,759.07,9
F25-2088,CIAT-PM-21-6640,2,1629,Breeding,Megathyrsus maximus,Grass,32.89,72.58,141.63,49.86,3.53,13.7,15.53,22.0,44.24,495.42,9
F25-2089,CIAT-PM-21-0065,2,1632,Breeding,Megathyrsus maximus,Grass,40.66,81.18,156.15,49.57,3.18,14.13,15.53,24.25,49.51,680.46,9
F25-2090,CIAT-PM-21-6629,2,1635,Breeding,Megathyrsus maximus,Grass,32.16,72.28,139.03,44.82,3.25,13.68,15.16,21.07,47.95,562.9,9
F25-2091,CIAT-PM-21-6641,2,1638,Breeding,Megathyrsus maximus,Grass,43.51,81.33,157.42,51.47,3.3,14.36,15.8,24.86,48.44,587.0,9
F25-2092,CIAT-CIAT-16025,2,1641,Breeding,Megathyrsus maximus,Grass,33.68,73.02,145.85,45.83,3.14,13.42,14.98,21.85,49.69,211.76,9
F25-2093,CIAT-PM-21-0070,2,1646,Breeding,Megathyrsus maximus,Grass,36.73,82.81,159.86,54.14,3.39,13.62,15.34,24.54,45.53,431.25,6
F25-2094,CIAT-PM-21-4926,2,1650,Breeding,Megathyrsus maximus,Grass,26.13,65.23,129.84,39.9,3.07,14.4,15.78,20.46,53.71,335.98,7
F25-2095,CIAT-PM-21-3662,2,1652,Breeding,Megathyrsus maximus,Grass,34.42,79.02,153.44,57.71,3.76,13.7,15.27,23.41,40.94,340.45,6
F25-2096,CIAT-PM-21-4448,3,80,Breeding,Megathyrsus maximus,Grass,33.54,81.06,169.69,42.41,2.51,13.54,14.88,25.24,62.72,299.61,9
F25-2097,CIAT-PM-21-0079,2,1658,Breeding,Megathyrsus maximus,Grass,33.71,77.31,150.26,48.02,3.21,13.37,14.95,22.46,48.6,1407.98,7
F25-2098,CIAT-CIAT-6986,2,1661,Breeding,Megathyrsus maximus,Grass,30.62,72.38,144.4,45.09,3.2,13.64,15.09,21.78,51.0,1079.45,7
F25-2099,CIAT-PM-21-4852,2,1665,Breeding,Megathyrsus maximus,Grass,30.85,73.03,142.42,40.75,2.88,13.85,15.26,21.72,53.27,636.57,6
F25-2100,CIAT-PM-21-0078,2,1667,Breeding,Megathyrsus maximus,Grass,32.45,72.57,142.62,42.9,3.01,13.74,15.27,21.76,50.97,1497.75,7
F25-2101,CIAT-CIAT-16071,3,83,Breeding,Megathyrsus maximus,Grass,31.43,77.67,166.91,38.57,2.32,13.24,15.4,25.71,73.74,343.13,9
F25-2102,CIAT-PM-21-0876,2,1673,Breeding,Megathyrsus maximus,Grass,32.18,73.02,143.37,41.2,2.89,13.43,14.91,21.38,53.15,469.14,7
F25-2103,CIAT-PM-21-3641,2,1677,Breeding,Megathyrsus maximus,Grass,32.41,71.93,137.93,38.93,2.84,13.44,15.02,20.72,58.19,180.62,8
F25-2104,CIAT-BR-06-1348,4,1066,Breeding,Urochloa interespecific,Grass,39.3,89.04,191.18,54.58,2.86,13.46,14.59,27.9,51.5,0.63,7
F25-2105,CIAT-BR-09-4467,3,86,Breeding,Urochloa interespecific,Grass,37.93,86.51,187.32,43.36,2.3,12.24,13.63,25.55,63.78,294.52,9
F25-2106,CIAT-BR-09-4777,2,1685,Breeding,Urochloa interespecific,Grass,37.22,78.66,150.74,40.4,2.7,12.62,13.94,21.01,56.87,808.57,6
F25-2107,CIAT-BR-12-0255,2,1911,Breeding,Urochloa interespecific,Grass,32.33,79.54,161.2,60.12,3.74,12.31,13.96,22.48,37.48,374.33,9
F25-2108,CIAT-BR-12-0461,2,1914,Breeding,Urochloa interespecific,Grass,31.39,82.44,161.63,61.59,3.83,12.52,14.27,23.06,37.7,335.97,9
F25-2109,CIAT-BR-12-1620,2,1917,Breeding,Urochloa interespecific,Grass,33.11,80.13,154.48,60.13,3.92,12.4,13.92,21.48,36.04,345.79,9
F25-2110,CIAT-BR-12-1889,2,1920,Breeding,Urochloa interespecific,Grass,31.2,77.57,151.26,57.99,3.85,11.64,14.03,21.2,36.64,408.05,9
F25-2111,CIAT-BR-12-4039,2,1923,Breeding,Urochloa interespecific,Grass,30.95,77.67,149.66,56.17,3.76,12.23,14.28,21.38,38.13,385.12,9
F25-2112,CIAT-BR-12-4856,2,1926,Breeding,Urochloa interespecific,Grass,28.93,72.71,142.33,49.54,3.49,12.56,14.1,20.06,40.7,522.87,9
F25-2113,CIAT-BR-12-5049,2,1929,Breeding,Urochloa interespecific,Grass,32.03,79.05,154.29,50.57,3.29,12.74,14.58,22.5,44.66,731.11,9
F25-2114,CIAT-BR-15-1851,2,1932,Breeding,Urochloa interespecific,Grass,33.8,82.64,159.61,51.12,3.2,12.8,14.36,22.93,45.29,-932.56,9
F25-2115,CIAT-BR-15-3025,2,1935,Breeding,Urochloa interespecific,Grass,33.56,79.93,155.12,52.27,3.37,12.84,14.28,22.16,42.43,594.46,9
F25-2116,CIAT-BR-15-3248,2,1938,Breeding,Urochloa interespecific,Grass,31.79,78.46,151.16,54.32,3.61,12.69,14.48,21.89,40.34,535.61,9
F25-2117,CIAT-BR-15-7659,2,1941,Breeding,Urochloa interespecific,Grass,32.92,80.47,153.95,52.92,3.44,12.39,14.07,21.66,41.22,617.08,9
F25-2118,CIAT-BR-15-8919,2,1944,Breeding,Urochloa interespecific,Grass,29.97,79.2,156.59,50.93,3.26,12.42,14.02,21.96,43.24,525.21,9
F25-2119,CIAT-BR-19-5515,2,1947,Breeding,Urochloa interespecific,Grass,33.06,82.64,167.18,52.02,3.12,12.34,14.04,23.48,45.3,600.3,9
F25-2120,CIAT-BR-19-5877,2,1950,Breeding,Urochloa interespecific,Grass,32.43,80.92,158.91,50.02,3.15,12.69,14.25,22.63,46.91,1363.61,9
F25-2121,CIAT-BR-19-6136,2,1953,Breeding,Urochloa interespecific,Grass,32.03,78.56,154.62,46.05,2.98,12.63,14.14,21.86,48.9,-1421.48,9
F25-2122,ILRI-15551,2,719,LMF-invivo,Leucaena diversifolia,Shrub_Trees,23.51,48.07,105.46,43.22,4.12,10.08,11.66,12.28,29.6,-224.14,9
F25-2131,Muestra-#-02,3,89,LMF-invivo,Cynodon nlemfuensis,Grass,26.58,57.48,124.76,27.18,2.18,14.18,14.82,18.51,70.57,325.1,4
F25-2134,Hohenheimer-Heustandard-IAG-2025/1-S-1,3,1067,LMF,Hohenheimer Heustandard,,30.39,46.82,204.86,41.52,2.02,15.55,16.08,32.94,86.05,196.68,6
F25-2136,CIAT-6962-Mombaza-Ex,3,646,Benchmark,Megathyrsus maximus,Grass,36.07,79.31,163.58,38.69,2.37,12.95,13.05,21.39,56.66,274.72,6
F25-2137,CIAT-606-Basilisk-Opt,3,648,Benchmark,Urochloa interespecific,Grass,35.35,87.64,181.01,53.35,2.97,13.0,13.8,24.92,46.81,226.66,9
F25-2138,CIAT-6294-Marandu-Opt,3,651,Benchmark,Urochloa interespecific,Grass,35.18,90.93,189.14,41.19,2.17,13.07,13.68,25.88,58.91,283.22,9
F25-2139,CIAT-36087-MulatoII-Opt,3,654,Benchmark,Urochloa interespecific,Grass,37.87,86.42,178.21,52.6,2.96,12.8,13.62,24.28,46.69,226.44,8
F25-2140,CIAT-6133-Llanero-Opt,3,657,Benchmark,Urochloa humidicola,Grass,35.24,85.09,174.64,45.88,2.64,13.67,14.0,24.46,54.66,266.32,9
F25-2141,CIAT-6962-Mombaza-Opt,3,660,Benchmark,Megathyrsus maximus ,Grass,38.9,82.47,169.07,44.76,2.65,12.74,14.16,23.94,54.15,264.17,9
F25-2144,CIAT-BH-16-1763,2,2226,Breeding,Urochloa humidicola,Grass,34.96,84.49,160.34,53.52,3.35,12.28,13.81,22.18,41.73,382.68,9
F25-2145,CIAT-BH-16-B-2165,2,2229,Breeding,Urochloa humidicola,Grass,34.37,88.67,166.23,54.76,3.32,12.58,14.25,23.72,43.54,350.1,9
F25-2146,CIAT-BH-16-B-2167,2,2232,Breeding,Urochloa humidicola,Grass,31.61,83.66,154.42,49.81,3.23,12.67,13.87,21.41,43.77,422.52,9
F25-2147,CIAT-CIAT-16886,2,2235,Breeding,Urochloa humidicola,Grass,33.29,84.74,156.54,54.54,3.5,13.17,14.11,22.12,40.89,342.02,9
F25-2148,CIAT-CIAT-16891,2,2238,Breeding,Urochloa humidicola,Grass,30.83,79.63,146.25,49.99,3.44,12.63,14.02,20.54,41.7,461.29,9
F25-2149,CIAT-CIAT-26146,2,2241,Breeding,Urochloa humidicola,Grass,31.22,87.59,159.56,51.97,3.28,12.61,14.08,22.48,44.07,394.53,9
F25-2150,CIAT-CIAT-26149,2,2244,Breeding,Urochloa humidicola,Grass,34.56,88.18,162.6,52.93,3.28,12.44,14.02,22.81,43.75,441.89,9
F25-2151,CIAT-CIAT-26160,2,2247,Breeding,Urochloa humidicola,Grass,31.91,84.89,157.28,52.52,3.38,12.82,14.34,22.59,44.14,463.98,9
F25-2152,CIAT-CIAT-26415,2,2250,Breeding,Urochloa humidicola,Grass,30.48,79.09,147.76,48.43,3.32,12.09,13.65,20.19,42.34,467.48,9
F25-2153,CIAT-BH-22-4092,2,2253,Breeding,Urochloa humidicola,Grass,36.83,84.0,157.54,47.84,3.05,12.6,14.1,22.23,47.18,597.32,9
F25-2154,CIAT-CIAT-26438,2,2256,Breeding,Urochloa humidicola,Grass,33.76,84.74,156.26,42.4,2.72,12.54,13.91,21.78,54.8,137.65,7
F25-2155,CIAT-CIAT-26570,2,2259,Breeding,Urochloa humidicola,Grass,34.04,79.69,148.51,48.12,3.24,13.32,14.65,21.74,45.45,612.5,6
F25-2156,CIAT-BH-22-3115,2,2262,Breeding,Urochloa humidicola,Grass,31.02,84.54,160.37,37.57,2.34,12.14,13.86,22.23,62.57,266.88,9
F25-2157,CIAT-BH-22-1375,2,2265,Breeding,Urochloa humidicola,Grass,35.34,87.43,167.99,41.97,2.5,12.43,14.07,23.69,58.78,610.27,7
F25-2158,CIAT-CIAT-6133,2,2268,Breeding,Urochloa humidicola,Grass,29.9,83.48,159.55,40.88,2.59,12.4,13.93,22.23,57.67,-105.14,7
F25-2159,CIAT-CIAT-679,2,2271,Breeding,Urochloa humidicola,Grass,33.53,90.21,175.51,41.12,2.36,12.4,13.89,24.4,62.47,-1161.73,6
F25-2160,CIAT-BH-22-4865,2,2276,Breeding,Urochloa humidicola,Grass,28.9,75.25,143.84,36.5,2.62,12.82,14.07,20.28,61.35,705.11,8
F25-2161,CIAT-BH-22-1706,2,2280,Breeding,Urochloa humidicola,Grass,28.44,78.78,147.41,36.12,2.49,12.4,13.86,20.44,60.81,-2546.39,6
F25-2162,CIAT-BH-22-4169,2,2282,Breeding,Urochloa humidicola,Grass,26.47,76.25,142.56,30.14,2.08,12.9,14.2,20.26,74.49,2884.43,8
F25-2163,CIAT-BH-22-1258,2,2285,Breeding,Urochloa humidicola,Grass,31.96,82.13,152.54,27.68,1.8,12.87,14.04,21.43,82.25,-284.64,9
F25-2164,CIAT-BH-22-1370,2,2288,Breeding,Urochloa humidicola,Grass,28.9,75.43,138.31,41.92,3.04,12.9,13.96,19.3,48.47,-350.99,7
F25-2165,CIAT-BH-22-2225,2,2291,Breeding,Urochloa humidicola,Grass,32.28,82.1,153.88,39.81,2.6,13.15,14.31,22.03,56.26,763.89,6
F25-2166,CIAT-BH-22-0528,4,1069,Breeding,Urochloa humidicola,Grass,33.51,87.61,178.31,43.19,2.42,13.67,14.81,26.41,61.79,0.62,7
F25-2167,CIAT-BH-22-3507,2,2297,Breeding,Urochloa humidicola,Grass,28.4,70.99,134.39,25.03,1.87,12.8,13.95,18.79,88.9,603.41,8
F25-2168,CIAT-BH-22-4253,2,2302,Breeding,Urochloa humidicola,Grass,30.74,74.55,140.67,36.45,2.63,12.87,13.84,19.45,56.84,126.43,6
F25-2169,CIAT-BH-22-2189,2,2303,Breeding,Urochloa humidicola,Grass,28.62,69.99,133.91,27.59,2.1,12.93,14.05,18.84,76.17,-1401.21,9
F25-2170,CIAT-BH-22-0765,3,92,Breeding,Urochloa humidicola,Grass,38.32,86.18,176.79,46.75,2.64,13.78,14.24,25.18,54.29,264.66,5
F25-2171,CIAT-BH-22-2531,3,95,Breeding,Urochloa humidicola,Grass,38.17,94.79,196.95,35.9,1.82,12.9,14.24,28.19,69.75,336.47,7
F25-2172,CIAT-BH-22-0132,2,2312,Breeding,Urochloa humidicola,Grass,30.5,78.1,147.38,33.38,2.38,12.77,13.95,20.58,69.18,-1126.97,6
F25-2173,CIAT-BH-22-3521,2,2316,Breeding,Urochloa humidicola,Grass,30.58,74.21,137.13,36.99,2.76,13.08,13.92,19.08,55.84,6151.64,6
F25-2174,CIAT-BH-22-2074,2,2583,Breeding,Urochloa humidicola,Grass,31.88,86.43,178.39,45.93,2.58,13.33,14.6,26.07,59.36,558.45,9
F25-2175,CIAT-BH-22-0456,2,2586,Breeding,Urochloa humidicola,Grass,31.72,89.04,184.06,51.84,2.83,13.02,13.9,25.62,49.34,436.79,6
F25-2176,CIAT-BH-22-1832,2,2589,Breeding,Urochloa humidicola,Grass,31.79,86.48,177.56,46.12,2.61,13.07,14.05,24.99,60.01,107.32,7
F25-2177,CIAT-BH-22-1872,2,2592,Breeding,Urochloa humidicola,Grass,32.98,87.25,178.63,40.81,2.33,12.99,14.32,25.63,81.86,124.63,8
F25-2178,CIAT-BH-22-0071,2,2595,Breeding,Urochloa humidicola,Grass,27.62,76.17,156.82,46.77,2.99,12.98,14.11,22.16,47.41,446.3,6
F25-2179,CIAT-BH-22-4454,2,2598,Breeding,Urochloa humidicola,Grass,32.19,80.37,164.61,45.38,2.76,13.42,14.52,23.9,52.87,614.83,6
F25-2180,CIAT-BH-22-1267,2,2601,Breeding,Urochloa humidicola,Grass,30.2,83.69,171.21,42.58,2.49,12.68,14.02,24.02,56.47,624.25,6
F25-2181,CIAT-BH-22-1303,2,2604,Breeding,Urochloa humidicola,Grass,30.2,83.25,171.83,45.5,2.67,13.0,14.14,24.35,53.84,488.64,6
F25-2182,CIAT-BH-22-2508,2,2607,Breeding,Urochloa humidicola,Grass,34.69,85.7,174.98,40.88,2.37,13.3,14.46,25.33,67.68,-245.25,8
F25-2183,CIAT-BH-22-2046,2,2610,Breeding,Urochloa humidicola,Grass,34.25,85.72,176.52,39.13,2.25,12.5,13.83,24.45,68.15,568.81,7
F25-2185,CIAT-BH-22-1594,4,342,Genetic_bank,Urochloa humidicola,Grass,35.01,88.19,185.41,37.18,2.0,14.28,14.91,27.72,77.18,1.65,6
F25-2186,CIAT-BH-22-0468,4,345,Genetic_bank,Urochloa humidicola,Grass,32.53,81.22,169.11,34.63,2.06,14.35,14.8,25.11,75.5,0.13,8
F25-2187,CIAT-BH-22-3830,4,348,Genetic_bank,Urochloa humidicola,Grass,40.51,97.36,202.78,40.8,2.0,13.9,14.78,30.03,75.1,0.76,6
F25-2188,CIAT-BH-22-1710,4,351,Genetic_bank,Urochloa humidicola,Grass,35.31,86.78,178.34,36.11,2.03,13.94,14.66,26.19,73.82,-9.63,7
F25-2189,CIAT-BH-22-2365,4,354,Genetic_bank,Urochloa humidicola,Grass,35.69,87.67,180.47,39.83,2.21,14.0,14.44,26.1,66.84,0.84,5
F25-2190,CIAT-BH-22-3572,4,357,Genetic_bank,Urochloa humidicola,Grass,36.79,89.17,184.68,20.76,1.17,13.58,14.19,26.3,154.85,-1.06,5
F25-2193,CIAT-BH-22-0521,4,366,Genetic_bank,Urochloa humidicola,Grass,40.44,45.76,32.88,13.48,162.7,29.81,3.54,16.08,45.56,24.47,7
F25-2566,Paja-Sabana-Madura,3,663,Benchmark,,Grass,12.36,28.77,62.25,13.53,2.17,12.51,13.55,8.43,62.87,290.59,7
F25-2567,Humidicola-679,3,666,Benchmark,Urochloa humidicola,Grass,13.57,53.7,116.38,24.09,2.07,13.48,13.75,16.0,68.01,313.81,8
F25-2568,Sabana-Quemada,3,774,Benchmark,,Grass,8.0,21.87,46.72,14.63,3.12,12.07,13.31,6.22,46.68,218.54,6
F25-2574,CIAT-326,4,369,Genetic_bank,Desmodium scorpiurus,Herbaceous_legumes,30.1,62.06,135.33,39.09,3.24,13.77,15.23,20.62,55.45,-1.65,6
F25-2575,CIAT-415,4,377,Genetic_bank,Vigna radiata,Herbaceous_legumes,27.62,72.74,157.79,51.39,3.28,11.22,13.79,21.74,43.25,-0.03,8
F25-2576,CIAT-416,4,380,Genetic_bank,Vigna radiata,Herbaceous_legumes,39.51,86.31,188.72,56.45,2.99,12.38,14.79,27.92,50.26,13.58,8
F25-2577,CIAT-517,4,383,Genetic_bank,Macroptilium atropurpureum,Herbaceous_legumes,33.38,67.5,148.11,37.99,2.57,11.58,13.23,19.59,52.88,-0.29,8
F25-2578,CIAT-563,4,386,Genetic_bank,Macroptilium bracteatum,Herbaceous_legumes,31.19,72.62,156.13,40.95,2.62,12.19,13.66,21.32,53.49,-0.06,8
F25-2579,CIAT-789,4,389,Genetic_bank,Zornia latifolia,Herbaceous_legumes,45.63,96.06,216.16,40.55,1.88,13.2,14.71,31.79,84.23,-0.95,8
F25-2580,CIAT-2085,4,392,Genetic_bank,Stylosanthes seabrana,Herbaceous_legumes,29.76,75.88,164.94,35.99,2.18,10.87,13.13,21.64,60.41,-0.95,6
F25-2581,CIAT-2690,4,395,Genetic_bank,Stylosanthes angustifolia,Herbaceous_legumes,35.88,79.5,174.66,29.9,1.72,11.0,13.35,23.3,85.57,-1.15,8
F25-2582,CIAT-4069,4,398,Genetic_bank,Macroptilium atropurpureum,Herbaceous_legumes,28.69,64.12,138.89,33.68,2.43,11.35,12.68,17.61,57.03,-0.5,8
F25-2583,CIAT-4141,4,401,Genetic_bank,Vigna radiata,Herbaceous_legumes,34.65,81.21,178.49,40.83,2.29,13.4,14.7,26.24,67.86,-0.05,6
F25-2584,CIAT-4532,4,404,Genetic_bank,Vigna unguiculata,Herbaceous_legumes,40.63,87.06,189.04,37.31,1.98,13.18,14.6,27.6,78.97,-1.65,8
F25-2585,CIAT-4537,4,407,Genetic_bank,Vigna unguiculata,Herbaceous_legumes,38.7,83.66,181.3,46.92,2.6,11.7,13.68,24.81,55.33,0.59,7
F25-2587,CIAT-7826,4,413,Genetic_bank,Tephrosia purpurea,Herbaceous_legumes,32.01,68.25,150.34,34.59,2.31,13.38,14.83,22.28,66.85,-0.7,8
F25-2588,CIAT-8014,4,416,Genetic_bank,Crotalaria retusa,Herbaceous_legumes,43.39,92.95,203.43,51.76,2.55,12.27,13.35,27.14,53.29,1.78,7
F25-2589,CIAT-8849,4,419,Genetic_bank,Zornia brasiliensis,Herbaceous_legumes,33.51,71.31,157.93,37.41,2.37,12.7,15.12,23.88,65.41,-0.74,8
F25-2590,CIAT-9326,4,422,Genetic_bank,Crotalaria retusa,Herbaceous_legumes,38.6,90.52,196.68,44.24,2.26,12.16,13.58,26.7,62.07,-1.66,7
F25-2591,CIAT-9337,4,425,Genetic_bank,Crotalaria retusa,Herbaceous_legumes,36.96,81.47,176.63,46.3,2.62,12.0,12.72,22.46,50.54,0.08,6
F25-2592,CIAT-9350,4,428,Genetic_bank,Crotalaria pumila,Herbaceous_legumes,42.76,89.68,196.59,59.88,3.05,12.82,13.98,27.49,46.71,0.55,8
F25-2593,CIAT-9352,4,431,Genetic_bank,Crotalaria pumila,Herbaceous_legumes,43.38,84.0,179.76,47.09,2.62,12.9,14.7,26.43,57.38,4.99,8
F25-2594,CIAT-9472,4,434,Genetic_bank,Zornia brasiliensis,Herbaceous_legumes,32.1,62.52,135.71,35.27,2.62,12.33,14.86,20.17,61.18,-0.4,7
F25-2595,CIAT-9531,4,437,Genetic_bank,Indigofera spicata,Herbaceous_legumes,31.46,76.3,166.56,50.85,3.06,12.43,14.65,24.39,48.49,-1.41,7
F25-2596,CIAT-10026,4,440,Genetic_bank,Stylosanthes seabrana,Herbaceous_legumes,29.6,73.02,157.39,42.25,2.68,11.29,13.31,20.95,51.61,0.52,7
F25-2597,CIAT-12411,4,443,Genetic_bank,Stylosanthes sympodialis,Herbaceous_legumes,38.25,82.87,180.65,55.06,3.05,11.17,13.42,24.24,44.51,0.49,7
F25-2598,CIAT-13494,4,446,Genetic_bank,Desmodium tortuosum,Shrub_Trees,39.63,82.68,180.29,47.79,2.68,12.11,14.31,25.79,56.13,-0.32,8
F25-2599,CIAT-13562,4,449,Genetic_bank,Desmodium tortuosum,Shrub_Trees,36.81,68.8,149.81,46.73,3.14,14.07,15.36,23.02,49.56,2.13,6
F25-2600,CIAT-13593,4,452,Genetic_bank,Desmodium scorpiurus,Herbaceous_legumes,32.56,65.46,144.28,34.39,2.4,14.68,15.99,23.07,76.03,-2.55,6
F25-2601,CIAT-13608,4,455,Genetic_bank,Desmodium incanum,Herbaceous_legumes,28.23,61.13,131.96,31.24,2.39,13.08,14.88,19.63,64.77,-1.1,6
F25-2602,CIAT-18277,4,458,Genetic_bank,Indigofera jamaicensis,Herbaceous_legumes,22.98,60.88,135.48,39.46,2.93,12.42,14.44,19.57,51.22,-0.69,6
F25-2603,CIAT-18952,4,461,Genetic_bank,Indigofera atriceps,Herbaceous_legumes,22.98,49.3,109.07,32.47,3.01,12.62,13.8,15.05,51.46,-0.2,6
F25-2604,CIAT-18953,4,783,Genetic_bank,Indigofera atriceps,Herbaceous_legumes,33.85,63.83,142.5,39.31,2.75,13.88,13.92,19.87,51.33,-0.82,6
F25-2605,CIAT-18954,4,785,Genetic_bank,Indigofera atriceps,Herbaceous_legumes,28.18,57.14,122.93,33.48,2.7,12.03,13.02,16.05,49.98,-0.5,7
F25-2606,CIAT-19198,4,788,Genetic_bank,Tephrosia villosa,Herbaceous_legumes,33.28,69.98,154.49,45.87,3.37,13.71,15.7,24.42,53.55,-1.36,8
F25-2607,CIAT-19460,4,791,Genetic_bank,Sesbania cannabina,Shrub_Trees,36.45,78.19,171.68,25.96,1.5,14.15,15.04,25.87,105.58,-0.41,6
F25-2608,CIAT-20044,4,794,Genetic_bank,Tephrosia purpurea,Herbaceous_legumes,40.91,78.8,170.87,57.06,3.39,14.34,16.28,27.83,49.36,1.09,8
F25-2609,CIAT-22423,4,797,Genetic_bank,Vigna unguiculata,Herbaceous_legumes,42.14,83.63,184.49,64.95,3.52,13.5,14.82,27.41,42.49,0.7,7
F25-2610,CIAT-22480,4,800,Genetic_bank,Sesbania cannabina,Shrub_Trees,45.03,88.67,191.69,56.26,2.94,13.81,15.0,28.81,51.39,-3.65,8
F25-2611,CIAT-23116,4,803,Genetic_bank,Desmodium tortuosum,Shrub_Trees,40.34,77.61,167.55,38.29,2.31,14.11,15.66,26.29,69.81,-3.53,8
F25-2612,CIAT-23416,4,806,Genetic_bank,Codariocalyx motorius,Shrub_Trees,28.03,61.86,133.23,36.61,2.75,13.0,14.48,19.34,56.65,-1.19,8
F25-2613,CIAT-23806,4,809,Genetic_bank,Desmodium angustifolium,Herbaceous_legumes,39.47,81.61,175.81,44.04,2.52,13.49,15.07,26.57,60.64,2.19,8
F25-2614,CIAT-24104,4,812,Genetic_bank,Macroptilium atropurpureum,Herbaceous_legumes,39.47,73.73,159.68,56.78,3.58,12.88,14.35,22.98,40.93,0.62,8
F25-2615,CIAT-24565,4,815,Genetic_bank,Vigna unguiculata,Herbaceous_legumes,30.86,73.75,163.65,50.41,3.08,12.92,14.38,23.63,46.92,0.07,6
F25-2616,CIAT-33561,4,818,Genetic_bank,Desmodium wigginsii,Herbaceous_legumes,40.78,79.73,173.51,43.12,2.49,13.89,15.32,26.64,62.43,-1.68,8
F25-2617,CIAT-34038,4,821,Genetic_bank,Vigna unguiculata,Herbaceous_legumes,37.78,82.42,179.52,55.34,3.09,12.9,14.44,25.96,47.68,0.38,8
F25-2618,CIAT-34040,4,824,Genetic_bank,Vigna aconitifolia,Herbaceous_legumes,44.97,88.98,196.21,54.28,2.77,13.5,15.4,30.27,56.11,5.86,8
F25-2619,CIAT-34042,4,827,Genetic_bank,Vigna aconitifolia,Herbaceous_legumes,38.78,83.58,183.48,49.93,2.73,13.48,15.2,27.98,56.27,1.79,8
F25-2620,CIAT-34044,4,832,Genetic_bank,Vigna aconitifolia,Herbaceous_legumes,44.47,90.61,197.76,49.46,2.48,13.74,15.67,31.07,64.72,-1.39,8
F25-2621,CIAT-34148,4,835,Genetic_bank,Vigna radiata,Herbaceous_legumes,33.78,76.98,171.85,46.55,2.72,13.89,15.41,26.49,58.17,13.1,8
F25-2622,CIAT-34159,4,838,Genetic_bank,Vigna unguiculata,Herbaceous_legumes,44.97,89.11,196.9,54.02,2.76,14.09,15.22,30.03,56.72,1.45,8
F25-2623,CIAT-34347,4,841,Genetic_bank,Vigna unguiculata,Herbaceous_legumes,36.16,78.18,174.57,53.14,3.03,12.32,13.84,24.26,45.74,0.93,6
F25-2624,CIAT-6294-Marandu-Exc,3,969,Benchmark,Urochloa interespecific,Grass,44.14,97.99,203.6,56.67,2.79,13.92,14.98,30.52,53.97,259.75,6
F25-2625,CIAT-36087-MulatoII-Exc,3,1080,Benchmark,Urochloa interespecific,Grass,40.21,92.73,190.98,57.7,3.02,13.33,14.3,27.3,47.32,229.78,3
F25-2626,CIAT-606-Basilisk-Exc,3,975,Benchmark,Urochloa interespecific,Grass,43.06,100.99,208.39,57.44,2.76,13.63,14.55,30.33,52.82,255.97,6
F25-2627,BR-02-1752-Cayman-Exc,3,978,Benchmark,Urochloa interespecific,Grass,42.81,89.07,184.24,53.97,2.93,13.85,14.78,27.24,50.57,244.48,6
F25-2628,BR-06-423-Cayman-Exc,3,981,Benchmark,Urochloa interespecific,Grass,42.97,91.99,190.23,57.93,3.06,13.47,14.8,28.15,48.73,235.63,6
F25-2629,CIAT-20692,3,984,Breeding,Clitoria ternatea ,Herbaceous_legumes,49.72,86.99,182.1,54.5,2.99,14.62,15.63,28.45,52.5,250.8,6
F25-2630,CIAT-20692,3,987,Breeding,Clitoria ternatea ,Herbaceous_legumes,59.42,99.94,212.79,54.69,2.6,14.8,16.19,34.46,63.13,296.52,6
F25-2631,CIAT-17768,3,990,Breeding,Clitoria ternatea ,Herbaceous_legumes,44.06,79.07,170.37,40.98,2.41,14.97,15.84,26.98,70.01,324.91,6
F25-2632,CIAT-17768,3,994,Breeding,Clitoria ternatea ,Herbaceous_legumes,57.99,95.57,204.46,57.98,2.84,14.46,15.58,31.86,55.25,258.27,5
F25-2633,CIAT-712,3,997,Breeding,Clitoria ternatea ,Herbaceous_legumes,47.39,84.67,177.92,52.67,2.96,14.46,15.52,27.6,52.6,250.32,5
F25-2634,CIAT-712,3,999,Breeding,Clitoria ternatea ,Herbaceous_legumes,52.22,89.41,195.87,51.08,2.62,14.47,15.77,30.88,61.32,279.89,6
F25-2635,CIAT-9432,3,1002,Breeding,Clitoria ternatea ,Herbaceous_legumes,45.39,81.82,169.71,47.8,2.82,15.15,15.95,27.07,57.41,276.8,6
F25-2636,CIAT-9432,3,1005,Breeding,Clitoria ternatea ,Herbaceous_legumes,53.22,86.32,182.65,51.53,2.82,15.52,16.68,30.46,59.31,280.31,6
F25-2637,CIAT-17462,3,1008,Breeding,Leucaena leucocephala ,Shrub_Trees,25.06,58.82,126.96,37.48,2.96,13.3,14.49,18.4,50.44,233.7,6
F25-2638,,3,1011,Breeding,Tithonia diversifolia,Shrub_Trees,19.31,45.99,99.72,50.71,5.09,12.63,13.42,13.38,26.5,122.2,6
F25-2639,,3,1017,Breeding,Gliricidia sepium ,Shrub_Trees,41.68,83.03,186.66,65.7,3.52,13.0,14.02,26.17,39.91,177.55,4
F25-2640,Cayman-Br-02-1752,4,95,Isabel Molina,Urochloa interespecific,Grass,39.43,88.29,181.98,50.22,2.76,12.99,13.37,24.32,50.17,-4.2,8
F25-2641,,4,98,Mauricio Sotelo,Gliricidia sepium ,Shrub_Trees,37.63,78.54,167.9,55.91,3.33,13.69,14.98,25.16,45.48,-3.09,7
F26-0013,CIAT-590,4,974,Genetic_bank,Macroptilium bracteatum,Herbaceous_legumes,37.66,75.54,163.1,44.66,2.75,13.09,14.56,23.77,55.65,-12.94,7
F26-0014,CIAT-778,4,977,Genetic_bank,Macroptilium atropurpureum,Herbaceous_legumes,31.66,62.32,134.57,38.62,2.92,11.24,13.13,17.69,48.69,-1.09,7
F26-0015,CIAT-827,4,980,Genetic_bank,Indigofera jamaicensis,Herbaceous_legumes,29.09,71.61,151.06,45.19,3.01,13.93,15.38,23.25,52.87,-0.21,7
F26-0016,CIAT-997,4,983,Genetic_bank,Macroptilium atropurpureum,Herbaceous_legumes,33.87,64.25,137.29,42.42,3.1,12.11,13.85,19.02,46.31,-2.0,7
F26-0017,CIAT-1405,4,986,Genetic_bank,Stylosanthes capitata,Herbaceous_legumes,35.06,68.39,144.45,38.77,2.71,13.26,15.08,21.79,58.91,2.05,5
F26-0018,CIAT-1812,4,989,Genetic_bank,Stylosanthes viscosa,Herbaceous_legumes,23.56,33.86,70.92,19.42,2.75,12.6,13.22,9.36,51.65,-0.11,6
F26-0019,CIAT-3694,4,992,Genetic_bank,Desmodium sandwicense,Herbaceous_legumes,27.59,57.18,121.01,21.4,1.77,14.04,15.41,18.64,96.04,-0.36,7
F26-0020,CIAT-4080,4,995,Genetic_bank,Macroptilium bracteatum,Herbaceous_legumes,36.09,72.4,152.87,38.61,2.53,13.34,14.91,22.79,60.76,-0.21,7
F26-0021,CIAT-7162,4,998,Genetic_bank,Indigofera jamaicensis,Herbaceous_legumes,27.37,70.47,149.84,41.56,2.77,12.81,14.44,21.63,53.04,-0.49,7
F26-0022,CIAT-8820,4,1001,Genetic_bank,Tephrosia cinerea,Herbaceous_legumes,46.37,84.82,178.35,45.42,2.56,15.06,16.61,29.61,66.38,1.14,7
F26-0023,CIAT-14080,4,1004,Genetic_bank,Zornia brasiliensis,Herbaceous_legumes,41.3,76.97,162.45,44.37,2.75,12.21,14.63,23.76,54.79,0.23,7
F26-0024,CIAT-18950,4,1007,Genetic_bank,Indigofera spicata,Herbaceous_legumes,40.8,83.82,179.21,47.3,2.66,13.91,15.55,27.83,59.59,-0.67,7
F26-0025,CIAT-19193,4,1010,Genetic_bank,Tephrosia villosa,Herbaceous_legumes,40.59,73.32,155.39,39.26,2.56,14.99,16.7,25.98,68.15,3.59,7
F26-0026,CIAT-19641,4,1013,Genetic_bank,Tephrosia purpurea,Herbaceous_legumes,39.59,73.11,152.16,36.64,2.43,14.43,16.25,24.73,71.68,2.58,7
F26-0027,CIAT-23503,4,1016,Genetic_bank,Desmodium macrodesmum,Herbaceous_legumes,34.73,64.4,137.95,32.87,2.4,12.94,14.37,19.82,64.16,-0.7,7
F26-0028,CIAT-24333,4,1019,Genetic_bank,Macroptilium bracteatum,Herbaceous_legumes,44.01,84.9,179.77,35.63,1.98,14.54,15.59,28.01,84.68,-0.5,7
F26-0029,CIAT-33235,4,1024,Genetic_bank,Desmodium scorpiurus,Herbaceous_legumes,30.51,58.11,124.49,33.78,2.74,14.79,15.42,19.18,58.31,-1.84,7
F26-0030,CIAT-33605,4,1027,Genetic_bank,Desmodium sandwicense x intortum,Herbaceous_legumes,29.87,59.75,125.01,31.27,2.51,13.69,14.84,18.55,60.55,-0.89,7
F26-0031,CIAT-34144,4,1031,Genetic_bank,Vigna radiata,Herbaceous_legumes,40.06,86.44,190.12,54.61,2.74,14.05,15.67,29.78,59.13,-0.31,6
F26-0032,CIAT-7934,4,1033,Genetic_bank,Sesbania sesban,Shrub_Trees,42.38,87.36,181.01,40.75,2.25,14.54,14.7,26.61,66.79,-1.14,5
F26-0033,CIAT-7937,4,1036,Genetic_bank,Mimosa nuda,Shrub_Trees,27.01,55.97,116.32,28.95,2.49,12.96,13.76,16.01,61.51,-0.61,7
F26-0034,CIAT-8056,4,1039,Genetic_bank,Mimosa diplotricha,Shrub_Trees,32.66,67.39,141.41,35.26,2.5,12.74,14.22,20.12,58.67,0.97,5
F26-0035,CIAT-17514,4,1042,Genetic_bank,Mimosa pudica,Shrub_Trees,31.73,62.04,128.62,30.36,2.36,13.73,15.13,19.46,69.97,1.86,7
F26-0036,CIAT-17725,4,1045,Genetic_bank,Mimosa polycarpa,Shrub_Trees,30.44,65.55,137.0,30.02,2.19,13.0,14.85,20.34,71.03,-1.08,7
F26-0037,CIAT-18947,4,1048,Genetic_bank,Sesbania sesban,Shrub_Trees,35.23,73.9,154.75,51.99,3.36,13.67,13.76,21.3,41.93,-0.47,7
F26-0038,CIAT-19165,4,1051,Genetic_bank,Sesbania keniensis,Shrub_Trees,36.44,76.11,157.76,44.03,2.79,14.66,15.21,24.0,56.24,-8.23,7
F26-0039,CIAT-21899,4,1054,Genetic_bank,Sesbania sesban,Shrub_Trees,36.09,68.9,143.71,36.07,2.51,14.06,14.81,21.29,61.07,0.43,7
F26-0040,CIAT-23414,4,1057,Genetic_bank,Codariocalyx motorius,Shrub_Trees,29.68,59.26,122.99,26.23,2.13,14.6,15.26,18.76,73.03,-0.58,5
F26-0041,CIAT-23767,4,1060,Genetic_bank,Desmodium nicaraguense,Shrub_Trees,39.44,74.68,157.14,46.73,2.97,16.24,16.82,26.44,56.97,1.72,7
