43_no,43_requisitioner,43_set_ciat,43_ciat_lab_id,43_gene_bank_breeding_program_id,43_genus,43_species,43_tax_name,43_family,43_order,43_functional_group,43_dm_105_c,43_ash_dm,43_protein,43_adf,43_ndf,43_ch4_8h_percentage,43_ch4_24h_percentage,43_net_gas_8h,43_net_gas_24h_ml,43_gas_ml_g_dm_incubated_24h,43_dmd_truly_digestibility,43_part_fact,43_ch4_percentage_in_gas_8h,43_ch4_percentage_in_gas_24h,43_ch4_ml_g_dm_incubated_24h,43_ch4_ml_g_dmd_24h,43_ch4_ml_g_ndf_digested_in_24h,43_ch4_g_g_dm_incubated_24h,43_ch4_g_g_dmd_24h
No,Requisitioner,Set CIAT,CIAT Lab-ID,Gene bank /Breeding program ID,Genus,Species,Tax Name,Family,Order,Functional Group,"DM, 105C",Ash (DM),Protein,ADF, NDF,CH4 8h %,"CH4 24h, %","Net gas 8h, ml","Net gas 24h, ml","Gas ml/g DM Incubated, 24h","% DMD, Truly digestibility",Part Fact,"CH4 % in gas, h8","CH4 % in gas, 24h","CH4 ml/gDM incubated, 24h","CH4 ml/g DMD, 24h",CH4 ml/g NDF digested in 24 h,"CH4 g/g DM incubated, 24h","CH4 g/g DMD, 24h"
1,Genetic bank,1,F24 3416,ABC-705-1,Indigofera,suffruticosa,Indigofera suffruticosa,Fabaceae,Fabales,Herbaceous,91.97040346,12.67737636,33.01052157,28.05113538,45.22272398,14.25555556,20.11111111,29.35272408,61.93818117,134.5874013,74.33876299,5.523987563,14.25555556,17.35352037,23.36157736,31.83660477,149.3171488,12.96607962,17.66986645
2,Genetic bank,1,F24 3417,ABC-707-1,Alysicarpus,ovalifolius,Alysicarpus ovalifolius,Fabaceae,Fabales,Herbaceous,90.09244937,12.07446643,25.39749175,25.44058874,54.10826554,13.54444444,18.54444444,30.58190013,66.26488086,147.0069685,65.96553027,4.491681326,13.54444444,16.24554319,23.89166798,36.43692643,125.1767979,13.26028908,20.22312457
3,Genetic bank,1,F24 3418,ABC-712-1,Clitoria,ternatea,Clitoria ternatea,Fabaceae,Fabales,Climber,91.30260413,7.76302443,31.19171324,25.82373269,54.87890628,12.56666667,17.06666667,39.77613698,78.31080615,171.4501546,62.66438244,3.660327826,12.56666667,14.78993967,25.36878168,40.72874406,153.8297446,14.08011274,22.6051576
4,Genetic bank,1,F24 3419,ABC-749-1,Crotalaria,juncea,Crotalaria juncea,Fabaceae,Fabales,Herbaceous,91.74582542,11.547012,27.94809909,28.74740224,50.9986235,14.03333333,17.31111111,35.74443954,67.64155804,147.3944591,65.15035962,4.427620708,14.03333333,15.5916863,22.98395417,35.43436857,150.1490719,12.75649221,19.66668761
5,Genetic bank,1,F24 3420,ABC-768-1,Clitoria,ternatea,Clitoria ternatea,Fabaceae,Fabales,Climber,92.16577684,8.700864207,29.46000546,25.72686234,54.20871271,13.48888889,17.55555556,33.53192265,74.13160758,160.7692941,64.82392255,4.033058883,13.48888889,15.73317916,25.30146114,39.07768747,134.6046722,14.04274868,21.68879263
6,Genetic bank,1,F24 3421,ABC-772-1,Clitoria,ternatea,Clitoria ternatea,Fabaceae,Fabales,Climber,91.48585141,6.180664135,18.97317122,16.74207055,67.4182344,13.45555556,16.11111111,32.3027466,75.06578138,163.9925413,65.1012294,4.060672408,13.45555556,14.98567864,24.42004,37.9232549,77.571776,13.55354469,21.04806258
7,Genetic bank,1,F24 3422,ABC-819-1,Indigofera,suffruticosa,Indigofera suffruticosa,Fabaceae,Fabales,Herbaceous,90.755,17.05691212,26.78170271,26.08685186,53.05046945,14.225,19.725,32.19212075,63.24571719,139.3173663,60.93349666,4.391831639,14.225,16.94499362,23.63988921,39.39675804,201.4334196,13.1205475,21.86588232
8,Genetic bank,1,F24 3423,ABC-905-1,Canavalia,brasiliensis,Canavalia brasiliensis,Fabaceae,Fabales,Climber,91.88080884,14.53371512,24.61245901,17.08170091,36.56131246,12.07777778,18.73333333,38.41912662,76.31665532,165.9988889,63.41720623,3.86507821,12.07777778,15.39794365,25.65092021,40.88064539,908.1149243,14.2367045,22.68946547
9,Genetic bank,1,F24 3424,ABC-913-1,Cajanus,cajan,Cajanus cajan,Fabaceae,Fabales,Shrub,94.77077977,9.205037554,25.17714256,40.42406934,60.86165589,13.53333333,18.05555556,23.96401627,58.26515196,122.8878024,60.86471966,5.008033488,13.53333333,16.14330515,19.75600502,32.8325974,102.8693606,10.96492459,18.2226596
10,Genetic bank,1,F24 3425,ABC-955-1,Clitoria,ternatea,Clitoria ternatea,Fabaceae,Fabales,Climber,91.81540996,5.695924509,22.01184157,21.54706139,61.6731124,12.82222222,15.9,37.77995508,84.28891508,183.4996297,59.6485888,3.289114845,12.82222222,14.54174742,26.6704782,45.4542608,138.415581,14.80257683,25.22790115
11,LMF,1,F24 1047,,,,Albizzia saman,Fabaceae,Fabales,Tree,95.59132642,3.953147877,27.50772584,64.39270201,57.73693714,12.24444444,17.46666667,13.49143633,21.96854875,37.41779773,80.96688091,24.27125527,12.24444444,14.18723719,5.392408248,7.367505187,19.07044772,2.992879872,4.089092844
12,LMF,1,F24 1070,,,,Gliricidia sepium,Fabaceae,Fabales,Tree,95.10622858,11.55274975,19.36781668,45.20354088,57.90099126,10.3375,17.2125,21.42822608,47.00348501,79.63233728,76.63715751,10.69398412,10.3375,14.07081419,11.26366693,16.78691234,58.26417006,6.25153002,9.317026778
13,LMF,1,F24 1075,,,,Leucaena diversifolia,Fabaceae,Fabales,Tree,95.62218891,10.22771083,26.34325807,54.91455416,58.12306651,9.577777778,16.08888889,10.2955786,28.22635055,44.08085619,78.03720661,21.52817191,9.577777778,13.73769581,6.185932487,9.441580273,33.94616552,3.433299553,5.240240401
14,LMF,1,F24 1084,,,,Brachiaria decumbens,Poaceae,Poales,Grass,95.31093277,10.87269937,6.473549068,63.590479,58.44146809,9.025,11.3875,26.62764077,58.60136887,96.91890878,72.49699887,8.289734311,9.025,10.30788107,10.05077408,16.24305362,76.52480043,5.578353501,9.015175783
15,LMF,1,F24 1095,,,,Setaria sphacelata,Fabaceae,Fabales,Grass,95.41068439,14.94897596,18.94965969,59.69016425,58.14538218,10.11111111,17.58888889,18.06397123,43.63310429,70.13685908,77.84239699,13.18978853,10.11111111,14.54876023,10.62946173,16.14581117,51.80906099,5.89953516,8.961204538
16,Genetic bank,2,F24 3426,ABC-989-1,Indigofera,hirsuta,Indigofera hirsuta,Fabaceae,Fabales,Herbaceous,92.37038196,13.66171032,25.3469484,47.62549013,53.10107125,14.26666667,16.47777778,22.5100766,39.22441253,84.89706749,48.63674738,5.729773326,14.26666667,15.20506045,12.92031229,26.56978806,-60.77639452,7.170996855,14.74669206
17,Genetic bank,2,F24 3427,ABC-1257-1,Stylosanthes,scabra,Stylosanthes scabra,Fabaceae,Fabales,Herbaceous,92.71608732,9.516947912,17.95515598,35.89620842,69.9050053,13.35555556,16.76666667,32.29431796,71.86149502,154.8952828,58.39492123,3.791082126,13.35555556,15.19844311,23.56845587,40.26610179,83.36971981,13.08090077,22.34838314
18,Genetic bank,2,F24 3428,ABC-3240-1,Desmodium,cinereum,Desmodium cinereum,Fabaceae,Fabales,Herbaceous,92.86035596,12.00668593,22.62704069,24.90728416,56.33867198,16.71111111,18.25555556,31.40931121,57.84888804,124.5114441,58.29562597,4.680417142,16.71111111,17.42005837,21.695179,37.25673723,153.1587151,12.04119969,20.67813375
19,Genetic bank,2,F24 3429,ABC-3522-1,Desmodium,incanum,Desmodium incanum,Fabaceae,Fabales,Herbaceous,93.27634916,11.05100511,17.94095507,47.9701854,64.48155421,14.25555556,19.44444444,23.39508336,40.05041884,85.83244967,38.93059117,4.548530511,14.25555556,16.44507097,14.11810756,36.32741785,562.5705152,7.835793952,20.16234541
20,Genetic bank,2,F24 3430,ABC-4134-1,Macroptilium,lathyroides,Macroptilium lathyroides,Fabaceae,Fabales,Climber,91.91283399,14.35643896,22.08537556,24.28674512,43.64614315,15.33333333,18.9,34.70350302,67.33812715,146.4143448,67.67019035,4.642651578,15.33333333,17.06924898,24.99095639,36.93104117,233.5407682,13.87041316,20.4973668
21,Genetic bank,2,F24 3431,ABC-4279-1,Vigna,umbellata,Vigna umbellata,Fabaceae,Fabales,Herbaceous,91.03544446,11.01713418,25.72120617,14.1254966,84.17240098,15.67777778,17.66666667,33.84799649,71.59599299,157.2020464,73.49632195,4.684292001,15.67777778,16.73088867,26.32225571,35.92150963,45.87392968,14.60930732,19.93705932
22,Genetic bank,2,F24 3432,ABC-5124-1,Centrosema,molle x acutifolium,Centrosema molle x acutifolium,Fabaceae,Fabales,Climber,91.535,10.36216711,25.77536281,37.54664403,65.50813774,14.65555556,17.71111111,27.82011714,53.52218835,116.8889757,59.16072696,5.091945159,14.65555556,16.1344176,18.86670543,32.01827702,67.3924099,10.47134792,17.7706977
23,Genetic bank,2,F24 3433,ABC-5234-1,Centrosema,brasilianum,Centrosema brasilianum,Fabaceae,Fabales,Climber,92.53224525,11.21974911,17.21944618,33.31727006,60.62801841,12.95555556,17.05555556,32.29431796,65.42061251,141.3264803,60.614327,4.303466151,12.95555556,15.03711129,21.27998192,35.06487431,101.2001692,11.81075813,19.4616119
24,Genetic bank,2,F24 3434,ABC-7292-1,Chamaecrista,desvauxii,Chamaecrista desvauxii,Fabaceae,Fabales,Herbaceous,92.00080584,9.417483983,31.82560604,44.08080067,59.53002965,13.27777778,16.71111111,28.7051239,53.2271861,115.6274816,49.01481281,4.273102272,13.27777778,14.90117137,17.22573393,35.10880433,212.8054496,9.560580356,19.48599382
25,Genetic bank,2,F24 3435,ABC-7317-1,Canavalia,sp.,Canavalia sp.,Fabaceae,Fabales,Climber,92.45081984,19.06227474,23.8828974,24.67008166,52.25784177,13.8,16.95555556,33.72016218,65.42061251,141.4354843,68.72844682,4.88047879,13.8,15.32388662,21.68723503,31.6323386,105.6616526,12.03679065,17.55649519
26,Genetic bank,2,F24 3436,ABC-7322-1,Canavalia,sp.,Canavalia sp.,Fabaceae,Fabales,Climber,89.36711797,15.19263964,21.51684891,18.09453556,47.53834417,14.68888889,18.18888889,32.78598838,69.84564629,156.2330889,74.91743635,4.827706502,14.68888889,16.56058551,25.92005409,34.63583549,116.3372892,14.38607846,19.22348793
27,Genetic bank,2,F24 3437,ABC-7339-1,Indigofera,lespedezioides,Indigofera lespedezioides,Fabaceae,Fabales,Herbaceous,91.98580484,16.46288643,24.9715208,42.64975005,57.93782208,14.23333333,19.2,28.80345798,47.62214331,103.4782398,54.18365692,5.296350231,14.23333333,16.25080416,16.79793337,31.07171838,143.3731198,9.32314364,17.24534127
28,Genetic bank,2,F24 3438,ABC-7469-1,Clitoria,ternatea,Clitoria ternatea,Fabaceae,Fabales,Climber,92.165,8.094191443,26.36670549,22.47667027,60.52862179,15.01111111,16.87777778,35.1460064,72.94316994,158.2352888,66.74480391,4.237980668,15.01111111,15.99827956,25.36146791,38.18374269,97.07034937,14.07605347,21.19263781
29,Genetic bank,2,F24 3439,ABC-7643-1,Desmanthus,pernambucanus,Desmanthus pernambucanus,Fabaceae,Fabales,Shrub,93.8215466,7.352550439,22.49012437,37.74177758,66.98254594,14.06666667,18.4,28.85262502,55.29220186,117.8021198,47.06678155,4.038257006,14.06666667,16.11636763,18.96446661,40.69734507,163.6489666,10.52560707,22.58773062
30,Genetic bank,2,F24 3440,ABC-7703-1,Aeschynomene,indica,Aeschynomene indica,Fabaceae,Fabales,Herbaceous,91.94619664,8.846261932,22.07736189,32.03650832,67.28945857,13.8,15.8,31.8494064,65.27421514,141.908743,58.21870071,4.119184465,13.8,14.82174001,21.04270431,36.10587651,82.60076804,11.67906496,20.03938613
1,Genetic bank,3,F24 3441,ABC-7714,Alysicarpus,glumaceus,Alysicarpus glumaceus,Fabaceae,Fabales,Herbaceous,93.05,17.46376309,20.28455956,27.78830201,52.26265146,13.56666667,17.22222222,34.07276011,62.17172462,133.5478675,64.17539893,4.808188183,13.56666667,15.22076339,20.32782314,31.68523516,124.3127199,11.28229354,17.5858537
2,Genetic bank,3,F24 3442,ABC-7757,Clitoria,ternatea,Clitoria ternatea,Fabaceae,Fabales,Climber,92.1,8.251909837,24.74722085,21.95422173,57.24279253,14.2875,16.9375,40.63656022,75.24862132,163.3280304,64.02357699,3.922695408,14.2875,15.5022678,25.32951938,40.01685596,133.9583493,14.05832148,22.21004739
3,Genetic bank,3,F24 3443,ABC-7759,Clitoria,ternatea,Clitoria ternatea,Fabaceae,Fabales,Climber,93.55,5.879210659,16.46449484,14.68149842,60.81175965,14.4,16.22222222,39.13696544,78.92785253,168.6318558,63.53452801,3.796023524,14.4,15.31284678,25.81213869,40.7545074,107.7178583,14.32618355,22.6194567
4,Genetic bank,3,F24 3444,ABC-7790,Crotalaria,pallida,Crotalaria pallida,Fabaceae,Fabales,Herbaceous,92.15,5.859953696,27.43905179,20.07772175,67.5835542,15.02222222,19.81111111,31.27023872,64.53174263,139.9673748,59.05942458,4.221250318,15.02222222,17.46727944,24.43978939,41.50812929,93.45673575,13.56450595,23.03772989
5,Genetic bank,3,F24 3445,ABC-7792,Chamaecrista,rotundifolia,Chamaecrista rotundifolia,Fabaceae,Fabales,Herbaceous,92.95,8.068856558,20.02103028,23.48182591,63.94342997,13.2375,17.4875,39.54873941,69.43154566,149.3096606,66.20212088,4.435599884,13.2375,15.06862613,22.50291425,34.04415669,75.15984492,12.48950674,18.89509596
6,Genetic bank,3,F24 3446,ABC-7816,Indigofera,spicata,Indigofera spicata,Fabaceae,Fabales,Herbaceous,92.5,17.62152534,28.00898398,23.10670087,54.74329686,11.97777778,17.28888889,27.82854577,57.20585337,123.5979781,66.3888725,5.365430848,11.97777778,14.70172128,18.17757307,27.52518975,92.29139462,10.08886754,15.27695652
7,Genetic bank,3,F24 3447,ABC-7858,Crotalaria,incana,Crotalaria incana,Fabaceaee,Fabales,Herbaceous,93.2,9.173772741,31.03415068,23.56845153,60.72538106,13.43333333,16.63333333,45.67618202,80.11769495,171.7808745,75.8477711,4.420322953,13.43333333,14.80734017,25.44269728,33.62667038,70.22234813,14.12113717,18.66338384
8,Genetic bank,3,F24 3448,ABC-7972,Canavalia,brasiliensis,Canavalia brasiliensis,Fabaceae,Fabales,Climber,91.95,17.83560818,26.52781626,23.8526448,56.06643684,12.11111111,17.32222222,35.54777137,64.87591193,141.0550322,70.19558965,4.979452435,12.11111111,14.46780191,20.40824973,29.16130381,78.99064901,11.32693168,16.18502814
9,Genetic bank,3,F24 3449,ABC-8205,Indigofera,suffruticosa,Indigofera suffruticosa,Fabaceae,Fabales,Herbaceous,92.2,14.64198202,24.22786897,26.75974916,51.20819381,15.45555556,17.22222222,25.22269255,52.68248551,114.2038188,64.29201081,5.713473547,15.45555556,16.36313456,18.69027211,29.20062431,126.8091234,10.37342438,16.20685169
10,Genetic bank,3,F24 3450,ABC-8402,Indigofera,suffruticosa,Indigofera suffruticosa,Fabaceae,Fabales,Herbaceous,92,17.71729409,26.88970109,18.99519674,47.90480151,14.87777778,18.38888889,31.81107618,57.79585788,125.5903602,66.15358416,5.31329867,14.87777778,16.44875075,20.67197597,31.36709087,159.5030728,11.47330431,17.40927812
11,Genetic bank,3,F24 3451,ABC-8408,Chamaecrista,nictitans,Chamaecrista nictitans,Fabaceae,Fabales,Herbaceous,94.05,6.858027902,23.37980179,38.36972369,58.63328794,13.57777778,20.47777778,32.25357956,60.59837927,128.7888239,48.98824851,3.827504274,13.57777778,16.80538556,21.61860782,44.38852185,367.8409315,11.99870137,24.6363976
12,Genetic bank,3,F24 3452,ABC-8409,Chamaecrista,nictitans,Chamaecrista nictitans,Fabaceae,Fabales,Herbaceous,91.95,7.667183139,27.7836572,38.02222478,61.8471383,14.11111111,22.13333333,30.18856379,50.81413791,110.5064516,52.34747294,4.761216028,14.11111111,17.36362207,19.18598396,36.68801261,136.4123264,10.64855304,20.36248174
13,Genetic bank,3,F24 3453,ABC-8719,Canavalia,sp.,Canavalia sp. ,Fabaceae,Fabales,Climber,93.5032967,17.10315828,20.28346797,15.80770956,40.19522125,12.81111111,16.97777778,35.25276912,63.45006771,135.647577,72.63644703,5.358667093,12.81111111,14.67435593,19.89969192,27.65090022,201.7401535,11.0446733,15.34672801
14,Genetic bank,3,F24 3454,ABC-8797,Desmanthus,virgatus,Desmanthus virgatus,Fabaceae,Fabales,Shrub,92.85714286,7.046730897,25.88000034,30.2474918,60.00899649,11.74444444,16.8,27.92687986,49.6341289,106.863876,50.0136554,4.685702804,11.74444444,13.97172395,14.92750283,29.85733469,151.2381697,8.285022333,16.57133731
15,Genetic bank,3,F24 3455,ABC-8819,Coursetia,caribaea,Coursetia caribaea,Fabaceae,Fabales,Herbaceous,91.7541958,13.94313434,21.83464401,20.9311004,36.01389313,14.55555556,18.16666667,29.10688887,60.69671336,132.217721,66.93516357,5.066648494,14.55555556,16.44121329,21.73487316,32.47657183,1002.210417,12.06323064,18.02505924
1,Breeding,4,F24 3582,ABC-BR02_1752,Urochloa,interespecifico,Brachiaria interespecifico,Poaceae,Poales,Grass,96.02539292,15.70260308,10.91797301,21.14081447,55.41185871,13.97777778,15.23333333,37.04736615,74.97973906,156.0585911,67.38520137,4.320928297,13.97777778,14.6106914,22.79089876,33.82558661,100.2753571,12.64934312,18.77378578
2,Breeding,4,F24 3583,ABC-BR02_1794,Urochloa,interespecifico,Brachiaria interespecifico,Poaceae,Poales,Grass,97.04515148,15.01802548,9.392254149,21.83535497,55.76175346,13.78888889,15.24444444,38.6207115,76.60225144,157.7534493,63.96971335,4.059078815,13.78888889,14.50946411,22.88225142,35.76781532,116.139978,12.70004543,19.85175632
3,Breeding,4,F24 3584,ABC-BR06_0423,Urochloa,interespecifico,Brachiaria interespecifico,Poaceae,Poales,Grass,96.76581878,15.96755672,11.00867792,22.02334064,57.36436861,14.6125,15.5875,33.98057191,73.81970416,152.4598324,64.27344606,4.224929846,14.6125,15.14085715,23.12171242,35.98065725,108.270091,12.83295042,19.96988728
4,Breeding,4,F24 3585,ABC-BR09_1232,Urochloa,interespecifico,Brachiaria interespecifico,Poaceae,Poales,Grass,97.23582925,13.79735773,10.08023483,21.03258278,55.65771615,13.7625,14.95,39.80686638,81.29155808,167.084249,66.64386119,3.99110969,13.7625,14.37004035,24.02374564,36.04397144,108.1966359,13.33359446,20.00502775
5,Breeding,4,F24 3586,ABC-BR12_4951,Urochloa,interespecifico,Brachiaria interespecifico,Poaceae,Poales,Grass,95.7458233,15.47538705,11.10404195,23.28964746,56.86413105,14.34444444,15.64444444,35.71985602,75.12724018,156.8643655,65.93328643,4.206734389,14.34444444,15.02145326,23.58534482,35.75599615,103.446458,13.09027442,19.84519648
6,Breeding,4,F24 3587,ABC-BR15_0722,Urochloa,interespecifico,Brachiaria interespecifico,Poaceae,Poales,Grass,95.2154929,14.05618126,10.31254646,26.17777008,60.21275449,14.27777778,15.11111111,31.68815857,71.09554274,149.2690415,60.89206522,4.092346184,14.27777778,14.73888445,22.00332048,36.15030967,105.0022714,12.21222355,20.06404731
7,Breeding,4,F24 3588,ABC-BR15_6487,Urochloa,interespecifico,Brachiaria interespecifico,Poaceae,Poales,Grass,95.07,13.5689492,9.608712975,24.55349937,59.72506873,14.0125,14.75,33.48275561,72.68578925,152.8180786,61.15198613,4.005329526,14.0125,14.4116088,22.03603185,36.05625758,106.3740181,12.23037892,20.01184677
8,Breeding,4,F24 3589,ABC-BR19_0029,Urochloa,interespecifico,Brachiaria interespecifico,Poaceae,Poales,Grass,96.07039092,14.1288488,10.07879313,23.97575256,58.41008046,13.9375,15.725,36.6909051,76.53003735,159.2492915,61.99580318,3.894519721,13.9375,14.86628465,23.65434166,38.2326484,117.4763639,13.12856886,21.21978133
9,Breeding,4,F24 3590,ABC-BR19_0423,Urochloa,interespecifico,Brachiaria interespecifico,Poaceae,Poales,Grass,95.34544891,13.90068579,10.11450669,24.49388118,59.22404943,13.93333333,14.87777778,37.6865377,77.71342659,162.9075369,63.48291436,3.904776508,13.93333333,14.41387097,23.47864728,37.15749971,107.1233399,13.03105544,20.6230552
10,Breeding,4,F24 3591,ABC-CIAT_6962,Megathyrsus,maximus,Megathyrsus maximus,Poaceae,Poales,Grass,95.7256628,14.24692367,8.588266117,32.14264215,67.62478303,14.82222222,16.73333333,31.29482224,68.88302585,143.8023749,56.51059131,3.933288121,14.82222222,15.86792064,22.80724092,40.72542185,98.89072681,12.6584133,22.60331372
11,Breeding,4,F24 3592,ABC-Mulato_II,Urochloa,interespecifico,Brachiaria interespecifico,Poaceae,Poales,Grass,96.66083628,14.97129758,11.84729481,24.36365449,59.41988072,14.21111111,15.01111111,33.9498425,73.79973005,152.5762687,65.31952458,4.2907648,14.21111111,14.64108542,22.31891661,34.27125952,91.55408068,12.38738486,19.02114196
12,Breeding,4,F24 3593,ABC-PM21_0215,Megathyrsus,maximus,Megathyrsus maximus,Poaceae,Poales,Grass,96.01559232,15.052585,9.725160285,29.90976266,65.23814446,14.81111111,17.37777778,32.08149491,68.2438543,142.0479941,54.74872685,3.859172864,14.81111111,16.17718627,22.94276271,41.91568375,115.4839724,12.73363024,23.26392966
13,Breeding,4,F24 3594,ABC-PM21_0631,Megathyrsus,maximus,Megathyrsus maximus,Poaceae,Poales,Grass,96.79563434,13.98543619,9.055024441,28.77503778,62.86207095,14.13333333,17.6,38.59121127,75.63857742,156.1848211,57.11927115,3.658836926,14.13333333,15.82456031,24.7046336,43.2526601,125.156944,13.71149907,24.00597467
14,Breeding,4,F24 3595,ABC-PM21_2195,Megathyrsus,maximus,Megathyrsus maximus,Poaceae,Poales,Grass,96.76047086,14.14104437,8.717412856,30.92212321,68.05113316,14.38888889,17.04444444,34.63818109,71.6363802,147.9316703,52.92200673,3.579013013,14.38888889,15.76179201,23.30903988,44.07048858,112.1475467,12.9369204,24.45988363
15,Breeding,4,F24 3596,ABC-PM21_3522,Megathyrsus,maximus,Megathyrsus maximus,Poaceae,Poales,Grass,96.41535846,15.65465388,8.710478289,29.81695123,64.71518053,14.38888889,17.37777778,36.60486277,73.44572735,152.2580503,58.98835581,3.883100777,14.38888889,15.89274375,24.18442133,41.33865835,106.7687536,13.42277225,22.94367059
16,LMF,FAO,,FAO,,,FAO,,,,,,,,,,,,,,,,,,,,,,
1,Breeding,5,F24 3597,ABC-PM21_3534,Megathyrsus,maximus,Megathyrsus maximus,Poaceae,Poales,Grass,97.28525795,14.47659551,9.000965172,30.91522792,67.23315691,17.14444444,20.67777778,38.53098164,77.0717967,158.3894795,59.54801018,3.769694591,17.14444444,18.90656063,29.98924585,50.37995842,118.9212062,16.64455029,27.96174855
2,Breeding,5,F24 3598,ABC-PM21_3537,Megathyrsus,maximus,Megathyrsus maximus,Poaceae,Poales,Grass,97.12,14.78068369,10.87316719,26.81044889,61.93762764,16.9125,21.5,42.48447276,82.12309567,169.0225775,61.18731635,3.618845935,16.9125,19.14139322,32.37945212,53.10261821,146.830261,17.97115613,29.47287184
3,Breeding,5,F24 3599,ABC-PM21_3545,Megathyrsus,maximus,Megathyrsus maximus,Poaceae,Poales,Grass,97.13028697,14.59748816,8.40826817,30.00475359,65.74084764,16.95714286,21.12857143,36.88423693,73.50929331,152.0942364,57.5980105,3.785524025,16.95714286,19.04731766,28.93841616,50.51493373,139.3854615,16.06132163,28.03666218
4,Breeding,5,F24 3600,ABC-PM21_3670,Megathyrsus,maximus,Megathyrsus maximus,Poaceae,Poales,Grass,95.21546891,14.10342923,8.834231116,29.25564376,64.38415589,16.5,21,36.1234867,73.16240227,153.9475795,60.01700645,3.925986972,16.5,18.78181712,28.87701726,48.18749471,118.1385684,16.02724418,26.74489326
5,Breeding,5,F24 3601,ABC-PM21_6628,Megathyrsus,maximus,Megathyrsus maximus,Poaceae,Poales,Grass,94.42555189,13.31603681,9.980926223,29.82723766,64.96026167,17.23333333,21.13333333,36.76096813,75.2034491,159.3653497,59.73568851,3.844733803,17.23333333,19.24063022,30.57237252,51.35951404,120.2019459,16.96819568,28.50541887
6,Breeding,5,F24 3602,ABC-BH08_1149,Urochloa,humidicola,Brachiaria humidicola,Poaceae,Poales,Grass,94.11,11.5237488,7.526319867,28.61056023,68.72940855,16.53333333,20.36666667,37.79347601,81.79183273,173.2602477,58.06992167,3.363611608,16.53333333,18.5981859,32.28686959,55.71627267,120.6417437,17.91977122,30.92349528
7,Breeding,5,F24 3603,ABC-BH16_0550,Urochloa,humidicola,Brachiaria humidicola,Poaceae,Poales,Grass,95.16621668,11.17239453,6.425464292,30.14508217,69.15978352,15.87777778,19.96666667,39.56348953,85.626862,179.5576855,56.78334988,3.168004552,15.87777778,18.07345417,32.4774007,57.31433634,125.7068934,18.02551928,31.81044827
8,Breeding,5,F24 3604,ABC-BH16_0562,Urochloa,humidicola,Brachiaria humidicola,Poaceae,Poales,Grass,95.8156214,12.04215411,5.939448687,30.46611447,69.59254363,16.225,19.9,40.4295977,86.58823132,180.4123263,56.47482607,3.137454497,16.225,18.18753445,32.85553495,58.25749703,126.535241,18.23539033,32.33391876
9,Breeding,5,F24 3605,ABC-BH16_3249,Urochloa,humidicola,Brachiaria humidicola,Poaceae,Poales,Grass,96.30536946,12.640814,6.64642741,28.8604292,69.64533207,16.27777778,19.85555556,38.43264756,83.95518258,174.082879,58.21011912,3.347105275,16.27777778,18.22606781,31.71535572,54.88118786,118.4743992,17.60257114,30.46000876
10,Breeding,5,F24 3606,ABC-BH16B_0733,Urochloa,humidicola,Brachiaria humidicola,Poaceae,Poales,Grass,96.66535293,14.22808985,8.098687385,29.35547793,68.83461568,16.64444444,20.34444444,38.33431348,82.52933836,170.6217971,58.61707648,3.441758015,16.64444444,18.63397841,31.82553127,54.41194986,121.1738516,17.66372047,30.19957355
11,Breeding,5,F24 3607,ABC-BH16B_0741,Urochloa,humidicola,Brachiaria humidicola,Poaceae,Poales,Grass,96.735,11.91399183,7.498562822,28.13819685,65.68321921,16.26666667,20.42222222,38.38348052,82.48017132,170.2347658,58.18267308,3.434546716,16.26666667,18.49899629,31.54206653,54.44116853,131.2448363,17.50639263,30.21579042
12,Breeding,5,F24 3608,ABC-BH16B_1194,Urochloa,humidicola,Brachiaria humidicola,Poaceae,Poales,Grass,97.16070232,13.97849497,5.470321142,29.53819758,67.77363719,16.06666667,19.73333333,38.43264756,84.93852342,174.8182783,57.93000077,3.339559139,16.06666667,18.07229238,31.50059706,54.38707133,125.3171826,17.48337636,30.18576554
13,Breeding,5,F24 3609,ABC-BH16B_1618,Urochloa,humidicola,Brachiaria humidicola,Poaceae,Poales,Grass,96.95029294,10.5197972,8.125850845,28.04747157,66.3853,16.28888889,18.38888889,36.41679884,81.0543271,167.1694687,56.34690149,3.400191862,16.28888889,17.48367649,29.31313901,52.17842383,127.3539176,16.2692993,28.95992797
14,Breeding,5,F24 3610,ABC-BH16B_1707,Urochloa,humidicola,Brachiaria humidicola,Poaceae,Poales,Grass,96.78015898,11.69085862,5.966437759,26.73881247,68.58525194,15.9,19.76666667,40.15349403,87.74104481,183.0194771,55.72820542,3.069022192,15.9,18.00404635,33.03682376,59.51626446,136.073412,18.33600876,33.03255647
15,Breeding,5,F24 3611,ABC-CIAT_16888,Urochloa,humidicola,Brachiaria humidicola,Poaceae,Poales,Grass,92.37038196,13.66171032,6.11164643,30.80701399,69.99815476,16.98888889,20.37777778,37.10513743,74.71177868,181.933204,54.69249659,3.01457302,16.98888889,18.66317973,33.99172055,62.3038338,#DIV/0!,18.86599299,34.57970568
1,Genetic bank,5,F24 3426,ABC-989-1,Indigofera,hirsuta,Indigofera hirsuta,Fabaceae,Fabales,Legume,92.37038196,13.66171032,25.3469484,47.62549013,53.10107125,15.56666667,18.51111111,27.27172902,46.83406586,101.3714075,52.31441982,5.15059839,15.56666667,16.78468513,16.96864963,32.85425262,160.4956803,9.41789412,18.23467862
2,Genetic bank,5,F24 3427,ABC-1257-1,Stylosanthes,scabra,Stylosanthes scabra,Fabaceae,Fabales,Legume,92.71608732,9.516947912,17.95515598,35.89620842,69.9050053,15.71111111,19.73333333,36.17096363,69.79507448,150.5010274,58.95401191,4.355569037,15.71111111,17.59898242,26.54847578,46.32318071,103.0269064,14.73486337,25.71016673
3,Genetic bank,5,F24 3428,ABC-3240-1,Desmodium,cinereum,Desmodium cinereum,Fabaceae,Fabales,Browse,92.86035596,12.00668593,22.62704069,24.90728416,56.33867198,19.2,20.47777778,33.31927519,52.78327794,113.6283233,54.71695233,4.844396207,19.2,19.67270528,22.32621209,40.85948542,246.3702884,12.39143398,22.67772132
4,Genetic bank,5,F24 3429,ABC-3522-1,Desmodium,incanum,Desmodium incanum,Fabaceae,Fabales,Legume,93.27634916,11.05100511,17.94095507,47.9701854,64.48155421,17.03333333,21.03333333,24.3217065,38.72150393,82.96296086,36.49742369,4.418501971,17.03333333,18.50768565,15.32987974,42.18094985,-1605.109967,8.508348478,23.41115694
5,Genetic bank,5,F24 3430,ABC-4134-1,Macroptilium,lathyroides,Macroptilium lathyroides,Fabaceae,Fabales,Climber,91.91283399,14.35643896,22.08537556,24.28674512,43.64614315,17.4,20.68888889,40.54683037,75.25261614,163.6612871,65.37626847,4.032844856,17.4,18.91389592,30.91092572,47.72678927,-81.53469979,17.15609857,26.48919377
6,Genetic bank,5,F24 3431,ABC-4279-1,Vigna,umbellata,Vigna umbellata,Fabaceae,Fabales,Climber,91.03544446,11.01713418,25.72120617,13.14422147,52.82497596,17.63333333,20.6,38.53098164,75.89178769,166.6626716,66.90532738,4.041605965,17.63333333,19.09205398,31.79054013,47.82137754,182.9251731,17.64429978,26.54169189
7,Genetic bank,5,F24 3432,ABC-5124-1,Centrosema,molle x acutifolium,Centrosema molle x acutifolium,Fabaceae,Fabales,Climber,91.535,10.36216711,25.77536281,37.6144658,65.50813774,17.5375,20.925,34.01329872,56.77456623,123.9722286,56.75044983,4.620720192,17.5375,18.89276908,23.40428656,42.10180744,116.7277898,12.98978396,23.36723154
8,Genetic bank,5,F24 3433,ABC-5234-1,Centrosema,brasilianum,Centrosema brasilianum,Fabaceae,Fabales,Climber,92.53224525,11.21974911,17.21944618,33.37983721,60.62801841,15.5125,19.8625,37.43578578,67.1687862,145.1232953,62.56056426,4.3166161,15.5125,17.44542528,25.29263138,40.52055087,111.9515674,14.037848,22.48960678
9,Genetic bank,5,F24 3434,ABC-7292-1,Chamaecrista,desvauxii,Chamaecrista desvauxii,Fabaceae,Fabales,Legume,92.00080584,9.417483983,31.82560604,44.14408862,59.53002965,15.74444444,19.26666667,28.84507437,48.99741571,106.4525356,48.05106342,4.551215194,15.74444444,17.19406186,18.2671556,38.17593476,285.9818323,10.1385874,21.18830428
10,Genetic bank,5,F24 3435,ABC-7317-1,Canavalia,sp.,Canavalia sp.,Fabaceae,Fabales,Climber,92.45081984,19.06227474,23.8828974,24.73436997,52.25784177,15.92222222,19.32222222,36.07262954,63.89502944,138.1653458,70.23628082,5.137690246,15.92222222,17.40268672,24.00295875,34.29812028,110.7726116,13.32205738,19.03605015
11,Genetic bank,5,F24 3436,ABC-7322-1,Canavalia,sp.,Canavalia sp.,Fabaceae,Fabales,Climber,89.36711797,15.19263964,21.51684891,18.1626666,47.53834417,17.21111111,20.93333333,39.02265206,77.02262965,172.3300288,74.64470302,4.368290482,17.21111111,19.04159909,32.74583564,43.85510659,150.5773581,18.17450532,24.3403429
12,Genetic bank,5,F24 3437,ABC-7339-1,Indigofera,lespedezioides,Indigofera lespedezioides,Fabaceae,Fabales,Legume,91.98580484,16.46288643,24.9715208,42.71416967,57.93782208,16.05555556,19.86666667,28.20590282,47.62073853,103.4822341,53.94780993,5.339623667,16.05555556,17.65507104,18.22926191,34.71429507,268.3797562,10.11755575,19.26703436
13,Genetic bank,5,F24 3438,ABC-7469-1,Clitoria,ternatea,Clitoria ternatea,Fabaceae,Fabales,Climber,92.165,8.094191443,26.36670549,22.54261885,60.52862179,16.63333333,19.54444444,42.41517796,79.03847838,171.4526106,65.70846217,3.849377481,16.63333333,18.00784365,30.78098159,47.7547505,135.7583173,17.08397733,26.50471274
14,Genetic bank,5,F24 3439,ABC-7643-1,Desmanthus,pernambucanus,Desmanthus pernambucanus,Fabaceae,Fabales,Browse,93.8215466,7.352550439,22.49012437,37.80469398,66.98254594,16.55,20.13333333,29.59241341,54.21588263,115.4687114,47.16378311,4.080330722,16.55,18.1889143,20.9960587,44.69464634,158.789701,11.65317583,24.80630198
15,Genetic bank,5,F24 3440,ABC-7703-1,Aeschynomene,indica,Aeschynomene indica,Fabaceae,Fabales,Legume,91.94619664,8.846261932,22.07736189,32.10105566,67.28945857,16.55555556,18.77777778,36.71180109,64.78003619,140.8523954,56.62154058,4.024385405,16.55555556,17.51832704,24.60920079,44.12222689,116.6628596,13.6585322,24.48859928
16,LMF,5,F25 0017,Hohenheimer Heustandard,,,Hohenheimer Heustandard,,,,91.33303174,10.05857506,#DIV/0!,0,0,18.14444444,20.41111111,36.85315633,67.61328699,180.1317286,70.74742489,4.02625049,18.14444444,19.15055386,34.60497659,50.02783903,#DIV/0!,19.20636071,27.7663162
17,LMF,5,F25 0018,Homenheim Concentrate,,,Homenheim Concentrate,,,,89.69309597,6.035393965,#DIV/0!,0,0,17.7,21.3375,46.1752275,81.25744844,228.8818541,72.97816994,3.272544867,17.7,19.25827076,43.99078744,59.76632805,#DIV/0!,24.41564812,33.17134609
18,LMF,5,F25 0019,Sample 8,,,Cynodon nlemfuensis ,,,,93.73093584,11.41385651,#DIV/0!,0,0,18.54444444,20.07777778,25.93807301,55.91153099,139.8515287,52.75007424,3.911194416,18.54444444,19.35739962,26.96561337,50.96196803,#DIV/0!,14.96638196,28.28477395
1,Genetic bank,6,F24 3441,ABC-7714-1,Alysicarpus,glumaceus,Alysicarpus glumaceus,Fabaceae,Fabales,Herbaceous,93.05173955,17.45368866,21.04962113,27.78778253,82.34850817,17.38333333,20.23,39.01404783,71.00335454,152.5427455,65.52601662,4.317777523,17.38333333,18.66150848,28.47057445,44.37028901,61.63106835,15.80166139,24.62627805
2,Genetic bank,6,F24 3442,ABC-7757-1,Clitoria,ternatea,Clitoria ternatea,Fabaceae,Fabales,Climber,92.12039046,8.244234424,22.6154996,21.94936226,57.23012208,17.81666667,21.5,42.92282767,82.50844236,179.0135154,64.83438548,3.63437313,17.81666667,19.57784389,35.04835747,54.10893932,160.8808793,19.45244477,30.03139746
3,Genetic bank,6,F24 3443,ABC-7759-1,Clitoria,ternatea,Clitoria ternatea,Fabaceae,Fabales,Climber,93.54160845,5.862227412,20.41590152,14.68281549,60.81721503,17.9,20.06666667,42.2590726,92.16976612,196.923588,66.79871694,3.398388922,17.9,19.07582618,37.58030183,56.3842205,138.771336,20.85771769,31.29421788
4,Genetic bank,6,F24 3444,ABC-7790-1,Crotalaria,pallida,Crotalaria pallida,Fabaceae,Fabales,Herbaceous,92.11118315,5.850741122,22.0861462,20.08618277,67.61203479,17.65,23.9,35.32651968,76.53464676,166.0553219,64.5373937,3.908650789,17.65,21.03580742,35.06222633,54.81986574,113.8623626,19.46014223,30.42597393
5,Genetic bank,6,F24 3445,ABC-7792-1,Chamaecrista,rotundifolia,Chamaecrista rotundifolia,Fabaceae,Fabales,Herbaceous,92.87643743,8.05209851,23.63066193,23.50042464,63.99407622,16.63333333,22.28333333,42.77532654,77.93590746,167.7357299,65.26933992,3.891952488,16.63333333,19.1757235,32.1884841,49.52282687,114.1669349,17.86516557,27.48602571
6,Genetic bank,6,F24 3446,ABC-7816-1,Indigofera,spicata,Indigofera spicata,Fabaceae,Fabales,Herbaceous,92.50111417,17.58626282,24.06341709,23.10642255,54.74263748,15.45,19.91666667,31.86024322,68.93833877,148.9974594,64.88942648,4.387625212,15.45,17.82490221,26.53646903,41.04014979,144.5015788,14.72819942,22.77799317
7,Genetic bank,6,F24 3447,ABC-7858-1,Crotalaria,incana,Crotalaria incana,Fabaceaee,Fabales,Herbaceous,93.155,9.146013912,29.43059343,23.57983665,60.75471542,16.68333333,21.01666667,47.90836573,85.79771748,184.158386,73.80134352,4.035876078,16.68333333,18.59910786,34.27836082,46.5453004,101.236636,19.02508331,25.83344701
8,Genetic bank,6,F24 3448,ABC-7972-1,Canavalia,brasiliensis,Canavalia brasiliensis,Fabaceae,Fabales,Climber,91.88,17.8164834,29.01401583,23.87081726,56.1091518,16.23333333,21.26666667,37.18503387,71.23935634,154.9439981,66.01001592,4.247241215,16.23333333,18.63393652,28.79518142,44.18253498,170.1120161,15.98182388,24.52207132
9,Genetic bank,6,F24 3449,ABC-8205-1,Indigofera,suffruticosa,Indigofera suffruticosa,Fabaceae,Fabales,Herbaceous,92.225,14.65425381,25.335008,26.75249523,51.19431248,19,21.9,30.68023421,65.54581287,142.0242834,62.07328303,4.399675619,19,20.50828717,29.08348839,46.96731398,240.7967482,16.14183923,26.06767184
10,Genetic bank,6,F24 3450,ABC-8402-1,Indigofera,suffruticosa,Indigofera suffruticosa,Fabaceae,Fabales,Herbaceous,92.01,17.72088972,25.58233898,18.99313227,47.89959503,18.76,23.1,33.99900955,59.08157603,128.3734469,62.49307359,4.869945313,18.76,20.58965879,26.43004825,42.30372747,267.126188,14.66913405,23.47930064
11,Genetic bank,6,F24 3451,ABC-8408-1,Chamaecrista,nictitans,Chamaecrista nictitans,Fabaceae,Fabales,Herbaceous,94.01679496,6.884976232,24.85046879,38.38327518,58.65399616,17.21666667,23.93333333,32.81900054,63.48079711,134.960586,47.29645195,3.523299539,17.21666667,20.47359206,27.68967757,58.52465606,501.4690937,15.36825011,32.48219665
12,Genetic bank,6,F24 3452,ABC-8409-1,Chamaecrista,nictitans,Chamaecrista nictitans,Fabaceae,Fabales,Herbaceous,91.93701698,7.660929259,25.85235955,38.02759415,61.85587213,16.98,25.56,35.09051788,60.09195874,130.6816881,49.94279692,3.819622894,16.98,20.55554031,26.91841497,54.12853983,276.7898619,14.94018602,30.04227609
13,Genetic bank,6,F24 3453,ABC-8719-1,Canavalia,sp.,Canavalia sp.,Fabaceae,Fabales,Climber,93.52759939,17.13245986,23.79660353,16.09918371,40.18477672,16.51666667,21.985,36.43277813,69.74959496,149.0568859,65.39324689,4.386773735,16.51666667,19.17146261,28.62493203,44.00566304,296.1250996,15.88733252,24.42390433
14,Genetic bank,6,F24 3454,ABC-8797-1,Desmanthus,virgatus,Desmanthus virgatus,Fabaceae,Fabales,Shrub,92.94852574,7.059427508,23.1295439,30.21775381,59.9499983,15.46666667,20.3,31.4914904,61.63703303,132.583284,48.50132007,3.666215773,15.46666667,17.84095123,23.64378307,48.74620707,291.6266999,13.12270867,27.05498828
15,Genetic bank,6,F24 3455,ABC-8819-1,Coursetia,caribaea,Coursetia caribaea,Fabaceae,Fabales,Herbaceous,91.77870381,13.95647988,24.00645742,18.24323904,51.97573659,18.58,22.18,33.46800549,69.52465575,151.4471374,63.34166154,4.186916871,18.58,20.42907023,30.95695482,48.93637811,226.6626691,17.18164551,27.1605365
1,Genetic bank,6,F24 3456,ABC-9170-1,Indigofera,lespedezioides,Indigofera lespedezioides,Fabaceae,Fabales,Herbaceous,93.09103769,15.38048733,20.75389269,41.98638116,54.57173406,15.11666667,19.38333333,28.09896451,44.60065298,95.77086849,42.54084717,4.448306105,15.11666667,16.69472255,15.98673492,38.19553322,468.1136456,8.872914469,21.19918176
2,Genetic bank,6,F24 3457,ABC-9254-1,Crotalaria,pallida,Crotalaria pallida,Fabaceae,Fabales,Herbaceous,90.82638109,6.638052507,24.64778486,20.57624578,55.33710134,18.25,22.86666667,31.4914904,68.20083314,150.126297,59.57930489,4.000330088,18.25,20.75754558,31.24410274,52.28725409,222.8370453,17.34101758,29.02033065
3,Genetic bank,6,F24 3458,ABC-9283-1,Crotalaria,pallida,Crotalaria pallida,Fabaceae,Fabales,Herbaceous,92.80107782,8.193728449,25.55766027,15.01232891,54.1619301,18.13333333,23.25,32.81900054,67.75832976,145.9471951,60.12428941,4.11752503,18.13333333,20.82296494,30.40182983,50.82738418,254.6025833,16.87354154,28.21007759
4,Genetic bank,6,F24 3459,ABC-9288-1,Indigofera,suffruticosa,Indigofera suffruticosa,Fabaceae,Fabales,Herbaceous,93.755,11.90871169,27.5825287,16.46284897,52.41146942,19.38333333,26.91666667,39.45655121,68.93833877,146.9971296,68.01798625,4.628046027,19.38333333,22.65560954,33.30905861,49.11286706,168.4929426,18.48710381,27.25849092
5,Genetic bank,6,F24 3460,ABC-9336-1,Clitoria,ternatea,Clitoria ternatea,Fabaceae,Fabales,Climber,90.39240088,8.112591028,31.6648623,19.15227714,48.60971355,18.63333333,22.63333333,46.53660526,77.41965352,171.2188563,69.14500974,4.086799783,18.63333333,20.19289758,34.63617727,50.58015917,214.7080631,19.22367762,28.07286343
6,Genetic bank,6,F24 3461,ABC-9349-1,Mucuna,pruriens,Mucuna pruriens,Fabaceae,Fabales,Climber,91.42214894,8.633607276,30.38137152,27.80099367,55.5632413,17.35,19.71666667,30.09022971,59.7195184,130.6065609,56.47175531,4.326590096,17.35,18.52022148,24.1884174,43.23141221,295.6473967,13.42499014,23.99418172
7,Genetic bank,6,F24 3462,ABC-9356-1,Tephrosia,noctiflora,Tephrosia noctiflora,Fabaceae,Fabales,Shrub,93.0320801,8.360226701,30.62410081,20.60305675,55.97912636,18.7,22.53333333,32.3027466,59.94077008,128.7708611,53.76858584,4.181528859,18.7,20.48123332,26.38273055,49.48299954,375.4916039,14.64287191,27.46392085
8,Genetic bank,6,F24 3463,ABC-9432-1,Clitoria,ternatea,Clitoria ternatea,Fabaceae,Fabales,Climber,91.27936032,8.031756823,31.25458694,17.91608339,44.95314053,17.36,20.6,36.94903207,70.19873589,153.7500938,50.86955404,3.320018297,17.36,18.90480266,29.06513639,57.23559994,-1104.567264,16.13165355,31.7667482
9,Genetic bank,6,F24 3464,ABC-9433-1,Clitoria,ternatea,Clitoria ternatea,Fabaceae,Fabales,Climber,94.27286357,9.441272076,31.6787523,21.94377376,43.14194918,17.95,21.33333333,39.97280515,68.49583539,145.2219288,61.81659761,4.255688414,17.95,19.36220051,28.11949634,46.43060189,817.8349372,15.60680697,25.76978734
10,Genetic bank,6,F24 3465,ABC-9435-1,Desmanthus,pubescens,Desmanthus pubescens,Fabaceae,Fabales,Shrub,94.58635365,8.482190043,26.77532246,36.05686171,53.82572072,16.03333333,22.85,27.95146338,48.28818113,102.033009,43.25556652,4.239749875,16.03333333,18.91088125,19.29504962,44.68897753,938.7549507,10.70908636,24.8031557
11,Genetic bank,6,F24 3466,ABC-9530-1,Crotalaria,maypurensis,Crotalaria maypurensis,Fabaceae,Fabales,Herbaceous,93.26303362,8.793760286,32.65498846,10.83686663,32.19897401,17.01666667,22,47.12660976,83.98345363,179.9870171,68.20211518,3.796237455,17.01666667,19.20635037,34.56497717,51.12426414,-1583.507964,19.18416034,28.3748511
12,Genetic bank,6,F24 3467,ABC-9562-1,Eriosema,diffusum,Eriosema diffusum,Fabaceae,Fabales,Herbaceous,93.93151174,8.403009219,18.10554432,51.96325733,64.55154831,16.84,19.76,19.13089604,33.32787942,70.9341634,28.53385037,4.027161336,16.84,18.08730867,12.82854272,45.1294384,-198.4992357,7.120063156,25.0476191
13,Genetic bank,6,F24 3468,ABC-9982-1,Crotalaria,incana,Crotalaria incana,Fabaceae,Fabales,Herbaceous,93.81655922,8.64768717,26.85672385,14.32890927,46.83102013,17.05,21.21666667,45.20909512,84.79470982,180.6530262,72.63736918,4.023484053,17.05,18.99978192,34.3205787,47.26025984,178.6390874,19.04851496,26.23026186
14,Genetic bank,6,F24 3469,ABC-10647-1,Stylosanthes,scabra,Stylosanthes scabra,Fabaceae,Fabales,Herbaceous,92.92782887,9.358364243,20.01579809,32.44224002,56.19410887,15.9,22.28333333,43.3063306,79.20441714,170.3511938,67.34093523,3.953830642,15.9,18.79192154,32.01257367,48.30685803,151.037057,17.76753224,26.81114197
15,Genetic bank,6,F24 3470,ABC-11194-1,Stylosanthes,hamata,Stylosanthes hamata,Fabaceae,Fabales,Herbaceous,92.89142264,9.606070391,21.17967693,30.17992448,55.93710804,15.16666667,20.65,33.85150842,70.41335003,151.5119455,59.24865579,3.91446418,15.16666667,18.02387196,27.3075171,46.11538379,184.6603122,15.15614444,25.59483585
16,LMF,6,F25 0017,Hohenheimer Heustandard,,,Hohenheimer Heustandard,,,,91.33303174,10.05857506,#DIV/0!,0,#DIV/0!,18,21.36666667,23.37892847,46.68410638,204.379277,59.56412972,2.921252897,18,19.66576894,40.20408457,67.40110336,#DIV/0!,22.31396251,37.40877848
17,LMF,6,F25 0018,Homenheim Concentrate,,,Homenheim Concentrate,,,,89.69309597,6.035393965,#DIV/0!,0,#DIV/0!,,,,,,,,,,,,,,
18,LMF,6,F25 0019,Sample 8,,,Cynodon nlemfuensis ,,,,93.73093584,11.41385651,#DIV/0!,0,#DIV/0!,17.9,20.9,12.31634402,27.06645662,115.3827587,36.38014807,3.147332356,17.9,19.52588998,22.53713966,62.24192413,#DIV/0!,12.50850243,34.54534474
1,Genetic bank,7,F24 3471,ABC-11999-1,Stylosanthes,guianensis,Stylosanthes guianensis,Fabaceae,Fabales,Herbaceous,93.5025929,10.465,20.08914589,33.8951169,61.31669822,12.97777778,18.83333333,34.49067997,78.22476383,167.2098203,58.54567987,3.504514149,12.97777778,16.25165268,27.25449084,46.60779238,139.8281229,15.12671395,25.86813114
2,Genetic bank,7,F24 3472,ABC-12318-1,Stylosanthes,hamata,Stylosanthes hamata,Fabaceae,Fabales,Herbaceous,94.102359,11.085,22.04897357,29.34322756,55.25520846,13.98888889,19.77777778,39.89905459,82.4039624,175.0199264,56.88386164,3.249011931,13.98888889,16.96005211,29.74680924,52.26503186,259.4231137,16.50999378,29.00799692
3,Genetic bank,7,F24 3473,ABC-13575-1,Desmodium,incanum,Desmodium incanum,Fabaceae,Fabales,Herbaceous,94.13646412,11.515,23.16919124,44.08764943,57.60611616,13.6,18.77777778,25.60127877,51.93022977,110.2586017,42.85033336,3.894908968,13.6,16.22765565,17.9688838,42.43278646,502.5331203,9.973041391,23.55093062
4,Genetic bank,7,F24 3474,ABC-13609-1,Desmodium,incanum,Desmodium incanum,Fabaceae,Fabales,Herbaceous,93.40199114,11.575,20.01347066,40.85292871,58.78077664,13.65555556,19.53333333,27.50896,50.24871693,107.5296305,38.40313447,3.582637924,13.65555556,16.31007432,17.5804062,46.38743434,-1188.433939,9.757429601,25.74582861
5,Genetic bank,7,F24 3475,ABC-15551-1,Centrosema,molle,Centrosema molle,Fabaceae,Fabales,Climber,93.75094022,10.485,22.31266675,23.67242922,61.58812353,14.78888889,20.24444444,32.7698335,65.88383629,140.4767517,49.71902488,3.55034185,14.78888889,17.4926182,24.68327403,50.02881514,290.1904538,13.69964413,27.76685795
6,Genetic bank,7,F24 3476,ABC-17024-1,Desmanthus,pernambucanus,Desmanthus pernambucanus,Fabaceae,Fabales,Shrub,92.53223803,8.23,24.6266959,32.03196846,58.23503518,14.16666667,20.36666667,28.59063493,50.4453851,108.9527843,40.13920631,3.696582257,14.16666667,16.84477229,18.45282315,46.29247607,-1508.615651,10.2416361,25.69312513
7,Genetic bank,7,F24 3477,ABC-17091-1,Crotalaria,micans,Crotalaria micans,Fabaceae,Fabales,Herbaceous,94.56155534,8.37,24.38060094,17.15303522,49.73373546,15.16666667,19.56666667,41.6690681,87.22233252,184.3698042,66.12018277,3.587848389,15.16666667,17.46518626,32.24818024,48.8310255,212.3035444,17.89829796,27.10206398
8,Genetic bank,7,F24 3478,ABC-17365-1,Clitoria,ternatea,Clitoria ternatea,Fabaceae,Fabales,Climber,93.3869839,7.63,32.12201646,23.36870323,51.72327633,15.12222222,20.55555556,47.56911314,86.3864928,184.9019026,63.39266228,3.4282409,15.12222222,17.56359212,32.55389379,51.29126771,221.134009,18.06797427,28.46754097
9,Genetic bank,7,F24 3479,ABC-17451-1,Canavalia,sp.,Canavalia sp.,Fabaceae,Fabales,Climber,91.64376079,19.475,22.34228589,20.07506852,49.14213417,12.8,18.66666667,35.57235489,68.15535363,148.6442517,62.06594378,4.178556047,12.8,15.6083839,23.24924617,37.55126549,223.0080787,12.90373386,20.84160202
10,Genetic bank,7,F24 3480,ABC-17775-1,Christia,obcordata,Christia obcordata,Fabaceae,Fabales,Herbaceous,94.3019828,10.725,16.04996893,26.03646082,54.96795705,15.25555556,22.24444444,45.40576329,83.23980211,176.4127547,59.08527975,3.349636216,15.25555556,18.42883333,32.55116454,55.21843108,244.4963595,18.06645949,30.64718459
11,Genetic bank,7,F24 3481,ABC-18016-1,Sesbania,emerus,Sesbania emerus,Fabaceae,Fabales,Shrub,93.22268986,7.685,24.15784219,28.11638345,56.38157902,14.23333333,17.78888889,31.78649266,61.95047293,132.8413117,50.30529106,3.799837916,14.23333333,15.96169036,21.31029695,42.47110245,612.9105464,11.8275835,23.57219665
12,Genetic bank,7,F24 3482,ABC-18044-1,Christia,sp.,Christia sp.,Fabaceae,Fabales,Climber,93.66689993,14.44,21.00012874,22.6938603,54.67917535,15.275,21.45,36.57106043,70.56085116,150.6181733,58.33057617,3.86828515,15.275,18.25242849,27.5163483,47.46914801,250.943088,15.27204937,26.34619841
13,Genetic bank,7,F24 3483,ABC-18288-1,Sesbania,exasperata,Sesbania exasperata,Fabaceae,Fabales,Shrub,92.91141465,8.89,23.18028169,27.95025006,51.10366055,14.9,19.2625,39.39201947,73.99025234,159.1885591,55.65877408,3.490208368,14.9,16.93850252,27.04252615,48.91039807,-1024.525887,15.00906988,27.14611713
14,Genetic bank,7,F24 3484,ABC-18447-1,Clitoria,ternatea,Clitoria ternatea,Fabaceae,Fabales,Climber,92.93353323,7.5,29.41115131,26.19653597,54.05004759,14.51111111,20.05555556,45.20909512,80.38811368,172.8889696,55.28237032,3.197384639,14.51111111,16.92415425,29.33549193,53.01768122,361.7422913,16.28170555,29.42573034
15,Genetic bank,7,F24 3485,ABC-18455-1,Christia,obcordata,Christia obcordata,Fabaceae,Fabales,Climber,93.2033983,14.45,21.77303294,22.27016756,52.42690104,15.41111111,21.56666667,40.1448898,81.32228748,174.410703,59.86128924,3.474604714,15.41111111,18.53525367,32.52086064,54.17824002,301.1595921,18.0496403,30.06986055
16,Genetic bank,7,F24 3486,ABC-18707-1,Crotalaria,pallida,Crotalaria pallida,Fabaceae,Fabales,Herbaceous,92.82607932,7.44,37.49811369,22.03122998,51.92656888,16.05555556,27.53333333,36.70319686,69.76803261,150.0261335,53.89347169,3.599766743,16.05555556,21.49290837,32.29752932,60.93822877,4102.071783,17.92568755,33.82177126
17,Genetic bank,7,F24 3487,ABC-18749-1,Arachis,pintoi,Arachis pintoi,Fabaceae,Fabales,Herbaceous,92.69753995,14.32,21.12793945,27.42442885,51.5288203,11.68888889,18.38888889,24.41143636,64.45799207,139.0021418,61.11639727,4.411682153,11.68888889,15.83999024,22.10810934,36.23158379,193.5185279,12.27038318,20.10915585
18,Genetic bank,7,F24 3488,ABC-18813-1,Crotalaria,nitens,Crotalaria nitens,Fabaceae,Fabales,Herbaceous,91.79702881,16.91,17.16342238,28.68680636,52.37107717,13.41111111,19.48888889,27.31229183,54.57541663,118.8264287,51.22777844,4.358522042,13.41111111,16.44899726,19.6214675,38.57825013,-51.20914107,10.89025393,21.41159627
19,Genetic bank,7,F24 3489,ABC-18848-1,Alysicarpus,rugosus,Alysicarpus rugosus,Fabaceae,Fabales,Herbaceous,94.4269452,24.505,19.98876765,28.13229937,48.33421443,14.5,20.78888889,32.96650166,53.64124283,113.5768346,57.17478092,5.046628736,14.5,16.90408217,19.17268513,34.19370223,-169.4408514,10.64117195,18.97809632
20,Genetic bank,7,F24 3490,ABC-18862-1,Alysicarpus,rugosus,Alysicarpus rugosus,Fabaceae,Fabales,Herbaceous,93.06534847,16.355,24.57881528,21.71893469,49.433281,15.2,19.87777778,32.72066645,59.29545266,127.3679706,49.61964804,3.908298048,15.2,17.29968002,22.10373007,44.90758167,203.3289091,12.26795261,24.92448477
21,Genetic bank,7,F24 3491,ABC-18931-1,Tephrosia,linearis,Tephrosia linearis,Fabaceae,Fabales,Shrub,93.53564287,10.785,28.55552953,19.07405185,61.08643903,14.05555556,18.91111111,30.95065294,58.90211632,125.8674503,49.75445109,3.946136629,14.05555556,16.35258888,20.54398093,42.05291578,293.0723069,11.40226485,23.34009582
22,Genetic bank,7,F24 3492,ABC-19038-1,Canavalia,sp.,Canavalia sp.,Fabaceae,Fabales,Shrub,90.17147475,16.035,23.78356078,17.61119084,47.64742547,14.77777778,20.31111111,33.9498425,69.37469627,153.7575949,63.37333215,4.151821402,14.77777778,17.60100147,27.10899845,43.52344366,-75.30165685,15.04596315,24.15626423
23,Genetic bank,7,F24 3493,ABC-19118-1,Alysicarpus,rugosus,Alysicarpus rugosus,Fabaceae,Fabales,Climber,92.92035146,11.39,22.79950205,24.1800352,44.31262576,15.71111111,19.8,35.17901855,69.1780281,148.8150364,59.74408108,4.023900692,15.71111111,17.70156007,26.31078574,44.5012621,451.5573609,14.60294129,24.69897038
24,Genetic bank,7,F24 3494,ABC-19127-1,Alysicarpus,rugosus,Alysicarpus rugosus,Fabaceae,Fabales,Herbaceous,92.25154138,10.385,19.49502682,34.90972739,57.93355379,15.47777778,20.77777778,32.37649716,61.45880251,133.1770565,48.76392929,3.664873404,15.47777778,17.95673284,23.88830215,49.23770162,435.9564632,13.25842098,27.32777626
25,Genetic bank,7,F24 3495,ABC-19128-1,Alysicarpus,rugosus,Alysicarpus rugosus,Fabaceae,Fabales,Herbaceous,92.68536796,9.45,17.09154173,40.01004818,61.97315593,15.18888889,20.43333333,31.14732111,60.03295829,129.4665862,46.80620446,3.619681038,15.18888889,17.68167099,22.87158915,49.0114074,275.4913496,12.69412768,27.20217905
26,Genetic bank,7,F24 3496,ABC-19129-1,Alysicarpus,rugosus,Alysicarpus rugosus,Fabaceae,Fabales,Herbaceous,93.45695735,11.985,17.81459969,36.71002423,62.07653936,15.91111111,21.25555556,34.58901405,62.24547518,133.1235384,49.89865333,3.747817562,15.91111111,18.2772741,24.33936038,49.18474562,252.1385129,13.50876611,27.29838477
27,Genetic bank,7,F24 3497,ABC-19133-1,Alysicarpus,rugosus,Alysicarpus rugosus,Fabaceae,Fabales,Herbaceous,93.12740464,11.81,17.49348196,35.05733935,55.15014717,15.61111111,21.24444444,36.85069798,65.88383629,141.4266223,48.22693495,3.41964342,15.61111111,18.05942482,25.58822172,55.11822116,-223.9221318,14.20190576,30.59156635
28,Genetic bank,7,F24 3498,ABC-19137-1,Alysicarpus,rugosus,Alysicarpus rugosus,Fabaceae,Fabales,Herbaceous,93.77186844,10.965,18.129116,33.34237695,57.06964178,15.31111111,20.44444444,37.39153544,67.89968501,144.7248285,53.19525116,3.678006425,15.31111111,17.59155113,25.49114839,48.4905984,578.7912732,14.14802838,26.91312105
29,Genetic bank,7,F24 3499,ABC-19138-1,Alysicarpus,rugosus,Alysicarpus rugosus,Fabaceae,Fabales,Herbaceous,92.69072086,11.37,21.31731707,32.53670505,54.0327314,15.25555556,20.37777778,34.14651067,62.58964447,134.9801042,54.86301277,4.070434715,15.25555556,17.55272699,23.69060074,43.21309733,290.6901146,13.14869328,23.98401665
30,Genetic bank,7,F24 3500,ABC-19139-1,Alysicarpus,ovalifolius,Alysicarpus ovalifolius,Fabaceae,Fabales,Herbaceous,94.60553889,12.045,18.53940369,35.03283324,58.30815457,14.24444444,20.63333333,30.60648365,56.93543464,120.2764912,52.41257244,4.367971182,14.24444444,17.19704331,20.77012478,39.74486426,239.1407372,11.5277786,22.05908729
31,LMF,7,F25 0017,Hohenheimer Heustandard,,,Hohenheimer Heustandard,,,,91.33303174,0,0,0,0,16.35,19.38333333,23.41580375,45.98347604,201.0313378,58.70333163,2.930776128,16.35,17.83379733,35.61295241,60.80011084,#DIV/0!,19.76580473,33.74511342
32,LMF,7,F25 0018,Homenheim Concentrate,,,Homenheim Concentrate,,,,89.69309597,0,0,0,0,16.7125,21.8625,30.19163673,53.81025453,239.6499323,68.49711621,2.859406363,16.7125,18.92702289,45.37236798,66.35879129,#DIV/0!,25.18244922,36.83027724
33,LMF,7,F25 0019,Sample 8,,,Cynodon nlemfuensis ,,,,93.73093584,11.41385651,0,0,0,15.7,18.51666667,22.16204418,55.71855035,118.7929398,42.56465268,3.593189845,15.7,17.39789396,20.56287681,48.2743702,#DIV/0!,11.41275239,26.79311066
34,LMF,8,F25 0772,ICARDA 165563,Trifolium ,pratense,Trifolium pratense,Fabaceae,Fabales,Legume,90.56425487,11.41385651,#DIV/0!,0,0,13.83333333,18.66666667,40.12030628,82.12125191,181.2543508,61.79266752,3.411776062,13.83333333,16.30806784,29.54862025,47.83884872,#DIV/0!,16.39999546,26.5513887
35,LMF,8,F25 0783,ICARDA J8,Daucus ,carota,Daucus carota,Fabaceae,Fabales,Herbaceous,90.88455772,0,#DIV/0!,0,0,8.966666667,15.4,42.92282767,87.43129245,192.2336651,77.74880032,4.045189411,8.966666667,12.24086267,23.5295371,30.2739645,#DIV/0!,13.05930018,16.80257407
36,LMF,8,F25 0784,ICARDA J9,Fumaria , bracteosa,Fumaria bracteosa,Fabaceae,Fabales,Herbaceous,92.62184602,0,#DIV/0!,0,0,8.7,14.66666667,35.40027024,73.71368773,159.0961467,62.61154387,3.936776518,8.7,11.8008964,18.77540164,30.04896103,#DIV/0!,10.42067274,16.67769325
37,LMF,8,F25 0788,ICARDA J13,Cichorium ,pumilum,Cichorium pumilum,Fabaceae,Fabales,Herbaceous,90.75825528,0,#DIV/0!,0,0,12.8,16.43333333,47.34786145,89.20130596,196.4775305,73.92007199,3.762826064,12.8,14.50320894,28.4951596,38.58236183,#DIV/0!,15.81530658,21.41387833
38,LMF,8,F25 0813,ICARDA T216003,Rhus ,tripartita (Ucria) Grande,Rhus tripartita (Ucria) Grande,Fabaceae,Fabales,Shrub,93.54532447,0,#DIV/0!,0,0,9.366666667,11.8,31.56524097,52.91602896,113.0431023,37.28394212,3.292126074,9.366666667,10.34913655,11.69565892,31.72102305,#DIV/0!,6.491293049,17.6057166
39,LMF,8,F25 0820,ICARDA T216010,Retama ,raetam (Forssk.) Webb.,Retama raetam (Forssk.) Webb.,Fabaceae,Fabales,Shrub,93.71125775,0,#DIV/0!,0,0,12.9,16.7,31.56524097,61.61859539,131.4456734,46.12219897,3.509027143,12.9,14.75343984,19.39362358,42.05835279,#DIV/0!,10.76379662,23.34311345
40,LMF,8,F25 0823,ILRI 6529 2 119707,Labalab , purpureues,Labalab purpureues,Fabaceae,Fabales,Legume,91.25305991,0,#DIV/0!,0,0,14.3,18.03333333,42.62782542,85.51377781,187.3081572,58.46824317,3.117707871,14.3,16.17201822,30.28896198,52.52012015,#DIV/0!,16.81089793,29.14957534
41,LMF,8,F25 0824,ILRI 10925 3 119708,Arachis , glabrata,Arachis glabrata,Fabaceae,Fabales,Legume,89.92902779,0,#DIV/0!,0,0,13.46666667,18.3,44.39783893,88.3162992,196.3084593,65.31712695,3.327858814,13.46666667,15.86976253,31.15511298,47.7107113,#DIV/0!,17.29162672,26.48027022
42,LMF,8,F25 0825,ILRI 6984 4 119709,Medicago ,sativa,Medicago sativa,Fabaceae,Fabales,Legume,90.28742629,0,#DIV/0!,0,0,15,19.23333333,37.76028826,75.18869899,166.4095574,58.0440314,3.486537268,15,17.11417944,28.47707015,49.1474543,#DIV/0!,15.80526661,27.27768744
43,LMF,8,F25 0837,ILRI 10920 16 119721,Arachis , pintoi,Arachis pintoi,Fabaceae,Fabales,Legume,90.69733371,0,#DIV/0!,0,0,12.6,17.8,42.03782091,90.82381834,200.0653414,69.03604092,3.451080382,12.6,15.39178087,30.7938065,44.62668555,#DIV/0!,17.09109537,24.76858257
44,LMF,8,F25 0839,ILRI 7049 18 119723,Trifolium repens, repens,Trifolium repens,Fabaceae,Fabales,Legume,88.91942862,0,#DIV/0!,0,0,14.25,19,43.21782992,90.01256215,202.315462,75.71455931,3.747105226,14.25,16.72183103,33.82692401,44.71547897,#DIV/0!,18.77452806,24.81786445
45,LMF,8,F25 0873,ILRI 7384 52 120169,Chloris gayana, gayana,Chloris gayana,Poaceae,Poales,Grass,90.91725624,0,#DIV/0!,0,0,11.15,18.6,30.38523196,73.41868547,159.3574153,53.3987338,3.352547781,11.15,15.5167666,24.72849302,46.37144229,#DIV/0!,13.72474145,25.73695274
46,LMF,8,F25 0904,CIAT ABC 22752 1,Labalab , purpureues,Labalab purpureues,Fabaceae,Fabales,Legume,91.28891722,0,#DIV/0!,0,0,13.23333333,18.03333333,51.18289073,86.25128344,190.3217432,71.48225689,3.755789412,13.23333333,15.18575561,28.89449638,40.63864284,#DIV/0!,16.0369454,22.55514987
47,LMF,8,F25 0913,CIAT ABC 1853 1,Stylosanthes , guianensis,Stylosanthes guianensis,Fabaceae,Fabales,Herbaceous,92.7875256,0,#DIV/0!,0,0,12.33333333,17.26666667,42.18532204,86.10378231,186.5706075,63.99147939,3.431986504,12.33333333,14.85009398,27.70474808,43.710052,#DIV/0!,15.37661451,24.25983509
48,LMF,8,F25 0914,CIAT ABC 10625 1,Stylosanthes, scabra,Stylosanthes scabra,Fabaceae,Fabales,Herbaceous,91.77246826,0,#DIV/0!,0,0,12.83333333,17.43333333,42.92282767,85.51377781,184.8731369,58.39069546,3.162046476,12.83333333,15.1243367,27.95829876,48.75969781,#DIV/0!,15.51733952,27.06247588
49,LMF,8,F25 0926,CIAT ABC 6818 1,Panicum , maximum,Panicum maximum,Poaceae,Poales,Grass,92.08816615,0,#DIV/0!,0,0,13.1,20.15,34.36776236,74.08244054,162.0395152,59.12003454,3.648432295,13.1,16.88060995,27.35199858,46.26869201,#DIV/0!,15.18083243,25.67992456
50,LMF,8,F25 0845,ILRI 21682 24 119729,Leucaena, pallida,Leucaena pallida,Fabaceae,Fabales,Tree,89.7410259,0,#DIV/0!,0,0,10.06666667,15.63333333,28.9102207,44.50846478,97.83810293,33.45330681,3.419537785,10.06666667,12.0152497,11.74954311,35.26129841,#DIV/0!,6.521199704,19.57063068
51,LMF,8,F25 0848,ILRI 2273 27 119732,Trifolium ,burchellianum,Trifolium burchellianum,Fabaceae,Fabales,Herbaceous,91.10044896,0,#DIV/0!,0,0,10.13333333,18.1,28.9102207,37.57591185,82.27930497,49.88559116,6.066469196,10.13333333,11.96999704,9.851363772,19.75895044,#DIV/0!,5.467677332,10.96655934
52,LMF,8,F25 0861,ILRI 14539 40 119745,Centrosema , virginianum,Centrosema virginianum,Fabaceae,Fabales,Legume,92.16470118,0,#DIV/0!,0,0,13.7,16.66666667,39.38280065,68.10864494,146.6980929,44.27162817,3.018912946,13.7,14.95016962,21.93276639,49.75596419,#DIV/0!,12.17306481,27.61542096
53,LMF,8,F25 0868,ILRI 70 47 120164,Leucaena,leucocephala,Leucaena leucocephala,Fabaceae,Fabales,Tree,92.44302871,0,#DIV/0!,0,0,11.8,18.06666667,34.07276011,55.86605148,121.6920329,36.8783641,3.02637073,11.8,14.24345477,17.33077303,48.94064312,#DIV/0!,9.618878871,27.16290365
54,LMF,8,F25 0908,CIAT ABC 22192 1,Leucaena ,diversifolia,Leucaena diversifolia,Fabaceae,Fabales,Tree,91.38301193,0,#DIV/0!,0,0,10.4,15.83333333,21.5351644,34.33088708,75.3146249,36.19748315,4.814447138,10.4,12.42362862,9.349947562,25.85993537,#VALUE!,5.189382661,14.35271153
55,LMF,8,F25 0017,Hohenheimer Heustandard,,,Hohenheimer Heustandard,,,,91.33303174,0,#DIV/0!,33.26417023,0,14.86666667,17.43333333,20.50265652,43.62345802,190.840012,47.90228895,2.52413858,14.86666667,16.20689288,30.86983105,64.41483268,#DIV/0!,17.13329031,35.75134658
56,LMF,8,F25 0018,Homenheim Concentrate,,,Homenheim Concentrate,,,,89.69309597,0,#DIV/0!,34.08999266,0,14.53333333,17.8,28.17271507,55.71855035,248.0234833,59.10667117,2.382089242,14.53333333,16.14714054,40.05091123,68.05510679,#DIV/0!,22.22894865,37.77176169
57,LMF,8,F25 0019,Sample 8,,,Cynodon nlemfuensis ,,,,93.73093584,11.41385651,#DIV/0!,33.64597712,0,13.6,17.16666667,20.35515539,53.65353459,114.4079225,34.22352862,2.991528192,13.6,15.81317587,18.09129353,52.99326532,#DIV/0!,10.04098091,29.41217909
58,Breeding,9,F25 0990,ABC-PM21_0053,Megathyrsus ,maximus,Megathyrsus maximus,Poaceae,Poales,Grass,95.80083983,11.41385651,14.92263771,32.65995062,67.93183843,14.63333333,17.97777778,34.66276461,72.77951393,151.8855859,51.4298638,3.387919033,14.63333333,16.41263989,24.92902919,49.0358581,141.0925903,13.8360425,27.21574961
59,Breeding,9,F25 0991,ABC-PM21_3550,Megathyrsus ,maximus,Megathyrsus maximus,Poaceae,Poales,Grass,96.67566487,14.27167899,14.63694296,30.13686542,69.1807804,14.62222222,18.52222222,32.84358406,66.14196326,136.7744616,45.10749452,3.297505362,14.62222222,16.61355639,22.7156698,50.75888998,172.8412732,12.60758974,28.17206212
60,Breeding,9,F25 0992,ABC-PM21_3595,Megathyrsus ,maximus,Megathyrsus maximus,Poaceae,Poales,Grass,95.88144873,16.60842131,14.25983492,30.86053506,68.73254854,14.84444444,17.5,31.9585773,67.27280522,140.2727746,45.28896068,3.226608463,14.84444444,16.26000418,22.80438993,50.5653913,170.2609648,12.65683095,28.06466701
61,Breeding,9,F25 0993,ABC-PM21_0086,Megathyrsus ,maximus,Megathyrsus maximus,Poaceae,Poales,Grass,97.47142219,15.36018425,14.80638782,31.01613067,67.37598947,14.82222222,18.31111111,34.85943278,69.2394869,141.9670013,45.62389359,3.212465425,14.82222222,16.58857554,23.54817072,51.772727,189.5762781,13.06964216,28.73475921
62,Breeding,9,F25 0994,ABC-CIAT_16048,Megathyrsus ,maximus,Megathyrsus maximus,Poaceae,Poales,Grass,97.56082966,15.2774384,17.3378444,31.99715999,67.10207687,15.2375,18.125,35.25276912,69.05357403,141.4822841,48.5017786,3.4258955,15.2375,16.66818632,23.58086076,48.72049657,155.096404,13.0877857,27.04071851
63,Breeding,9,F25 0995,ABC-PM21_0185,Megathyrsus ,maximus,Megathyrsus maximus,Poaceae,Poales,Grass,96.48588277,13.88457253,16.72567444,27.90094408,66.83112433,14.36666667,18.58888889,34.7610987,69.19031986,143.3276451,46.89438535,3.288400289,14.36666667,16.49528964,23.63218462,50.84087196,195.9168933,13.11627133,28.21756354
64,Breeding,9,F25 0996,ABC-PM21_0215,Megathyrsus ,maximus,Megathyrsus maximus,Poaceae,Poales,Grass,95.59088182,13.71195482,15.16078345,30.24515529,67.2344246,14.64444444,18.24444444,33.72859082,71.20616858,148.9177628,47.28540471,3.17716547,14.64444444,16.56300975,24.6609132,52.3809324,178.2327217,13.68723349,29.07232373
65,Breeding,9,F25 0997,ABC-CIAT_16051,Megathyrsus ,maximus,Megathyrsus maximus,Poaceae,Poales,Grass,96.15135501,13.97827277,14.91332159,31.61010586,68.2189537,14.93333333,18.82222222,35.25276912,69.48532211,144.4044137,45.79254473,3.173433806,14.93333333,16.88705555,24.38480144,53.86862454,212.2122535,13.53398668,29.8980186
66,Breeding,9,F25 0998,ABC-PM21_6080,Megathyrsus ,maximus,Megathyrsus maximus,Poaceae,Poales,Grass,96.34700339,15.44086948,18.29048196,31.99374341,67.46820868,15.07777778,18.53555556,32.20441251,64.81445312,134.4578026,45.88549124,3.469976502,15.07777778,16.83956325,22.64069243,50.45910292,-490.2729515,12.56597601,28.00567512
67,Breeding,9,F25 0999,ABC-PM21_3684,Megathyrsus ,maximus,Megathyrsus maximus,Poaceae,Poales,Grass,97.38068626,13.45926704,14.78131999,30.38588054,70.03250777,14.58888889,17.78888889,37.36695192,75.0903649,154.0803041,53.76496459,3.484731874,14.58888889,16.21580531,24.98549802,47.30890563,115.7304904,13.86738368,26.25726112
68,Breeding,9,F25 1000,ABC-PM21_0076,Megathyrsus ,maximus,Megathyrsus maximus,Poaceae,Poales,Grass,94.90703719,15.42471957,16.15211492,32.19080267,67.60458566,14.88888889,18.58888889,35.20360208,71.79617309,151.2072526,47.61255557,3.156576517,14.88888889,16.80720896,25.41574725,56.00261959,81.02614344,14.10617944,31.08242278
69,Breeding,9,F25 1001,ABC-CIAT_6890,Megathyrsus ,maximus,Megathyrsus maximus,Poaceae,Poales,Grass,96.16595925,12.31936474,15.86572264,34.27013017,71.38638313,14.33333333,17.82222222,34.66276461,73.91035589,153.6591981,52.75161102,3.433670933,14.33333333,16.2074155,24.90808024,47.37954496,104.9527281,13.82441547,26.29646717
70,Breeding,9,F25 1002,ABC-PM21_6638,Megathyrsus ,maximus,Megathyrsus maximus,Poaceae,Poales,Grass,95.66649521,16.6457702,14.2420424,34.5406945,67.33885028,14.12888889,17.58888889,33.58108969,67.81364269,141.6644168,49.70872953,3.510333232,14.12888889,15.906073,22.53006771,45.83451293,152.5872948,12.50457737,25.43894766
71,Breeding,9,F25 1003,ABC-PM21_0052,Megathyrsus ,maximus,Megathyrsus maximus,Poaceae,Poales,Grass,95.43591282,14.13231366,15.40599,31.81079165,65.12700898,14.21111111,17.98888889,33.8269249,70.07532662,146.8073252,50.40702183,3.43273609,14.21111111,16.19808552,23.78028066,47.42745889,164.1455321,13.19846719,26.32306023
72,Breeding,9,F25 1004,ABC-PM21_4449,Megathyrsus ,maximus,Megathyrsus maximus,Poaceae,Poales,Grass,96.14097667,12.80091692,14.53670485,32.66650116,70.17727731,14.55555556,17.85555556,29.69689337,65.69945988,136.6369764,42.71958994,3.130122789,14.55555556,16.39186548,22.39118558,52.89148753,199.6664565,12.42749539,29.35569065
73,Breeding,9,F25 1005,ABC-CIAT_6799,Megathyrsus ,maximus,Megathyrsus maximus,Poaceae,Poales,Grass,96.01124357,12.65618459,13.54429904,33.69825288,71.54773333,14.92222222,17.13333333,26.99270606,64.22444862,133.680024,42.10281223,3.145257568,14.92222222,16.22480105,21.69107141,51.97056865,175.5467318,12.03891991,28.84456475
74,Breeding,9,F25 1006,ABC-PM21_0055,Megathyrsus ,maximus,Megathyrsus maximus,Poaceae,Poales,Grass,96.30167473,13.33227816,16.4819727,31.62422417,65.67783936,14.15555556,18.23333333,32.59774885,67.56780748,140.3026688,46.40256674,3.318117674,14.15555556,16.29612344,22.85898932,49.42973751,197.0687694,12.68713456,27.4343595
75,Breeding,9,F25 1007,ABC-PM21_6529,Megathyrsus ,maximus,Megathyrsus maximus,Poaceae,Poales,Grass,96.55621386,14.92388537,12.68034511,30.14537777,68.17657505,14.16666667,17.53333333,30.63106717,65.84696101,136.314833,46.8123648,3.436699247,14.16666667,15.98969473,21.81539717,46.71627074,165.2034583,12.10792286,25.9283385
76,Breeding,9,F25 1008,ABC-PM21_0047,Megathyrsus ,maximus,Megathyrsus maximus,Poaceae,Poales,Grass,96.13019148,14.93213407,14.14910959,32.29175037,65.85180487,14.43333333,17.68888889,35.10526799,72.43534463,150.6208465,48.46079701,3.20345735,14.43333333,16.13833505,24.31287724,50.93165128,-90.29756646,13.49406751,28.26794763
77,Breeding,9,F25 1009,ABC-PM21_2195,Megathyrsus ,maximus,Megathyrsus maximus,Poaceae,Poales,Grass,96.99650175,13.99866042,15.4919462,30.71226819,67.21269134,14.25555556,17.44444444,34.17109419,71.35366971,147.0575164,47.86213571,3.247534921,14.25555556,15.93015504,23.43843423,49.68490119,233.0563548,13.00873651,27.57597976
78,Breeding,9,F25 1010,ABC-PM21_2627,Megathyrsus ,maximus,Megathyrsus maximus,Poaceae,Poales,Grass,97.37051387,14.90398649,17.29271543,33.54419935,65.78624543,14.24444444,17.41111111,29.8443945,64.12611454,131.6428171,47.89813121,3.646751452,14.24444444,15.966318,21.02559123,43.89692047,154.8980326,11.6695669,24.36355032
79,Breeding,9,F25 1011,ABC-PM21_0059,Megathyrsus ,maximus,Megathyrsus maximus,Poaceae,Poales,Grass,97.53036744,14.03454709,16.70851284,31.69637596,65.4591281,14.2,18.34444444,33.72859082,69.68199028,142.8144528,48.99762907,3.441671099,14.2,16.38522791,23.4015769,48.85121029,282.5983487,12.98828005,27.11326689
80,Breeding,9,F25 1012,ABC-PM21_3522,Megathyrsus ,maximus,Megathyrsus maximus,Poaceae,Poales,Grass,97.17612955,14.59651288,13.12453464,24.90305717,66.46570475,13.74444444,17.37777778,32.69608293,66.83030185,137.5031327,43.40502638,3.167746076,13.74444444,15.62224847,21.4975378,50.63179176,152.2419794,11.93150541,28.10152041
81,Breeding,9,F25 1013,ABC-PM21_0062,Megathyrsus ,maximus,Megathyrsus maximus,Poaceae,Poales,Grass,98.12048183,15.74178972,13.4700851,24.4222486,67.94162001,13.95555556,17.46666667,35.00693391,72.82868097,148.3313034,45.37566867,3.084056549,13.95555556,15.80183195,23.46182881,51.57322118,177.3461588,13.02172091,28.62403003
82,Breeding,9,F25 1014,ABC-PM21_0906,Megathyrsus ,maximus,Megathyrsus maximus,Poaceae,Poales,Grass,97.40642121,15.32423106,14.66534725,19.49710017,67.20085773,13.73333333,17.27777778,32.84358406,66.83030185,137.1051226,48.60284433,3.545984842,13.73333333,15.55351241,21.34725115,43.94886308,142.2565502,11.84809372,24.39237937
83,Genetic bank,9,F24 3501,ABC-19213-1,Clitoria,ternatea,Clitoria ternatea,Fabaceae,Fabales,Climber,93.84,11.79,31.12,37.55754652,51.31080464,14.98888889,18.65555556,50.4453851,71.89450717,153.1871903,63.65548908,4.152792881,14.98888889,16.08929282,24.64977413,39.13762571,194.950033,13.68105111,21.72205939
84,Genetic bank,9,F24 3502,ABC-19421-1,Uraria,lagopodioides,Uraria lagopodioides,Fabaceae,Fabales,Herbaceous,94.09,18.675,20.04,27.79536475,46.04271357,14.13333333,17.66666667,41.00531303,56.89855936,120.8945883,54.27384786,4.49346631,14.13333333,15.13180939,18.29336681,33.82118938,-270.2441406,10.15313507,18.77134525
85,Genetic bank,9,F24 3503,ABC-19566-1,Tephrosia,noctiflora,Tephrosia noctiflora,Fabaceae,Fabales,Shrub,93.745,12.425,25.36,19.495,42.59773976,15.42222222,17.91111111,45.23367864,68.6494824,146.3206073,64.10902598,4.390391701,15.42222222,16.28143413,23.82720101,37.31494782,595.6730006,13.22450879,20.71044163
86,Genetic bank,9,F24 3504,ABC-19667-1,Indigofera,hirsuta,Indigofera hirsuta,Fabaceae,Fabales,Herbaceous,92.42,9.955,26,37.555,50.52940068,13.06666667,16.64444444,30.63106717,46.86848279,101.3854479,44.80748968,4.441187925,13.06666667,14.31266884,14.51138734,32.51575614,-324.2144909,8.054071037,18.04680721
87,Genetic bank,9,F24 3505,ABC-19673-1,Alysicarpus,rugosus,Alysicarpus rugosus,Fabaceae,Fabales,Herbaceous,92.51,11.98,25.41,27.795,53.07571035,14.37777778,18.65555556,42.48032429,65.45362467,141.4901708,51.27319613,3.641457667,14.37777778,15.90310011,22.51303209,43.95351413,-505.4789665,12.49512231,24.39496078
88,LMF,9,F25 0017,Hohenheimer Heustandard,,,Hohenheimer Heustandard,,,,91.33303174,0,#DIV/0!,21.64,0,14.97777778,18.07777778,26.84520493,42.44344901,185.6467231,52.20327267,2.81275452,14.97777778,16.08489679,29.84234208,57.31493809,#DIV/0!,16.56301616,31.81078225
89,LMF,9,F25 0018,Homenheim Concentrate,,,Homenheim Concentrate,,,,89.69309597,0,#DIV/0!,23.605,0,15.82222222,19.28888889,30.87690238,50.01517348,222.8426995,58.63654134,2.635489585,15.82222222,17.1450809,38.19197062,65.46611135,#DIV/0!,21.19720446,36.33482443
90,LMF,9,F25 0019,Sample 8,,,Cynodon nlemfuensis ,,,,93.73093584,11.41385651,#DIV/0!,15.425,0,15.36666667,16.78888889,24.97685734,53.8993698,114.9658003,39.96014134,3.465234164,15.36666667,16.14430782,18.56295361,47.44631998,#DIV/0!,10.30276041,26.33352846
91,Genetic bank,10,F24-3506,ABC-19895-1,,,Aeschynomene americana,Fabaceae,Fabales,Herbaceous,93.355,11.41385651,25.26,25.71,62.05894102,14.14444444,17.05555556,37.07194967,75.1518237,160.9585306,67.4314958,4.228908803,14.14444444,15.61741869,25.12851053,38.27305028,100.8106429,13.94675809,21.24220507
92,Genetic bank,10,F24-3507,ABC-20093-1,,,Canavalia sp.,Fabaceae,Fabales,Climber,94.365,12.87,24.07,16.585,50.41174401,14.71111111,17.37777778,39.23529952,73.92264765,156.5910069,65.75289057,4.252794304,14.71111111,15.94316204,24.97167441,37.97611086,162.0429891,13.85971133,21.07739856
93,Genetic bank,10,F24-3508,ABC-20113-1,,,Canavalia sp.,Fabaceae,Fabales,Climber,94.64,15.79,18.07,15.925,48.42732425,13.02222222,17.15555556,38.49779389,78.20018031,165.1664357,65.29722873,3.973663809,13.02222222,15.1056382,24.95324093,38.26140811,203.4174532,13.84948044,21.23574346
94,Genetic bank,10,F24-3509,ABC-20125-1,,,Coursetia caribaea,Fabaceae,Fabales,Herbaceous,93.495,13.235,20.44,18.085,44.2288339,15.43333333,18.68888889,32.15524547,63.54840179,135.8652613,57.95687916,4.345020164,15.43333333,17.01067436,23.10476973,39.99634722,-114.4618862,12.82354694,22.19866469
95,Genetic bank,10,F24-3510,ABC-20298-1,,,Canavalia sp.,Fabaceae,Fabales,Climber,93.665,16.19,22.85,21.715,43.09103349,13.88888889,16.85555556,34.4169294,67.23592994,143.5183952,56.3619567,3.983420618,13.88888889,15.34451066,22.05149895,39.35711835,-380.0753735,12.23896343,21.8438816
96,Genetic bank,10,F24-3511,ABC-20305-1,,,Canavalia sp.,Fabaceae,Fabales,Climber,93.545,18.34,23.35,19.375,39.69699346,12.71111111,18.34444444,40.66114374,68.90760937,147.2448876,62.07478354,4.560328092,12.71111111,14.72393829,21.84876879,35.45708748,523.1188299,12.12644469,19.679297
97,Genetic bank,10,F24-3512,ABC-20803-1,,,Canavalia sp.,Fabaceae,Fabales,Climber,93.375,15.935,22.07,15.58,49.53319645,13.8,18.36666667,35.3511032,68.26843782,146.1308842,55.69973846,3.86004996,13.8,15.97697193,23.37309063,42.61479537,344.3306678,12.97246968,23.65194871
98,Genetic bank,10,F24-3513,ABC-21031-1,,,Christia obcordata,Fabaceae,Fabales,Climber,94.065,19.67,20.42,8.94,46.57256845,13.8,17.96666667,34.51526349,60.94254857,129.5041686,55.29032239,4.344724194,13.8,15.58083848,20.22787896,37.14230201,282.4344333,11.22682278,20.61462022
99,Genetic bank,10,F24-3514,ABC-21128-1,,,Crotalaria pallida,Fabaceae,Fabales,Herbaceous,93.46,10.345,29.38,36.545,43.83586534,15.13333333,21.08888889,33.38442152,65.81008572,140.7303593,53.1018494,3.832727291,15.13333333,17.94785406,25.13860856,47.36465172,521.9707138,13.95236268,26.28820116
100,Genetic bank,10,F24-3515,ABC-21212-1,,,Canavalia sp.,Fabaceae,Fabales,Climber,93.67,14.995,22.98,20.77,39.81578459,13.34444444,19.07777778,39.43196769,77.06933834,164.4413931,66.29871642,4.069894297,13.34444444,16.1381733,26.58476564,40.29975602,281.5593635,14.75500487,22.36706182
101,Genetic bank,10,F24-3516,ABC-21263-1,,,Sesbania rostrata,Fabaceae,Fabales,Shrub,92.58,13.365,25.01,15.325,40.69445959,14.32222222,15.94444444,38.44862685,68.46510599,147.8173063,60.43454784,4.159839072,14.32222222,15.05852062,22.30910519,37.31381978,899.2363932,12.38193935,20.70981554
102,Genetic bank,10,F24-3517,ABC-21514-1,,,Desmanthus virgatus,Fabaceae,Fabales,Shrub,93.55,9.915,23.25,15.23,55.94515835,13.74444444,17.02222222,27.92687986,48.55245398,103.7511285,35.54192067,3.6533744,13.74444444,15.00991186,15.59596995,46.9335207,-218.7200192,8.656033151,26.04891599
103,Genetic bank,10,F24-3518,ABC-21565-1,,,Chamaecrista rotundifolia,Fabaceae,Fabales,Herbaceous,92.64,7.89,19.59,33.72,58.2973873,12.46666667,17.24444444,36.77694742,71.66096372,154.5992949,57.69960739,3.812496575,12.46666667,14.72668721,22.84650868,39.8640772,156.2310324,12.68020759,22.12525254
104,Genetic bank,10,F24-3519,ABC-21709-1,,,Crotalaria juncea,Fabaceae,Fabales,Herbaceous,92.165,16.8,25.97,23.18,43.05742015,14.92222222,17.17777778,39.28446656,69.74344908,151.2603645,57.17226382,3.843504211,14.92222222,15.87900866,24.03505823,42.0660246,151.5891684,13.33987315,23.34737144
105,Genetic bank,10,F24-3520,ABC-22286-1,,,Crotalaria micans,Fabaceae,Fabales,Herbaceous,93.585,10.405,25.3,24.475,43.5874985,14.85555556,17.05555556,36.48194517,74.75848737,159.6734979,59.53641074,3.762418613,14.85555556,15.96305884,25.49463434,43.20218015,1203.161697,14.14996314,23.97795742
106,Genetic bank,10,F24-3521,ABC-22475-1,,,Alysicarpus rugosus,Fabaceae,Fabales,Herbaceous,94.16,12.425,17.41,31.675,64.14768061,14,17.18888889,31.22107167,59.17253505,125.6143285,43.55591791,3.560284983,14,15.47160439,19.50804826,44.51490167,97.11655394,10.8273043,24.70654058
107,Genetic bank,10,F24-3522,ABC-22481-1,,,Sesbania cochinchinensis,Fabaceae,Fabales,Shrub,91.97,10.46,31.18,26.64,61.9555076,13.88888889,15.18888889,30.63106717,52.58415142,114.3045898,51.99162839,4.624378909,13.88888889,14.43802268,16.50077006,31.76737681,130.7270903,9.158212863,17.63144374
108,Genetic bank,10,F24-3523,ABC-22520-1,,,Arachis pusilla,Fabaceae,Fabales,Herbaceous,93.06,14.93,20.36,22.79,61.21755346,13.08888889,16.73333333,32.79441702,64.53174263,138.6215842,51.32593159,3.765243212,13.08888889,14.9165158,20.76765838,40.72436646,107.8220318,11.5264097,22.60272796
109,Genetic bank,10,F24-3524,ABC-22570-1,,,Desmanthus bicornutus,Fabaceae,Fabales,Shrub,92.67,8.455,32.64,19.865,64.70825457,13.375,18.5875,20.63172,28.26490327,60.98136588,36.77194795,6.505831421,13.375,14.61445883,9.055360614,24.78588428,-1394.92055,5.025881808,13.7565946
110,Genetic bank,10,F24-3525,ABC-22594-1,,,Desmanthus pernambucanus,Fabaceae,Fabales,Shrub,94.58,8.87,27.26,23.955,58.57618253,13.65555556,17.18888889,27.09104014,43.48824865,91.93764623,38.95848727,4.28570796,13.65555556,14.93548495,13.77469811,35.36290279,-536.9139968,7.645195766,19.62702286
111,Genetic bank,10,F24-3526,ABC-22754-1,,,Lablab purpureus,Fabaceae,Fabales,Climber,91.685,12.14,30.03,24.885,51.33967367,13.575,17.75,42.09313384,67.48176515,147.1167315,51.67725903,3.531808896,13.575,15.12166207,22.29431555,43.13534227,287.9638058,12.37373085,23.94086125
112,Genetic bank,10,F24-3527,ABC-22915-1,,,Aeschynomene villosa,Fabaceae,Fabales,Herbaceous,92.065,7.925,27.06,34.545,64.50973724,13.71111111,17.47777778,40.75947782,72.34930231,157.1031846,58.09021884,3.698890262,13.71111111,15.34819643,24.1421578,41.66992578,115.9809866,13.39931527,23.12752974
113,Genetic bank,10,F24-3528,ABC-23259-1,,,Desmodium gangeticum,Fabaceae,Fabales,Shrub,92.86,12.965,23.04,24.965,56.45462089,15.3625,18.4125,27.43520944,53.10040537,114.2937165,51.49363807,4.556012242,15.3625,16.82876283,19.23822407,37.41005428,-17.73687661,10.6775472,20.76322736
114,Genetic bank,10,F24-3529,ABC-23339-1,,,Desmodium gangeticum,Fabaceae,Fabales,Shrub,93.7,14.995,22.09,14.565,55.6778598,15.24444444,18.67777778,27.33687535,52.33831621,111.6563949,53.80787059,4.895098627,15.24444444,16.86907013,18.86243914,35.07283081,236.8236202,10.46898006,19.4660279
115,Genetic bank,10,F24-3530,ABC-23761-1,,,Uraria picta,Fabaceae,Fabales,Herbaceous,95.005,13.685,18.09,26.645,61.9022359,12.25555556,16.34444444,32.54858181,50.912472,107.1137836,44.13828234,4.230907023,12.25555556,13.6838753,14.70647694,33.55707164,443.2285327,8.162349141,18.62475533
116,Genetic bank,10,F24-3531,ABC-24360-1,,,Vigna umbellata,Fabaceae,Fabales,Climber,92.73,17.215,23.17,28.73,53.68275229,13.98888889,17.38888889,32.74524998,57.943359,124.9361712,52.15976448,4.193875945,13.98888889,15.4368267,19.31546106,37.11554785,-1517.267886,10.72041507,20.5997712
117,Genetic bank,10,F24-3532,ABC-24466-1,,,Vigna umbellata,Fabaceae,Fabales,Herbaceous,92.855,19.77,22.39,19.995,37.53168225,13.63333333,16.54444444,37.51445305,60.15587589,129.5266119,61.86948506,4.852391046,13.63333333,14.70778768,19.08234341,31.70993772,321.0226798,10.59103074,17.59956405
118,Genetic bank,10,F24-3533,ABC-32246-1,,,Chamaecrista nictitans,Fabaceae,Fabales,Herbaceous,91.535,8.03,26.83,26.6427393,79.3952483,13.47777778,19.08888889,33.18775335,55.68167507,121.6017455,42.35789231,3.555026029,13.47777778,15.69613572,19.15188071,46.26638279,94.81086947,10.62962514,25.67864291
119,Genetic bank,10,F24-3534,ABC-32365-1,,,Desmanthus virgatus,Fabaceae,Fabales,Shrub,90.925,7.505,30.19,28.73342378,75.75668294,12.9,18.0375,25.609883,40.89007778,89.88919203,35.60102007,4.100363254,12.9,14.72902561,13.3504759,37.05770871,120.6633842,7.409745101,20.56766947
120,Genetic bank,10,F24-3535,ABC-32373-1,,,Desmanthus pubescens,Fabaceae,Fabales,Shrub,92.335,8.66,28.4,19.99378193,77.88576233,12.34444444,17.57777778,28.32021619,43.43908161,94.0515509,42.5614198,4.621521092,12.34444444,14.13193635,13.34728562,31.70284475,69.84880883,7.407974441,17.59562733
121,LMF,10,F25 0017,Hohenheimer Heustandard,,,Hohenheimer Heustandard,Forage,Forage,Forage,91.33303174,#DIV/0!,#DIV/0!,0,#DIV/0!,14.9875,18.3375,23.56330488,39.83913225,174.3286975,53.85792048,3.216152999,14.9875,16.25269357,28.47728405,53.41063482,#DIV/0!,15.80538533,29.64382638
122,LMF,10,F25 0018,Homenheim Concentrate,,,Homenheim Concentrate,Concentrate,Concentrate,Concentrate,89.69309597,#DIV/0!,#DIV/0!,0,#DIV/0!,15.8375,19.3125,30.23773083,47.59216019,212.0593929,60.26740311,2.935452422,15.8375,16.97169576,36.18411439,60.24826794,#DIV/0!,20.08280951,33.43883107
123,LMF,10,F25 0019,Sample 8,,,Cynodon nlemfuensis ,Poaceae,Poales,Grasses,93.73093584,11.41385651,#DIV/0!,0,0,15.18888889,17.12222222,21.87933369,49.92913116,106.4934344,35.92743141,3.430799529,15.18888889,16.29797504,17.35708181,52.19214458,#DIV/0!,9.633480701,28.96754322
124,LMF,11,F25-0769,AMC-ICARDA-156302,,,Trifolium repens,Fabaceae,Fabales,Legume,90.82,11.41385651,#DIV/0!,0,0,15.96666667,16.36666667,37.76028826,86.98878907,191.3960348,71.99603028,3.752331359,15.96666667,16.19285083,30.98992743,43.66705834,#DIV/0!,17.19994588,24.23597287
125,LMF,11,F25-0848,ILRI-2273-27,,,Trifolium burchellianum,Fabaceae,Fabales,Legume,91.285,#DIV/0!,#DIV/0!,0,0,10.1,14.1,27.58271056,39.93592987,87.46799118,41.60196847,4.768712437,10.1,11.33711825,9.917161338,23.96574521,#DIV/0!,5.50419612,13.30140322
126,LMF,11,F25-0845,ILRI-21682-24,,,Leucaena pallida,Fabaceae,Fabales,Tree,90.915,#DIV/0!,#DIV/0!,0,0,10.6,13.9,24.33768579,45.54097266,100.1293859,22.23888601,2.219338327,10.6,12.14124501,12.15324699,55.47122058,#DIV/0!,6.745262345,30.78748713
127,LMF,11,F25-0907,ABC-17488-1,,,Leucaena leucocephala,Fabaceae,Fabales,Tree,90.82,#DIV/0!,#DIV/0!,0,0,11.2,14.86666667,34.51526349,65.74862692,144.71108,42.03347529,2.903248473,11.2,12.94174134,18.72773852,46.39717584,#DIV/0!,10.39421889,25.75123531
128,LMF,11,F25-0863,ILRI-10299-42,,,Erythrina abyssinica,0,0,0,90.82,#DIV/0!,#DIV/0!,0,0,14.16666667,16.23333333,22.71517341,47.90099067,105.443378,23.93852119,2.324727475,14.16666667,15.23638213,16.08142743,69.00196446,#DIV/0!,8.925470451,38.29728408
129,LMF,11,F25-0897,ABC-21694-1,,,Erythrina velutina,0,0,0,90.82,#DIV/0!,#DIV/0!,0,0,14.23333333,18.2,39.38280065,73.86118885,162.590374,53.9692089,3.326550335,14.23333333,16.08436964,26.14942304,48.88044665,#DIV/0!,14.5133822,27.12949357
130,LMF,11,F25-0878,ILRI-7153-57,,,Panicum coloratum,0,0,0,90.82,#DIV/0!,#DIV/0!,0,0,13.63333333,12.1,29.94272858,64.71611904,142.4199878,35.57914154,2.499733538,13.63333333,12.77186327,18.18079081,51.49049907,#DIV/0!,10.09065345,28.57811782
131,LMF,11,F25-0850,ILRI-13946-29,,,Stylosanthes fructicosa,Fabaceae,Fabales,Herbaceous,90.82,#DIV/0!,#DIV/0!,0,0,13.6,18.35,41.0790636,83.22751035,183.1702352,49.34772235,2.693782581,13.6,16.00649562,29.3158808,59.42457035,#DIV/0!,16.27082104,32.98166465
132,LMF,11,F25-0773,AMC-ICARDA-168125,,,Lathyrus sylvestris,0,0,0,90.82,#DIV/0!,#DIV/0!,0,0,15.53333333,17.76666667,30.23773083,61.76609652,135.946611,42.32443126,3.118309215,15.53333333,16.67302034,22.66487339,55.09594539,#DIV/0!,12.57939686,30.57920291
133,LMF,11,F25-0798,ICARDA-IFLA-ENT27,,,Lathyrus sativus,0,0,0,90.82,#DIV/0!,#DIV/0!,0,0,15.3,20.46666667,52.65790199,93.18383636,205.0412706,54.67039357,2.665596927,15.3,17.54687579,35.97866785,66.25564595,#DIV/0!,19.96878313,36.7730298
134,LMF,11,F25-0814,ICARDA-T-216004,,,Vicia narbonensis L.,0,0,0,90.82,#DIV/0!,#DIV/0!,0,0,13.93333333,17.63333333,48.23286821,84.03876655,184.9057391,52.36595108,2.833418084,13.93333333,15.50953738,28.67678474,55.07251859,#DIV/0!,15.91611167,30.56620063
135,LMF,11,F25-0770,AMC-ICARDA-165072,,,Vicia tenuifolia,0,0,0,90.82,#DIV/0!,#DIV/0!,0,0,14.36666667,18.76666667,43.0703288,86.98878907,191.4608578,56.77872338,2.965574129,14.36666667,16.58815437,31.75911806,56.12382414,#DIV/0!,17.62685999,31.1496934
136,LMF,11,F25-0891,ABC-23890-1,,,Desmodium heterocarpon,Fabaceae,Fabales,0,90.82,#DIV/0!,#DIV/0!,0,0,12.7,13.93333333,17.99513737,36.6909051,80.76686766,21.80328192,2.702680832,12.7,13.32625034,10.76171837,49.86604815,#DIV/0!,5.972939885,27.67651946
137,LMF,11,F25-0893,ABC-43253-1,,,Desmodium scorpiurus,Fabaceae,Fabales,0,90.82,#DIV/0!,#DIV/0!,0,0,15.46666667,17.1,32.15524547,76.51620912,168.3777525,49.54188782,2.941313242,15.46666667,16.41353813,27.6369784,55.83990348,#DIV/0!,15.33900116,30.99211252
138,LMF,11,F25-0873,ILRI-7384-52,,,Chloris gayana,0,0,0,90.915,#DIV/0!,#DIV/0!,0,0,12.86666667,19.03333333,24.04268354,69.14115282,152.0000094,47.47316168,3.119181247,12.86666667,16.89189243,25.68011678,54.67277138,#DIV/0!,14.25290911,30.34433401
139,LMF,11,F25-0924,ABC-16666-1,,,Chloris gayana,0,0,0,89.74,#DIV/0!,#DIV/0!,0,0,13.26666667,17.13333333,29.5002252,72.68117984,161.9593901,43.51854979,2.688365521,13.26666667,15.56472592,25.21113102,58.31080512,#DIV/0!,13.9926139,32.36350568
140,LMF,11,F25-0923,ABC-36099-1,,,Cenchrus ciliaris,0,0,0,90.82,#DIV/0!,#DIV/0!,0,0,14,18.2,22.86267453,65.30612354,143.7092841,50.72241314,3.533042471,14,16.71341229,24.0170501,47.56082598,#DIV/0!,13.32987832,26.39708127
141,LMF,11,F25-0874,ILRI-16791-53,,,Cenchrus Purpureues,0,0,0,90.82,#DIV/0!,#DIV/0!,0,0,15.2,17.1,28.61521845,62.50360215,137.5419734,30.44134709,2.21340428,15.2,16.23090981,22.32458396,77.9961203,#DIV/0!,12.39053033,43.28919618
142,LMF,11,F25-0867,ILRI-20145-46,,,Flemingia macrophylla,0,0,0,90.82,#DIV/0!,#DIV/0!,0,0,13.5,16.83333333,22.42017115,36.10090059,79.47341771,12.97739184,1.635756291,13.5,14.76322003,11.73290634,93.52715349,#DIV/0!,6.51196601,51.9091883
143,LMF,11,F25-0899,ABC-32055-1,,,Flemingia macrophylla,0,0,0,90.82,#DIV/0!,#DIV/0!,0,0,13.06666667,15.16666667,20.94515989,35.21589384,77.51970712,15.45565448,1.988866447,13.06666667,13.91765902,10.78538379,71.27789486,#DIV/0!,5.986074604,39.56046483
144,LMF,11,F25-0883,ABC-20893-1,,,Cajanus cajan,Fabaceae,Fabales,Browse,90.82,#DIV/0!,#DIV/0!,0,0,12.5,16.5,17.84763625,32.41337244,71.3225785,22.13666515,3.096767171,12.5,14.28984247,10.19177811,48.34923257,#DIV/0!,5.656613179,26.83466057
145,LMF,11,F25-0869,ILRI-16555-48,,,Cajanus cajan,Fabaceae,Fabales,Browse,90.82,#DIV/0!,#DIV/0!,0,0,13.5,17.83333333,22.86267453,47.31098617,104.144682,21.62757237,2.074216231,13.5,15.73230908,16.38346273,90.64268182,#DIV/0!,9.093105266,50.30825662
146,LMF,11,F25-0818,ICARDA-T-216008,,,Hedysarum coronarium L.,0,0,0,90.82,#DIV/0!,#DIV/0!,0,0,13.63333333,16.73333333,43.36533105,81.82624966,180.0743831,62.41187987,3.46571057,13.63333333,15.08861659,27.16866013,43.5794225,#DIV/0!,15.07907642,24.18733346
147,LMF,11,F25-0819,ICARDA-T-216009,,,Hedysarum carnosum Desf.,0,0,0,90.82,#DIV/0!,#DIV/0!,0,0,12.03333333,14.93333333,37.61278713,69.43615507,152.8791453,54.60126514,3.568673253,12.03333333,13.36198592,20.4318856,37.56523051,#DIV/0!,11.34005,20.84935285
148,LMF,11,F25-0001,Sample 1,,,Cynodon nlemfuensis ,Poaceae,Poales,Grass,90.82,#DIV/0!,#DIV/0!,0,0,14.3,16.13333333,26.69770381,69.43615507,152.8381599,26.1649904,1.713106414,14.3,15.42514947,23.58042204,108.2871565,#DIV/0!,13.0875422,60.10124534
149,LMF,11,F25-0002,Sample 2,,,Cynodon nlemfuensis ,Poaceae,Poales,Grass,90.82,#DIV/0!,#DIV/0!,0,0,14.36666667,16.2,25.66519593,66.33863143,146.0686594,47.69799325,3.277199948,14.36666667,15.4891877,22.62471762,50.92992651,#DIV/0!,12.55710971,28.26699035
150,LMF,11,F25-0003,Sample 3,,,Cynodon nlemfuensis ,Poaceae,Poales,Grass,90.82,#DIV/0!,#DIV/0!,0,0,14.3,16.1,26.25520043,68.69864944,151.2050176,33.66306706,2.225508134,14.3,15.41025719,23.29981085,69.4896667,#DIV/0!,12.93179813,38.56796726
151,LMF,11,F25-0004,Sample 4,,,Cynodon nlemfuensis ,Poaceae,Poales,Grass,90.82,#DIV/0!,#DIV/0!,0,0,14.63333333,15.93333333,26.40270156,69.43615507,152.8180951,41.11329252,2.688901004,14.63333333,15.43864166,23.59448306,57.55640396,#DIV/0!,13.09534631,31.94479999
152,LMF,11,F25-0005,Sample 5,,,Cynodon nlemfuensis ,Poaceae,Poales,Grass,90.82,#DIV/0!,#DIV/0!,0,0,14.43333333,16.13333333,25.37019367,63.83111228,140.481557,33.18185139,2.364822366,14.43333333,15.45634158,21.7127342,69.12092,#DIV/0!,12.05094314,38.36330646
153,LMF,11,F25-0006,Sample 6,,,Cynodon nlemfuensis ,Poaceae,Poales,Grass,90.82,#DIV/0!,#DIV/0!,0,0,14.4,16.36666667,24.9276903,64.71611904,142.3917153,31.70675317,2.225783017,14.4,15.60742674,22.22339498,74.37254134,#DIV/0!,12.3343687,41.27804716
154,LMF,11,F25-0007,Sample 7,,,Cynodon nlemfuensis ,Poaceae,Poales,Grass,90.82,#DIV/0!,#DIV/0!,0,0,14.1,15.6,25.66519593,63.97861341,140.7593315,28.74424975,2.037652314,14.1,14.99831368,21.11339576,78.40277795,#DIV/0!,11.71829993,43.51489821
155,LMF,11,F25 0017,Hohenheimer Heustandard,,,Hohenheimer Heustandard,Forage,Forage,Forage,91.33303174,#DIV/0!,#DIV/0!,0,0,14.93333333,17.2,22.71517341,47.01598392,205.8285637,42.65030567,2.065668929,14.93333333,16.10343305,33.14262229,81.46091667,#DIV/0!,18.39472877,45.21221811
156,LMF,11,F25 0018,Homenheim Concentrate,,,Homenheim Concentrate,Concentrate,Concentrate,Concentrate,89.69309597,#DIV/0!,#DIV/0!,0,0,15.2,18.1,30.09022971,57.48856386,256.0352443,61.35717856,2.396897197,15.2,16.58811245,42.47457048,69.22611739,#DIV/0!,23.57412147,38.42169283
