42_no,42_requisitioer,42_set_ciat,42_ciat_lab_id,42_gene_bank_breeding_program_id,42_genus,42_species,42_tax_name,42_family,42_order,42_functional_group,42_net_gas_8_24h_ml,42_net_gas_24h_ml,42_gas_ml_g_dm_incubated_24h,42_percentage_dmd_truly_digestibility,42_part_fact,42_ch4_percentage_in_gas_8h,42_ch4_percentage_in_gas_24h,42_ch4_ml_g_dm_incubated_24h,42_ch4_ml_g_dmd_24h,42_ch4_ml_g_ndf_digested_in_24h,42_ch4_g_g_dm_incubated_24h,42_ch4_g_g_dmd_24h
No,Requisitioner,Set CIAT,CIAT Lab-ID,Gene bank /Breeding program ID,Genus,Species,Tax Name,Family,Order,Functional Group7,"Net gas 8-24h, ml","Net gas 24h, ml","Gas ml/g DM Incubated, 24h","% DMD, Truly digestibility",Part Fact,"CH4 % in gas, h8","CH4 % in gas, 24h","CH4 ml/gDM incubated, 24h","CH4 ml/g DMD, 24h",CH4 ml/g NDF digested in 24 h,"CH4 g/g DM incubated, 24h","CH4 g/g DMD, 24h"
1,Genetic bank,14,F24-3536,ABC-32379-1,Desmanthus,pubescens,Desmanthus pubescens,Fabaceae,Fabales,Shrub,0.716403779,1.056661417,2.303952384,5.659166113,0.457393902,0.503580927,0.721797771,1.115534857,4.58298077,7.583472178,0.619141145,2.543633617
2,Genetic bank,14,F24-3537,ABC-32380-1,Desmanthus,pubescens,Desmanthus pubescens,Fabaceae,Fabales,Shrub,0.776621404,0.735659556,1.57522061,3.791141789,0.304355431,0.434897462,0.714999889,0.723898196,4.822751134,4.843671635,0.401776023,2.676710318
3,Genetic bank,14,F24-3538,ABC-33249-1,Desmodium,velutinum,Desmodium velutinum,Fabaceae,Fabales,Shrub,0.718411078,0.948777417,2.063107358,2.996510971,0.235290799,0.347832796,0.693719091,1.212773522,5.303821279,3.781563568,0.673110287,2.943712571
4,Genetic bank,14,F24-3612,ABC-398,Desmodium,incanum,Desmodium incanum,Fabaceae,Fabales,Herbaceous,0.77350243,0.826203828,1.804496473,1.845178447,0.186700934,0.490904934,0.875901685,1.0724888,3.579137533,3.637253,0.595249839,1.986483254
5,Genetic bank,14,F24-3613,ABC-438,Centrosema,molle x acutifolium,Centrosema molle x acutifolium,Fabaceae,Fabales,Climber,0.541953743,1.604062972,3.413434856,2.322269502,0.212299516,0.354163943,0.655703926,1.198768385,3.463508228,3.857910959,0.665337194,1.922306989
6,Genetic bank,14,F24-3614,ABC-442,Centrosema,molle x acutifolium,Centrosema molle x acutifolium,Fabaceae,Fabales,Climber,0.813116448,1.677724,3.545957132,4.569233765,0.302778065,0.230940108,0.580128012,1.254346371,6.255923126,8.259641658,0.696183938,3.472145569
7,Genetic bank,14,F24-3615,ABC-466,Vigna,umbellata,Vigna umbellata,Fabaceae,Fabales,Climber,0.77350243,0.819594091,1.79548853,3.131792613,0.156249437,0.308320821,0.598802215,1.18700067,2.229292989,6.944877731,0.658805908,1.237296178
8,Genetic bank,14,F24-3616,ABC-715,Canavalia,ensiformis,Canavalia ensiformis,Fabaceae,Fabales,Climber,1.004621159,1.386628267,3.064007549,4.019173301,0.234302212,0.418993503,0.620292586,1.286623782,2.830020856,9.63137623,0.714098459,1.570710537
9,Genetic bank,14,F24-3617,ABC-887,Calopogonium,mucunoides,Calopogonium mucunoides,Fabaceae,Fabales,Climber,0.655048203,0.738938277,1.634596117,2.795419255,0.187979029,0.330357083,0.571314306,0.96549604,2.047455123,6.335227773,0.535867006,1.136373016
10,Genetic bank,14,F24-3618,ABC-923,Galactia,latisiliqua,Galactia latisiliqua,Fabaceae,Fabales,Climber,1.087803443,2.147015568,4.584584951,2.82918343,0.191013289,0.240883149,0.403237087,1.321932216,3.286340795,6.05756007,0.733695251,1.823975998
11,Genetic bank,14,F24-3619,ABC-3813,Desmodium,sequax,Desmodium sequax,Fabaceae,Fabales,Herbaceous,1.004621159,0.811442411,1.750297597,2.147585272,0.28994654,0.864670065,1.197764011,0.817581205,5.824890809,3.907897866,0.453771714,3.232915176
12,Genetic bank,14,F24-3620,ABC-5512,Centrosema,brasilianum,Centrosema brasilianum,Fabaceae,Fabales,Climber,1.427961915,1.097620489,2.349794946,1.872348133,0.123630876,0.25724082,0.533860281,0.691338927,1.387841188,4.036537961,0.383705065,0.77027587
13,Genetic bank,14,F24-3621,ABC-5568,Centrosema,acutifolium,Centrosema acutifolium,Fabaceae,Fabales,Climber,0.848042399,1.514133365,3.265325598,2.896913101,0.200367258,0.472450925,0.669203186,1.276490272,4.086055689,4.957496536,0.708474186,2.267831601
14,Genetic bank,14,F24-3622,ABC-5657,Centrosema,brasilianum,Centrosema brasilianum,Fabaceae,Fabales,Climber,1.7669379,1.284827098,2.789665991,5.822053191,0.392338163,0.249443826,0.559905082,0.770209715,5.954355311,10.78157998,0.427479717,3.304770214
15,Genetic bank,14,F24-3623,ABC-5744,Centrosema,macrocarpum,Centrosema macrocarpum,Fabaceae,Fabales,Climber,0.842047275,1.099235612,2.380070506,5.160768598,0.412327546,0.564441095,0.80822021,1.243775338,8.201259975,9.068298363,0.690316831,4.551841177
16,Genetic bank,14,F24-3624,ABC-7131,Eriosema,diffusum,Eriosema diffusum,Fabaceae,Fabales,Herbaceous,0.951237538,2.352872516,5.10732367,5.163164194,0.574141831,1.171537451,1.309617541,1.272239036,11.62387687,8.345856613,0.706114676,6.451452771
17,Genetic bank,14,F24-3625,ABC-7318,Canavalia,sp.,Canavalia sp.,Fabaceae,Fabales,Climber,2.764401292,4.58027653,9.897503796,5.765155889,0.451190983,0.351559028,0.445051442,1.791282094,7.97966273,13.97444162,0.994192553,4.428850872
18,Genetic bank,14,F24-3626,ABC-7395,Galactia,striata,Galactia striata,Fabaceae,Fabales,Climber,2.791933106,5.651518489,12.28381481,9.77392034,0.783601167,0.421122013,0.630207972,2.502904542,14.9285649,20.37294495,1.389155323,8.285611797
19,Genetic bank,14,F24-3627,ABC-7648,Canavalia,brasiliensis,Canavalia brasiliensis,Fabaceae,Fabales,Climber,2.078410833,4.195456114,9.061623579,9.218370868,0.655718566,0.427140468,0.669386794,2.255083369,8.894858141,22.54431614,1.251610285,4.936800158
20,Genetic bank,14,F24-3628,ABC-7746,Crotalaria,paulina,Crotalaria paulina,Fabaceae,Fabales,Herbaceous,1.93477152,3.195621342,6.918191514,7.978902534,0.566666156,0.3392075,0.616124752,1.504219865,6.629092162,18.52973185,0.834868049,3.67926084
21,Genetic bank,14,F24-3629,ABC-7813,Indigofera,cryptantha,Indigofera cryptantha,Fabaceae,Fabales,Herbaceous,2.396748571,3.691236391,8.138715568,9.40059051,0.470091294,0.164130361,0.336819694,1.616066966,10.74364011,30.62580391,0.896945126,5.962906138
22,Genetic bank,14,F24-3630,ABC-7831,Tephrosia,rhodesica,Tephrosia rhodesica,Fabaceae,Fabales,Shrub,1.845238497,5.516549782,11.81016436,6.070761382,0.500970328,0.237788162,0.56310248,2.475514704,9.521447381,11.68240428,1.37395349,5.284568027
23,Genetic bank,14,F24-3631,ABC-7894,Canavalia,brasiliensis,Canavalia brasiliensis,Fabaceae,Fabales,Climber,1.668351805,3.815564401,8.162363241,7.70439149,0.590120052,0.45,0.445412262,1.654512315,9.329030018,18.82793619,0.918282959,5.177773062
24,Genetic bank,14,F24-3632,ABC-7991,Indigofera,suffruticosa,Indigofera suffruticosa,Fabaceae,Fabales,Herbaceous,1.613922664,2.824164052,6.062012462,8.812982947,0.731848475,1.983823469,1.999899661,3.547873749,23.53338052,22.5338352,1.969131313,13.06143334
25,Genetic bank,14,F24-3633,ABC-8202,Chamaecrista,rotundifolia,Chamaecrista rotundifolia,Fabaceae,Fabales,Herbaceous,2.042356551,2.755054919,5.947419136,6.450423284,0.42733819,0.268512133,0.50084269,1.257299017,7.561551879,14.03181049,0.697822707,4.196792116
26,Genetic bank,14,F24-3634,ABC-9189,Indigofera,suffruticosa,Indigofera suffruticosa,Fabaceae,Fabales,Herbaceous,1.481880571,2.085038561,4.479313018,7.562803387,0.588832362,0.643719659,0.70672695,1.198353137,7.232267062,19.19249686,0.665106724,4.014033345
27,Genetic bank,14,F24-3635,ABC-9434,Clitoria,ternatea,Clitoria ternatea,Fabaceae,Fabales,Climber,1.216325445,4.279598443,9.418385728,7.90989673,0.574128396,0.121335165,0.41176002,2.160047102,13.07370493,16.59128837,1.198863513,7.256132423
28,Genetic bank,14,F24-3636,ABC-11162,Stylosanthes,scabra,Stylosanthes scabra,Fabaceae,Fabales,Herbaceous,2.163400045,3.047946547,6.610325897,8.951414743,0.557782572,0.19324531,0.412031187,1.408267402,10.88036721,17.41689803,0.781612773,6.038792045
29,Genetic bank,14,F24-3637,ABC-13301,Desmodium,sequax,Desmodium sequax,Fabaceae,Fabales,Herbaceous,1.540398404,2.490719864,5.381297517,4.924484056,0.851952175,0.513160144,0.542343182,0.879657318,10.4122186,8.387811371,0.488225031,5.778961468
30,Genetic bank,14,F24-3638,ABC-15401,Centrosema,brasilianum,Centrosema brasilianum,Fabaceae,Fabales,Climber,3.862830993,4.516096849,9.698914269,1.555023974,0.229378342,0.176126114,0.333453697,1.617923318,3.315554215,3.132602688,0.897975433,1.840189952
31,LMF,14,F25-0017,Hohenheimer Heustandard,Hohenheimer, Heustandard,Hohenheimer Heustandard,Forage,Forage,Forage,0.873407215,2.647904559,11.49428135,6.563317103,0.426282794,0.439696865,0.61641939,2.547902677,13.21853804,#DIV/0!,1.414130067,7.336517304
32,LMF,14,F25-0018,Homenheim Concentrate,Homenheim, Concentrate,Homenheim Concentrate,Concentrate,Concentrate,Concentrate,1.499936066,1.464551261,6.408127502,14.28652169,0.627550227,0.279941685,0.390080732,1.145886026,66.53724779,#DIV/0!,0.63598657,36.92932368
33,LMF,14,F25-0008,Sample 8,Cynodon, nlemfuensis ,Cynodon nlemfuensis ,Poaceae,Poales,Grasses,1.343261534,3.365152683,7.196889524,9.982164051,0.893990338,0.427017271,0.705880429,1.581287657,43.49330849,#DIV/0!,0.877642008,24.13953869
34,Genetic bank,15,F24-3639,ABC-17360,Alysicarpus,vaginalis,Alysicarpus vaginalis,Fabaceae,Fabales,Herbaceous,1.555187037,1.012262113,2.194613556,3.30779804,0.201186825,0.549298093,0.351142442,0.635103004,2.239970299,8.924316849,0.352493155,1.24322227
35,Genetic bank,15,F24-3640,ABC-17768,Clitoria,ternatea,Clitoria ternatea,Fabaceae,Fabales,Climber,1.868024101,4.36255343,9.305701577,6.935158912,0.383864368,0.571547607,0.387729589,1.863090622,6.58315033,14.42570756,1.034047528,3.653762328
36,Genetic bank,15,F24-3641,ABC-18004,Chamaecrista,rotundifolia,Chamaecrista rotundifolia,Fabaceae,Fabales,Herbaceous,1.705678316,2.716840569,5.820313436,3.292394345,0.200925382,0.44583117,0.242300856,1.149597532,4.078370669,7.243195126,0.638046519,2.263566281
37,Genetic bank,15,F24-3642,ABC-18430,Alysicarpus,vaginalis,Alysicarpus vaginalis,Fabaceae,Fabales,Herbaceous,1.840647529,1.149788912,2.487715415,4.687054426,0.289257133,0.451608921,0.382361371,0.86956031,4.64823004,11.6986258,0.482621017,2.579848091
38,Genetic bank,15,F24-3644,ABC-18708,Crotalaria,pallida,Crotalaria pallida,Fabaceae,Fabales,Herbaceous,2.39686178,2.413633579,5.177221778,4.385738307,0.339683959,0.389047587,0.780955286,1.691792887,4.844646664,10.2327072,0.938974322,2.688862716
39,Genetic bank,15,F24-3645,ABC-18850,Alysicarpus,rugosus,Alysicarpus rugosus,Fabaceae,Fabales,Herbaceous,0.909922426,1.37393074,2.921759269,4.579048153,0.324656189,0.476095229,0.476779945,0.587153237,3.901902772,11.29095834,0.325880205,2.165623546
40,Genetic bank,15,F24-3646,ABC-18865,Alysicarpus,rugosus,Alysicarpus rugosus,Fabaceae,Fabales,Herbaceous,1.611674338,0.978874936,2.087224047,3.58453129,0.233325159,0.389047587,0.38685066,0.758969851,3.615419508,8.685561642,0.421241399,2.006620377
41,Genetic bank,15,F24-3647,ABC-19032,Canavalia,sp.,Canavalia sp.,Fabaceae,Fabales,Climber,2.164746189,3.703840113,8.031661954,5.285116423,0.323251353,0.359010987,0.372536358,1.477879412,4.926507187,13.26252553,0.820248642,2.734296722
42,Genetic bank,15,F24-3648,ABC-19119,Alysicarpus,rugosus,Alysicarpus rugosus,Fabaceae,Fabales,Herbaceous,2.103579586,1.462151283,3.180426501,8.941614575,0.610714093,0.307117221,0.339891328,0.500166438,6.948601653,21.61637755,0.277601027,3.856594136
43,Genetic bank,15,F24-3650,ABC-20303,Canavalia,brasiliensis,Canavalia brasiliensis,Fabaceae,Fabales,Climber,1.666973012,3.279620453,7.386148859,9.181220393,0.537467652,0.453246179,0.443795242,1.145311506,10.1253704,27.77138655,0.635667701,5.619755752
44,Genetic bank,15,F24-3651,ABC-20589,Uraria,lagopodioides,Uraria lagopodioides,Fabaceae,Fabales,Herbaceous,1.979240635,3.918084219,8.516374318,5.240121258,0.350907043,0.462948148,0.512829546,1.873694727,4.831011051,13.59305125,1.03993299,2.681294715
45,Genetic bank,15,F24-3652,ABC-21687,Desmanthus,virgatus,Desmanthus virgatus,Fabaceae,Fabales,Shrub,1.585208264,2.91481989,6.324867663,8.111847578,0.577731134,0.711805217,0.862023929,2.005088371,9.47484383,16.91730465,1.112858736,5.25870225
46,Genetic bank,15,F24-3653,ABC-22048,Aeschynomene,americana,Aeschynomene americana,Fabaceae,Fabales,Herbaceous,0.824556361,2.840174781,6.36385002,2.1570612,0.144131241,0.36968455,0.167503345,1.192917083,1.960942018,5.214701318,0.66208962,1.088356746
47,Genetic bank,15,F24-3654,ABC-22156,Arachis,pintoi,Arachis pintoi,Fabaceae,Fabales,Herbaceous,1.880586333,2.162095166,4.853811431,8.679385494,0.39615131,0.64310205,0.525898885,0.867274825,11.08653045,20.7690488,0.481352532,6.153216209
48,Genetic bank,15,F24-3655,ABC-22507,Desmanthus,subulatus,Desmanthus subulatus,Fabaceae,Fabales,Shrub,3.210907853,2.943523808,6.551012833,6.018547908,0.494102756,0.37579847,0.39901427,0.825858365,7.966763221,13.76926998,0.458365681,4.421691421
49,Genetic bank,15,F24-3656,ABC-22510,Desmanthus,bicornutus,Desmanthus bicornutus,Fabaceae,Fabales,Shrub,1.937268806,4.121933972,9.340449057,7.039446245,0.769044407,0.471533403,0.369344957,1.369974405,16.0208437,16.42044844,0.760359497,8.89184543
50,Genetic bank,15,F24-3657,ABC-22598,Lablab,purpureus,Lablab purpureus,Fabaceae,Fabales,Climber,4.312037052,6.013350406,13.51856371,9.258836488,0.662038092,0.49280538,0.408116179,2.168434683,9.166271748,20.38717712,1.203518765,5.087439406
51,Genetic bank,15,F24-3658,ABC-22784,Desmanthus,bicornutus,Desmanthus bicornutus,Fabaceae,Fabales,Shrub,1.106834471,3.461516674,7.460741981,7.325255153,0.510284617,0.766077672,0.935244875,1.617041387,9.082717716,17.58342572,0.897485946,5.041065473
52,Genetic bank,15,F24-3659,ABC-25113,Centrosema,brasilianum,Centrosema brasilianum,Fabaceae,Fabales,Climber,1.459255112,3.120291533,6.830599,8.907628676,0.611996933,0.406009544,0.325279206,0.832878646,10.86717883,16.58621856,0.462262058,6.031472264
53,Genetic bank,15,F24-3660,ABC-33114,Dendrolobium,sp.,Dendrolobium sp.,Fabaceae,Fabales,Shrub,3.279361307,4.731956382,10.31675992,5.036731196,0.440466184,0.645053292,0.495129645,1.343903942,11.30936184,9.156860643,0.745889939,6.276891484
54,Genetic bank,15,F24-3662,ABC-43477,Desmodium,cinereum,Desmodium cinereum,Fabaceae,Fabales,Shrub,0.638959251,1.496379603,3.272178693,8.20870511,0.607271297,0.527605295,0.337763238,0.558965018,14.67294769,21.40470694,0.310235256,8.143739826
55,Genetic bank,15,F24-3539,ABC-172-1,Stylosanthes,hamata,Stylosanthes hamata,Fabaceae,Fabales,Herbaceous,3.328594219,2.387585491,5.232596778,8.878639553,0.516761251,0.389087251,0.177593937,0.806915705,20.75777363,10.29885112,0.447852177,11.5209235
56,Genetic bank,15,F24-3540,ABC-1467-1,Stylosanthes,hamata,Stylosanthes hamata,Fabaceae,Fabales,Herbaceous,,,,,,,,,,,,
57,Genetic bank,15,F24-3541,ABC-1475-1,Stylosanthes,hamata,Stylosanthes hamata,Fabaceae,Fabales,Herbaceous,,,,,,,,,,,,
58,Genetic bank,15,F24-3542,ABC-1650-1,Stylosanthes,guianensis,Stylosanthes guianensis,Fabaceae,Fabales,Herbaceous,2.653974845,4.027630516,8.748189224,4.568976237,0.180107103,0.446757022,0.414238133,0.705413055,4.772685096,4.415109665,0.39151645,2.648922801
59,Genetic bank,15,F24-3543,ABC-1706-1,Stylosanthes,humilis,Stylosanthes humilis,Fabaceae,Fabales,Herbaceous,1.918614214,2.86856239,6.184991995,6.926140679,0.42017115,0.489064079,0.378560982,0.663779992,11.03557247,6.954654763,0.36840938,6.124933645
60,Genetic bank,15,F24-3544,ABC-1727-1,Stylosanthes,humilis,Stylosanthes humilis,Fabaceae,Fabales,Herbaceous,1.664796333,3.628839145,7.861847347,7.258291659,0.406063891,4.04641552,2.160550438,3.296524073,11.74099133,7.161963253,1.829627894,6.516453321
61,Genetic bank,15,F24-3545,ABC-1803-1,Stylosanthes,humilis,Stylosanthes humilis,Fabaceae,Fabales,Herbaceous,,,,,,,,,,,,
62,Genetic bank,15,F24-3546,ABC-1964-1,Stylosanthes,guianensis,Stylosanthes guianensis,Fabaceae,Fabales,Herbaceous,1.684823321,4.770489893,10.54041093,5.095123537,0.245601411,0.511262055,0.369111396,1.094930434,5.423499624,6.388869639,0.607705334,3.010136124
63,Genetic bank,15,F24-3547,ABC-2613-1,Stylosanthes,guianensis,Stylosanthes guianensis,Fabaceae,Fabales,Herbaceous,0.757415848,4.7110808,10.22257241,6.857526111,0.376521578,0.547722558,0.484000172,1.11013481,4.687278863,8.911664861,0.616144026,2.601520864
64,LMF,15,F25-0017,Hohenheimer Heustandard,Hohenheimer, Heustandard,Hohenheimer Heustandard,Forage,Forage,Forage,2.505590281,3.278681671,14.27872335,9.255990972,0.429975028,0.484481395,0.505098023,1.44836953,35.55485167,#DIV/0!,0.803870148,19.73355781
65,LMF,15,F25-0018,Homenheim Concentrate,Homenheim, Concentrate,Homenheim Concentrate,Concentrate,Concentrate,Concentrate,1.795882998,2.093580914,9.413892743,6.21217802,0.237408878,0.231516738,0.369695957,1.115442742,12.43665893,#DIV/0!,0.61909002,6.902560874
66,LMF,15,F25-0008,Sample 8,Cynodon, nlemfuensis ,Cynodon nlemfuensis ,Poaceae,Poales,Grasses,1.39156627,4.269366557,9.089360802,6.709872024,0.460487181,0.368178701,0.365746634,1.163096866,15.50225658,#DIV/0!,0.645538884,8.604020605
67,Breding ,16,F25-1701,CIAT-BR12_1362,Brachiaria,interespecifico,Brachiaria interespecifico,Poaceae,Poales,Grasses,4.72668938,2.3863091,5.172742607,8.805008154,0.622640941,1.103641559,0.857570634,1.766006986,5.281594589,15.27984061,0.980164431,2.931376374
68,Breding ,16,F25-1702,CIAT-BR12_2462,Brachiaria,interespecifico,Brachiaria interespecifico,Poaceae,Poales,Grasses,3.426205596,5.977082619,12.48261548,4.25899689,0.346714318,1.092510983,0.962192875,2.620408906,3.382856676,7.253677748,1.454372279,1.877543982
69,Breding ,16,F25-1703,CIAT-BR12_3868,Brachiaria,interespecifico,Brachiaria interespecifico,Poaceae,Poales,Grasses,4.220354086,3.865361373,8.193066233,4.053289083,0.413601127,1.280432026,0.989161194,2.334611014,4.1443435,7.460498956,1.295749504,2.300182344
70,Breding ,16,F25-1704,CIAT-BR15_2558,Brachiaria,interespecifico,Brachiaria interespecifico,Poaceae,Poales,Grasses,3.495358292,2.942843592,6.302402093,4.399705872,0.366231453,1.477568908,1.059277088,1.40844245,2.360473195,7.657655334,0.781709927,1.310103462
71,Breding ,16,F25-1705,CIAT-BR15_2811,Brachiaria,interespecifico,Brachiaria interespecifico,Poaceae,Poales,Grasses,2.471102466,1.664796333,3.545566362,7.370932181,0.513623609,1.181754293,1.017383674,1.376550687,4.768088422,13.21429219,0.764009447,2.646371567
72,Breding ,16,F25-1706,CIAT-BR15_2891,Brachiaria,interespecifico,Brachiaria interespecifico,Poaceae,Poales,Grasses,3.106485618,2.60283652,5.560417561,5.026779183,0.372669799,1.244345234,1.116092762,1.572355604,3.147288898,8.534429853,0.872684563,1.74679979
73,Breding ,16,F25-1707,CIAT-BR19_1343,Brachiaria,interespecifico,Brachiaria interespecifico,Poaceae,Poales,Grasses,2.205403549,1.946605095,4.152496946,4.903861576,0.406797942,1.297956609,0.958724622,1.284502746,5.541709756,8.323621448,0.712921247,3.075744792
74,Breding ,16,F25-1708,CIAT-CIAT_26110,Brachiaria,interespecifico,Brachiaria interespecifico,Poaceae,Poales,Grasses,3.729572121,3.829509771,8.139266394,5.020682595,0.414542918,1.022825909,0.82376717,1.995898531,7.181350732,7.645321449,1.107758216,3.985773901
75,Breding ,16,F25-1709,CIAT-CIAT_26646,Brachiaria,interespecifico,Brachiaria interespecifico,Poaceae,Poales,Grasses,4.853362371,3.984502666,8.558966944,5.028720774,0.430039091,1.311581836,0.866414172,2.049813197,9.104700706,8.292061627,1.137681788,5.053266413
76,Breding ,16,F25-1710,CIAT-CIAT_6297,Brachiaria,interespecifico,Brachiaria interespecifico,Poaceae,Poales,Grasses,3.557057946,3.365878165,7.09861068,9.193864666,0.625249915,1.004926138,0.760399351,1.60982623,16.50545541,14.85037097,0.893481409,9.160813312
77,Breding ,16,F25-1711,CIAT-BR12_4400,Brachiaria,interespecifico,Brachiaria interespecifico,Poaceae,Poales,Grasses,4.103607511,2.318422847,4.930346694,9.197461208,0.537176748,1.035422023,0.704133758,1.341797999,12.39205621,15.99975856,0.744721104,6.877805593
78,Breding ,16,F25-1712,CIAT-BR15_3434,Brachiaria,interespecifico,Brachiaria interespecifico,Poaceae,Poales,Grasses,5.310495767,2.332974848,4.915251606,9.003349259,0.561187659,0.880796497,0.782402581,1.774236795,13.4631662,16.04446094,0.984732117,7.472290167
79,Breding ,16,F25-1713,CIAT-BR15_3811,Brachiaria,interespecifico,Brachiaria interespecifico,Poaceae,Poales,Grasses,5.544333433,2.255529679,4.689033404,9.694844276,0.635531682,0.725377722,0.564089815,1.113798171,13.03594518,16.62353271,0.618177255,7.235175113
80,Breding ,16,F25-1714,CIAT-BR15_6547,Brachiaria,interespecifico,Brachiaria interespecifico,Poaceae,Poales,Grasses,1.885092859,9.335849018,19.70377968,9.346913291,0.925099394,1.409491634,0.906171795,1.757031788,10.54460115,16.04758055,0.975183041,5.852436071
81,Breding ,16,F25-1715,CIAT-BR15_7121,Brachiaria,interespecifico,Brachiaria interespecifico,Poaceae,Poales,Grasses,3.710727573,2.598653761,5.462345762,7.464394075,0.484621118,0.941367537,0.836775782,1.336072926,7.120635397,13.21599518,0.741543589,3.95207584
82,Breding ,16,F25-1716,CIAT-BR15_8887,Brachiaria,interespecifico,Brachiaria interespecifico,Poaceae,Poales,Grasses,3.485803944,2.156108623,4.557916526,4.778126059,0.266646988,1.002038738,0.732818794,0.726533097,4.326203396,8.037893951,0.403238439,2.401117733
83,Breding ,16,F25-1717,CIAT-BR19_4678,Brachiaria,interespecifico,Brachiaria interespecifico,Poaceae,Poales,Grasses,5.061728468,3.569481536,7.658946882,6.516261113,0.36374514,0.780945928,0.67842852,1.335140226,6.435086577,12.09290362,0.741025925,3.571584384
84,Breding ,16,F25-1718,CIAT-BR19_5029,Brachiaria,interespecifico,Brachiaria interespecifico,Poaceae,Poales,Grasses,3.229950979,3.213315406,6.733144087,7.637506896,0.540665313,1.010439337,0.688783654,0.925425832,7.164682574,12.92849242,0.513627347,3.976522785
85,Breding ,16,F25-1719,CIAT-BR19_5357,Brachiaria,interespecifico,Brachiaria interespecifico,Poaceae,Poales,Grasses,5.646000457,4.049384267,8.550841998,9.496545934,0.519666137,0.744527359,0.65622215,1.517933695,9.972189395,16.25981668,0.842479463,5.534737643
86,Breding ,16,F25-1720,CIAT-BR19_5381,Brachiaria,interespecifico,Brachiaria interespecifico,Poaceae,Poales,Grasses,3.680186759,2.742412699,5.817534732,9.898560723,0.642277239,0.849981844,0.708738359,0.923480289,11.64368554,16.63021538,0.512547537,6.462446924
87,Breding ,16,F25-1721,CIAT-BR02_0465,Brachiaria,interespecifico,Brachiaria interespecifico,Poaceae,Poales,Grasses,3.734794338,2.319790975,4.799099727,7.545826234,0.458050127,0.998888271,0.8247387,1.291868333,8.149672035,11.50015428,0.717009276,4.523208977
88,Breding ,16,F25-1722,CIAT-BR04_3025,Brachiaria,interespecifico,Brachiaria interespecifico,Poaceae,Poales,Grasses,4.321004024,3.249537925,6.778128767,6.81002502,0.3781161,0.934655149,0.574813477,1.005921987,7.47966111,10.10089739,0.558304106,4.151341322
89,Breding ,16,F25-1723,CIAT-BR05_1435,Brachiaria,interespecifico,Brachiaria interespecifico,Poaceae,Poales,Grasses,3.517462898,3.590919549,7.488171322,6.091622667,0.457973572,1.200102876,0.844617627,1.168429587,6.059616063,9.935274365,0.648498636,3.363191753
90,Breding ,16,F25-1724,CIAT-BR09_3660,Brachiaria,interespecifico,Brachiaria interespecifico,Poaceae,Poales,Grasses,3.468626341,2.635804876,5.463585276,8.450047776,0.586141053,1.347161367,1.017029222,0.949235872,11.01562693,13.79599637,0.526842332,6.113863528
91,Breding ,16,F25-1725,CIAT-BR19_1264,Brachiaria,interespecifico,Brachiaria interespecifico,Poaceae,Poales,Grasses,4.336835293,3.346965074,6.935819308,5.004706386,0.328241408,0.793725393,0.559233347,0.80336378,5.435968342,8.889354149,0.445880797,3.017056478
92,Breding ,16,F25-1726,CIAT-BR19_5217,Brachiaria,interespecifico,Brachiaria interespecifico,Poaceae,Poales,Grasses,2.97047759,4.264420666,8.876096209,6.140388988,0.317677074,1.072856192,0.77355465,0.769795997,7.647508122,10.11512888,0.427250097,4.244499318
93,Breding ,16,F25-1727,CIAT-CIAT_26124,Brachiaria,interespecifico,Brachiaria interespecifico,Poaceae,Poales,Grasses,4.196551769,2.68697997,5.592111083,8.833775438,0.582941435,0.884991456,0.771151021,1.185263186,10.07636301,13.61660954,0.657841575,5.592555802
94,LMF,16,F25-2076,ILRI-15551,Leucaena,diversifolia,Leucaena diversifolia,Fabaceae,"	Fabales",Tree,2.154782528,2.581946918,5.369323451,6.322648181,0.417568554,0.874584449,0.523716183,0.480033662,4.742416708,10.43944222,0.266426987,2.632123322
95,LMF-invivo,16,F25-2122,ILRI-15551,Leucaena,diversifolia,Leucaena diversifolia,Fabaceae,"	Fabales",Tree,3.446649974,4.204896109,9.241309604,8.226328555,0.820172444,0.677868846,0.319978767,0.834351139,6.666345074,15.86256952,0.463079317,3.699936851
96,LMF,16,F25-0017,Hohenheimer Heustandard,Hohenheimer, Heustandard,Hohenheimer Heustandard,Forage,Forage,Forage,2.835248169,3.65878013,16.07226548,17.61703671,1.023609926,1.205650758,0.697849038,1.919606033,53.54518208,#DIV/0!,1.065414559,29.71850244
97,LMF,16,F25-0018,Homenheim Concentrate,Homenheim, Concentrate,Homenheim Concentrate,Concentrate,Concentrate,Concentrate,3.431185004,2.115397341,9.371575535,13.67271982,0.550080577,0.777619031,0.35692839,0.996659017,21.09971686,#DIV/0!,0.553162998,11.7107079
98,LMF,16,F25-0008,Sample 8,Cynodon, nlemfuensis ,Cynodon nlemfuensis ,Poaceae,Poales,Grasses,2.005102262,2.099049801,4.481812003,6.986704531,0.655923803,0.770922167,0.478607664,0.445306931,15.56343525,#DIV/0!,0.247153051,8.637975828
99,Genetic bank,17,F25-0929,ABC-15474,Centrosema,molle,Centrosema molle,Fabaceae,Fabales,Climber,0.784845993,2.438303924,5.299253449,6.248545534,0.63548886,0.585234996,0.421760329,1.128676108,7.700658213,11.15313795,0.626434767,4.273998537
100,Genetic bank,17,F25-0930,ABC-15470,Centrosema,molle,Centrosema molle,Fabaceae,Fabales,Climber,1.022508994,2.443124615,5.193155342,6.239839663,0.581332588,0.831330928,0.67862048,1.313535294,8.437285408,10.68740201,0.729034814,4.682839375
101,Genetic bank,17,F25-0931,ABC-13268,Tadehagi,triquetrum,Tadehagi triquetrum,Fabaceae,Fabales,Herbaceous,0.785904062,2.124804221,4.528809628,6.76791823,0.76484696,0.488636298,0.415316856,0.810159259,5.144383196,13.35685461,0.449652406,2.855221677
102,Genetic bank,17,F25-0932,ABC-22768,Lablab,purpureus,Lablab purpureus,Fabaceae,Fabales,Climber,1.084464908,2.108529614,4.471742824,6.925498719,0.379034351,0.355902608,0.290420536,0.90533412,6.765592722,13.9824323,0.5024761,3.755021012
103,Genetic bank,17,F25-0933,ABC-22770,Lablab,purpureus,Lablab purpureus,Fabaceae,Fabales,Climber,0.956449837,1.624704304,3.465772909,8.77716208,0.442024617,0.476969601,0.380197818,0.901988693,8.154153245,21.75796252,0.50061933,4.525696126
104,Genetic bank,17,F25-0934,ABC-18701,Cajanus,cajan,Cajanus cajan,Fabaceae,Fabales,Shrub,0.873320717,2.913588049,6.150919499,8.683782288,0.983573192,0.880796497,0.509479332,0.970853573,22.38656628,14.44408232,0.53884053,12.42493159
105,Genetic bank,17,F25-0935,ABC-20891,Cajanus,cajan,Cajanus cajan,Fabaceae,Fabales,Shrub,0.929634225,0.996921642,2.076008563,5.402232079,0.583066825,0.820267948,0.514563741,0.655997106,8.708166823,10.03479535,0.364089743,4.833183247
106,Genetic bank,17,F25-0936,ABC-5172,Centrosema,molle,Centrosema molle,Fabaceae,Fabales,Climber,0.490439704,2.386423063,5.110872455,8.968238057,0.781274321,0.670175949,0.484149347,1.10972173,12.10881627,14.49412211,0.61591476,6.720602524
107,Genetic bank,17,F25-0937,ABC-5452,Centrosema,macrocarpum,Centrosema macrocarpum,Fabaceae,Fabales,Climber,1.356951462,1.45151365,3.069675441,2.68415645,0.225210248,0.37579847,0.254392574,0.481385049,4.724695936,5.314108988,0.267177031,2.622287987
108,Genetic bank,17,F25-0938,ABC-5733,Centrosema,macrocarpum,Centrosema macrocarpum,Fabaceae,Fabales,Climber,2.092241067,5.381185065,11.3106717,7.833063047,0.618524388,0.669069743,0.49884644,1.714652194,11.56004439,16.3888755,0.951661633,6.416024637
109,Genetic bank,17,F25-0939,ABC-5735,Centrosema,macrocarpum,Centrosema macrocarpum,Fabaceae,Fabales,Climber,2.22640397,2.238653227,4.761014133,8.480315928,0.53176431,0.346410162,0.346669072,0.719083375,7.502850064,16.7182177,0.399103714,4.164211592
110,Genetic bank,17,F25-0940,ABC-5749,Centrosema,plumieri,Centrosema plumieri,Fabaceae,Fabales,Climber,1.817539104,5.389190307,11.56735557,7.753503587,0.632817053,0.419912527,0.617550517,2.552030809,10.18965031,12.65361662,1.416421252,5.655432214
111,Genetic bank,17,F25-0941,ABC-5911,Centrosema,macrocarpum,Centrosema macrocarpum,Fabaceae,Fabales,Climber,1.04608226,0.923804462,1.915975154,9.420377162,0.609239231,0.272717803,0.281510717,0.534906118,12.83596162,17.75252457,0.29688215,7.124180773
112,Genetic bank,17,F25-0942,ABC-13692,Desmodium,velutinum,Desmodium velutinum,Fabaceae,Fabales,Shrub,2.547925113,4.278698094,9.029661616,9.542672335,1.024615786,0.500616903,0.432069905,1.648447604,15.17726847,17.27962397,0.91491694,8.423646584
113,Genetic bank,17,F25-0943,ABC-15121,Centrosema,macrocarpum,Centrosema macrocarpum,Fabaceae,Fabales,Climber,1.497830581,1.851695687,3.932284768,6.650146048,0.527360776,0.068718427,0.175786837,0.67498374,6.4742306,13.18819246,0.374627654,3.593309994
114,Genetic bank,17,F25-0944,ABC-15150,Centrosema,molle,Centrosema molle,Fabaceae,Fabales,Climber,0.683934585,1.907164779,4.084679948,9.04642712,0.650648013,0.441657931,0.411936527,0.957518239,12.3661344,14.48703198,0.531439189,6.86341854
115,Genetic bank,17,F25-0945,ABC-15154,Centrosema,molle,Centrosema molle,Fabaceae,Fabales,Climber,1.015391676,2.878949684,6.088798274,9.642434867,0.819538661,0.563279638,0.436253086,1.227978678,15.3795715,14.64525344,0.681549412,8.535928265
116,Genetic bank,17,F25-0946,ABC-15561,Centrosema,molle,Centrosema molle,Fabaceae,Fabales,Climber,1.938643487,4.713175725,10.20530138,6.674412804,0.441097044,0.625316247,0.537211074,2.121402606,6.041664916,9.422478724,1.177415149,3.353228556
117,Genetic bank,17,F25-0947,ABC-15799,Centrosema,macrocarpum,Centrosema macrocarpum,Fabaceae,Fabales,Climber,2.161125013,2.272796707,4.88425667,8.387993493,0.651420371,0.362433476,0.256288612,0.864911167,6.566806651,14.08563139,0.480040661,3.644691304
118,Genetic bank,17,F25-0948,ABC-15816,Centrosema,acutifolium,Centrosema acutifolium,Fabaceae,Fabales,Climber,1.128756879,1.64023748,3.438796018,8.46896144,0.566596211,0.591435473,0.398139955,1.044082271,8.509225154,16.47657868,0.579483724,4.722767179
119,Genetic bank,17,F25-0949,ABC-20304,Canavalia,brasiliensis,Canavalia brasiliensis,Fabaceae,Fabales,Climber,1.013902613,2.808061615,5.924641354,8.827885838,0.46100633,0.45757513,0.394285455,1.585336241,6.888335934,18.55377435,0.879889042,3.823145619
120,Genetic bank,17,F25-0950,ABC-21603,Lablab,purpureus,Lablab purpureus,Fabaceae,Fabales,Climber,2.866504698,4.038892934,8.593084943,8.903534403,0.547624971,0.446514277,0.399289795,2.034884819,11.61482268,16.97689847,1.12939628,6.446427537
121,Genetic bank,17,F25-0951,ABC-23248,Desmodium,velutinum,Desmodium velutinum,Fabaceae,Fabales,Shrub,1.700666235,2.265312915,4.77484533,8.806971691,0.521366135,0.552126571,0.418783967,1.164781262,7.670137953,20.94404683,0.646473752,4.257059265
122,Genetic bank,17,F25-0952,ABC-23271,Desmodium,velutinum,Desmodium velutinum,Fabaceae,Fabales,Shrub,1.058519713,1.797541273,3.74447023,8.651885944,0.62692462,0.338113868,0.279289911,0.945455415,7.906330198,18.87203827,0.524744113,4.388150048
123,Genetic bank,17,F25-0953,ABC-23279,Desmodium,velutinum,Desmodium velutinum,Fabaceae,Fabales,Shrub,1.048192444,0.956074592,2.022951552,9.187942566,0.568735578,0.532174667,0.400685291,0.71707259,12.42511802,20.13354348,0.397987693,6.896155469
124,Genetic bank,17,F25-0954,ABC-23326,Desmodium,velutinum,Desmodium velutinum,Fabaceae,Fabales,Shrub,,,,,,,,,,,,
125,Genetic bank,17,F25-0955,ABC-33255,Desmodium,velutinum,Desmodium velutinum,Fabaceae,Fabales,Shrub,0.565212185,1.116039015,2.367800031,9.690369342,0.754036027,0.550993421,0.311257687,0.57110756,11.79719551,21.34442586,0.316974577,6.547647612
126,Genetic bank,17,F25-0956,ABC-33428,Desmodium,velutinum,Desmodium velutinum,Fabaceae,Fabales,Shrub,0.880385279,3.317286546,6.894655065,5.081632323,0.564616491,0.362068709,0.225001301,1.114909449,5.055912294,10.03779224,0.618794034,2.806118795
127,Genetic bank,17,F25-0957,ABC-33451,Desmodium,velutinum,Desmodium velutinum,Fabaceae,Fabales,Shrub,2.941005987,4.421834846,9.225874384,6.105317125,0.334728616,0.633936117,0.42589357,1.557145525,2.216978675,13.29989571,0.864242707,1.230461521
128,Genetic bank,17,F25-0958,ABC-33463,Desmodium,velutinum,Desmodium velutinum,Fabaceae,Fabales,Shrub,2.983353282,2.504449973,5.220241243,1.88187274,0.293486977,0.82604101,0.52741591,1.158573236,2.128430144,4.737846778,0.64302819,1.181315554
129,LMF,17,F25-0017,Hohenheimer Heustandard,Hohenheimer, Heustandard,Hohenheimer Heustandard,Forage,Forage,Forage,0.697652162,0.654666076,2.839882402,5.580333705,0.26410642,0.717526132,0.611880222,1.477779428,7.950904497,#DIV/0!,0.820193149,4.412889555
130,LMF,17,F25-0018,Homenheim Concentrate,Homenheim, Concentrate,Homenheim Concentrate,Concentrate,Concentrate,Concentrate,9.191450554,19.35120431,9.343952999,9.777003912,0.421837467,0.460807715,0.466851667,1.302505139,13.22708112,#DIV/0!,0.722912887,7.341258866
131,LMF,17,F25-0008,Sample 8,Cynodon, nlemfuensis ,Cynodon nlemfuensis ,Poaceae,Poales,Grasses,1.002395707,10.74439574,22.93084783,5.826440355,0.571693395,0.647591692,0.274868713,3.474541877,15.36601921,#DIV/0!,1.928430855,8.52840651
132,Genetic bank,18,F25-0959,ABC-350,Desmodium,heterocarpon,Desmodium heterocarpon,Fabaceae,Fabales,Herbaceous,1.584157553,1.13596194,2.377240184,3.962391416,0.351227107,0.575698334,0.733306998,0.826900087,3.905059666,7.715687695,0.458943855,2.167375676
133,Genetic bank,18,F25-0960,ABC-3187,Desmodium,cajanifolium,Desmodium cajanifolium,Fabaceae,Fabales,Shrub,2.048561193,1.941553511,4.099134668,2.707584222,0.17805042,0.405517502,0.255831556,0.427368036,1.663369331,7.534671551,0.237196654,0.923198756
134,Genetic bank,18,F25-0961,ABC-4028,Galactia,glaucescens,Galactia glaucescens,Fabaceae,Fabales,Herbaceous,0.742406054,3.100205211,6.579054684,7.049327393,0.834437065,0.434897462,0.374918249,1.023793555,11.39171956,10.7754928,0.568223136,6.322601446
135,Genetic bank,18,F25-0962,ABC-5277,Centrosema,acutifolium,Centrosema acutifolium,Fabaceae,Fabales,Climber,1.542309843,1.471627144,3.18093044,7.899982638,0.428336107,0.262466929,0.192035581,0.298833249,7.753249344,12.76661706,0.165857623,4.303187525
136,Genetic bank,18,F25-0963,ABC-7227,Galactia,texana,Galactia texana,Fabaceae,Fabales,Climber,1.390653953,4.507273098,9.706142268,9.827525324,0.557273845,0.38586123,0.37067157,1.06376369,5.718847924,23.52771205,0.590407252,3.17405954
137,Genetic bank,18,F25-0964,ABC-8013,Crotalaria,paulina,Crotalaria paulina,Fabaceae,Fabales,Herbaceous,1.743600417,2.19686153,4.672464561,9.160438217,0.44229396,0.096824584,0.121327441,0.635237959,5.780889561,15.0048128,0.352568057,3.208493722
138,Genetic bank,18,F25-0965,ABC-8156,Chamaecrista,rotundifolia,Chamaecrista rotundifolia,Fabaceae,Fabales,Herbaceous,1.288921649,1.706297565,3.632766574,9.149044897,0.669082256,0.334477204,0.314703196,0.785041757,7.378961117,15.57681944,0.435711757,4.095451084
139,Genetic bank,18,F25-0966,ABC-9323,Crotalaria,vitellina,Crotalaria vitellina,Fabaceae,Fabales,Herbaceous,1.024280597,1.564002756,3.390942845,7.384723873,0.376322161,0.32356044,0.266635091,0.561852927,7.00761346,16.24980498,0.311838095,3.889346709
140,Genetic bank,18,F25-0967,ABC-9537,Crotalaria,sagittalis,Crotalaria sagittalis,Fabaceae,Fabales,Herbaceous,1.18205586,2.392508377,5.217341263,6.3499469,0.375440292,0.361410133,0.241167365,0.432749134,5.011866007,12.57913411,0.240183256,2.781672344
141,Genetic bank,18,F25-0968,ABC-9690,Aeschynomene,histrix,Aeschynomene histrix,Fabaceae,Fabales,Herbaceous,1.412376235,1.837802536,3.899153009,9.048667997,0.540685253,0.344374433,0.221192766,0.806140788,7.814994026,18.10095619,0.447422084,4.337456892
142,Genetic bank,18,F25-0969,ABC-9900,Pueraria,phaseoloides,Pueraria phaseoloides,Fabaceae,Fabales,Climber,1.928827507,2.219147387,4.771421623,7.626779591,0.56600445,0.707106781,0.818364552,1.197038512,7.54863863,13.75309637,0.664377084,4.189625039
143,Genetic bank,18,F25-0970,ABC-11998,Stylosanthes,guianensis,Stylosanthes guianensis,Fabaceae,Fabales,Herbaceous,1.984082052,2.446476753,5.182782387,7.551500864,0.464093497,0.304138127,0.51167402,0.81415291,6.098739698,11.89212735,0.451868951,3.384906047
144,Genetic bank,18,F25-0971,ABC-13149,Desmodium,strigillosum,Desmodium strigillosum,Fabaceae,Fabales,Herbaceous,,,,,,,,,,,,
145,Genetic bank,18,F25-0972,ABC-13389,Desmodium,sequax,Desmodium sequax,Fabaceae,Fabales,Herbaceous,1.172494792,1.379985358,2.946805876,6.33302413,0.850720763,0.3230712,0.320428276,0.50428499,12.60567101,11.08528642,0.279886894,6.996365499
146,Genetic bank,18,F25-0973,ABC-13651,Desmodium,heterocarpon,Desmodium heterocarpon,Fabaceae,Fabales,Herbaceous,1.82995563,1.309451367,2.769578402,7.195056188,0.694061184,0.453107186,0.315956813,0.414651181,18.96601204,12.94191238,0.230138579,10.52646481
147,Genetic bank,18,F25-0974,ABC-13946,Desmodium,sequax,Desmodium sequax,Fabaceae,Fabales,Herbaceous,,,,,,,,,,,,
148,Genetic bank,18,F25-0975,ABC-15160,Centrosema,molle,Centrosema molle,Fabaceae,Fabales,Climber,2.280833787,1.382753914,2.938877012,9.859506819,0.879457713,0.364005494,0.320921005,0.741195733,22.08410328,15.93842033,0.411376455,12.2570594
149,Genetic bank,18,F25-0976,ABC-17000,Chamaecrista,rotundifolia,Chamaecrista rotundifolia,Fabaceae,Fabales,Herbaceous,0.428452053,0.930130551,1.988360893,5.026352941,0.352218718,0.833572882,0.828850691,1.14752395,2.603695123,10.30095899,0.636895645,1.44509584
150,Genetic bank,18,F25-0977,ABC-17009,Canavalia,brasiliensis,Canavalia brasiliensis,Fabaceae,Fabales,Climber,1.371715864,1.273724415,2.691550934,8.777881621,0.493909913,0.589358762,0.383315302,0.490421232,13.74862701,22.01349623,0.272192268,7.630725854
151,Genetic bank,18,F25-0978,ABC-18700,Cajanus,cajan,Cajanus cajan,Fabaceae,Fabales,Shrub,0.735864904,1.595811862,3.43446061,9.243568573,0.77969682,0.556776436,0.290905408,0.336719987,18.21020847,17.07976455,0.186885419,10.10698076
152,Genetic bank,18,F25-0979,ABC-18873,Alysicarpus,ferrugineus,Alysicarpus ferrugineus,Fabaceae,Fabales,Herbaceous,1.302353787,3.013762191,6.34060093,9.692224231,0.76634756,0.423782771,0.220995008,1.106759407,17.87695069,18.71808465,0.614270619,9.922016922
153,Genetic bank,18,F25-0980,ABC-19867,Uraria,lagopodioides,Uraria lagopodioides,Fabaceae,Fabales,Herbaceous,,,,,,,,,,,,
154,Genetic bank,18,F25-0981,ABC-20207,Aeschynomene,sensitiva,Aeschynomene sensitiva,Fabaceae,Fabales,Herbaceous,0.903256238,1.533541833,3.389261537,9.75839095,0.703623541,0.430116263,0.372750052,0.401451202,11.44479451,18.4468638,0.222812363,6.352058961
155,Genetic bank,18,F25-0982,ABC-20709,Calopogonium,mucunoides,Calopogonium mucunoides,Fabaceae,Fabales,Climber,1.456871807,3.019923212,6.439490513,9.595627607,0.698783701,0.542883249,0.352913358,1.031065266,14.56415887,19.65310314,0.572259061,8.083360148
156,Genetic bank,18,F25-0983,ABC-18437,Flemingia,macrophylla,Flemingia macrophylla,Fabaceae,Fabales,Shrub,0.944928639,1.010517286,2.118163406,3.188650981,0.488254326,0.426145515,0.350283249,0.403577803,6.916065504,4.899963091,0.223992663,3.83853601
157,Genetic bank,18,F25-0984,ABC-25522,Centrosema,macrocarpum,Centrosema macrocarpum,Fabaceae,Fabales,Climber,0.944468035,1.141496958,2.39728558,8.092943106,0.520961413,0.205480467,0.173558258,0.319311923,7.740229997,15.97817,0.177223642,4.295961562
158,Genetic bank,18,F25-0985,ABC-25704,Centrosema,molle x acutifolium,Centrosema molle x acutifolium,Fabaceae,Fabales,Climber,1.564698537,1.293845352,2.682231834,9.973550638,0.759718207,0.305727637,0.263181875,0.298686615,14.88904835,17.00810136,0.165776239,8.263679431
159,Genetic bank,18,F25-0986,ABC-33729,Desmodium,cinereum,Desmodium cinereum,Fabaceae,Fabales,Shrub,1.891453933,0.895211067,1.913111959,9.79090847,0.799897669,0.363790805,0.299005879,0.442347891,10.1650246,24.43451078,0.245510733,5.641764521
160,Genetic bank,18,F25-0987,ABC-33827,Desmodium,incanum,Desmodium incanum,Fabaceae,Fabales,Herbaceous,1.055947364,0.653691725,1.388901018,7.332159789,0.815381963,0.456131073,0.291505943,0.329266627,18.51492745,14.93311566,0.182748675,10.27610506
161,Genetic bank,18,F25-0988,ABC-8512,Calopogonium,caeruleum,Calopogonium caeruleum,Fabaceae,Fabales,Climber,1.208599501,1.574077398,3.403014352,7.310625371,0.603048496,0.570781628,0.981823141,1.668844012,11.13160581,14.49801759,0.926237299,6.178233815
162,Genetic bank,18,F25-0989,ABC-11833,Stylosanthes,guianensis,Stylosanthes guianensis,Fabaceae,Fabales,Herbaceous,1.576415289,1.157646331,2.451105753,9.231173733,0.699409491,0.410960934,0.737633139,0.915564046,22.48272623,14.20289827,0.508153886,12.47830203
163,LMF-invivo,18,F25-2131,Muestra # 02,Cynodon,nlenfuensis,Cynodon nlemfuensis,Poaceae,Poales,Grasses,,,,,,,,,,,,
164,LMF,18,F25-0017,Hohenheimer Heustandard,Hohenheimer, Heustandard,Hohenheimer Heustandard,Forage,Forage,Forage,4.040083097,4.603982228,20.13191225,7.423338852,0.430855104,0.878287475,0.757354483,4.280556557,21.55082711,#DIV/0!,2.375782947,11.9610819
165,LMF,18,F25-0018,Homenheim Concentrate,Homenheim, Concentrate,Homenheim Concentrate,Concentrate,Concentrate,Concentrate,3.968191517,6.405371202,28.52202247,15.33848057,0.563897817,0.841427359,0.675874836,4.406854477,51.48369598,#DIV/0!,2.445880478,28.57434199
166,LMF,18,F25-0008,Sample 8,Cynodon, nlemfuensis ,Cynodon nlemfuensis ,Poaceae,Poales,Grasses,2.845816254,9.897396998,21.10667416,12.86255286,1.683831718,1.222129289,4.294187604,4.897702769,69.14400301,#DIV/0!,2.718309772,38.37611794
167,Breding ,19,F25-2077,CIAT-PM21_3535,Megathyrsus,maximus,Megathyrsus maximus,Poaceae,Poales,Grasses,2.087139485,5.532296235,10.58461114,2.018683015,0.261665144,0.652819148,0.465195533,1.5526548,2.857030837,2.953388593,0.861750276,1.585701544
168,Breding ,19,F25-2078,CIAT-PM21_6106,Megathyrsus,maximus,Megathyrsus maximus,Poaceae,Poales,Grasses,1.939451293,3.854252373,5.891999156,2.104954415,0.202662364,0.218298697,0.244632773,1.04243251,2.297493489,3.166227597,0.578568078,1.275148635
169,Breding ,19,F25-2079,CIAT-PM21_2580,Megathyrsus,maximus,Megathyrsus maximus,Poaceae,Poales,Grasses,2.46620628,5.29306557,9.574578758,2.206904078,0.217006111,0.198761598,0.134771447,1.555282974,2.550853758,3.392790237,0.863208958,1.415767968
170,Breding ,19,F25-2080,CIAT-CIAT_16031,Megathyrsus,maximus,Megathyrsus maximus,Poaceae,Poales,Grasses,2.304041243,3.728581909,7.936255208,2.073648152,0.249876641,0.356249323,0.173023418,1.210850221,3.039518677,3.1543116,0.672042822,1.686985452
171,Breding ,19,F25-2081,CIAT-CIAT_26936,Megathyrsus,maximus,Megathyrsus maximus,Poaceae,Poales,Grasses,3.325233607,7.174623004,13.36499088,3.696880904,0.465927275,0.266666667,0.155214777,2.157608995,5.479054447,5.527168715,1.197510321,3.040970012
172,Breding ,19,F25-2082,CIAT-PM21_0074,Megathyrsus,maximus,Megathyrsus maximus,Poaceae,Poales,Grasses,2.241283803,5.633746031,12.03276672,3.580912763,0.489622863,0.240370085,0.181235887,1.761186304,4.851468683,5.558343479,0.977488869,2.692649054
173,Breding ,19,F25-2083,CIAT-PM21_0072,Megathyrsus,maximus,Megathyrsus maximus,Poaceae,Poales,Grasses,1.681771591,4.754543211,12.01206143,3.505254175,0.268997338,0.262466929,0.156679616,1.926619431,3.11389057,5.292899873,1.069307117,1.72826314
174,Breding ,19,F25-2084,CIAT-PM21_6598,Megathyrsus,maximus,Megathyrsus maximus,Poaceae,Poales,Grasses,1.612798893,5.129855762,10.6191097,3.280478404,0.219118908,1.177568116,0.695533031,2.332158907,4.497961563,5.009028524,1.294388542,2.496446487
175,Breding ,19,F25-2085,CIAT-PM21_6647,Megathyrsus,maximus,Megathyrsus maximus,Poaceae,Poales,Grasses,1.528138242,3.509281909,8.563119086,4.198519906,0.221961884,0.32356044,0.213677385,1.35372958,3.346361093,6.344668207,0.751343338,1.857288302
176,Breding ,19,F25-2086,CIAT-PM21_0819,Megathyrsus,maximus,Megathyrsus maximus,Poaceae,Poales,Grasses,1.77954809,5.02225029,11.99927197,5.487993905,0.350069736,0.32584174,0.225304516,1.713725821,5.658136416,8.466395576,0.95114748,3.140363603
177,Breding ,19,F25-2087,CIAT-CIAT_16021,Megathyrsus,maximus,Megathyrsus maximus,Poaceae,Poales,Grasses,1.725756171,4.207085911,8.795000864,4.78932438,0.393811367,0.285881785,0.150291677,1.505294213,7.738716229,6.774104796,0.835464331,4.295121395
178,Breding ,19,F25-2088,CIAT-PM21_6640,Megathyrsus,maximus,Megathyrsus maximus,Poaceae,Poales,Grasses,1.602272354,4.711024997,9.781676632,3.179885898,0.271879719,0.194365063,0.169716293,1.624051995,3.593500657,4.841425917,0.901376955,1.994455036
179,Breding ,19,F25-2089,CIAT-PM21_0065,Megathyrsus,maximus,Megathyrsus maximus,Poaceae,Poales,Grasses,0.9431874,3.109886339,5.397570365,5.213139518,0.356656763,0.316227766,0.172392781,0.934156423,5.791263579,8.036701274,0.518472976,3.214251481
180,Breding ,19,F25-2090,CIAT-PM21_6629,Megathyrsus,maximus,Megathyrsus maximus,Poaceae,Poales,Grasses,2.022433546,3.45772095,9.105403265,5.030928322,0.485033929,0.198761598,0.100195945,1.375703734,8.696023597,6.891409394,0.763539374,4.826443547
181,Breding ,19,F25-2091,CIAT-PM21_6641,Megathyrsus,maximus,Megathyrsus maximus,Poaceae,Poales,Grasses,10.45976097,10.05963507,17.53020973,3.560637514,0.342002278,0.240883149,0.17153764,2.590582201,4.927102091,5.645619312,1.437817941,2.734626905
182,Breding ,19,F25-2092,CIAT-CIAT_16025,Megathyrsus,maximus,Megathyrsus maximus,Poaceae,Poales,Grasses,2.712666506,1.799033421,4.056678389,7.993957364,0.55480025,0.301027049,0.192080542,0.691380292,11.80023853,11.63161302,0.383728024,6.54933654
183,Breding ,19,F25-2093,CIAT-PM21_0070,Megathyrsus,maximus,Megathyrsus maximus,Poaceae,Poales,Grasses,2.605389345,6.339083983,11.63994274,5.41189173,0.245348535,0.260874597,0.177981039,2.049491531,3.309004967,8.115991202,1.137503258,1.836555006
184,Breding ,19,F25-2094,CIAT-PM21_4926,Megathyrsus,maximus,Megathyrsus maximus,Poaceae,Poales,Grasses,2.777935653,6.881426553,15.19163317,8.69281273,0.52249285,0.663324958,0.265997971,2.184985524,13.27340258,12.18064096,1.212704768,7.366968078
185,Breding ,19,F25-2095,CIAT-PM21_3662,Megathyrsus,maximus,Megathyrsus maximus,Poaceae,Poales,Grasses,2.267021877,5.39768713,12.03910021,7.108723806,0.373245009,0.3,0.150689597,1.729188231,3.724183713,10.44085452,0.959729385,2.066986393
186,Breding ,19,F25-2096,CIAT-PM21_4448,Megathyrsus,maximus,Megathyrsus maximus,Poaceae,Poales,Grasses,,,,,,,,,,,,
187,Breding ,19,F25-2097,CIAT-PM21_0079,Megathyrsus,maximus,Megathyrsus maximus,Poaceae,Poales,Grasses,1.580509678,3.275217141,7.459977879,8.993551087,0.646576989,0.291372544,0.126312212,0.970337079,10.06599859,13.11906518,0.538553867,5.586803372
188,Breding ,19,F25-2098,CIAT-CIAT_6986,Megathyrsus,maximus,Megathyrsus maximus,Poaceae,Poales,Grasses,3.34766484,7.948564681,17.46883563,9.528517516,0.955820333,0.392272292,0.191508808,2.539546579,13.63509923,13.26681465,1.409492288,7.567715972
189,Breding ,19,F25-2099,CIAT-PM21_4852,Megathyrsus,maximus,Megathyrsus maximus,Poaceae,Poales,Grasses,3.396175835,8.844702032,18.81660065,4.342683401,0.211193138,0.25,0.126069272,2.795249957,3.568199366,5.960574235,1.551412087,1.980412382
190,Breding ,19,F25-2100,CIAT-PM21_0078,Megathyrsus,maximus,Megathyrsus maximus,Poaceae,Poales,Grasses,3.285006052,6.114050487,13.65546562,4.986304014,0.184505424,0.357998974,0.189683134,2.031048981,3.49877801,7.50340175,1.127267324,1.941882328
191,Breding ,19,F25-2101,CIAT-CIAT_16071,Megathyrsus,maximus,Megathyrsus maximus,Poaceae,Poales,Grasses,,,,,,,,,,,,
192,Breding ,19,F25-2102,CIAT-PM21_0876,Megathyrsus,maximus,Megathyrsus maximus,Poaceae,Poales,Grasses,1.876436574,5.592525477,12.45079277,5.798291462,0.48729695,0.197948664,0.121725624,1.983639296,9.878208299,8.680721485,1.100954128,5.482576509
193,Breding ,19,F25-2103,CIAT-PM21_3641,Megathyrsus,maximus,Megathyrsus maximus,Poaceae,Poales,Grasses,2.447974388,5.448515872,12.36242686,9.867839008,0.763438298,0.356852561,0.125412655,1.801382208,20.13321106,14.28923716,0.999798291,11.17428046
194,Breding ,19,F25-2104,CIAT-BR06_1348,Urochloa,interespecifico,Brachiaria interespecifico,Poaceae,Poales,Grasses,,,,,,,,,,,,
195,Breding ,19,F25-2105,CIAT-BR09_4467,Urochloa,interespecifico,Brachiaria interespecifico,Poaceae,Poales,Grasses,,,,,,,,,,,,
196,Breding ,19,F25-2106,CIAT-BR09_4777,Urochloa,interespecifico,Brachiaria interespecifico,Poaceae,Poales,Grasses,2.505590281,4.798612779,8.733466713,9.771087379,0.680244,0.38042374,0.194048872,1.086386825,21.08051067,16.5685843,0.602963484,11.70004814
197,LMF,19,F25-0017,Hohenheimer Heustandard,Hohenheimer, Heustandard,Hohenheimer Heustandard,Forage,Forage,Forage,1.727145444,5.729914402,11.4726711,17.94648366,1.961325738,0.33142684,0.201933759,1.882336763,11.5268374,#DIV/0!,1.04472947,6.397594181
198,LMF,19,F25-0018,Homenheim Concentrate,Homenheim, Concentrate,Homenheim Concentrate,Concentrate,Concentrate,Concentrate,2.339442052,2.96218473,5.798192601,12.90416465,1.361698789,0.354163943,0.271752955,1.068871966,8.206598919,#DIV/0!,0.593242434,4.554804383
199,LMF,19,F25-0008,Sample 8,Cynodon, nlemfuensis ,Cynodon nlemfuensis ,Poaceae,Poales,Grasses,1.992478832,4.194873885,9.719112933,13.74243139,1.180772181,0.713364485,0.333759946,1.350669226,43.73729713,#DIV/0!,0.749644788,24.27495661
200,Breding ,20,F25-2107,CIAT-BR12_0255,Urochloa,interespecifico,Brachiaria interespecifico,Poaceae,Poales,Grasses,1.803834176,1.75535636,7.514458463,2.695442612,0.281930404,0.395655418,0.415508191,0.741683772,2.201531931,4.700627357,0.411647325,1.22188831
201,Breding ,20,F25-2108,CIAT-BR12_0461,Urochloa,interespecifico,Brachiaria interespecifico,Poaceae,Poales,Grasses,1.729953395,2.324475586,7.822584202,4.771636756,0.392798625,0.610605852,0.333275281,0.918332565,3.882984748,7.849557691,0.509690462,2.155123715
202,Breding ,20,F25-2109,CIAT-BR12_1620,Urochloa,interespecifico,Brachiaria interespecifico,Poaceae,Poales,Grasses,2.47989124,2.527503994,7.94031748,5.206424491,0.572271832,0.298142397,0.429355575,0.888201327,3.796693579,8.625637911,0.492967103,2.107230623
203,Breding ,20,F25-2110,CIAT-BR12_1889,Urochloa,interespecifico,Brachiaria interespecifico,Poaceae,Poales,Grasses,1.547004861,1.433980192,7.415285096,2.455805337,0.311385355,0.523048991,0.364153761,0.760782444,2.345801746,4.252227681,0.422247419,1.301960554
204,Breding ,20,F25-2111,CIAT-BR12_4039,Urochloa,interespecifico,Brachiaria interespecifico,Poaceae,Poales,Grasses,1.603780375,1.396832981,5.100195975,1.927111644,0.230728257,0.520683312,0.410071769,0.981390465,2.521945701,3.116402252,0.544688687,1.399723496
205,Breding ,20,F25-2112,CIAT-BR12_4856,Urochloa,interespecifico,Brachiaria interespecifico,Poaceae,Poales,Grasses,1.230158998,2.070349937,5.392864386,3.420641506,0.334451774,0.490149889,0.362349653,0.628781306,3.253057787,5.376147227,0.348984504,1.805503353
206,Breding ,20,F25-2113,CIAT-BR12_5049,Urochloa,interespecifico,Brachiaria interespecifico,Poaceae,Poales,Grasses,1.92443596,2.867802336,7.063420821,3.276062347,0.282114614,0.483301404,0.376362566,1.218129766,3.578781512,5.406298152,0.676083095,1.986285656
207,Breding ,20,F25-2114,CIAT-BR15_1851,Urochloa,interespecifico,Brachiaria interespecifico,Poaceae,Poales,Grasses,1.466793863,3.586204071,7.361894991,6.07605444,0.306917442,0.374165739,0.303931407,1.206703308,4.056988054,10.22200787,0.669741213,2.25169856
208,Breding ,20,F25-2115,CIAT-BR15_3025,Urochloa,interespecifico,Brachiaria interespecifico,Poaceae,Poales,Grasses,1.602272354,3.380792808,7.842510097,2.851007179,0.185773745,0.442495728,0.32860978,1.367208526,2.176685823,4.756277936,0.758824386,1.20809829
209,Breding ,20,F25-2116,CIAT-BR15_3248,Urochloa,interespecifico,Brachiaria interespecifico,Poaceae,Poales,Grasses,1.986251134,6.288890401,11.2995333,3.068215429,0.29591717,0.341384255,0.343349339,1.79366069,2.890457036,5.219115108,0.995512715,1.604253663
210,Breding ,20,F25-2117,CIAT-BR15_7659,Urochloa,interespecifico,Brachiaria interespecifico,Poaceae,Poales,Grasses,1.980156455,3.081140081,6.155249497,4.756964201,0.335812892,0.366498278,0.36436369,1.112150251,3.745675654,7.912626487,0.617262631,2.078914792
211,Breding ,20,F25-2118,CIAT-BR15_8919,Urochloa,interespecifico,Brachiaria interespecifico,Poaceae,Poales,Grasses,1.18205586,2.924767524,5.611698583,3.067923438,0.254074106,0.434045,0.381294632,0.889582361,2.581096543,4.853724982,0.493733601,1.432553237
212,Breding ,20,F25-2119,CIAT-BR19_5515,Urochloa,interespecifico,Brachiaria interespecifico,Poaceae,Poales,Grasses,1.29897799,3.462220423,8.157274835,4.045581716,0.254613872,0.505769186,0.341177506,1.392048475,3.058113762,6.644606197,0.772610987,1.697306046
213,Breding ,20,F25-2120,CIAT-BR19_5877,Urochloa,interespecifico,Brachiaria interespecifico,Poaceae,Poales,Grasses,2.715338645,2.857034579,6.467085394,8.165907896,0.541043111,0.381355607,0.362354614,0.83694309,10.38738204,13.52414914,0.464517895,5.765176747
214,Breding ,20,F25-2121,CIAT-BR19_6136,Urochloa,interespecifico,Brachiaria interespecifico,Poaceae,Poales,Grasses,1.961758815,1.501910293,5.531430897,7.971851461,0.529585468,0.466666667,0.400733902,0.970699771,8.515662607,12.68418986,0.538755167,4.726340076
215,Genetic bank,20,F25-1651,CIAT-798,Galactia,striata,Galactia striata,Fabaceae,Fabales,Climber,1.374920089,2.902365513,7.735279014,7.255532206,0.468118518,0.398608691,0.285910313,1.100947274,6.868557513,13.10491869,0.611044785,3.812168253
216,Genetic bank,20,F25-1652,CIAT-822,Calopogonium,mucunoides,Calopogonium mucunoides,Fabaceae,Fabales,Climber,0.995556723,2.067428807,4.906174303,9.888606749,0.780700063,0.412160822,0.279017115,0.829049775,14.14557219,16.10047072,0.460136968,7.851037297
217,Genetic bank,20,F25-1653,CIAT-852,Dioclea,sericea,Dioclea sericea,Fabaceae,Fabales,Climber,0.494733817,0.704244871,2.201254405,9.646219621,1.439625466,0.503580927,0.275852169,0.241569589,19.22369437,31.23463618,0.134075301,10.66948297
218,Genetic bank,20,F25-1654,CIAT-907,Dioclea,virgata,Dioclea virgata,Fabaceae,Fabales,Climber,2.102095678,2.059646818,4.021897707,9.161588553,0.784691477,0.539084636,0.300160316,0.293536662,12.51793538,15.05076977,0.162917926,6.947670707
219,Genetic bank,20,F25-1655,CIAT-1992,Stylosanthes,guianensis,Stylosanthes guianensis,Fabaceae,Fabales,Herbaceous,1.159831658,2.065893835,5.702436156,9.106390011,0.680575745,0.493552176,0.441316089,1.07115573,10.25408519,14.71975656,0.594509962,5.691194688
220,Genetic bank,20,F25-1656,CIAT-3001,Codariocalyx,gyroides,Codariocalyx gyroides,Fabaceae,Fabales,Shrub,2.037743633,1.877988784,2.100255356,4.877167263,0.517880738,0.430471976,0.405034494,0.584866551,7.942752581,8.592172244,0.324611055,4.4083651
221,Genetic bank,20,F25-1657,CIAT-3304,Desmodium,cajanifolium,Desmodium cajanifolium,Fabaceae,Fabales,Shrub,,,,,,,,,,,,
222,Genetic bank,20,F25-1658,CIAT-5713,Centrosema,macrocarpum,Centrosema macrocarpum,Fabaceae,Fabales,Climber,3.947550124,3.391761752,9.087858477,9.009614395,0.665297623,0.360338383,0.229916748,1.449227691,14.7778391,19.92118064,0.804346442,8.201956371
223,Genetic bank,20,F25-1659,CIAT-7381,Galactia,glaucescens,Galactia glaucescens,Fabaceae,Fabales,Herbaceous,,,,,,,,,,,,
224,Genetic bank,20,F25-1660,CIAT-7799,Dioclea,guianensis,Dioclea guianensis,Fabaceae,Fabales,Climber,,,,,,,,,,,,
225,Genetic bank,20,F25-1661,CIAT-7803,Dioclea,holtiana,Dioclea holtiana,Fabaceae,Fabales,Climber,,,,,,,,,,,,
226,Genetic bank,20,F25-1662,CIAT-8182,Eriosema,diffusum,Eriosema diffusum,Fabaceae,Fabales,Herbaceous,,,,,,,,,,,,
227,Genetic bank,20,F25-1663,CIAT-8434,Dioclea,sericea,Dioclea sericea,Fabaceae,Fabales,Climber,,,,,,,,,,,,
228,Genetic bank,20,F25-1664,CIAT-8702,Calopogonium,caeruleum,Calopogonium caeruleum,Fabaceae,Fabales,Climber,1.419046352,1.565161563,4.687908361,8.85642007,0.877632879,0.587839736,0.191420447,0.653728404,12.40642441,12.86252518,0.362830574,6.885780194
229,Genetic bank,20,F25-1665,CIAT-8816,Crotalaria,micans,Crotalaria micans,Fabaceae,Fabales,Herbaceous,2.002755575,2.416579731,7.12076654,8.813543686,0.550530076,0.463680925,0.285112811,0.777817772,5.84280302,19.15218064,0.431702321,3.242856763
230,LMF,20,F25-0017,Hohenheimer Heustandard,Hohenheimer, Heustandard,Hohenheimer Heustandard,Forage,Forage,Forage,1.112523162,1.088497682,3.399969238,12.61112095,1.433627586,0.429757325,0.277916045,0.546012089,6.19589535,#DIV/0!,0.303046156,3.438829115
231,LMF,20,F25-0018,Homenheim Concentrate,Homenheim, Concentrate,Homenheim Concentrate,Concentrate,Concentrate,Concentrate,1.086135458,1.562262934,6.292627166,10.84868775,1.083489077,0.365148372,0.240669696,1.064488267,5.582787572,#DIV/0!,0.590809405,3.09854369
232,LMF,20,F25-0008,Sample 8,Cynodon, nlemfuensis ,Cynodon nlemfuensis ,Poaceae,Poales,Grasses,0.965979107,1.501507851,4.267105436,11.28078214,1.017573367,0.53633415,0.382755676,0.7373288,34.68539032,#DIV/0!,0.40923024,19.25099172
233,Breding ,21,F25-2144,CIAT-BH16_1763,Urochloa,humidicola,Urochloa humidicola,Poaceae,Poales,grasses,1.758709972,2.852747874,9.377296348,3.987835939,0.339856847,0.57499329,0.436472793,1.879554182,5.262908308,5.875940935,1.043185089,2.921005165
234,Breding ,21,F25-2145,CIAT-BH16B_2165,Urochloa,humidicola,Urochloa humidicola,Poaceae,Poales,grasses,1.140950846,2.581854961,10.81187919,2.389042036,0.332747639,0.367507454,0.428171403,2.204351832,5.679260635,3.352348547,1.223453404,3.15208791
235,Breding ,21,F25-2146,CIAT-BH16B_2167,Urochloa,humidicola,Urochloa humidicola,Poaceae,Poales,grasses,2.081049868,4.032446872,4.083376234,5.87768714,0.373593599,0.240370085,0.270168561,0.491571907,6.778897435,8.113184007,0.272830913,3.762405358
236,Breding ,21,F25-2147,CIAT-CIAT_16886,Urochloa,humidicola,Urochloa humidicola,Poaceae,Poales,grasses,1.427961915,2.624110946,8.731087114,3.479982076,0.373232676,0.53748385,0.475948599,1.854266034,5.804847502,4.914386127,1.02914973,3.221790793
237,Breding ,21,F25-2148,CIAT-CIAT_16891,Urochloa,humidicola,Urochloa humidicola,Poaceae,Poales,grasses,1.044727336,2.910630749,10.55885997,5.198701937,0.497068765,0.294392029,0.394128472,1.935526101,7.009710134,7.655571964,1.074250473,3.8905104
238,Breding ,21,F25-2149,CIAT-CIAT_26146,Urochloa,humidicola,Urochloa humidicola,Poaceae,Poales,grasses,0.835116356,2.43289931,8.840170875,5.755056087,0.500103736,0.324703093,0.312441108,1.558935217,7.703413379,7.93369915,0.865236017,4.275527702
239,Breding ,21,F25-2150,CIAT-CIAT_26149,Urochloa,humidicola,Urochloa humidicola,Poaceae,Poales,grasses,0.649488995,2.711998059,9.038471352,5.363592964,0.460111997,0.22166597,0.298366695,1.589640869,6.945963976,7.943555027,0.882278184,3.855130179
240,Breding ,21,F25-2151,CIAT-CIAT_26160,Urochloa,humidicola,Urochloa humidicola,Poaceae,Poales,grasses,1.14306764,2.903562569,12.96626898,6.644506131,0.616001916,0.265739128,0.33239741,2.241117199,9.749573904,9.710674693,1.243858819,5.411182195
241,Breding ,21,F25-2152,CIAT-CIAT_26415,Urochloa,humidicola,Urochloa humidicola,Poaceae,Poales,grasses,0.738324626,1.919719584,12.01748057,4.486058722,0.521943383,0.144871165,0.251502299,1.901889924,7.662112115,6.498001254,1.055581813,4.252604786
242,Breding ,21,F25-2153,CIAT-BH22_4092,Urochloa,humidicola,Urochloa humidicola,Poaceae,Poales,grasses,1.104344738,2.034054255,8.349527392,4.969129495,0.401674047,0.194365063,0.392974068,1.595317852,7.684690024,7.372519677,0.885429009,4.265135916
243,Breding ,21,F25-2154,CIAT-CIAT_26438,Urochloa,humidicola,Urochloa humidicola,Poaceae,Poales,grasses,0.82664036,3.866105528,9.606912056,9.006073295,0.570291857,0.365892814,0.519762597,2.09266071,17.85122539,12.41287384,1.161462899,9.907738934
244,Breding ,21,F25-2155,CIAT-CIAT_26570,Urochloa,humidicola,Urochloa humidicola,Poaceae,Poales,grasses,0.822078971,2.137812443,4.871072744,4.420845414,0.325034683,0.638792263,0.739572839,1.111880594,3.446910235,6.656298731,0.617112966,1.913094815
245,Breding ,21,F25-2156,CIAT-BH22_3115,Urochloa,humidicola,Urochloa humidicola,Poaceae,Poales,grasses,0.975318471,3.549404144,7.053332457,8.307540519,0.501980153,0.294811092,0.374908953,1.359324653,16.18913856,11.70253885,0.7544487,8.98525199
246,Breding ,21,F25-2157,CIAT-BH22_1375,Urochloa,humidicola,Urochloa humidicola,Poaceae,Poales,grasses,1.055894802,2.34676402,11.8738952,8.140153589,0.486850751,0.328260723,0.513206237,2.452042107,13.37396424,12.03089006,1.360925792,7.422781539
247,Breding ,21,F25-2158,CIAT-CIAT_6133,Urochloa,humidicola,Urochloa humidicola,Poaceae,Poales,grasses,1.277918502,1.774147746,8.479765047,8.503940402,0.639616833,0.232992949,0.321147512,1.325570283,16.37582749,11.66607247,0.735714441,9.088867575
248,Breding ,21,F25-2159,CIAT-CIAT_679,Urochloa,humidicola,Urochloa humidicola,Poaceae,Poales,grasses,1.188175258,3.244303017,9.60788798,8.852076179,0.592662706,0.182574186,0.369396826,1.833782875,14.82300961,12.50763195,1.017781222,8.22702679
249,Breding ,21,F25-2160,CIAT-BH22_4865,Urochloa,humidicola,Urochloa humidicola,Poaceae,Poales,grasses,2.315943094,5.507016504,15.62085863,9.917842205,0.951404693,0.345506874,0.472431922,2.587356411,22.96838058,14.73010901,1.436027572,12.7478486
250,Breding ,21,F25-2161,CIAT-BH22_1706,Urochloa,humidicola,Urochloa humidicola,Poaceae,Poales,grasses,2.468777989,5.791089173,14.16745472,9.098273999,0.730819394,0.264575131,0.389733297,2.131308928,18.03145974,12.57255197,1.182913329,10.00777212
251,Breding ,21,F25-2162,CIAT-BH22_4169,Urochloa,humidicola,Urochloa humidicola,Poaceae,Poales,grasses,2.470213841,4.003887687,11.87847706,9.940698998,0.587816511,0.346410162,0.477626134,2.026411054,22.98474807,13.7564943,1.124693194,12.75693284
252,Breding ,21,F25-2163,CIAT-BH22_1258,Urochloa,humidicola,Urochloa humidicola,Poaceae,Poales,grasses,2.310589433,2.838731459,9.426884477,7.055294246,0.383101073,0.316227766,0.44529396,1.606915518,19.99521538,9.921148429,0.891865914,11.09769048
253,Breding ,21,F25-2164,CIAT-BH22_1370,Urochloa,humidicola,Urochloa humidicola,Poaceae,Poales,grasses,1.176334573,2.350686679,8.087141717,9.20290577,0.738776317,0.226778684,0.41259659,1.259239591,11.123388,13.90852183,0.698899759,6.173672788
254,Breding ,21,F25-2165,CIAT-BH22_2225,Urochloa,humidicola,Urochloa humidicola,Poaceae,Poales,grasses,1.753375582,2.798448136,7.724542435,5.229697593,0.412375895,0.45,0.401874341,1.390013031,7.874582524,7.151984139,0.771481281,4.370529539
255,Breding ,21,F25-2166,CIAT-BH22_0528,Urochloa,humidicola,Urochloa humidicola,Poaceae,Poales,grasses,,,,,,,,,,,,
256,Breding ,21,F25-2167,CIAT-BH22_3507,Urochloa,humidicola,Urochloa humidicola,Poaceae,Poales,grasses,2.065488998,3.856233775,13.06623939,9.692887558,0.747739799,0.3122499,0.414716102,2.361434317,38.46864574,13.48721167,1.310636901,21.35076394
257,Breding ,21,F25-2168,CIAT-BH22_4253,Urochloa,humidicola,Urochloa humidicola,Poaceae,Poales,grasses,1.785523656,4.299815245,13.48894903,8.41425196,0.739913901,0.372677996,0.419899551,1.889754423,15.57218204,12.37137786,1.048846399,8.642830445
258,Breding ,21,F25-2169,CIAT-BH22_2189,Urochloa,humidicola,Urochloa humidicola,Poaceae,Poales,grasses,1.315160934,3.27450285,13.25065652,9.306969009,0.84138586,0.329983165,0.465937175,2.246141176,27.89921547,13.64596901,1.246647213,15.48454727
259,Breding ,21,F25-2170,CIAT-BH22_0765,Urochloa,humidicola,Urochloa humidicola,Poaceae,Poales,grasses,,,,,,,,,,,,
260,Breding ,21,F25-2171,CIAT-BH22_2531,Urochloa,humidicola,Urochloa humidicola,Poaceae,Poales,grasses,,,,,,,,,,,,
261,Breding ,21,F25-2172,CIAT-BH22_0132,Urochloa,humidicola,Urochloa humidicola,Poaceae,Poales,grasses,3.265284835,6.037644693,18.86802212,9.049366849,1.017516032,0.398608691,0.473784304,2.887271155,28.86125684,12.58693181,1.602485444,16.01849688
262,Breding ,21,F25-2173,CIAT-BH22_3521,Urochloa,humidicola,Urochloa humidicola,Poaceae,Poales,grasses,2.542939186,6.879971876,15.25020408,9.778564098,0.941811328,0.302305952,0.502881988,2.218209446,16.89855558,14.42415966,1.23114462,9.378990709
263,LMF,21,F25-0017,Hohenheimer Heustandard,Hohenheimer, Heustandard,Hohenheimer Heustandard,Forage,Forage,Forage,1.004621159,1.461427778,5.296781672,14.76774835,1.714128476,0.284583299,0.357744737,0.815658653,8.070404579,#DIV/0!,0.452704664,4.479214168
264,LMF,21,F25-0018,Homenheim Concentrate,Homenheim, Concentrate,Homenheim Concentrate,Concentrate,Concentrate,Concentrate,,,,,,,,,,,,
265,LMF,21,F25-0008,Sample 8,Cynodon, nlemfuensis ,Cynodon nlemfuensis ,Poaceae,Poales,Grasses,,,,,,,,,,,,
266,Breding ,22,F25-2174,CIAT-BH22_2074,Urochloa,humidicola,Urochloa humidicola,Poaceae,Poales,grasses,2.428454973,10.16740853,20.9749178,2.917772324,0.269568277,0.884433277,0.419398277,3.275504615,5.445726098,3.310066542,1.817961731,3.022472201
267,Breding ,22,F25-2175,CIAT-BH22_0456,Urochloa,humidicola,Urochloa humidicola,Poaceae,Poales,grasses,3.714213649,6.913552727,14.36270502,7.871763767,0.41453776,0.373956883,0.51547642,2.502497042,12.16251684,11.66652458,1.388929154,6.750407273
268,Breding ,22,F25-2176,CIAT-BH22_1832,Urochloa,humidicola,Urochloa humidicola,Poaceae,Poales,grasses,3.366643921,3.84230192,7.929567604,6.402932885,0.370963188,0.335638289,0.452127042,1.874120017,11.38883819,10.94311554,1.040169034,6.321002232
269,Breding ,22,F25-2177,CIAT-BH22_1872,Urochloa,humidicola,Urochloa humidicola,Poaceae,Poales,grasses,3.45625457,5.894897188,12.10277587,9.856415608,0.601327882,0.37032804,0.358632265,2.278646444,26.32336379,13.17787372,1.264688199,14.60992233
270,Breding ,22,F25-2178,CIAT-BH22_0071,Urochloa,humidicola,Urochloa humidicola,Poaceae,Poales,grasses,2.703991752,4.58889877,9.433503618,2.429928688,0.215380776,0.338706691,0.488802854,2.074945122,4.443158603,3.39921873,1.151630441,2.466029896
271,Breding ,22,F25-2179,CIAT-BH22_4454,Urochloa,humidicola,Urochloa humidicola,Poaceae,Poales,grasses,1.782644323,2.749682209,5.628838112,2.136921396,0.171748673,0.33374974,0.211738675,1.062179805,3.842906316,3.087807358,0.589528168,2.132879492
272,Breding ,22,F25-2180,CIAT-BH22_1267,Urochloa,humidicola,Urochloa humidicola,Poaceae,Poales,grasses,3.111758161,4.852743614,9.97086212,3.392213141,0.117054961,0.353160335,0.350658472,1.89940015,2.353410274,4.804589025,1.054199945,1.306183419
273,Breding ,22,F25-2181,CIAT-BH22_1303,Urochloa,humidicola,Urochloa humidicola,Poaceae,Poales,grasses,3.884526937,5.269199026,10.89365082,3.267589974,0.308393254,0.346410162,0.38532284,2.194819298,7.33218678,4.443921638,1.218162683,4.069490517
274,Breding ,22,F25-2182,CIAT-BH22_2508,Urochloa,humidicola,Urochloa humidicola,Poaceae,Poales,grasses,3.905114509,5.176396373,10.54928434,9.754871928,0.674640173,0.387298335,0.424104509,2.086302126,23.88644158,13.68566354,1.157933775,13.25738834
275,Breding ,22,F25-2183,CIAT-BH22_2046,Urochloa,humidicola,Urochloa humidicola,Poaceae,Poales,grasses,3.622230126,5.336159006,10.99018314,8.707965888,0.587414359,0.338061702,0.366461353,2.085691048,26.05211143,12.55429184,1.157594616,14.45937257
#REF!,LMF,22,F25-0018,Homenheim Concentrate,Homenheim, Concentrate,Homenheim Concentrate,Concentrate,Concentrate,Concentrate,2.044168184,1.772412621,7.872768938,12.81143907,0.748387707,0.77172246,0.493782014,1.15509213,35.12061263,0,0.641096117,19.49254763
#REF!,LMF,22,F25-0008,Sample 8,Cynodon, nlemfuensis ,Cynodon nlemfuensis ,Poaceae,Poales,Grasses,5.255682746,15.57170677,33.21044087,11.41940427,0.824919284,1.600382607,0.833449196,4.895149439,15.70290343,0,2.71689263,8.715383083
