CH4_Decrease_Pct,Benchmark_vs_Control,CH4_Category,TDDM_Category,Z_Score_CH4,Z_Score_TDDM,Composite_Score,Overall_Rank,CH4_8h_Reduction_Pct,CH4_24h_Reduction_Pct,Accession_ID,CH4_Intensity,TDDM,CH4_8h,CH4_24h,lmf_categories
55.24219633,33.54001163,Low,High,1.576752215,2.060652638,5.214157069,1,-16.25758067,-14.22551185,CIAT-7317,34.3,70.24,15.92,17.4,category_1a
55.38573447,33.75314861,Low,High,1.586099187,2.017151962,5.189350335,2,-4.354323354,-8.12035518,CIAT-8719,34.19,69.74,14.29,16.47,category_1a
58.62186722,38.55841891,Low,High,1.796830907,1.33245132,4.926113134,3,0.465400468,3.433489696,CIAT-24466,31.71,61.87,13.63,14.71,category_1a
52.44972694,29.39352839,Low,High,1.394911134,1.689156864,4.478979131,4,1.122635535,-6.676124571,CIAT-707,36.44,65.97,13.54,16.25,category_1a
52.03216143,28.77349351,Low,High,1.367719944,1.580405174,4.315845061,5,-10.19641283,-8.973764177,CIAT-7714,36.76,64.72,15.09,16.6,category_1a
53.72852133,31.2923852,Low,High,1.478184152,1.34985159,4.306219894,6,7.183803371,3.36784285,CIAT-20305,35.46,62.07,12.71,14.72,category_1a
50.4401929,26.40961054,Low,High,1.264053533,1.670016567,4.198123633,7,-7.421420331,-4.641072348,CIAT-20093,37.98,65.75,14.71,15.94,category_1a
50.51848644,26.52586708,Low,High,1.269151881,1.613465688,4.15176945,8,1.706844483,1.595378011,CIAT-772,37.92,65.1,13.46,14.99,category_1a
50.07482308,25.86708002,Low,High,1.240261242,1.630865958,4.111388442,9,4.919993697,0.807615861,CIAT-20113,38.26,65.3,13.02,15.11,category_1a
52.72375431,29.80042627,Low,High,1.412755352,1.267200305,4.092711009,10,14.63246746,-3.984603889,CIAT-18749,36.23,61.12,11.69,15.84,category_1a
47.06052201,21.39120326,Low,High,1.043974841,1.892740029,3.980689711,11,3.751575801,5.074660843,CIAT-8013,40.57,68.31,13.18,14.46,category_1a
42.76742656,15.01646968,Low,High,0.764415421,2.443458589,3.972289432,12,-25.67794996,-24.99159457,CIAT-7322,43.86,74.64,17.21,19.04,category_1a
51.00129656,27.24278241,Low,High,1.300591694,1.34985159,3.951034978,13,6.526568304,-2.474726434,CIAT-17451,37.55,62.07,12.8,15.61,category_1a
49.00481144,24.27824065,Low,High,1.170583818,1.589105309,3.930272945,14,1.487766127,-3.262488585,CIAT-768,39.08,64.82,13.49,15.73,category_1a
47.41284292,21.91435768,Low,High,1.066917407,1.71786731,3.851702125,15,2.583157905,-5.954009266,CIAT-21212,40.3,66.3,13.34,16.14,category_1a
48.92651791,24.16198411,Low,High,1.16548547,1.48818374,3.819154681,16,-9.46615165,-5.625775037,CIAT-19213,39.14,63.66,14.99,16.09,category_1a
47.92175089,22.67002519,Low,High,1.10005667,1.413362577,3.613475917,17,-14.7970583,-11.20575694,CIAT-17360,39.91,62.8,15.72,16.94,category_1a
46.44722266,20.48052703,Low,High,1.004037781,1.595195404,3.603270966,18,-12.8253531,-16.98267938,CIAT-7816,41.04,64.89,15.45,17.82,category_1a
46.18624421,20.09300523,Low,High,0.987043288,1.563874917,3.537961492,19,2.80223626,7.175359912,CIAT-20345,41.24,64.53,13.31,14.14,category_1a
46.65600542,20.79054447,Low,High,1.017633376,1.467303416,3.502570168,20,11.78444884,-1.09614267,CIAT-905,40.88,63.42,12.08,15.4,category_1a
47.12576662,21.4880837,Low,High,1.048223464,1.392482253,3.488929182,21,-13.26350981,-14.55374608,CIAT-5234,40.52,62.56,15.51,17.45,category_1a
39.25726645,9.804301492,Low,High,0.535839483,2.370377453,3.442056418,22,-21.80756568,-22.10313335,CIAT-7858,46.55,73.8,16.68,18.6,category_1a
44.55512892,17.67099399,Low,High,0.880827703,1.600415485,3.36207089,23,1.414740009,2.711374391,CIAT-22423,42.49,64.95,13.5,14.82,category_1a
38.33079296,8.428599109,Low,High,0.47550903,2.269455884,3.220473945,24,-24.50953206,-24.72900719,CIAT-9982,47.26,72.64,17.05,19,category_1a
42.34986104,14.3964348,Low,High,0.737224232,1.692636918,3.167085382,25,-18.52139035,-22.30007389,CIAT-7972,44.18,66.01,16.23,18.63,category_1a
43.6678022,16.35341988,Low,High,0.823046424,1.486443713,3.132536562,26,0.538426586,3.630430234,CIAT-9537,43.17,63.64,13.62,14.68,category_1a
43.21108992,15.67525673,Low,High,0.793306061,1.462953348,3.049565469,27,-7.932603161,-15.53844877,CIAT-19038,43.52,63.37,14.78,17.6,category_1a
43.22413884,15.69463282,Low,High,0.794155785,1.387262172,2.975573742,28,10.4699787,9.60429321,CIAT-12140,43.51,62.5,12.26,13.77,category_1a
37.78273822,7.614803333,Low,High,0.439820594,1.931020624,2.810661811,29,-2.966827102,-2.737313817,CIAT-22770,47.68,68.75,14.1,15.65,category_1a
41.50168109,13.13698896,Low,High,0.681992128,1.319401117,2.683385372,30,1.560792246,3.499136542,CIAT-22525,44.83,61.72,13.48,14.7,category_1a
37.60005331,7.343538074,Low,High,0.427924448,1.770938135,2.626787032,31,-28.74504694,-25.3198288,CIAT-4279,47.82,66.91,17.63,19.09,category_1a
37.69139576,7.479170703,Low,High,0.433872521,1.666536512,2.534281555,32,-21.44243509,-18.22996945,CIAT-7469,47.75,65.71,16.63,18.01,category_1a
39.84446795,10.67622554,Low,High,0.574077093,1.36464182,2.512796006,33,-12.31417027,-9.892820019,CIAT-18430,46.1,62.24,15.38,16.74,category_1a
37.71749361,7.517922883,Low,High,0.435571971,1.637826066,2.508970007,34,-27.06544621,-24.13818558,CIAT-4134,47.73,65.38,17.4,18.91,category_1a
37.67834684,7.459794613,Low,High,0.433022797,1.606505579,2.472551172,35,1.268687772,-11.14011009,CIAT-20304,47.76,65.02,13.52,16.93,category_1a
39.20507076,9.726797132,Low,High,0.532440584,1.395962307,2.460843475,36,-3.843140524,-4.706719194,CIAT-466,46.59,62.6,14.22,15.95,category_1a
39.41385351,10.03681457,Low,High,0.546036179,1.328101252,2.42017361,37,-31.08188273,-27.09229364,CIAT-9433,46.43,61.82,17.95,19.36,category_1a
40.13154424,11.10249952,Low,High,0.592771036,1.210649426,2.396191499,38,-4.354323354,-2.146492204,CIAT-9690,45.88,60.47,14.29,15.56,category_1a
35.38173651,4.04960279,Low,High,0.283471253,1.628255917,2.195198423,39,-21.44243509,-25.91065042,CIAT-7792,49.52,65.27,16.63,19.18,category_1a
33.99855074,1.99573726,Medium,High,0.193400437,1.965821164,2.352622038,1,-36.04765879,-32.54098185,CIAT-9336,50.58,69.15,18.63,20.19,category_1b
33.29390893,0.949428405,Medium,High,0.147515304,1.88316988,2.178200488,2,-24.29045371,-26.10759095,CIAT-9530,51.12,68.2,17.02,19.21,category_1b
34.99026884,3.468320093,Medium,High,0.257979513,1.489053754,2.005012779,3,-2.528670391,-7.0043588,CIAT-923,49.82,63.67,14.04,16.3,category_1b
32.55012036,-0.155008719,Medium,High,0.099080997,1.567354971,1.765516966,4,-7.056289739,-3.32813543,CIAT-9323,51.69,64.57,14.66,15.74,category_1b
33.07207725,0.620034877,Medium,High,0.133069985,1.464693375,1.730833344,5,-10.41549119,-15.27586138,CIAT-17365,51.29,63.39,15.12,17.56,category_1b
33.67232768,1.511335013,Medium,High,0.17215732,1.180198953,1.524513593,6,-32.39635286,-36.67673314,CIAT-9283,50.83,60.12,18.13,20.82,category_1b
29.39228115,-4.844022476,Medium,High,-0.106552375,1.589975322,1.376870573,7,-30.13254319,-28.53652425,CIAT-7757,54.11,64.83,17.82,19.58,category_1b
28.46580766,-6.21972486,Medium,High,-0.166882827,1.56474493,1.230979276,8,-28.89109917,-38.12096375,CIAT-7790,54.82,64.54,17.65,21.04,category_1b
31.10168997,-2.305754699,Medium,High,0.004761558,1.180198953,1.189722069,9,-9.174047176,-3.984603889,CIAT-9177,52.8,60.12,14.95,15.84,category_1b
26.43017577,-9.242394885,Medium,High,-0.299439877,1.761367986,1.162488232,10,-30.71675214,-25.25418196,CIAT-7759,56.38,66.8,17.9,19.08,category_1b
27.74811693,-7.285409804,Medium,High,-0.213617685,1.464693375,1.037458006,11,-18.8013238,-13.00010406,CIAT-22768,55.37,63.39,16.26833333,17.21333333,category_1b
21.62817235,-16.37279597,Medium,High,-0.612138559,1.856199461,0.631922342,12,-4.208271117,-8.317295718,CIAT-21037,60.06,67.89,14.27,16.5,category_1b
24.86430509,-11.56752567,Medium,High,-0.401406839,1.322011157,0.51919748,13,-2.893800984,-12.32175332,CIAT-7813,57.58,61.75,14.09,17.11,category_1b
68.72173312,53.5555125,Low,Not High,2.454517809,-0.431066092,2.454517809,1,26.2436203,25.55647676,ILRI-2273-27,23.97,41.6,10.1,11.34,category_2
65.74657882,49.137764,Low,Not High,2.260780582,-0.411055781,2.260780582,2,29.82190011,27.91976321,CIAT-17896,26.25,41.83,9.61,10.98,category_2
59.74407454,40.22476264,Low,Not High,1.869907229,-0.248363252,1.869907229,3,9.447613045,12.49275443,CIAT-8886,30.85,43.7,12.4,13.33,category_2
59.67882993,40.12788219,Low,Not High,1.865658606,-0.662489689,1.865658606,4,18.13772115,15.11862826,CIAT-13268,30.9,38.94,11.21,12.93,category_2
59.62663424,40.05037783,Low,Not High,1.862259707,-0.628559162,1.862259707,5,22.51928826,30.21740282,CIAT-17519,30.94,39.33,10.61,10.63,category_2
59.33955795,39.62410386,Low,Not High,1.843565764,0.405016904,1.843565764,6,23.83375839,24.37483354,CIAT-7227,31.16,51.21,10.43,11.52,category_2
58.26954631,38.03526448,Low,Not High,1.773888341,-0.325794456,1.773888341,7,63.77904522,40.78654501,CIAT-17000,31.98,42.81,4.96,9.02,category_2
57.93027433,37.53148615,Low,Not High,1.751795499,-0.585058486,1.751795499,8,11.6383966,19.51696694,CIAT-15008,32.24,39.83,12.1,12.26,category_2
57.56490451,36.98895563,Low,Not High,1.728003208,-0.151791751,1.728003208,9,4.554863105,6.059363532,CIAT-19667,32.52,44.81,13.07,14.31,category_2
57.14733899,36.36892075,Low,Not High,1.700812018,-0.449336376,1.700812018,10,10.17787423,12.23016705,CIAT-350,32.84,41.39,12.3,13.37,category_2
57.13429007,36.34954466,Low,Not High,1.699962294,0.500718391,1.699962294,11,-13.70166652,-10.1554074,CIAT-989,32.85,52.31,15.57,16.78,category_2
56.20781658,34.97384228,Low,Not High,1.639631841,-0.210082657,1.639631841,12,10.4699787,10.19511482,CIAT-23761,33.56,44.14,12.26,13.68,category_2
55.8685446,34.47006394,Low,Not High,1.617539,0.671241042,1.617539,13,-3.185905458,0.676322169,CIAT-19421,33.82,54.27,14.13,15.13,category_2
55.38573447,33.75314861,Low,Not High,1.586099187,0.923544964,1.586099187,14,-5.887871843,-10.94316955,CIAT-18848,34.19,57.17,14.5,16.9,category_2
54.70719051,32.74559194,Low,Not High,1.541913503,0.643400609,1.541913503,15,-17.27994633,-15.93232984,CIAT-7339,34.71,53.95,16.06,17.66,category_2
53.97645086,31.6605309,Low,Not High,1.494328921,0.038741211,1.494328921,16,3.970654157,10.98287697,CIAT-15474,35.27,47,13.15,13.56,category_2
53.10217306,30.36233288,Low,Not High,1.437397368,-0.284033807,1.437397368,17,9.374586926,12.42710758,CIAT-13158,35.94,43.29,12.41,13.34,category_2
52.60631401,29.62604146,Low,Not High,1.40510783,-1.402001184,1.40510783,18,13.82918016,15.90639042,CIAT-9578,36.32,30.44,11.8,12.81,category_2
52.60631401,29.62604146,Low,Not High,1.40510783,-0.730350744,1.40510783,18,23.03047109,16.75979941,CIAT-18123,36.32,38.16,10.54,12.68,category_2
51.56240022,28.07595427,Low,Not High,1.337129855,0.487668189,1.337129855,20,-2.163539798,-1.358730054,CIAT-24360,37.12,52.16,13.99,15.44,category_2
51.53630238,28.03720209,Low,Not High,1.335430406,0.759982421,1.335430406,21,-0.776043547,-2.277785896,CIAT-21031,37.14,55.29,13.8,15.58,category_2
51.53630238,28.03720209,Low,Not High,1.335430406,0.0509214,1.335430406,21,9.228534689,12.75534181,CIAT-20927,37.14,47.14,12.43,13.29,category_2
50.70117135,26.79713234,Low,Not High,1.281048027,0.087461968,1.281048027,23,3.167366853,7.700534679,CIAT-15799,37.78,47.56,13.26,14.06,category_2
50.17921445,26.02208874,Low,Not High,1.247059039,0.13009263,1.247059039,24,-14.94311054,-12.84692808,CIAT-7292,38.18,48.05,15.74,17.19,category_2
50.15311661,25.98333656,Low,Not High,1.24535959,-0.349284821,1.24535959,25,-10.41549119,-9.56458579,CIAT-9170,38.2,42.54,15.12,16.69,category_2
50.06177415,25.84770393,Low,Not High,1.239411517,-0.217912779,1.239411517,26,18.57587786,21.81460655,CIAT-11998,38.27,44.05,11.15,11.91,category_2
49.98348062,25.73144739,Low,Not High,1.234313169,-0.853892664,1.234313169,27,8.352221267,18.33532371,CIAT-25156,38.33,36.74,12.55,12.44,category_2
49.65725756,25.24704515,Low,Not High,1.213070052,0.406756931,1.213070052,28,2.071975075,-7.989061489,CIAT-18813,38.58,51.23,13.41,16.45,category_2
48.63944162,23.73571013,Low,Not High,1.146791527,0.853073868,1.146791527,29,-1.433278613,-0.702261595,CIAT-20298,39.36,56.36,13.89,15.34,category_2
48.54809916,23.6000775,Low,Not High,1.140843454,-0.391915483,1.140843454,30,9.6666914,15.38121565,CIAT-18658,39.43,42.05,12.37,12.89,category_2
48.14358257,22.99941872,Low,Not High,1.114501989,0.509418527,1.114501989,31,-3.989192761,-12.91257493,CIAT-19139,39.74,52.41,14.24,17.2,category_2
47.9869955,22.76690564,Low,Not High,1.104305293,0.96965568,1.104305293,32,8.936430215,3.302196004,CIAT-21565,39.86,57.7,12.47,14.73,category_2
47.72601705,22.37938384,Low,Not High,1.0873108,-0.725130663,1.0873108,33,16.7502249,21.02684439,CIAT-2613,40.06,38.22,11.4,12.03,category_2
47.56942998,22.14687076,Low,Not High,1.077114104,0.872214166,1.077114104,34,-3.039853221,-1.555670591,CIAT-19119,40.18,56.58,14.11,15.47,category_2
47.30845154,21.75934896,Low,Not High,1.06011961,-0.08741075,1.06011961,35,-0.556965191,4.155605001,CIAT-15470,40.38,45.55,13.77,14.6,category_2
47.04747309,21.37182717,Low,Not High,1.043125116,-1.395041076,1.043125116,36,17.18838161,12.29581389,CIAT-4028,40.58,30.52,11.34,13.36,category_2
46.86478818,21.10056191,Low,Not High,1.031228971,0.415457066,1.031228971,37,4.408810868,2.054905932,CIAT-22520,40.72,51.33,13.09,14.92,category_2
46.59076081,20.69366402,Low,Not High,1.013384753,0.889614436,1.013384753,38,5.942359356,5.796776148,CIAT-24104,40.93,56.78,12.88,14.35,category_2
46.51246727,20.57740748,Low,Not High,1.008286404,0.608600068,1.008286404,39,3.094340734,5.140307689,CIAT-25516,40.99,53.55,13.27,14.45,category_2
46.42112482,20.44177485,Low,Not High,1.002338332,-0.552867985,1.002338332,40,7.548933964,15.90639042,CIAT-15234,41.06,40.2,12.66,12.81,category_2
46.32978236,20.30614222,Low,Not High,0.996390259,0.977485802,0.996390259,41,5.942359356,2.645727545,CIAT-7746,41.13,57.79,12.88,14.83,category_2
46.32978236,20.30614222,Low,Not High,0.996390259,0.039611224,0.996390259,41,2.583157905,2.842668083,CIAT-15561,41.13,47.01,13.34,14.8,category_2
45.82087439,19.55047471,Low,Not High,0.963250996,0.541609027,0.963250996,43,-5.449715132,-6.479184033,CIAT-887,41.52,52.78,14.44,16.22,category_2
45.80782547,19.53109862,Low,Not High,0.962401272,1.054917006,0.962401272,44,-11.72996132,-4.706719194,CIAT-18850,41.53,58.68,15.3,15.95,category_2
45.66428732,19.31796164,Low,Not High,0.9530543,-1.116636748,0.9530543,45,19.08706069,18.07273633,CIAT-21849,41.64,33.72,11.08,12.48,category_2
45.62514055,19.25983337,Low,Not High,0.950505126,1.003586208,0.950505126,46,-0.11880848,-0.767908441,CIAT-22915,41.67,58.09,13.71,15.35,category_2
45.52074917,19.10482465,Low,Not High,0.943707329,0.73736207,0.943707329,47,-9.46615165,-8.12035518,CIAT-20589,41.75,55.03,14.99,16.47,category_2
45.06403689,18.4266615,Low,Not High,0.913966965,0.887004396,0.913966965,48,-28.08781187,-24.00689189,CIAT-5124,42.1,56.75,17.54,18.89,category_2
44.95964551,18.27165278,Low,Not High,0.907169168,-0.874772989,0.907169168,49,-24.36347983,-21.51231174,CIAT-3522,42.18,36.5,17.03,18.51,category_2
44.81610737,18.05851579,Low,Not High,0.897822196,-0.201382522,0.897822196,50,2.510131786,6.978419374,CIAT-20646,42.29,44.24,13.35,14.17,category_2
44.75086276,17.96163534,Low,Not High,0.893573573,0.322365619,0.893573573,51,-5.01155842,-5.757068728,CIAT-8156,42.34,50.26,14.38,16.11,category_2
44.73781383,17.94225925,Low,Not High,0.892723848,-1.403741211,0.892723848,52,6.526568304,7.241006758,CIAT-17892,42.35,30.42,12.8,14.13,category_2
44.63342245,17.78725053,Low,Not High,0.885926051,-0.322314402,0.885926051,53,0.684478823,-6.544830879,CIAT-13575,42.43,42.85,13.6,16.23,category_2
44.63342245,17.78725053,Low,Not High,0.885926051,0.544219068,0.885926051,53,0.830531061,1.857965395,CIAT-13149,42.43,52.81,13.58,14.95,category_2
44.39854185,17.43848091,Low,Not High,0.870631006,0.795652976,0.870631006,55,-0.776043547,-4.903659732,CIAT-20803,42.61,55.7,13.8,15.98,category_2
44.24195478,17.20596784,Low,Not High,0.86043431,-0.336234618,0.86043431,56,12.87984062,10.72028959,CIAT-18127,42.73,42.69,11.93,13.6,category_2
43.87658496,16.66343732,Low,Not High,0.836642019,-1.991000339,0.836642019,57,13.09891897,15.97203726,CIAT-1011,43.01,23.67,11.9,12.8,category_2
43.79829142,16.54718078,Low,Not High,0.831543671,0.5720595,0.831543671,58,0.538426586,-0.242733674,CIAT-15121,43.07,53.13,13.62,15.27,category_2
43.7852425,16.52780469,Low,Not High,0.830693946,-0.436286173,0.830693946,59,13.02589285,10.19511482,CIAT-18126,43.08,41.54,11.91,13.68,category_2
43.70694897,16.41154815,Low,Not High,0.825595598,0.445907539,0.825595598,60,0.830531061,0.741969015,CIAT-22754,43.14,51.68,13.58,15.12,category_2
43.61560651,16.27591552,Low,Not High,0.819647526,0.72257184,0.819647526,61,-11.43785685,-15.21021454,CIAT-19138,43.21,54.86,15.26,17.55,category_2
43.60255759,16.25653943,Low,Not High,0.818797801,0.87830426,0.818797801,62,3.459471327,3.69607708,CIAT-15086,43.22,56.65,13.22,14.67,category_2
43.58950867,16.23716334,Low,Not High,0.817948076,0.862644017,0.817948076,63,-26.70031562,-21.57795859,CIAT-9349,43.23,56.47,17.35,18.52,category_2
43.56341082,16.19841116,Low,Not High,0.816248627,0.420677147,0.816248627,64,18.06469503,9.472999518,CIAT-415,43.25,51.39,11.22,13.79,category_2
43.40682375,15.96589808,Low,Not High,0.806051931,-0.124821332,0.806051931,65,-2.60169651,3.893017617,CIAT-9900,43.37,45.12,14.05,14.64,category_2
43.27633453,15.77213718,Low,Not High,0.797554684,0.541609027,0.797554684,66,8.71735186,8.291356292,CIAT-25254,43.47,52.78,12.5,13.97,category_2
42.96316039,15.30711102,Low,Not High,0.777161292,0.717351759,0.777161292,67,6.599594423,8.225709446,CIAT-19537,43.71,54.8,12.79,13.98,category_2
42.76742656,15.01646968,Low,Not High,0.764415421,0.910494761,0.764415421,68,7.548933964,0.413734785,CIAT-7648,43.86,57.02,12.66,15.17,category_2
42.64998626,14.84208487,Low,Not High,0.756767899,0.410236985,0.756767899,69,-5.01155842,-4.378484965,CIAT-19673,43.95,51.27,14.38,15.9,category_2
42.64998626,14.84208487,Low,Not High,0.756767899,-1.251488844,0.756767899,69,10.4699787,10.65464274,CIAT-7799,43.95,32.17,12.26,13.61,category_2
42.63693733,14.82270878,Low,Not High,0.755918175,-1.612544456,0.755918175,71,8.936430215,9.669940056,CIAT-18631,43.96,28.02,12.47,13.76,category_2
42.50644811,14.62894788,Low,Not High,0.747420928,0.806963152,0.747420928,72,-1.506304732,-1.227436362,CIAT-715,44.06,55.83,13.9,15.42,category_2
41.97144229,13.83452819,Low,Not High,0.712582216,0.940075221,0.712582216,73,-20.34704331,-14.55374608,CIAT-7703,44.47,57.36,16.48,17.45,category_2
41.93229553,13.77639992,Low,Not High,0.710033042,1.147138439,0.710033042,74,-14.72403218,-16.19491722,CIAT-19118,44.5,59.74,15.71,17.7,category_2
41.91924661,13.75702383,Low,Not High,0.709183317,-0.260543441,0.709183317,75,-2.236565917,-1.555670591,CIAT-22475,44.51,43.56,14,15.47,category_2
41.91924661,13.75702383,Low,Not High,0.709183317,0.73997211,0.709183317,75,18.42982562,11.90193282,CIAT-12411,44.51,55.06,11.17,13.42,category_2
41.59302355,13.27262158,Low,Not High,0.6879402,-0.71208046,0.6879402,77,-5.230636776,-2.606020126,CIAT-438,44.76,38.37,14.41,15.63,category_2
41.5669257,13.23386941,Low,Not High,0.686240751,0.55726927,0.686240751,78,6.453542186,10.06382113,CIAT-12615,44.78,52.96,12.81,13.7,category_2
41.39728971,12.98198024,Low,Not High,0.67519433,0.266684754,0.67519433,79,-10.99970014,-13.56904339,CIAT-18862,44.91,49.62,15.2,17.3,category_2
41.26680049,12.78821934,Low,Not High,0.666697083,-1.47769236,0.666697083,80,11.49234436,12.36146074,CIAT-852,45.01,29.57,12.12,13.35,category_2
41.0971645,12.53633017,Low,Not High,0.655650663,-1.602104294,0.655650663,81,-23.04900969,-18.1643226,CIAT-9562,45.14,28.14,16.85,18,category_2
41.07106665,12.49757799,Low,Not High,0.653951213,-0.122211291,0.653951213,82,8.133142912,7.700534679,CIAT-5989,45.16,45.15,12.58,14.06,category_2
40.87533282,12.20693664,Low,Not High,0.641205343,0.524208756,0.641205343,83,5.650254882,7.634887833,CIAT-12485,45.31,52.58,12.92,14.07,category_2
40.81008821,12.11005619,Low,Not High,0.63695672,-0.024769777,0.63695672,84,12.14957943,12.49275443,CIAT-1992,45.36,46.27,12.03,13.33,category_2
40.6926479,11.93567138,Low,Not High,0.629309197,1.139308317,0.629309197,85,6.380516067,4.549486076,CIAT-955,45.45,59.65,12.82,14.54,category_2
40.66655006,11.8969192,Low,Not High,0.627609748,0.482448107,0.627609748,86,-1.068148021,-3.065548047,CIAT-15401,45.47,52.1,13.84,15.7,category_2
40.40557161,11.5093974,Low,Not High,0.610615255,0.40153685,0.610615255,87,-4.719453946,0.938909552,CIAT-18865,45.67,51.17,14.34,15.09,category_2
40.36642485,11.45126913,Low,Not High,0.60806608,1.095807641,0.60806608,88,3.094340734,-0.636614749,CIAT-19032,45.7,59.15,13.27,15.33,category_2
40.31422916,11.37376477,Low,Not High,0.604667182,0.572929514,0.604667182,89,10.03182199,9.144765289,CIAT-34347,45.74,53.14,12.32,13.84,category_2
40.11849532,11.08312343,Low,Not High,0.591921312,1.101027722,0.591921312,90,-4.281297235,-5.625775037,CIAT-5512,45.89,59.21,14.28,16.09,category_2
40.11849532,11.08312343,Low,Not High,0.591921312,0.540739013,0.591921312,90,10.17787423,1.267143782,CIAT-7894,45.89,52.77,12.3,15.04,category_2
40.07934855,11.02499516,Low,Not High,0.589372138,0.505938473,0.589372138,92,0.392374349,1.989259087,CIAT-822,45.92,52.37,13.64,14.93,category_2
40.05325071,10.98624298,Low,Not High,0.587672688,0.473747972,0.587672688,93,-1.287226376,-0.242733674,CIAT-25522,45.94,52,13.87,15.27,category_2
39.9880061,10.88936253,Low,Not High,0.583424065,-0.577228364,0.583424065,94,7.25682949,5.271601381,CIAT-19228,45.99,39.92,12.7,14.43,category_2
39.81837011,10.63747336,Low,Not High,0.572377644,1.104507776,0.572377644,95,-10.78062178,-18.29561629,CIAT-11194,46.12,59.25,15.17,18.02,category_2
39.63568519,10.3662081,Low,Not High,0.560481498,-0.831272313,0.560481498,96,2.364079549,4.877720306,CIAT-19819,46.26,37,13.37,14.49,category_2
39.62263627,10.34683201,Low,Not High,0.559631774,-0.364945064,0.559631774,97,1.560792246,-3.065548047,CIAT-32246,46.27,42.36,13.48,15.7,category_2
39.57044058,10.26932765,Low,Not High,0.556232875,-0.359724983,0.556232875,98,11.56537048,9.079118443,CIAT-997,46.31,42.42,12.11,13.85,category_2
39.55739166,10.24995156,Low,Not High,0.55538315,1.078407371,0.55538315,99,-14.72403218,-15.53844877,CIAT-1257,46.32,58.95,15.71,17.6,category_2
39.51824489,10.19182329,Low,Not High,0.552833976,-0.126561359,0.552833976,100,10.68905706,18.86049848,CIAT-12758,46.35,45.1,12.23,12.36,category_2
39.4660492,10.11431893,Low,Not High,0.549435078,-0.709470419,0.549435078,101,0.246322112,-7.070005646,CIAT-13609,46.39,38.4,13.66,16.31,category_2
39.17897291,9.688044953,Low,Not High,0.530741135,1.04360683,0.530741135,102,5.212098171,-6.676124571,CIAT-11999,46.61,58.55,12.98,16.25,category_2
39.06153261,9.513660143,Low,Not High,0.523093613,0.097032117,0.523093613,103,7.25682949,5.205954535,CIAT-506,46.7,47.67,12.7,14.44,category_2
39.04848369,9.494284053,Low,Not High,0.522243888,1.159318628,0.522243888,104,6.380516067,8.225709446,CIAT-9350,46.71,59.88,12.82,13.98,category_2
38.83970093,9.184266615,Low,Not High,0.508648293,0.915714842,0.508648293,105,3.094340734,1.726671703,CIAT-5277,46.87,57.08,13.27,14.97,category_2
38.77445632,9.087386165,Low,Not High,0.50439967,0.335415822,0.50439967,106,5.650254882,5.599835611,CIAT-24565,46.92,50.41,12.92,14.38,category_2
38.65701602,8.913001356,Low,Not High,0.496752147,0.454607675,0.496752147,107,6.964725016,0.873262706,CIAT-7395,47.01,51.78,12.74,15.1,category_2
38.57872248,8.796744817,Low,Not High,0.491653799,1.006196248,0.491653799,108,-5.741819606,-0.374027365,CIAT-24024,47.07,58.12,14.48,15.29,category_2
38.43518434,8.583607828,Low,Not High,0.482306828,0.464177823,0.482306828,109,-1.506304732,-0.439674211,CIAT-5735,47.18,51.89,13.9,15.3,category_2
38.36993973,8.486727378,Low,Not High,0.478058205,-0.383215348,0.478058205,110,3.459471327,2.383140162,CIAT-21951,47.23,42.15,13.22,14.87,category_2
38.34384188,8.447975199,Low,Not High,0.476358755,-1.214078263,0.476358755,111,1.779870601,6.518891453,CIAT-18521,47.25,32.6,13.45,14.24,category_2
38.33079296,8.428599109,Low,Not High,0.47550903,-1.482042428,0.47550903,112,-6.472080791,1.923612241,CIAT-21134,47.26,29.52,14.58,14.94,category_2
38.25249942,8.312342569,Low,Not High,0.470410682,0.164893171,0.470410682,113,11.85747496,15.51250934,CIAT-11624,47.32,48.45,12.07,12.87,category_2
38.20030373,8.23483821,Low,Not High,0.467011784,0.56944946,0.467011784,114,-10.48851731,-17.83608837,CIAT-21128,47.36,53.1,15.13,17.95,category_2
38.14810805,8.15733385,Low,Not High,0.463612885,0.35716616,0.463612885,115,6.526568304,1.989259087,CIAT-5657,47.4,50.66,12.8,14.93,category_2
38.06981451,8.041077311,Low,Not High,0.458514537,0.826973463,0.458514537,116,3.094340734,1.332790628,CIAT-798,47.46,56.06,13.27,15.03,category_2
38.05676559,8.021701221,Low,Not High,0.457664812,1.024466532,0.457664812,117,-11.58390909,-19.80549375,CIAT-18044,47.47,58.33,15.28,18.25,category_2
38.01761882,7.963572951,Low,Not High,0.455115638,-0.030859871,0.455115638,118,2.218027312,2.448787008,CIAT-15816,47.5,46.2,13.39,14.86,category_2
38.01761882,7.963572951,Low,Not High,0.455115638,-0.819092123,0.455115638,118,12.4416839,7.04406622,CIAT-8589,47.5,37.14,11.99,14.16,category_2
37.93932529,7.847316412,Low,Not High,0.45001729,0.866994085,0.45001729,120,7.621960082,3.893017617,CIAT-8772,47.56,56.52,12.65,14.64,category_2
37.78273822,7.614803333,Low,Not High,0.439820594,0.764332489,0.439820594,121,5.796307119,5.205954535,CIAT-34038,47.68,55.34,12.9,14.44,category_2
37.67834684,7.459794613,Low,Not High,0.433022797,-0.480656863,0.433022797,122,3.897628038,2.5800807,CIAT-907,47.76,41.03,13.16,14.84,category_2
37.63920007,7.401666344,Low,Not High,0.430473622,-0.437156187,0.430473622,123,4.481836986,5.731129302,CIAT-5599,47.79,41.53,13.08,14.36,category_2
37.61310223,7.362914164,Low,Not High,0.428774173,0.505068459,0.428774173,124,-13.40956205,-5.363187653,CIAT-19867,47.81,52.36,15.53,16.05,category_2
37.49566193,7.188529355,Low,Not High,0.421126651,-0.727740703,0.421126651,125,1.268687772,6.518891453,CIAT-24004,47.9,38.19,13.52,14.24,category_2
36.93455827,6.355357489,Low,Not High,0.38458849,-0.174412103,0.38458849,126,23.54165392,12.09887335,CIAT-9740,48.33,44.55,10.47,13.39,category_2
36.80406904,6.16159659,Low,Not High,0.376091243,1.019246451,0.376091243,127,6.818672779,7.897475217,CIAT-12184,48.43,58.27,12.76,14.03,category_2
36.72577551,6.04534005,Low,Not High,0.370992895,0.578149595,0.370992895,128,-11.80298744,-15.47280192,CIAT-19137,48.49,53.2,15.31,17.59,category_2
36.72577551,6.04534005,Low,Not High,0.370992895,0.373696417,0.370992895,128,9.228534689,3.827370772,CIAT-9531,48.49,50.85,12.43,14.65,category_2
36.68662874,5.987211781,Low,Not High,0.368443721,0.761722448,0.368443721,130,7.914064556,1.792318549,CIAT-7318,48.52,55.31,12.61,14.96,category_2
36.6605309,5.948459601,Low,Not High,0.366744272,-0.958294287,0.366744272,131,3.240392971,5.599835611,CIAT-18633,48.54,35.54,13.25,14.38,category_2
36.56918844,5.812826972,Low,Not High,0.360796199,-0.042170047,0.360796199,132,4.189732512,7.700534679,CIAT-15285,48.61,46.07,13.12,14.06,category_2
36.55613952,5.793450882,Low,Not High,0.359946474,-0.22313286,0.359946474,133,3.532497445,3.36784285,CIAT-5733,48.62,43.99,13.21,14.72,category_2
36.49089491,5.696570432,Low,Not High,0.355697851,-0.231832995,0.355697851,134,1.560792246,6.518891453,CIAT-15150,48.67,43.89,13.48,14.24,category_2
36.46479706,5.657818252,Low,Not High,0.353998401,-0.690330122,0.353998401,135,17.91864279,13.80569135,CIAT-778,48.69,38.62,11.24,13.13,category_2
36.22991646,5.309048634,Low,Not High,0.338703357,0.456347702,0.338703357,136,0.611452705,-1.883904821,CIAT-8202,48.87,51.8,13.61,15.52,category_2
36.04723155,5.037783375,Low,Not High,0.326807212,0.022210954,0.326807212,137,-10.92667402,-16.06362353,CIAT-19128,49.01,46.81,15.19,17.68,category_2
35.87759556,4.785894207,Low,Not High,0.315760791,0.550309162,0.315760791,138,6.015385475,0.545028477,CIAT-5749,49.14,52.88,12.87,15.15,category_2
35.82539987,4.708389847,Low,Not High,0.312361892,0.291045132,0.312361892,139,-16.18455455,-20.00243429,CIAT-19129,49.18,49.9,15.91,18.28,category_2
35.74710633,4.592133307,Low,Not High,0.307263544,0.191863591,0.307263544,140,-13.04443146,-17.90173522,CIAT-19127,49.24,48.76,15.48,17.96,category_2
35.64271495,4.437124588,Low,Not High,0.300465747,0.861774004,0.300465747,141,-4.208271117,-3.196841739,CIAT-43055,49.32,56.46,14.27,15.72,category_2
35.60356819,4.378996319,Low,Not High,0.297916572,-0.416275862,0.297916572,142,7.768012319,6.059363532,CIAT-8539,49.35,41.77,12.63,14.31,category_2
35.59051926,4.359620229,Low,Not High,0.297066848,0.913974815,0.297066848,143,-4.719453946,-6.873065109,CIAT-20044,49.36,57.06,14.34,16.28,category_2
35.5513725,4.301491959,Low,Not High,0.294517674,0.555529243,0.294517674,144,10.76208318,10.19511482,CIAT-12686,49.39,52.94,12.22,13.68,category_2
35.36868758,4.0302267,Low,Not High,0.282621528,-0.862592799,0.282621528,145,7.621960082,8.422649984,CIAT-5984,49.53,36.64,12.65,13.95,category_2
35.34258974,3.99147452,Low,Not High,0.280922079,0.360646214,0.280922079,146,8.571299623,10.85158328,CIAT-10634,49.55,50.7,12.52,13.58,category_2
35.31649189,3.952722341,Low,Not High,0.27922263,0.178813388,0.27922263,147,7.402881727,7.37230045,CIAT-18260,49.57,48.61,12.68,14.11,category_2
35.15990483,3.720209262,Low,Not High,0.269025933,1.114947939,0.269025933,148,5.577228764,4.286898693,CIAT-12462,49.69,59.37,12.93,14.58,category_2
35.08161129,3.603952722,Low,Not High,0.263927585,0.869604125,0.263927585,149,7.694986201,8.225709446,CIAT-12311,49.75,56.55,12.64,13.98,category_2
35.01636668,3.507072273,Low,Not High,0.259678962,0.003070656,0.259678962,150,0.319348231,2.645727545,CIAT-5217,49.8,46.59,13.65,14.83,category_2
34.93807315,3.390815733,Medium,Not High,0.254580614,-0.749491041,0.254580614,151,-2.163539798,-2.802960663,CIAT-398,49.86,37.94,13.99,15.66,category_2
34.9119753,3.352063554,Medium,Not High,0.252881164,-0.355374915,0.252881164,152,-2.236565917,1.792318549,CIAT-25124,49.88,42.47,14,14.96,category_2
34.83368177,3.235807014,Medium,Not High,0.247782816,1.159318628,0.247782816,153,-9.977334479,-12.64998755,CIAT-18708,49.94,59.88,15.06,17.16,category_2
34.82063284,3.216430924,Medium,Not High,0.246933092,-0.98613472,0.246933092,154,-2.966827102,-2.868607509,CIAT-17334,49.95,35.22,14.1,15.67,category_2
34.78148608,3.158302655,Medium,Not High,0.244383918,-1.137517073,0.244383918,155,12.14957943,14.52780665,CIAT-18954,49.98,33.48,12.03,13.02,category_2
34.72929039,3.080798295,Medium,Not High,0.240985019,-0.453686444,0.240985019,156,10.8351093,17.15368049,CIAT-11417,50.02,41.34,12.21,12.62,category_2
34.72059111,3.067880902,Medium,Not High,0.240418536,0.893964504,0.240418536,157,-0.873411705,-0.461556493,CIAT-712,50.02666667,56.83,13.81333333,15.30333333,category_2
34.59880116,2.887037396,Medium,Not High,0.232487772,-0.969604463,0.232487772,158,3.897628038,6.387597761,CIAT-5172,50.12,35.41,13.16,14.26,category_2
34.49440979,2.732028677,Medium,Not High,0.225689975,-0.594628634,0.225689975,159,-0.045782362,2.317493316,CIAT-25102,50.2,39.72,13.7,14.88,category_2
34.42916517,2.635148227,Medium,Not High,0.221441351,-0.168322008,0.221441351,160,2.364079549,3.564783388,CIAT-5196,50.25,44.62,13.37,14.69,category_2
34.41611625,2.615772137,Medium,Not High,0.220591627,0.86090399,0.220591627,161,9.593665282,2.908314929,CIAT-416,50.26,56.45,12.38,14.79,category_2
34.29867595,2.441387328,Medium,Not High,0.212944105,-0.230092968,0.212944105,162,0.027243757,0.741969015,CIAT-5236,50.35,43.91,13.69,15.12,category_2
34.1551378,2.228250339,Medium,Not High,0.203597133,0.806963152,0.203597133,163,5.869333238,6.650185145,CIAT-11220,50.46,55.83,12.89,14.22,category_2
34.14208888,2.208874249,Medium,Not High,0.202747408,0.89309449,0.202747408,164,9.009456334,2.054905932,CIAT-11162,50.47,56.82,12.46,14.92,category_2
34.11599104,2.170122069,Medium,Not High,0.201047959,-0.136131508,0.201047959,165,3.532497445,0.741969015,CIAT-19445,50.49,44.99,13.21,15.12,category_2
34.05074643,2.07324162,Medium,Not High,0.196799336,-1.075746113,0.196799336,166,1.998948957,6.978419374,CIAT-15154,50.54,34.19,13.42,14.17,category_2
34.05074643,2.07324162,Medium,Not High,0.196799336,-0.022159736,0.196799336,166,12.36865779,16.49721203,CIAT-9337,50.54,46.3,12,12.72,category_2
33.98550181,1.97636117,Medium,Not High,0.192550712,-0.413665822,0.192550712,168,3.094340734,3.827370772,CIAT-5121,50.59,41.8,13.27,14.65,category_2
33.78976798,1.685719822,Medium,Not High,0.179804842,-0.109161088,0.179804842,169,10.4699787,9.407352672,CIAT-10613,50.74,45.3,12.26,13.8,category_2
33.48964276,1.240069754,Medium,Not High,0.160261174,-0.015199628,0.160261174,170,-6.326028554,-2.606020126,CIAT-25113,50.97,46.38,14.56,15.63,category_2
33.46354492,1.201317574,Medium,Not High,0.158561725,0.138792766,0.158561725,171,9.155508571,9.801233747,CIAT-12710,50.99,48.15,12.44,13.74,category_2
33.39830031,1.104437125,Medium,Not High,0.154313102,-0.86520284,0.154313102,172,1.925922838,3.761723926,CIAT-15024,51.04,36.61,13.43,14.66,category_2
33.35915354,1.046308855,Medium,Not High,0.151763928,0.758242394,0.151763928,173,7.402881727,7.897475217,CIAT-12202,51.07,55.27,12.68,14.03,category_2
33.25476216,0.891300136,Medium,Not High,0.14496613,-1.017455207,0.14496613,174,21.86205319,18.92614533,CIAT-22055,51.15,34.86,10.7,12.35,category_2
33.16341971,0.755667506,Medium,Not High,0.139018057,0.091812035,0.139018057,175,17.18838161,5.205954535,CIAT-32265,51.22,47.61,11.34,14.44,category_2
33.16341971,0.755667506,Medium,Not High,0.139018057,-0.617248986,0.139018057,175,9.301560808,5.205954535,CIAT-18277,51.22,39.46,12.42,14.44,category_2
33.11122402,0.678163147,Medium,Not High,0.135619159,-0.365815078,0.135619159,177,-6.910237502,-4.575425502,CIAT-8512,51.26,42.35,14.64,15.93,category_2
33.01988156,0.542530517,Medium,Not High,0.129671086,-0.630299189,0.129671086,178,-1.360252495,8.619590521,CIAT-18953,51.33,39.31,13.88,13.92,category_2
32.91549018,0.387521798,Medium,Not High,0.122873289,-0.273593644,0.122873289,179,-8.808916583,-6.741771417,CIAT-25213,51.41,43.41,14.9,16.26,category_2
32.91385907,0.385099787,Medium,Not High,0.122767073,1.094393869,0.122767073,180,-13.23612502,-11.12369838,CIAT-17462,51.41125,59.13375,15.50625,16.9275,category_2
32.85024557,0.290641349,Medium,Not High,0.118624665,-1.225388439,0.118624665,181,7.841038438,9.407352672,CIAT-18952,51.46,32.47,12.62,13.8,category_2
32.65451173,0,Medium,Not High,0.105878795,-0.374515213,0.105878795,182,17.5535122,12.62404812,CIAT-10026,51.61,42.25,11.29,13.31,category_2
32.60231604,-0.07750436,Medium,Not High,0.102479896,-2.360756086,0.102479896,183,7.987090675,13.21486973,CIAT-1812,51.65,19.42,12.6,13.22,category_2
32.47182682,-0.271265259,Medium,Not High,0.093982649,-0.621599054,0.093982649,184,3.386445208,2.973961775,CIAT-7739,51.75,39.41,13.23,14.78,category_2
32.41963113,-0.348769618,Medium,Not High,0.090583751,-1.904869,0.090583751,185,8.133142912,8.028768908,CIAT-18497,51.79,24.66,12.58,14.01,category_2
32.32828868,-0.484402248,Medium,Not High,0.084635678,-0.207472617,0.084635678,186,-1.725383087,-2.868607509,CIAT-508,51.86,44.17,13.93,15.67,category_2
32.28914191,-0.542530517,Medium,Not High,0.082086504,0.571189487,0.082086504,187,-5.741819606,-3.590722814,CIAT-17570,51.89,53.12,14.48,15.78,category_2
32.24999514,-0.600658787,Medium,Not High,0.07953733,1.035776708,0.07953733,188,2.80223626,-2.146492204,CIAT-20820,51.92,58.46,13.31,15.56,category_2
31.936821,-1.065684945,Medium,Not High,0.059143938,1.006196248,0.059143938,189,6.964725016,5.468541919,CIAT-1467,52.16,58.12,12.74,14.4,category_2
31.79328286,-1.278821934,Medium,Not High,0.049796966,0.898314571,0.049796966,190,-2.163539798,-11.33705063,CIAT-12318,52.27,56.88,13.99,16.96,category_2
31.79328286,-1.278821934,Medium,Not High,0.049796966,-0.283163793,0.049796966,190,-6.399054672,-4.378484965,CIAT-442,52.27,43.3,14.57,15.9,category_2
31.76718501,-1.317574114,Medium,Not High,0.048097517,1.133218223,0.048097517,192,-33.27266628,-36.28285207,CIAT-9254,52.29,59.58,18.25,20.76,category_2
31.62364687,-1.530711102,Medium,Not High,0.038750545,-0.611158891,0.038750545,193,-3.770114406,-5.757068728,CIAT-5744,52.4,39.53,14.21,16.11,category_2
31.62364687,-1.530711102,Medium,Not High,0.038750545,-0.298824036,0.038750545,193,-7.202341976,-0.964848978,CIAT-18164,52.4,43.12,14.68,15.38,category_2
31.38876627,-1.879480721,Medium,Not High,0.023455501,-0.507627282,0.023455501,195,9.593665282,5.205954535,CIAT-7177,52.58,40.72,12.38,14.44,category_2
31.33657058,-1.95698508,Medium,Not High,0.020056602,-0.415405849,0.020056602,196,5.358150408,6.715831991,CIAT-1650,52.62,41.78,12.96,14.21,category_2
31.27132596,-2.05386553,Medium,Not High,0.015807979,-0.17876217,0.015807979,197,-2.893800984,-4.509778656,CIAT-5568,52.67,44.5,14.09,15.92,category_2
31.2321792,-2.1119938,Medium,Not High,0.013258805,-2.287674951,0.013258805,198,10.32392647,13.54310396,CIAT-8562,52.7,20.26,12.28,13.17,category_2
31.1147389,-2.286378609,Medium,Not High,0.005611283,0.583369676,0.005611283,199,0.173295994,-1.818257975,CIAT-7320,52.79,53.26,13.67,15.51,category_2
31.07559213,-2.344506879,Medium,Not High,0.003062109,0.438947431,0.003062109,200,6.453542186,7.503594141,CIAT-10639,52.82,51.6,12.81,14.09,category_2
31.03644536,-2.402635148,Medium,Not High,0.000512935,0.072671738,0.000512935,201,5.869333238,6.650185145,CIAT-10725,52.85,47.39,12.89,14.22,category_2
31.03644536,-2.402635148,Medium,Not High,0.000512935,-0.704250338,0.000512935,201,4.116706394,7.766181525,CIAT-25704,52.85,38.46,13.13,14.05,category_2
31.01034752,-2.441387328,Medium,Not High,-0.001186515,-0.118731237,-0.001186515,203,-1.725383087,-0.964848978,CIAT-827,52.87,45.19,13.93,15.38,category_2
30.9972986,-2.460763418,Medium,Not High,-0.002036239,-0.495447093,-0.002036239,204,3.459471327,6.518891453,CIAT-1964,52.88,40.86,13.22,14.24,category_2
30.9972986,-2.460763418,Medium,Not High,-0.002036239,-0.745140974,-0.002036239,204,15.43575476,13.14922289,CIAT-517,52.88,37.99,11.58,13.23,category_2
30.98424967,-2.480139508,Medium,Not High,-0.002885964,1.048826911,-0.002885964,206,1.34171389,-3.853310198,CIAT-20303,52.89,58.61,13.51,15.82,category_2
30.90595614,-2.596396047,Medium,Not High,-0.007984312,0.568579446,-0.007984312,207,7.621960082,8.028768908,CIAT-12115,52.95,53.09,12.65,14.01,category_2
30.81461368,-2.732028677,Medium,Not High,-0.013932385,0.759112408,-0.013932385,208,-5.960897961,-11.07446325,CIAT-18447,53.02,55.28,14.51,16.92,category_2
30.78851584,-2.770780856,Medium,Not High,-0.015631834,-0.434546146,-0.015631834,209,6.453542186,5.205954535,CIAT-7162,53.04,41.56,12.81,14.44,category_2
30.69717338,-2.906413486,Medium,Not High,-0.021579907,1.063617141,-0.021579907,210,-4.573401709,-1.949551667,CIAT-4495,53.11,58.78,14.32,15.53,category_2
30.67107554,-2.945165666,Medium,Not High,-0.023279356,-0.181372211,-0.023279356,211,3.31341909,3.236549158,CIAT-15444,53.13,44.47,13.24,14.74,category_2
30.592782,-3.061422205,Medium,Not High,-0.028377704,0.355426133,-0.028377704,212,8.936430215,5.468541919,CIAT-17969,53.19,50.64,12.47,14.4,category_2
30.57973308,-3.080798295,Medium,Not High,-0.029227429,-1.390691008,-0.029227429,213,1.998948957,7.37230045,CIAT-21475,53.2,30.57,13.42,14.11,category_2
30.46490256,-3.251307886,Medium,Not High,-0.036705006,0.901968628,-0.036705006,214,-10.75141134,-11.24514504,CIAT-17009,53.288,56.922,15.166,16.946,category_2
30.44924386,-3.274559194,Medium,Not High,-0.037724676,0.040481238,-0.037724676,215,9.6666914,9.341705826,CIAT-11313,53.3,47.02,12.37,13.81,category_2
30.26655894,-3.545824453,Medium,Not High,-0.049620821,0.873084179,-0.049620821,216,8.425247386,5.402895073,CIAT-22156,53.44,56.59,12.54,14.41,category_2
30.26655894,-3.545824453,Medium,Not High,-0.049620821,0.156193036,-0.049620821,216,0.100269875,2.777021237,CIAT-17210,53.44,48.35,13.68,14.81,category_2
30.20131433,-3.642704902,Medium,Not High,-0.053869445,-0.487616971,-0.053869445,218,10.98116153,10.32640851,CIAT-563,53.49,40.95,12.19,13.66,category_2
30.16216756,-3.700833172,Medium,Not High,-0.056418619,-0.257933401,-0.056418619,219,2.071975075,4.089958155,CIAT-966,53.52,43.59,13.41,14.61,category_2
30.14911864,-3.720209262,Medium,Not High,-0.057268344,1.05839706,-0.057268344,220,-0.849069665,-3.262488585,CIAT-18004,53.53,58.72,13.81,15.73,category_2
30.1230208,-3.758961442,Medium,Not High,-0.058967793,-0.059570318,-0.058967793,221,-0.11880848,-3.065548047,CIAT-19198,53.55,45.87,13.71,15.7,category_2
30.08387403,-3.817089711,Medium,Not High,-0.061516967,-0.384085362,-0.061516967,222,1.998948957,4.024311309,CIAT-7796,53.58,42.14,13.42,14.62,category_2
29.90118912,-4.08835497,Medium,Not High,-0.073413112,-0.738180866,-0.073413112,223,3.459471327,6.518891453,CIAT-33606,53.72,38.07,13.22,14.24,category_2
29.83594451,-4.185235419,Medium,Not High,-0.077661736,1.135828263,-0.077661736,224,0.538426586,-2.277785896,CIAT-9992,53.77,59.61,13.62,15.58,category_2
29.83594451,-4.185235419,Medium,Not High,-0.077661736,-1.237568628,-0.077661736,224,1.560792246,6.781478837,CIAT-15079,53.77,32.33,13.48,14.2,category_2
29.75765097,-4.301491959,Medium,Not High,-0.082760084,0.427637255,-0.082760084,226,-6.98326362,0.01985371,CIAT-17555,53.83,51.47,14.65,15.23,category_2
29.50972145,-4.669637667,Medium,Not High,-0.098904853,0.164023158,-0.098904853,227,-1.871435324,2.514433854,CIAT-24082,54.02,48.44,13.95,14.85,category_2
29.37923222,-4.863398566,Medium,Not High,-0.1074021,0.684291245,-0.1074021,228,1.633818364,1.13585009,CIAT-4862,54.12,54.42,13.47,15.06,category_2
29.3661833,-4.882774656,Medium,Not High,-0.108251824,0.294525186,-0.108251824,229,-23.99834923,-34.96991515,CIAT-8409,54.13,49.94,16.98,20.56,category_2
29.35313438,-4.902150746,Medium,Not High,-0.109101549,-0.070880493,-0.109101549,230,8.571299623,1.923612241,CIAT-33195,54.14,45.74,12.52,14.94,category_2
29.34008546,-4.921526836,Medium,Not High,-0.109951274,0.844373733,-0.109951274,231,3.459471327,3.36784285,CIAT-1475,54.15,56.26,13.22,14.72,category_2
29.30093869,-4.979655106,Medium,Not High,-0.112500448,1.157578601,-0.112500448,232,-12.53324863,-21.70925228,CIAT-18455,54.18,59.86,15.41,18.54,category_2
29.26179192,-5.037783375,Medium,Not High,-0.115049622,0.622520285,-0.115049622,233,-1.506304732,-3.32813543,CIAT-18068,54.21,53.71,13.9,15.74,category_2
28.83117748,-5.677194342,Medium,Not High,-0.143090536,-0.307524172,-0.143090536,234,-12.16811803,-1.883904821,CIAT-4042,54.54,43.02,15.36,15.52,category_2
28.59629688,-6.02596396,Medium,Not High,-0.15838558,-0.157881846,-0.15838558,235,-2.09051368,2.514433854,CIAT-5098,54.72,44.74,13.98,14.85,category_2
28.55715012,-6.08409223,Medium,Not High,-0.160934754,0.438077418,-0.160934754,236,4.627889223,5.993716686,CIAT-11215,54.75,51.59,13.06,14.32,category_2
28.54410119,-6.10346832,Medium,Not High,-0.161784479,0.262334686,-0.161784479,237,1.560792246,0.873262706,CIAT-17565,54.76,49.57,13.48,15.1,category_2
28.50495443,-6.16159659,Medium,Not High,-0.164333653,-0.190072346,-0.164333653,238,10.8351093,3.958664463,CIAT-14080,54.79,44.37,12.21,14.63,category_2
28.47885658,-6.20034877,Medium,Not High,-0.166033103,-0.04043002,-0.166033103,239,10.4699787,11.63934543,CIAT-11690,54.81,46.09,12.26,13.46,category_2
28.42666089,-6.277853129,Medium,Not High,-0.169432001,0.736492056,-0.169432001,240,-4.208271117,-4.312838119,CIAT-22692,54.85,55.02,14.27,15.89,category_2
28.36141628,-6.374733579,Medium,Not High,-0.173680625,0.766942529,-0.173680625,241,4.919993697,4.089958155,CIAT-12457,54.9,55.37,13.02,14.61,category_2
28.21787813,-6.587870568,Medium,Not High,-0.183027596,-2.044941178,-0.183027596,242,2.875262379,4.286898693,CIAT-7131,55.01,23.05,13.3,14.58,category_2
28.07433999,-6.801007557,Medium,Not High,-0.192374568,0.145752874,-0.192374568,243,-13.993771,-18.55820368,CIAT-19133,55.12,48.23,15.61,18.06,category_2
27.99604645,-6.917264096,Medium,Not High,-0.197472916,-0.965254395,-0.197472916,244,-0.62999131,3.499136542,CIAT-33636,55.18,35.46,13.78,14.7,category_2
27.98299753,-6.936640186,Medium,Not High,-0.19832264,-0.524157539,-0.19832264,245,-3.185905458,1.923612241,CIAT-7821,55.19,40.53,14.13,14.94,category_2
27.96342415,-6.965704321,Medium,Not High,-0.199597227,0.758677401,-0.199597227,246,-5.705306546,-2.671666972,CIAT-20692,55.205,55.275,14.475,15.64,category_2
27.94385076,-6.994768456,Medium,Not High,-0.200871814,1.09058756,-0.200871814,247,-11.43785685,-20.98713697,CIAT-17775,55.22,59.09,15.26,18.43,category_2
27.82641046,-7.169153265,Medium,Not High,-0.208519336,-0.294473969,-0.208519336,248,-4.06221888,3.039608621,CIAT-15349,55.31,43.17,14.25,14.77,category_2
27.81336154,-7.188529355,Medium,Not High,-0.209369061,-1.09488641,-0.209369061,249,-2.747748747,4.089958155,CIAT-33726,55.32,33.97,14.07,14.61,category_2
27.80031262,-7.207905445,Medium,Not High,-0.210218786,0.031781102,-0.210218786,250,14.55944134,10.19511482,CIAT-4537,55.33,46.92,11.7,13.68,category_2
27.64372555,-7.440418524,Medium,Not High,-0.220415482,-0.649439486,-0.220415482,251,-0.556965191,0.01985371,CIAT-326,55.45,39.09,13.77,15.23,category_2
27.61762771,-7.479170703,Medium,Not High,-0.222114931,-0.542427823,-0.222114931,252,-3.55103605,-2.737313817,CIAT-8702,55.47,40.32,14.18,15.65,category_2
27.53933417,-7.595427243,Medium,Not High,-0.227213279,-0.553737999,-0.227213279,253,3.240392971,4.089958155,CIAT-15055,55.53,40.19,13.25,14.61,category_2
27.47408956,-7.692307692,Medium,Not High,-0.231461903,-0.34406474,-0.231461903,254,0.903557179,1.661024857,CIAT-5325,55.58,42.6,13.57,14.98,category_2
27.44799172,-7.731059872,Medium,Not High,-0.233161352,0.213613929,-0.233161352,255,7.841038438,3.433489696,CIAT-9525,55.6,49.01,12.62,14.71,category_2
27.39579603,-7.808564232,Medium,Not High,-0.236560251,-1.731736309,-0.236560251,256,7.768012319,9.538646364,CIAT-8182,55.64,26.65,12.63,13.78,category_2
27.3827471,-7.827940322,Medium,Not High,-0.237409976,-0.164841954,-0.237409976,257,4.408810868,4.418192385,CIAT-590,55.65,44.66,13.09,14.56,category_2
27.23920896,-8.041077311,Medium,Not High,-0.246756947,0.565099392,-0.246756947,258,7.402881727,9.998174285,CIAT-8014,55.76,53.05,12.68,13.71,category_2
27.21311111,-8.07982949,Medium,Not High,-0.248456396,0.402406863,-0.248456396,259,6.088411593,6.059363532,CIAT-11778,55.78,51.18,12.86,14.31,category_2
27.20006219,-8.09920558,Medium,Not High,-0.249306121,-1.026155342,-0.249306121,260,3.021314616,6.190657224,CIAT-5504,55.79,34.76,13.28,14.29,category_2
27.16091542,-8.15733385,Medium,Not High,-0.251855295,-1.442891819,-0.251855295,261,7.621960082,7.831828371,CIAT-18632,55.82,29.97,12.65,14.04,category_2
27.13481758,-8.19608603,Medium,Not High,-0.253554744,0.369346349,-0.253554744,262,8.936430215,5.402895073,CIAT-2001,55.84,50.8,12.47,14.41,category_2
27.04347512,-8.331718659,Medium,Not High,-0.259502817,-1.922269271,-0.259502817,263,11.85747496,14.85604088,CIAT-7649,55.91,24.46,12.07,12.97,category_2
27.01737728,-8.370470839,Medium,Not High,-0.261202267,1.08797752,-0.261202267,264,0.173295994,-6.085302958,CIAT-958,55.93,59.06,13.67,16.16,category_2
26.80859452,-8.680488277,Medium,Not High,-0.274797861,-0.458906525,-0.274797861,265,-1.871435324,1.332790628,CIAT-15027,56.09,41.28,13.95,15.03,category_2
26.7955456,-8.699864367,Medium,Not High,-0.275647586,-0.012589587,-0.275647586,266,0.757504942,1.464084319,CIAT-5713,56.1,46.41,13.59,15.01,category_2
26.78249668,-8.719240457,Medium,Not High,-0.276497311,0.672111055,-0.276497311,267,1.414740009,-1.09614267,CIAT-34040,56.11,54.28,13.5,15.4,category_2
26.65200745,-8.913001356,Medium,Not High,-0.284994558,-0.250973293,-0.284994558,268,3.459471327,4.418192385,CIAT-22059,56.21,43.67,13.22,14.56,category_2
26.57371392,-9.029257896,Medium,Not High,-0.290092906,0.293655173,-0.290092906,269,1.560792246,0.216794248,CIAT-34042,56.27,49.93,13.48,15.2,category_2
26.45627362,-9.203642705,Medium,Not High,-0.297740428,0.748672245,-0.297740428,270,4.116706394,3.827370772,CIAT-12374,56.36,55.16,13.13,14.65,category_2
26.391029,-9.300523154,Medium,Not High,-0.301989051,-1.612544456,-0.301989051,271,19.74429576,17.67885525,CIAT-8808,56.41,28.02,10.99,12.54,category_2
26.36493116,-9.339275334,Medium,Not High,-0.303688501,-1.063565923,-0.303688501,272,9.228534689,8.1600626,CIAT-22080,56.43,34.33,12.43,13.99,category_2
26.26053978,-9.494284053,Medium,Not High,-0.310486298,-0.349284821,-0.310486298,273,10.10484811,10.52334905,CIAT-10627,56.51,42.54,12.31,13.63,category_2
26.1561484,-9.649292773,Medium,Not High,-0.317284095,-1.138387086,-0.317284095,274,-7.129315857,-1.09614267,CIAT-15039,56.59,33.47,14.67,15.4,category_2
26.13005056,-9.688044953,Medium,Not High,-0.318983545,0.647750677,-0.318983545,275,-9.393125531,-7.660827259,CIAT-9434,56.61,54,14.98,16.4,category_2
25.98651241,-9.901181941,Medium,Not High,-0.328330516,0.649490704,-0.328330516,276,-2.893800984,0.085500556,CIAT-34159,56.72,54.02,14.09,15.22,category_2
25.94736564,-9.959310211,Medium,Not High,-0.33087969,-0.767761325,-0.33087969,277,-8.078655398,-6.676124571,CIAT-17916,56.75,37.73,14.8,16.25,category_2
25.77772965,-10.21119938,Medium,Not High,-0.341926111,-0.799951826,-0.341926111,278,5.431176527,5.337248227,CIAT-15837,56.88,37.36,12.95,14.42,category_2
25.75163181,-10.24995156,Medium,Not High,-0.343625561,-0.290993915,-0.343625561,279,-4.427349472,-2.146492204,CIAT-5850,56.9,43.21,14.3,15.56,category_2
25.72553396,-10.28870374,Medium,Not High,-0.34532501,-1.764796823,-0.34532501,280,1.414740009,6.650185145,CIAT-330,56.92,26.27,13.5,14.22,category_2
25.63419151,-10.42433637,Medium,Not High,-0.351273083,0.599899933,-0.351273083,281,-0.922095784,-1.4243769,CIAT-21603,56.99,53.45,13.82,15.45,category_2
25.58199582,-10.50184073,Medium,Not High,-0.354671981,-1.120116802,-0.354671981,282,17.11535549,16.75979941,CIAT-4069,57.03,33.68,11.35,12.68,category_2
25.44280731,-10.70851902,Medium,Not High,-0.363735711,-0.896813331,-0.363735711,283,-15.45429337,-9.367645252,CIAT-15551,57.13666667,36.24666667,15.81,16.66,category_2
25.33406629,-10.86998644,Medium,Not High,-0.37081675,0.410236985,-0.37081675,284,-7.567472568,-8.44858941,CIAT-4986,57.22,51.27,14.73,16.52,category_2
25.33406629,-10.86998644,Medium,Not High,-0.37081675,0.605990028,-0.37081675,284,-17.20692021,-7.529533567,CIAT-32229,57.22,53.52,16.05,16.38,category_2
25.30796845,-10.90873862,Medium,Not High,-0.3725162,0.437207404,-0.3725162,286,10.39695259,9.60429321,CIAT-10440,57.24,51.58,12.27,13.77,category_2
25.25577276,-10.98624298,Medium,Not High,-0.375915098,0.129222617,-0.375915098,287,5.796307119,4.286898693,CIAT-11199,57.28,48.04,12.9,14.58,category_2
25.21662599,-11.04437125,Medium,Not High,-0.378464272,0.597289892,-0.378464272,288,-0.703017428,-3.131194893,CIAT-8384,57.31,53.42,13.79,15.71,category_2
25.19052815,-11.08312343,Medium,Not High,-0.380163722,-1.005275017,-0.380163722,289,3.386445208,5.337248227,CIAT-5484,57.33,35,13.23,14.42,category_2
25.12528354,-11.18000388,Medium,Not High,-0.384412345,0.046571332,-0.384412345,290,5.796307119,3.499136542,CIAT-9352,57.38,47.09,12.9,14.7,category_2
25.09918569,-11.21875606,Medium,Not High,-0.386111794,-1.166227519,-0.386111794,291,1.779870601,6.847125682,CIAT-15160,57.4,33.15,13.45,14.19,category_2
25.02089216,-11.33501259,Medium,Not High,-0.391210143,0.462437796,-0.391210143,292,5.504202645,5.468541919,CIAT-12381,57.46,51.87,12.94,14.4,category_2
24.91650078,-11.49002131,Medium,Not High,-0.39800794,-0.552867985,-0.39800794,293,-3.331957695,-3.131194893,CIAT-936,57.54,40.2,14.15,15.71,category_2
24.59027772,-11.97442356,Medium,Not High,-0.419251057,-0.273593644,-0.419251057,294,4.481836986,2.120552778,CIAT-5911,57.79,43.41,13.08,14.91,category_2
24.43369065,-12.20693664,Medium,Not High,-0.429447753,-0.478916836,-0.429447753,295,-1.652356969,1.398437474,CIAT-15252,57.91,41.05,13.92,15.02,category_2
24.36844604,-12.30381709,Medium,Not High,-0.433696377,-1.187977857,-0.433696377,296,0.538426586,5.205954535,CIAT-25214,57.96,32.9,13.62,14.44,category_2
24.35539712,-12.32319318,Medium,Not High,-0.434546101,-1.085316261,-0.434546101,297,6.161437712,4.549486076,CIAT-7381,57.97,34.08,12.85,14.54,category_2
24.30320143,-12.40069754,Medium,Not High,-0.437945,0.077891819,-0.437945,298,-2.60169651,-2.080845359,CIAT-12001,58.01,47.45,14.05,15.55,category_2
24.29015251,-12.42007363,Medium,Not High,-0.438794725,0.679071164,-0.438794725,299,-9.539177768,-9.892820019,CIAT-23035,58.02,54.36,15,16.74,category_2
24.22490789,-12.51695408,Medium,Not High,-0.443043348,0.169243239,-0.443043348,300,-2.382618154,1.201496936,CIAT-5166,58.07,48.5,14.02,15.05,category_2
24.14661436,-12.63321062,Medium,Not High,-0.448141696,-1.274109196,-0.448141696,301,25.65941135,20.10778855,CIAT-18410,58.13,31.91,10.18,12.17,category_2
24.09441867,-12.71071498,Medium,Not High,-0.451540595,-0.000409398,-0.451540595,302,-1.433278613,-1.161789516,CIAT-34148,58.17,46.55,13.89,15.41,category_2
24.08136975,-12.73009107,Medium,Not High,-0.452390319,-1.680405511,-0.452390319,303,5.212098171,2.908314929,CIAT-22034,58.18,27.24,12.98,14.79,category_2
23.99002729,-12.8657237,Medium,Not High,-0.458338392,-1.642124916,-0.458338392,304,6.891698897,8.685237367,CIAT-18522,58.25,27.68,12.75,13.91,category_2
23.96392945,-12.90447588,Medium,Not High,-0.460037842,-1.253228871,-0.460037842,305,-0.776043547,2.5800807,CIAT-15254,58.27,32.15,13.8,14.84,category_2
23.91173376,-12.98198024,Medium,Not High,-0.46343674,-1.111416667,-0.46343674,306,-8.005629279,-1.227436362,CIAT-33235,58.31,33.78,14.79,15.42,category_2
23.63770639,-13.38887812,Medium,Not High,-0.481280959,0.064841616,-0.481280959,307,-25.75097608,-34.37909354,CIAT-8408,58.52,47.3,17.22,20.47,category_2
23.48111932,-13.6213912,Medium,Not High,-0.491477655,-1.258448953,-0.491477655,308,7.183803371,6.387597761,CIAT-5452,58.64,32.09,12.71,14.26,category_2
23.44197255,-13.67951947,Medium,Not High,-0.494026829,1.101027722,-0.494026829,309,-5.52274125,-4.247191273,CIAT-22303,58.67,59.21,14.45,15.88,category_2
23.12879842,-14.14454563,Medium,Not High,-0.514420221,-0.677279919,-0.514420221,310,3.167366853,1.004556398,CIAT-1405,58.91,38.77,13.26,15.08,category_2
23.10270057,-14.18329781,Medium,Not High,-0.51611967,-0.613768932,-0.51611967,311,6.74564666,6.059363532,CIAT-1706,58.93,39.5,12.77,14.31,category_2
22.86781997,-14.53206743,Medium,Not High,-0.531414715,-0.294473969,-0.531414715,312,-4.281297235,-1.293083208,CIAT-5383,59.11,43.17,14.28,15.43,category_2
22.84172212,-14.57081961,Medium,Not High,-0.533114164,0.700821502,-0.533114164,313,-2.60169651,-2.868607509,CIAT-34144,59.13,54.61,14.05,15.67,category_2
22.65903721,-14.84208487,Medium,Not High,-0.54501031,0.282344997,-0.54501031,314,5.212098171,0.413734785,CIAT-21236,59.27,49.8,12.98,15.17,category_2
22.26756954,-15.42336756,Medium,Not High,-0.57050205,-0.177892157,-0.57050205,315,-0.62999131,-0.177086828,CIAT-15023,59.57,44.51,13.78,15.26,category_2
22.26756954,-15.42336756,Medium,Not High,-0.57050205,0.435467377,-0.57050205,315,-11.72996132,-3.984603889,CIAT-21433,59.57,51.56,15.3,15.84,category_2
22.2414717,-15.46211974,Medium,Not High,-0.572201499,0.064841616,-0.572201499,317,-1.57933085,-2.080845359,CIAT-18950,59.59,47.3,13.91,15.55,category_2
22.08488463,-15.69463282,Medium,Not High,-0.582398195,-1.164487492,-0.582398195,318,-7.859577042,-3.393782276,CIAT-19826,59.71,33.17,14.77,15.75,category_2
22.03268894,-15.77213718,Medium,Not High,-0.585797094,-0.37625524,-0.585797094,319,-0.556965191,0.151147402,CIAT-24002,59.75,42.23,13.77,15.21,category_2
22.00659109,-15.81088936,Medium,Not High,-0.587496544,0.625130325,-0.587496544,320,-0.045782362,0.216794248,CIAT-17152,59.77,53.74,13.7,15.2,category_2
21.41938959,-16.68281341,Medium,Not High,-0.625734154,-0.459776538,-0.625734154,321,-0.995121902,-1.293083208,CIAT-21015,60.22,41.27,13.83,15.43,category_2
21.17146006,-17.05095912,Medium,Not High,-0.641878923,-0.919143678,-0.641878923,322,20.62060918,13.80569135,CIAT-2085,60.41,35.99,10.87,13.13,category_2
20.98877515,-17.32222438,Medium,Not High,-0.653775069,-1.543813388,-0.653775069,323,15.87391147,17.61320841,CIAT-7803,60.55,28.81,11.52,12.55,category_2
20.98877515,-17.32222438,Medium,Not High,-0.653775069,-1.329790061,-0.653775069,323,0.027243757,2.5800807,CIAT-33605,60.55,31.27,13.69,14.84,category_2
20.87133485,-17.49660918,Medium,Not High,-0.661422591,-0.218782792,-0.661422591,325,1.487766127,1.070203244,CIAT-23806,60.64,44.04,13.49,15.07,category_2
20.85828593,-17.51598527,Medium,Not High,-0.662272315,-1.744786512,-0.662272315,326,3.897628038,8.094415754,CIAT-13651,60.65,26.5,13.16,14,category_2
20.71474778,-17.72912226,Medium,Not High,-0.671619287,-0.691200135,-0.671619287,327,2.583157905,2.120552778,CIAT-4080,60.76,38.61,13.34,14.91,category_2
20.47986718,-18.07789188,Medium,Not High,-0.686914331,0.638180528,-0.686914331,328,-17.27994633,-41.07507182,CIAT-18707,60.94,53.89,16.06,21.49,category_2
20.40157364,-18.19414842,Medium,Not High,-0.692012679,-0.237053076,-0.692012679,329,6.818672779,7.306653604,CIAT-11820,61,43.83,12.76,14.12,category_2
20.3754758,-18.2329006,Medium,Not High,-0.693712128,-0.130041413,-0.693712128,330,5.28512429,5.796776148,CIAT-11784,61.02,45.06,12.97,14.35,category_2
20.3754758,-18.2329006,Medium,Not High,-0.693712128,-0.817352096,-0.693712128,330,-9.393125531,-4.706719194,CIAT-20709,61.02,37.16,14.98,15.95,category_2
20.24661769,-18.42423949,Medium,Not High,-0.70210316,0.486689423,-0.70210316,332,-23.45978161,-17.32732532,CIAT-9432,61.11875,52.14875,16.90625,17.8725,category_2
20.16669304,-18.54291804,Medium,Not High,-0.707307723,-0.981784652,-0.707307723,333,9.958795875,2.448787008,CIAT-9472,61.18,35.27,12.33,14.86,category_2
20.04925274,-18.71730285,Medium,Not High,-0.714955245,0.152712982,-0.714955245,334,8.133142912,6.059363532,CIAT-11232,61.27,48.31,12.58,14.31,category_2
18.82265404,-20.5386553,High,High,-0.794829365,1.96234111,3.129852855,1,-90.74422155,-43.63529881,CIAT-21292,62.21,69.11,26.12,21.88,category_3
19.34896057,-19.75715301,High,High,-0.760557137,1.277350463,1.79414379,2,-20.15230699,-28.31770143,CIAT-22598,61.80666667,61.23666667,16.45333333,19.54666667,category_3
18.83570296,-20.51927921,High,Not High,-0.793979641,0.798263016,0.004283376,1,3.82460192,0.085500556,CIAT-286,62.2,55.73,13.17,15.22,category_4
17.17848982,-22.98004263,High,Not High,-0.901894675,0.834803584,-0.067091091,2,-2.017487561,-5.691421883,CIAT-17173,63.47,56.15,13.97,16.1,category_4
19.05753464,-20.18988568,High,Not High,-0.779534321,0.391096687,-0.388437634,3,7.621960082,2.054905932,CIAT-11898,62.03,51.05,12.65,14.92,category_4
19.12277925,-20.09300523,High,Not High,-0.775285698,0.364126268,-0.411159429,4,10.17787423,9.998174285,CIAT-2783,61.98,50.74,12.3,13.71,category_4
18.48338206,-21.04243364,High,Not High,-0.816922207,0.378046485,-0.438875722,5,-3.185905458,-3.918957043,CIAT-21038,62.47,50.9,14.13,15.83,category_4
19.3837577,-19.70548343,High,Not High,-0.758291204,0.099642157,-0.658649047,6,-8.808916583,-5.691421883,CIAT-18857,61.78,47.7,14.9,16.1,category_4
15.54737453,-25.40205387,High,Not High,-1.00811026,0.252764537,-0.755345723,7,-0.337886836,-2.868607509,CIAT-34044,64.72,49.46,13.74,15.67,category_4
14.09894415,-27.55279984,High,Not High,-1.102429699,0.314535497,-0.787894202,8,-6.837211383,-6.21659665,CIAT-4263,65.83,50.17,14.63,16.18,category_4
13.78577001,-28.017826,High,Not High,-1.122823092,0.195343645,-0.927479447,9,-7.859577042,-4.969306578,CIAT-19215,66.07,48.8,14.77,15.99,category_4
19.00533895,-20.26739004,High,Not High,-0.78293322,-0.201382522,-0.984315742,10,11.20023989,10.85158328,CIAT-9326,62.07,44.24,12.16,13.58,category_4
16.63043508,-23.7938384,High,Not High,-0.937583111,-0.112641142,-1.050224254,11,-9.758256124,-10.22105425,CIAT-20778,63.89,45.26,15.03,16.79,category_4
12.02416549,-30.63359814,High,Not High,-1.237535923,0.185773496,-1.051762427,12,-6.472080791,-2.146492204,CIAT-21705,67.42,48.69,14.58,15.56,category_4
18.53557775,-20.96492928,High,Not High,-0.813523308,-0.298824036,-1.112347345,13,-1.433278613,-0.570967903,CIAT-33561,62.43,43.12,13.89,15.32,category_4
19.04448572,-20.20926177,High,Not High,-0.780384046,-0.389305443,-1.169689489,14,9.6666914,10.98287697,CIAT-12042,62.04,42.08,12.37,13.56,category_4
12.41563316,-30.05231544,High,Not High,-1.212044183,0.03613117,-1.175913013,15,0.319348231,-0.30838052,CIAT-8279,67.12,46.97,13.65,15.28,category_4
18.06581654,-21.66246851,High,Not High,-0.844113397,-0.379735294,-1.223848691,16,-2.820774865,-2.868607509,CIAT-18061,62.79,42.19,14.08,15.67,category_4
13.38125342,-28.61848479,High,Not High,-1.149164557,-0.098720926,-1.247885483,17,-9.977334479,-9.039411023,CIAT-8820,66.38,45.42,15.06,16.61,category_4
12.92454114,-29.29664794,High,Not High,-1.17890492,-0.103941007,-1.282845928,18,3.240392971,-0.833555287,CIAT-1013,66.73,45.36,13.25,15.36,category_4
11.51525752,-31.38926565,High,Not High,-1.270675186,-0.018679682,-1.289354868,19,3.970654157,-2.21213905,CIAT-1985,67.81,46.34,13.15,15.57,category_4
13.57698725,-28.32784344,High,Not High,-1.136418686,-0.157881846,-1.294300532,20,-1.141174139,0.01985371,CIAT-4141,66.23,44.74,13.85,15.23,category_4
18.3920396,-21.17806627,High,Not High,-0.82287028,-0.489356998,-1.312227278,21,-16.69573738,-10.41799479,CIAT-33623,62.54,40.93,15.98,16.82,category_4
16.89141353,-23.40631661,High,Not High,-0.920588618,-0.442376268,-1.362964886,22,-6.618133028,-9.498938944,CIAT-19199,63.69,41.47,14.6,16.68,category_4
17.79178917,-22.0693664,High,Not High,-0.861957615,-0.579838404,-1.441796019,23,-8.808916583,-5.231893961,CIAT-43324,63,39.89,14.9,16.03,category_4
8.644494604,-35.65200543,High,Not High,-1.457614615,-0.066530426,-1.524145041,24,-3.989192761,-0.702261595,CIAT-21204,70.01,45.79,14.24,15.34,category_4
6.34788427,-39.06219725,High,Not High,-1.607166159,0.082241887,-1.524924272,25,-14.50495383,-19.21467214,CIAT-921,71.77,47.5,15.68,18.16,category_4
8.670592449,-35.61325325,High,Not High,-1.455915166,-0.134391481,-1.590306646,26,-9.174047176,-5.954009266,CIAT-17155,69.99,45.01,14.95,16.14,category_4
16.1737228,-24.47200155,High,Not High,-0.967323475,-0.645089419,-1.612412894,27,6.380516067,6.650185145,CIAT-172,64.24,39.14,12.82,14.22,category_4
19.39680662,-19.68610734,High,Not High,-0.757441479,-1.002664977,-1.760106456,28,-2.09051368,-1.490023746,CIAT-9360,61.77,35.03,13.98,15.46,category_4
6.843743319,-38.32590583,High,Not High,-1.574876621,-0.187462305,-1.762338927,29,-9.904308361,-3.853310198,CIAT-19806,71.39,44.4,15.05,15.82,category_4
16.68263077,-23.71633404,High,Not High,-0.934184213,-0.838232421,-1.772416634,30,-0.995121902,1.004556398,CIAT-8114,63.85,36.92,13.83,15.08,category_4
10.91500709,-32.28056578,High,Not High,-1.309762521,-0.492837052,-1.802599573,31,5.650254882,6.584538299,CIAT-11762,68.27,40.89,12.92,14.23,category_4
14.64699889,-26.73900407,High,Not High,-1.066741263,-0.795601758,-1.862343021,32,7.25682949,0.741969015,CIAT-8849,65.41,37.41,12.7,15.12,category_4
16.10847819,-24.568882,High,Not High,-0.971572099,-0.905223462,-1.876795561,33,13.6101018,6.584538299,CIAT-1727,64.29,36.15,11.83,14.23,category_4
17.88313163,-21.93373377,High,Not High,-0.856009542,-1.031375423,-1.887384965,34,-14.94311054,-7.0043588,CIAT-18873,62.93,34.7,15.74,16.3,category_4
16.85226676,-23.46444488,High,Not High,-0.923137792,-0.993964841,-1.917102633,35,1.195661653,2.5800807,CIAT-8434,63.72,35.13,13.53,14.84,category_4
11.07159416,-32.0480527,High,Not High,-1.299565825,-0.634649256,-1.934215081,36,-9.46615165,-9.630232636,CIAT-19193,68.15,39.26,14.99,16.7,category_4
16.36945664,-24.1813602,High,Not High,-0.954577605,-1.187107844,-2.141685449,37,5.796307119,3.039608621,CIAT-18586,64.09,32.91,12.9,14.77,category_4
16.27811418,-24.31699283,High,Not High,-0.960525678,-1.190587898,-2.151113576,38,5.504202645,5.665482456,CIAT-23503,64.16,32.87,12.94,14.37,category_4
12.76795407,-29.52916102,High,Not High,-1.189101617,-1.040945572,-2.230047188,39,2.291053431,2.645727545,CIAT-7826,66.85,34.59,13.38,14.83,category_4
15.69091267,-25.18891688,High,Not High,-0.998763288,-1.280199291,-2.278962579,40,4.116706394,0.807615861,CIAT-21829,64.61,31.84,13.13,15.11,category_4
16.98275599,-23.27068398,High,Not High,-0.914640545,-1.395911089,-2.310551634,41,15.07062417,13.41181027,CIAT-11833,63.62,30.51,11.63,13.19,category_4
15.48212992,-25.49893432,High,Not High,-1.012358883,-1.332400102,-2.344758985,42,4.481836986,2.317493316,CIAT-13608,64.77,31.24,13.08,14.88,category_4
6.465324571,-38.88781244,High,Not High,-1.599518637,-0.862592799,-2.462111436,43,-5.376689013,-6.676124571,CIAT-19641,71.68,36.64,14.43,16.25,category_4
14.90797733,-26.35148227,High,Not High,-1.049746769,-1.467252198,-2.516998967,44,-2.820774865,-0.177086828,CIAT-17333,65.21,29.69,14.08,15.26,category_4
19.98400813,-18.8141833,High,Not High,-0.719203869,-1.933579447,-2.652783315,45,6.672620541,4.418192385,CIAT-9389,61.32,24.33,12.78,14.56,category_4
13.25076419,-28.81224569,High,Not High,-1.157661803,-1.575133875,-2.732795678,46,0.611452705,-1.4243769,CIAT-795,66.48,28.45,13.61,15.45,category_4
9.205598265,-34.81883356,High,Not High,-1.421076454,-1.394171062,-2.815247516,47,3.021314616,1.989259087,CIAT-22188,69.58,30.53,13.28,14.93,category_4
13.69442755,-28.15345863,High,Not High,-1.128771164,-1.71955612,-2.848327284,48,4.700915342,9.27605898,CIAT-33727,66.14,26.79,13.05,13.82,category_4
18.19630577,-21.46870761,High,Not High,-0.83561615,-2.017100745,-2.852716895,49,28.2153255,19.25437956,CIAT-22283,62.69,23.37,9.83,12.3,category_4
7.809363574,-36.89207518,High,Not High,-1.511996995,-1.431581644,-2.943578638,50,-0.264860717,3.170902313,CIAT-5913,70.65,30.1,13.73,14.75,category_4
-3.047339824,-53.01298198,High,Not High,-2.218967928,-0.804301893,-3.023269821,51,3.751575801,4.155605001,CIAT-4532,78.97,37.31,13.18,14.6,category_4
0.789043347,-47.31641155,High,Not High,-1.969148872,-1.058345842,-3.027494715,52,-7.202341976,-4.969306578,CIAT-13593,76.03,34.39,14.68,15.99,category_4
10.66707757,-32.64871149,High,Not High,-1.32590729,-1.771756931,-3.097664221,53,-0.995121902,-1.555670591,CIAT-18584,68.46,26.19,13.83,15.47,category_4
-7.470924502,-59.58147646,High,Not High,-2.507024594,-0.629429175,-3.13645377,54,-9.831282242,-4.050250735,CIAT-21815,82.36,39.32,15.04,15.85,category_4
15.40383638,-25.61519085,High,Not High,-1.017457231,-2.142382692,-3.159839923,55,11.12721377,8.225709446,CIAT-9991,64.83,21.93,12.17,13.98,category_4
4.090420703,-42.4142608,High,Not High,-1.754168528,-1.433321671,-3.187490199,56,-5.157610657,-0.045793136,CIAT-25224,73.5,30.08,14.4,15.24,category_4
-9.911072982,-63.20480527,High,Not High,-2.665923109,-0.522417512,-3.188340621,57,3.605523564,3.433489696,CIAT-789,84.23,40.55,13.2,14.71,category_4
14.68614565,-26.6808758,High,Not High,-1.064192089,-2.228514031,-3.29270612,58,-5.449715132,-0.30838052,CIAT-7389,65.38,20.94,14.44,15.28,category_4
-8.841061349,-61.6159659,High,Not High,-2.596245686,-0.732960785,-3.32920647,59,-11.72996132,-5.691421883,CIAT-4846,83.41,38.13,15.3,16.1,category_4
-4.378329905,-54.98934315,High,Not High,-2.305639845,-1.026155342,-3.331795187,60,-4.865506183,-4.969306578,CIAT-7289,79.99,34.76,14.36,15.99,category_4
2.52455002,-44.73939159,High,Not High,-1.85613549,-1.511622888,-3.367758378,61,-6.618133028,-2.606020126,CIAT-25157,74.7,29.18,14.6,15.63,category_4
14.09894415,-27.55279984,High,Not High,-1.102429699,-2.296375086,-3.398804785,62,3.751575801,1.004556398,CIAT-7146,65.83,20.16,13.18,15.08,category_4
-11.51609043,-65.58806433,High,Not High,-2.770439245,-0.641609365,-3.41204861,63,-10.41549119,-4.969306578,CIAT-22274,85.46,39.18,15.12,15.99,category_4
5.317019404,-40.59290835,High,Not High,-1.674294409,-1.750876607,-3.425171015,64,-14.7970583,-6.479184033,CIAT-21174,72.56,26.43,15.72,16.22,category_4
10.5104905,-32.88122457,High,Not High,-1.336103986,-2.111932219,-3.448036205,65,8.863404097,3.69607708,CIAT-33827,68.58,22.28,12.48,14.67,category_4
-10.94193785,-64.73551637,High,Not High,-2.733051359,-0.832142326,-3.565193685,66,-9.027994939,-4.181544427,CIAT-19092,85.02,36.99,14.93,15.87,category_4
3.059555837,-43.9449719,High,Not High,-1.821296778,-1.815257607,-3.636554385,67,6.161437712,2.5800807,CIAT-17392,74.29,25.69,12.85,14.84,category_4
-10.49827449,-64.07672932,High,Not High,-2.70416072,-0.950464165,-3.654624885,68,-6.179976317,-2.343432742,CIAT-24333,84.68,35.63,14.54,15.59,category_4
6.269590736,-39.17845379,High,Not High,-1.612264507,-2.155432895,-3.767697402,69,-3.697088287,0.282441093,CIAT-918,71.83,21.78,14.2,15.19,category_4
-14.67392964,-70.27707809,High,Not High,-2.976072617,-0.913053584,-3.889126201,70,-9.831282242,-2.409079588,CIAT-19212,87.88,36.06,15.04,15.6,category_4
-17.07493135,-73.84227863,High,Not High,-3.132421958,-0.997444896,-4.129866854,71,-16.25758067,-7.660827259,CIAT-19221,89.72,35.09,15.92,16.4,category_4
-11.65962858,-65.80120132,High,Not High,-2.779786216,-1.448981914,-4.228768131,72,19.67126964,12.36146074,CIAT-2690,85.57,29.9,11,13.35,category_4
4.847258199,-41.29044759,High,Not High,-1.704884497,-2.615670049,-4.320554546,73,-1.944461443,2.973961775,CIAT-8215,72.92,16.49,13.96,14.78,category_4
-24.95648046,-85.54543693,High,Not High,-3.645655665,-1.112286681,-4.757942346,74,-16.33060679,-7.0043588,CIAT-19447,95.76,33.77,15.93,16.3,category_4
-31.85936038,-95.79538849,High,Not High,-4.09516002,-1.214948276,-5.310108297,75,-7.713524805,-3.525075968,CIAT-9466,101.05,32.59,14.75,15.77,category_4
-25.32185028,-86.08796745,High,Not High,-3.669447956,-2.188493409,-5.857941365,76,-2.528670391,-1.161789516,CIAT-3694,96.04,21.4,14.04,15.41,category_4
-27.86639014,-89.86630498,High,Not High,-3.835144268,-2.279844829,-6.114989097,77,2.510131786,-1.161789516,CIAT-32092,97.99,20.35,13.35,15.41,category_4
-76.21264746,-161.6547181,High,Not High,-6.983374206,-2.940185093,-9.923559299,78,-14.28587547,-4.378484965,CIAT-21137,135.04,12.76,15.65,15.9,category_4
