40_no,40_date,40_requisitioner,40_gene_bank_id,40_tax_name,40_family,40_order,40_genus2,40_species3,40_functional_group,40_ciat_id,40_set_ciat,40_batch,40_run,40_replication,40_syrange_no,40_net_gas_8h_ml,40_net_gas_8_24h_ml2,40_net_gas_24h_ml,40_ch4_8h_ml,40_ch4_8_24h_ml,40_ch4_24h_ml,40_gas_ml_g_md_incubated_24h,40_percentage_dmd_truly_digestibility,40_part_fact,40_ch4_ml_in_gas_8h,40_ch4_ml_in_gas_24h,40_ch4_ml_g_dm_incubated_24h,40_ch4_ml_g_dmd_24h,40_ch4_ml_g_ndf_digested_in_24h,40_ch4_g_g_dm_incubated_24h,40_ch4_g_dmd_24h
No,Date,Requisitioner,Gene Bank ID,Tax Name,Family,Order,Genus2,Species3,Functional Group,CIAT ID,Set CIAT,Batch,Run,Replication,Syrange No,"Net gas 8h, ml","Net gas 8-24h, ml2","Net gas 24h, ml","CH4 8h, ml","CH4 8-24h, ml","CH4 24h, ml","Gas ml/g DM Incubated, 24h","% DMD, Truly digestibility",Part Fact,"CH4 ml in gas, h8","CH4 ml in gas, 24h","CH4 ml/gDM incubated, 24h","CH4 ml/g DMD, 24h",CH4 ml/g NDF digested in 24 h,"CH4 g/g DM incubated, 24h","CH4 g/g DMD, 24h"
95,46132,Urochloa interespecifico,CIAT-BR06_423_Temp_B,0,0,0,0,0,0,F261074,0,0,1,1,95,43.22998649,45.17685727,88.40684375,5.317288338,6.731351733,12.04864007,191.1117101,59.9647638,3.137681295,12.3,13.62862824,26.04590449,43.43534908,200.9286672,14.45592761,24.10737022
96,46132,Urochloa interespecifico,CIAT-BR06_423_Temp_B,0,0,0,0,0,0,F261074,0,0,1,2,96,44.72998649,46.67685727,91.40684375,5.501788338,6.954851733,12.45664007,197.557396,51.95435339,2.629835909,12.3,13.62768865,26.92250683,51.81953978,239.7612376,14.94245708,28.76074111
97,46132,Urochloa interespecifico,CIAT_MulatoII_Temp_C,0,0,0,0,0,0,F261075,0,0,1,1,97,35.22998649,45.67685727,80.90684375,4.333288338,7.034236019,11.36752436,174.7938811,53.70190334,3.072298813,12.3,14.05013943,24.55878401,45.73168265,211.6782395,13.63055002,25.38187508
98,46132,Urochloa interespecifico,CIAT_MulatoII_Temp_C,0,0,0,0,0,0,F261075,0,0,1,2,98,33.72998649,48.17685727,81.90684375,4.283708284,7.660120305,11.94382859,176.9543149,59.03817487,3.336351243,12.7,14.58221077,25.80385117,43.70706111,202.3068738,14.32158383,24.25817509
99,46132,Urochloa interespecifico,CIAT-BR06_423_Opt_F,0,0,0,0,0,0,F261076,0,0,1,1,99,31.22998649,48.17685727,79.40684375,4.497118054,7.804650877,12.30176893,171.5875205,51.7478702,3.015829476,14.4,15.49207644,26.58246983,51.36920559,237.7251254,14.75373066,28.51079784
100,46132,Urochloa interespecifico,CIAT-BR06_423_Opt_F,0,0,0,0,0,0,F261076,0,0,1,2,100,30.72998649,44.67685727,75.40684375,4.548038,7.327004592,11.87504259,163.0092225,50.626091,3.105719433,14.8,15.74796398,25.67063364,50.70633172,234.5636876,14.2476458,28.14289138
101,46132,Urochloa interespecifico,CIAT_MulatoII_Opt_D,0,0,0,0,0,0,F261077,0,0,1,1,101,34.72998649,51.17685727,85.90684375,4.375978297,7.727705447,12.10368374,185.7073856,56.70055178,3.053220076,12.6,14.08931258,26.16489404,46.14574852,213.4667717,14.52196887,25.6116888
102,46132,Urochloa interespecifico,CIAT_MulatoII_Opt_D,0,0,0,0,0,0,F261077,0,0,1,2,102,33.22998649,48.17685727,81.40684375,4.552508149,7.322882304,11.87539045,175.9796014,54.88469874,3.118810266,13.7,14.58770529,25.67138562,46.77330151,216.3697848,14.24806316,25.95999156
103,46132,Urochloa interespecifico,CIAT-BR06_423_Exc_G,0,0,0,0,0,0,F261078,0,0,1,1,103,32.72998649,49.17685727,81.90684375,4.156708284,7.278174875,11.43488316,177.0250684,45.29755665,2.558821588,12.7,13.9608397,24.71418602,54.55964482,252.4392926,13.71680082,30.28154681
104,46132,Urochloa interespecifico,CIAT-BR06_423_Exc_G,0,0,0,0,0,0,F261078,0,0,1,2,104,,,,,,,,,,,,,,,,
105,46132,Urochloa interespecifico,CIAT_MulatoII_Exc_E,0,0,0,0,0,0,F261079,0,0,1,1,105,33.22998649,47.17685727,80.40684375,4.054058352,7.406766591,11.46082494,173.8526351,59.95675676,3.448711416,12.2,14.25354411,24.775207,41.33005749,191.1515159,13.75341865,22.93889696
106,46132,Urochloa interespecifico,CIAT_MulatoII_Exc_E,0,0,0,0,0,0,F261079,0,0,1,2,106,30.22998649,47.17685727,77.40684375,3.86943827,7.312412876,11.18185115,167.3326821,57.6300956,3.444043021,12.8,14.44555882,24.17214102,41.94360737,194.0279819,13.41595647,23.27942776
143,46132,Cynodon nlemfuensis ,Sample 8,0,0,0,0,0,0,F250008,0,0,1,1,143,24.22998649,33.67685727,57.90684375,3.489118054,5.691388878,9.180506932,125.1289091,37.63741755,3.007891446,14.4,15.85392388,19.84180799,52.70776611,243.9196823,11.01034553,29.25372209
144,46132,Cynodon nlemfuensis ,Sample 8,0,0,0,0,0,0,F250008,0,0,1,2,144,24.22998649,32.17685727,56.40684375,3.416428095,5.373535163,8.789963258,121.936356,35.3210439,2.89667865,14.1,15.58315033,19.00152566,53.79661403,248.8591018,10.54617549,29.85805152
241,46134,Urochloa interespecifico,CIAT-BR06_423_Temp_B,0,0,0,0,0,0,F261074,0,0,2,1,241,48.40247635,45.0174696,93.41994595,6.340724402,6.887672848,13.22839725,201.8679516,48.93874486,2.424294916,13.1,14.16014227,28.58478913,58.40932212,270.3052007,15.86505251,32.41818432
242,46134,Urochloa interespecifico,CIAT-BR06_423_Temp_B,0,0,0,0,0,0,F261074,0,0,2,2,242,47.90247635,47.0174696,94.91994595,6.227321926,7.193672848,13.42099477,205.2323156,50.52972973,2.462074727,13,14.13927772,29.01836708,57.42830455,265.6059086,16.10569578,31.8737026
243,46134,Urochloa interespecifico,CIAT_MulatoII_Temp_C,0,0,0,0,0,0,F261075,0,0,2,1,243,38.40247635,46.5174696,84.91994595,5.030724402,7.396277666,12.42700207,183.5005936,60.04559427,3.272228884,13.1,14.63378471,26.85308181,44.72115255,206.9594318,14.90392499,24.82101339
244,46134,Urochloa interespecifico,CIAT_MulatoII_Temp_C,0,0,0,0,0,0,F261075,0,0,2,2,244,38.90247635,46.5174696,85.41994595,5.057321926,7.442795136,12.50011706,184.6548441,55.16572361,2.987504817,13,14.63372158,27.02187576,48.98308948,226.5920982,14.99760855,27.18646212
245,46134,Urochloa interespecifico,CIAT-BR06_423_Opt_F,0,0,0,0,0,0,F261076,0,0,2,1,245,33.40247635,48.0174696,81.41994595,5.110578882,7.778830075,12.88940896,176.0079248,49.3722877,2.805117313,15.3,15.83077562,27.86341966,56.43534248,261.0656617,15.46467997,31.32259147
246,46134,Urochloa interespecifico,CIAT-BR06_423_Opt_F,0,0,0,0,0,0,F261076,0,0,2,2,246,34.90247635,46.0174696,80.91994595,5.305176406,7.546865014,12.85204142,174.9270599,32.55402973,1.861005939,15.2,15.88241474,27.78264114,85.34317061,394.7911065,15.4198465,47.36693621
247,46134,Urochloa interespecifico,CIAT_MulatoII_Opt_D,0,0,0,0,0,0,F261077,0,0,2,1,247,36.40247635,47.0174696,83.41994595,5.460371453,7.475777666,12.93614912,180.2953326,56.38501356,3.127369564,15,15.50726145,27.9588686,49.58563781,229.4253083,15.51765579,27.52088687
248,46134,Urochloa interespecifico,CIAT_MulatoII_Opt_D,0,0,0,0,0,0,F261077,0,0,2,2,248,37.40247635,50.0174696,87.41994595,5.161541737,7.752707788,12.91424952,188.9405231,49.18789241,2.603353245,13.8,14.77265787,27.91153706,56.74473065,262.549357,15.49138597,31.49430725
249,46134,Urochloa interespecifico,CIAT-BR06_423_Exc_G,0,0,0,0,0,0,F261078,0,0,2,1,249,33.90247635,52.5174696,86.41994595,4.64463926,7.82510297,12.46974223,186.7418921,52.26647795,2.798861968,13.7,14.42924095,26.94543756,51.55395698,238.5801133,14.95518403,28.61333806
250,46134,Urochloa interespecifico,CIAT-BR06_423_Exc_G,0,0,0,0,0,0,F261078,0,0,2,2,250,35.40247635,44.5174696,79.91994595,4.743931831,6.900207788,11.64413962,172.6962654,40.53297751,2.347067403,13.4,14.56975412,25.16142124,62.07641971,287.2757032,13.96502411,34.45348693
251,46134,Urochloa interespecifico,CIAT_MulatoII_Exc_E,0,0,0,0,0,0,F261079,0,0,2,1,251,36.90247635,51.5174696,88.41994595,4.612809544,8.139760196,12.75256974,191.0636233,44.33610104,2.320488865,12.5,14.42272963,27.55658981,62.15384114,287.6339922,15.2943841,34.49645716
252,46134,Urochloa interespecifico,CIAT_MulatoII_Exc_E,0,0,0,0,0,0,F261079,0,0,2,2,252,34.40247635,49.5174696,83.91994595,4.43791945,7.3285855,11.76650495,181.4122493,58.38670104,3.21845417,12.9,14.02110644,25.43600458,43.56472301,201.5271413,14.11742261,24.17917499
289,46134,Cynodon nlemfuensis ,Sample 8,0,0,0,0,0,0,F250008,0,0,2,1,289,26.90247635,39.0174696,65.91994595,4.062273929,6.593952362,10.65622629,142.5296129,36.88648649,2.587987559,15.1,16.16540508,23.04048928,62.46322562,288.8924185,12.78787017,34.6681709
290,46134,Cynodon nlemfuensis ,Sample 8,0,0,0,0,0,0,F250008,0,0,2,2,290,27.90247635,36.5174696,64.41994595,4.380688788,6.171452362,10.55214115,139.1750296,27.04215006,1.943031745,15.7,16.38023906,22.79720256,84.30247783,390.2108791,12.65284184,46.78933371
95,46139,Urochloa interespecifico,CIAT-BR06_423_Temp_B,0,0,0,0,0,0,F261074,0,0,3,1,95,-5.632237638,0,-5.632237638,0,0,0,-12.16807665,100,0,0,0,0,#DIV/0!,0,0,#DIV/0!
96,46139,Urochloa interespecifico,CIAT-BR06_423_Temp_B,0,0,0,0,0,0,F261074,0,0,3,2,96,-5.632237638,0,-5.632237638,0,0,0,-12.17294193,100,0,0,0,0,#DIV/0!,0,0,#DIV/0!
97,46139,Urochloa interespecifico,CIAT_MulatoII_Temp_C,0,0,0,0,0,0,F261075,0,0,3,1,97,-5.632237638,0,-5.632237638,0,0,0,-12.17537603,100,0,0,0,#REF!,#DIV/0!,0,0,#DIV/0!
98,46139,Urochloa interespecifico,CIAT_MulatoII_Temp_C,0,0,0,0,0,0,F261075,0,0,3,2,98,-6.132237638,0,-6.132237638,0,0,0,-13.25094163,100,0,0,0,0,#DIV/0!,0,0,#DIV/0!
99,46139,Urochloa interespecifico,CIAT-BR06_423_Opt_F,0,0,0,0,0,0,F261076,0,0,3,1,99,-6.132237638,0,-6.132237638,0,0,0,-13.25094163,100,0,0,0,#REF!,#DIV/0!,0,0,#DIV/0!
100,46139,Urochloa interespecifico,CIAT-BR06_423_Opt_F,0,0,0,0,0,0,F261076,0,0,3,2,100,-5.632237638,0,-5.632237638,0,0,0,-12.16807665,100,0,0,0,0,#DIV/0!,0,0,#DIV/0!
101,46139,Urochloa interespecifico,CIAT_MulatoII_Opt_D,0,0,0,0,0,0,F261077,0,0,3,1,101,-5.632237638,0,-5.632237638,0,0,0,-12.1705088,100,0,0,0,0,#DIV/0!,0,0,#DIV/0!
102,46139,Urochloa interespecifico,CIAT_MulatoII_Opt_D,0,0,0,0,0,0,F261077,0,0,3,2,102,-5.632237638,0,-5.632237638,0,0,0,-12.1705088,100,0,0,0,0,#DIV/0!,0,0,#DIV/0!
103,46139,Urochloa interespecifico,CIAT-BR06_423_Exc_G,0,0,0,0,0,0,F261078,0,0,3,1,103,-6.132237638,0,-6.132237638,0,0,0,-13.25624094,100,0,0,0,0,#DIV/0!,0,0,#DIV/0!
104,46139,Urochloa interespecifico,CIAT-BR06_423_Exc_G,0,0,0,0,0,0,F261078,0,0,3,2,104,-5.632237638,0,-5.632237638,0,0,0,-12.17781111,100,0,0,0,0,#DIV/0!,0,0,#DIV/0!
105,46139,Urochloa interespecifico,CIAT_MulatoII_Exc_E,0,0,0,0,0,0,F261079,0,0,3,1,105,-5.632237638,0,-5.632237638,0,0,0,-12.17781111,100,0,0,0,0,#DIV/0!,0,0,#DIV/0!
106,46139,Urochloa interespecifico,CIAT_MulatoII_Exc_E,0,0,0,0,0,0,F261079,0,0,3,2,106,-6.132237638,0,-6.132237638,0,0,0,-13.25889219,100,0,0,0,0,#DIV/0!,0,0,#DIV/0!
143,46139,Cynodon nlemfuensis ,Sample 8,0,0,0,0,0,0,F250008,0,0,3,1,143,-6.132237638,0,-6.132237638,0,0,0,-13.25889219,100,0,0,0,0,#DIV/0!,0,0,#DIV/0!
144,46139,Cynodon nlemfuensis ,Sample 8,0,0,0,0,0,0,F250008,0,0,3,2,144,-5.632237638,0,-5.632237638,0,0,0,-12.16807665,100,0,0,0,0,#DIV/0!,0,0,#DIV/0!
145,46139,BLANK 24 H,BLANK 24 H,0,0,0,0,0,0,BLANK 24 H,0,0,3,1,145,0,0,0,0,0,0,0,0,0,0,0,0,0,0,0,0
146,46139,BLANK 24 H,BLANK 24 H,0,0,0,0,0,0,BLANK 24 H,0,0,3,2,146,0,0,0,0,0,0,0,0,0,0,0,0,0,0,0,0
