id_lab,id,tax_name,functional_group,dm_percentage,ash_dm,om_percentage,pc_percentage_dm,adf_percentage_dm,ndf_percentage_dm,net_gas_8h_ml,net_gas_24h_ml,gas_ml_g_dm_incubated_24h,tddm,part_fact,ch4_percentage_in_gas_8h,ch4_percentage_in_gas_24h,ch4_ml_g_dm_incubated_24h,methane_intensity,ch4_ml_g_ndf_digested_24h
F24-3416,CIAT-705,Indigofera suffruticosa,Herbaceous_legumes,91.97,12.68,87.32,33.01,28.05,45.22,29.35,61.94,134.59,74.34,5.52,14.26,17.35,23.36,31.84,149.32
F24-3417,CIAT-707,Alysicarpus ovalifolius,Herbaceous_legumes,90.09,12.07,87.93,25.4,25.44,54.11,30.58,66.26,147.01,65.97,4.49,13.54,16.25,23.89,36.44,125.18
F24-3418,CIAT-712,Clitoria ternatea,Herbaceous_legumes,91.3,7.76,92.24,31.19,25.82,54.88,39.78,78.31,171.45,62.66,3.66,12.57,14.79,25.37,40.73,153.83
F24-3419,CIAT-749,Crotalaria juncea,Herbaceous_legumes,91.75,11.55,88.45,27.95,28.75,51.0,35.74,67.64,147.39,65.15,4.43,14.03,15.59,22.98,35.43,150.15
F24-3420,CIAT-768,Clitoria ternatea,Herbaceous_legumes,92.17,8.7,91.3,29.46,25.73,54.21,33.53,74.13,160.77,64.82,4.03,13.49,15.73,25.3,39.08,134.6
F24-3421,CIAT-772,Clitoria ternatea,Herbaceous_legumes,91.49,6.18,93.82,18.97,16.74,67.42,32.3,75.07,163.99,65.1,4.06,13.46,14.99,24.42,37.92,77.57
F24-3422,CIAT-819,Indigofera suffruticosa,Herbaceous_legumes,90.76,17.06,82.94,26.78,26.09,53.05,32.19,63.25,139.32,60.93,4.39,14.22,16.94,23.64,39.4,201.43
F24-3423,CIAT-905,Canavalia brasiliensis,Herbaceous_legumes,91.88,14.53,85.47,24.61,17.08,36.56,38.42,76.32,166.0,63.42,3.87,12.08,15.4,25.65,40.88,908.11
F24-3424,CIAT-913,Cajanus cajan,Shrub_Trees,94.77,9.21,90.79,25.18,40.42,60.86,23.96,58.27,122.89,60.86,5.01,13.53,16.14,19.76,32.83,102.87
F24-3425,CIAT-955,Clitoria ternatea,Herbaceous_legumes,91.82,5.7,94.3,22.01,21.55,61.67,37.78,84.29,183.5,59.65,3.29,12.82,14.54,26.67,45.45,138.42
F24-3426,CIAT-989,Indigofera hirsuta,Herbaceous_legumes,92.37,13.66,86.34,25.35,47.63,53.1,27.27,46.83,101.37,52.31,5.15,15.57,16.78,16.97,32.85,160.5
F24-3427,CIAT-1257,Stylosanthes scabra,Herbaceous_legumes,92.72,9.52,90.48,17.96,35.9,69.91,36.17,69.8,150.5,58.95,4.36,15.71,17.6,26.55,46.32,103.03
F24-3428,CIAT-3240,Desmodium cinereum,Herbaceous_legumes,92.86,12.01,87.99,22.63,24.91,56.34,33.32,52.78,113.63,54.72,4.84,19.2,19.67,22.33,40.86,246.37
F24-3429,CIAT-3522,Desmodium incanum,Herbaceous_legumes,93.28,11.05,88.95,17.94,47.97,64.48,24.32,38.72,82.96,36.5,4.42,17.03,18.51,15.33,42.18,-1605.11
F24-3430,CIAT-4134,Macroptilium lathyroides,Herbaceous_legumes,91.91,14.36,85.64,22.09,24.29,43.65,40.55,75.25,163.66,65.38,4.03,17.4,18.91,30.91,47.73,-81.53
F24-3431,CIAT-4279,Vigna umbellata,Herbaceous_legumes,91.04,11.02,88.98,25.72,13.14,52.82,38.53,75.89,166.66,66.91,4.04,17.63,19.09,31.79,47.82,182.93
F24-3432,CIAT-5124,Centrosema molle x acutifolium,Herbaceous_legumes,91.54,10.36,89.64,25.78,37.61,65.51,34.01,56.77,123.97,56.75,4.62,17.54,18.89,23.4,42.1,116.73
F24-3433,CIAT-5234,Centrosema brasilianum,Herbaceous_legumes,92.53,11.22,88.78,17.22,33.38,60.63,37.44,67.17,145.12,62.56,4.32,15.51,17.45,25.29,40.52,111.95
F24-3434,CIAT-7292,Chamaecrista desvauxii,Herbaceous_legumes,92.0,9.42,90.58,31.83,44.14,59.53,28.85,49.0,106.45,48.05,4.55,15.74,17.19,18.27,38.18,285.98
F24-3435,CIAT-7317,Canavalia sp.,Herbaceous_legumes,92.45,19.06,80.94,23.88,24.73,52.26,36.07,63.9,138.17,70.24,5.14,15.92,17.4,24.0,34.3,110.77
F24-3436,CIAT-7322,Canavalia sp.,Herbaceous_legumes,89.37,15.19,84.81,21.52,18.16,47.54,39.02,77.02,172.33,74.64,4.37,17.21,19.04,32.75,43.86,150.58
F24-3437,CIAT-7339,Indigofera lespedezioides,Herbaceous_legumes,91.99,16.46,83.54,24.97,42.71,57.94,28.21,47.62,103.48,53.95,5.34,16.06,17.66,18.23,34.71,268.38
F24-3438,CIAT-7469,Clitoria ternatea,Herbaceous_legumes,92.16,8.09,91.91,26.37,22.54,60.53,42.42,79.04,171.45,65.71,3.85,16.63,18.01,30.78,47.75,135.76
F24-3439,CIAT-7643,Desmanthus pernambucanus,Shrub_Trees,93.82,7.35,92.65,22.49,37.8,66.98,29.59,54.22,115.47,47.16,4.08,16.55,18.19,21.0,44.69,158.79
F24-3440,CIAT-7703,Aeschynomene indica,Herbaceous_legumes,91.95,8.85,91.15,22.08,32.1,67.29,37.66,66.23,144.0,57.36,3.98,16.48,17.45,25.07,44.47,116.69
F24-3441,CIAT-7714,Alysicarpus glumaceus,Herbaceous_legumes,93.05,17.46,82.54,20.67,27.79,67.31,36.05,65.7,141.15,64.72,4.61,15.09,16.6,23.58,36.76,99.24
F24-3442,CIAT-7757,Clitoria ternatea,Herbaceous_legumes,92.11,8.25,91.75,23.68,21.95,57.24,41.62,78.36,170.05,64.37,3.8,15.8,17.25,29.49,46.06,145.5
F24-3443,CIAT-7759,Clitoria ternatea,Herbaceous_legumes,93.55,5.87,94.13,18.44,14.68,60.81,40.39,84.22,179.95,64.84,3.64,15.8,16.82,30.52,47.01,120.14
F24-3444,CIAT-7790,Crotalaria pallida,Herbaceous_legumes,92.13,5.86,94.14,24.76,20.08,67.6,32.89,69.33,150.4,61.25,4.1,16.07,18.89,28.69,46.83,101.62
F24-3445,CIAT-7792,Chamaecrista rotundifolia,Herbaceous_legumes,92.91,8.06,91.94,21.83,23.49,63.97,40.93,73.08,157.21,65.8,4.2,14.69,16.83,26.65,40.68,91.88
F24-3446,CIAT-7816,Indigofera spicata,Herbaceous_legumes,92.5,17.6,82.4,26.04,23.11,54.74,29.44,61.9,133.76,65.79,4.97,13.37,15.95,21.52,32.93,113.18
F24-3447,CIAT-7858,Crotalaria incana,Herbaceous_legumes,93.18,9.16,90.84,30.23,23.57,60.74,46.57,82.39,176.73,75.03,4.27,14.73,16.32,28.98,38.79,82.63
F24-3448,CIAT-7972,Canavalia brasiliensis,Herbaceous_legumes,91.92,17.83,82.17,27.77,23.86,56.09,36.2,67.42,146.61,68.52,4.69,13.76,16.13,23.76,35.17,115.44
F24-3449,CIAT-8205,Indigofera suffruticosa,Herbaceous_legumes,92.21,14.65,85.35,24.78,26.76,51.2,27.41,57.83,125.33,63.4,5.19,16.87,18.02,22.85,36.31,172.4
F24-3450,CIAT-8402,Indigofera suffruticosa,Herbaceous_legumes,92.0,17.72,82.28,26.24,18.99,47.9,32.59,58.26,126.58,64.85,5.15,16.26,17.93,22.73,35.27,197.94
F24-3451,CIAT-8408,Chamaecrista nictitans,Herbaceous_legumes,94.03,6.87,93.13,24.12,38.38,58.64,32.48,61.75,131.26,48.31,3.71,15.03,18.27,24.05,50.04,421.29
F24-3452,CIAT-8409,Chamaecrista nictitans,Herbaceous_legumes,91.94,7.66,92.34,26.82,38.02,61.85,31.94,54.13,117.71,51.49,4.42,15.14,18.5,21.95,42.92,186.55
F24-3453,CIAT-8719,Canavalia sp. ,Herbaceous_legumes,93.52,17.12,82.88,22.04,15.95,40.19,35.72,65.97,141.01,69.74,4.97,14.29,16.47,23.39,34.19,239.49
F24-3454,CIAT-8797,Desmanthus virgatus,Shrub_Trees,92.9,7.05,92.95,24.5,30.23,59.98,29.35,54.44,117.15,49.41,4.28,13.23,15.52,18.41,37.41,207.39
F24-3455,CIAT-8819,Coursetia caribaea,Herbaceous_legumes,91.77,13.95,86.05,22.92,19.59,43.99,30.66,63.85,139.09,65.65,4.75,15.99,17.87,25.03,38.36,725.23
F24-3456,CIAT-9170,Indigofera lespedezioides,Herbaceous_legumes,93.09,15.38,84.62,20.75,41.99,54.57,28.1,44.6,95.77,42.54,4.45,15.12,16.69,15.99,38.2,468.11
F24-3457,CIAT-9254,Crotalaria pallida,Herbaceous_legumes,90.83,6.64,93.36,24.65,20.58,55.34,31.49,68.2,150.13,59.58,4.0,18.25,20.76,31.24,52.29,222.84
F24-3458,CIAT-9283,Crotalaria pallida,Herbaceous_legumes,92.8,8.19,91.81,25.56,15.01,54.16,32.82,67.76,145.95,60.12,4.12,18.13,20.82,30.4,50.83,254.6
F24-3459,CIAT-9288,Indigofera suffruticosa,Herbaceous_legumes,93.76,11.91,88.09,27.58,16.46,52.41,39.46,68.94,147.0,68.02,4.63,19.38,22.66,33.31,49.11,168.49
F24-3460,CIAT-9336,Clitoria ternatea,Herbaceous_legumes,90.39,8.11,91.89,31.66,19.15,48.61,46.54,77.42,171.22,69.15,4.09,18.63,20.19,34.64,50.58,214.71
F24-3461,CIAT-9349,Mucuna pruriens,Herbaceous_legumes,91.42,8.63,91.37,30.38,27.8,55.56,30.09,59.72,130.61,56.47,4.33,17.35,18.52,24.19,43.23,295.65
F24-3462,CIAT-9356,Tephrosia noctiflora,Shrub_Trees,93.03,8.36,91.64,30.62,20.6,55.98,32.3,59.94,128.77,53.77,4.18,18.7,20.48,26.38,49.48,375.49
F24-3463,CIAT-9432,Clitoria ternatea,Herbaceous_legumes,91.28,8.03,91.97,31.25,17.92,44.95,36.95,70.2,153.75,50.87,3.32,17.36,18.9,29.07,57.24,-1104.57
F24-3464,CIAT-9433,Clitoria ternatea,Herbaceous_legumes,94.27,9.44,90.56,31.68,21.94,43.14,39.97,68.5,145.22,61.82,4.26,17.95,19.36,28.12,46.43,817.83
F24-3465,CIAT-9435,Desmanthus pubescens,Shrub_Trees,94.59,8.48,91.52,26.78,36.06,53.83,27.95,48.29,102.03,43.26,4.24,16.03,18.91,19.3,44.69,938.75
F24-3466,CIAT-9530,Crotalaria maypurensis,Herbaceous_legumes,93.26,8.79,91.21,32.65,10.84,32.2,47.13,83.98,179.99,68.2,3.8,17.02,19.21,34.56,51.12,-1583.51
F24-3467,CIAT-9562,Eriosema diffusum,Herbaceous_legumes,93.93,8.4,91.6,18.11,51.96,64.55,19.13,33.33,70.93,28.53,4.03,16.84,18.09,12.83,45.13,-198.5
F24-3468,CIAT-9982,Crotalaria incana,Herbaceous_legumes,93.82,8.65,91.35,26.86,14.33,46.83,45.21,84.79,180.65,72.64,4.02,17.05,19.0,34.32,47.26,178.64
F24-3469,CIAT-10647,Stylosanthes scabra,Herbaceous_legumes,92.93,9.36,90.64,20.02,32.44,56.19,43.31,79.2,170.35,67.34,3.95,15.9,18.79,32.01,48.31,151.04
F24-3470,CIAT-11194,Stylosanthes hamata,Herbaceous_legumes,92.89,9.61,90.39,21.18,30.18,55.94,33.85,70.41,151.51,59.25,3.91,15.17,18.02,27.31,46.12,184.66
F24-3471,CIAT-11999,Stylosanthes guianensis,Herbaceous_legumes,93.5,10.46,89.54,20.09,33.9,61.32,34.49,78.22,167.21,58.55,3.5,12.98,16.25,27.25,46.61,139.83
F24-3472,CIAT-12318,Stylosanthes hamata,Herbaceous_legumes,94.1,11.08,88.92,22.05,29.34,55.26,39.9,82.4,175.02,56.88,3.25,13.99,16.96,29.75,52.27,259.42
F24-3473,CIAT-13575,Desmodium incanum,Herbaceous_legumes,94.14,11.52,88.48,23.17,44.09,57.61,25.6,51.93,110.26,42.85,3.89,13.6,16.23,17.97,42.43,502.53
F24-3474,CIAT-13609,Desmodium incanum,Herbaceous_legumes,93.4,11.58,88.42,20.01,40.85,58.78,27.51,50.25,107.53,38.4,3.58,13.66,16.31,17.58,46.39,-1188.43
F24-3475,CIAT-15551,Centrosema molle,Herbaceous_legumes,93.75,10.48,89.52,22.31,23.67,61.59,32.77,65.88,140.48,49.72,3.55,14.79,17.49,24.68,50.03,290.19
F24-3476,CIAT-17024,Desmanthus pernambucanus,Shrub_Trees,92.53,8.23,91.77,24.63,32.03,58.24,28.59,50.45,108.95,40.14,3.7,14.17,16.84,18.45,46.29,-1508.62
F24-3477,CIAT-17091,Crotalaria micans,Herbaceous_legumes,94.56,8.37,91.63,24.38,17.15,49.73,41.67,87.22,184.37,66.12,3.59,15.17,17.47,32.25,48.83,212.3
F24-3478,CIAT-17365,Clitoria ternatea,Herbaceous_legumes,93.39,7.63,92.37,32.12,23.37,51.72,47.57,86.39,184.9,63.39,3.43,15.12,17.56,32.55,51.29,221.13
F24-3479,CIAT-17451,Canavalia sp.,Herbaceous_legumes,91.64,19.48,80.53,22.34,20.08,49.14,35.57,68.16,148.64,62.07,4.18,12.8,15.61,23.25,37.55,223.01
F24-3480,CIAT-17775,Christia obcordata,Herbaceous_legumes,94.3,10.72,89.28,16.05,26.04,54.97,45.41,83.24,176.41,59.09,3.35,15.26,18.43,32.55,55.22,244.5
F24-3481,CIAT-18016,Sesbania emerus,Shrub_Trees,93.22,7.68,92.32,24.16,28.12,56.38,31.79,61.95,132.84,50.31,3.8,14.23,15.96,21.31,42.47,612.91
F24-3482,CIAT-18044,Christia sp.,Herbaceous_legumes,93.67,14.44,85.56,21.0,22.69,54.68,36.57,70.56,150.62,58.33,3.87,15.28,18.25,27.52,47.47,250.94
F24-3483,CIAT-18288,Sesbania exasperata,Shrub_Trees,92.91,8.89,91.11,23.18,27.95,51.1,39.39,73.99,159.19,55.66,3.49,14.9,16.94,27.04,48.91,-1024.53
F24-3484,CIAT-18447,Clitoria ternatea,Herbaceous_legumes,92.93,7.5,92.5,29.41,26.2,54.05,45.21,80.39,172.89,55.28,3.2,14.51,16.92,29.34,53.02,361.74
F24-3485,CIAT-18455,Christia obcordata,Herbaceous_legumes,93.2,14.45,85.55,21.77,22.27,52.43,40.14,81.32,174.41,59.86,3.47,15.41,18.54,32.52,54.18,301.16
F24-3486,CIAT-18707,Crotalaria pallida,Herbaceous_legumes,92.83,7.44,92.56,37.5,22.03,51.93,36.7,69.77,150.03,53.89,3.6,16.06,21.49,32.3,60.94,4102.07
F24-3487,CIAT-18749,Arachis pintoi,Herbaceous_legumes,92.7,14.32,85.68,21.13,27.42,51.53,24.41,64.46,139.0,61.12,4.41,11.69,15.84,22.11,36.23,193.52
F24-3488,CIAT-18813,Crotalaria nitens,Herbaceous_legumes,91.8,16.91,83.09,17.16,28.69,52.37,27.31,54.58,118.83,51.23,4.36,13.41,16.45,19.62,38.58,-51.21
F24-3489,CIAT-18848,Alysicarpus rugosus,Herbaceous_legumes,94.43,24.5,75.5,19.99,28.13,48.33,32.97,53.64,113.58,57.17,5.05,14.5,16.9,19.17,34.19,-169.44
F24-3490,CIAT-18862,Alysicarpus rugosus,Herbaceous_legumes,93.07,16.36,83.65,24.58,21.72,49.43,32.72,59.3,127.37,49.62,3.91,15.2,17.3,22.1,44.91,203.33
F24-3491,CIAT-18931,Tephrosia linearis,Shrub_Trees,93.54,10.78,89.22,28.56,19.07,61.09,30.95,58.9,125.87,49.75,3.95,14.06,16.35,20.54,42.05,293.07
F24-3492,CIAT-19038,Canavalia sp.,Shrub_Trees,90.17,16.04,83.96,23.78,17.61,47.65,33.95,69.37,153.76,63.37,4.15,14.78,17.6,27.11,43.52,-75.3
F24-3493,CIAT-19118,Alysicarpus rugosus,Herbaceous_legumes,92.92,11.39,88.61,22.8,24.18,44.31,35.18,69.18,148.82,59.74,4.02,15.71,17.7,26.31,44.5,451.56
F24-3494,CIAT-19127,Alysicarpus rugosus,Herbaceous_legumes,92.25,10.39,89.62,19.5,34.91,57.93,32.38,61.46,133.18,48.76,3.66,15.48,17.96,23.89,49.24,435.96
F24-3495,CIAT-19128,Alysicarpus rugosus,Herbaceous_legumes,92.69,9.45,90.55,17.09,40.01,61.97,31.15,60.03,129.47,46.81,3.62,15.19,17.68,22.87,49.01,275.49
F24-3496,CIAT-19129,Alysicarpus rugosus,Herbaceous_legumes,93.46,11.98,88.02,17.81,36.71,62.08,34.59,62.25,133.12,49.9,3.75,15.91,18.28,24.34,49.18,252.14
F24-3497,CIAT-19133,Alysicarpus rugosus,Herbaceous_legumes,93.13,11.81,88.19,17.49,35.06,55.15,36.85,65.88,141.43,48.23,3.42,15.61,18.06,25.59,55.12,-223.92
F24-3498,CIAT-19137,Alysicarpus rugosus,Herbaceous_legumes,93.77,10.96,89.04,18.13,33.34,57.07,37.39,67.9,144.72,53.2,3.68,15.31,17.59,25.49,48.49,578.79
F24-3499,CIAT-19138,Alysicarpus rugosus,Herbaceous_legumes,92.69,11.37,88.63,21.32,32.54,54.03,34.15,62.59,134.98,54.86,4.07,15.26,17.55,23.69,43.21,290.69
F24-3500,CIAT-19139,Alysicarpus ovalifolius,Herbaceous_legumes,94.61,12.04,87.96,18.54,35.03,58.31,30.61,56.94,120.28,52.41,4.37,14.24,17.2,20.77,39.74,239.14
F24-3501,CIAT-19213,Clitoria ternatea,Herbaceous_legumes,93.84,11.79,88.21,31.12,37.56,51.31,50.45,71.89,153.19,63.66,4.15,14.99,16.09,24.65,39.14,194.95
F24-3502,CIAT-19421,Uraria lagopodioides,Herbaceous_legumes,94.09,18.68,81.32,20.04,27.8,46.04,41.01,56.9,120.89,54.27,4.49,14.13,15.13,18.29,33.82,-270.24
F24-3503,CIAT-19566,Tephrosia noctiflora,Shrub_Trees,93.74,12.42,87.58,25.36,19.49,42.6,45.23,68.65,146.32,64.11,4.39,15.42,16.28,23.83,37.31,595.67
F24-3504,CIAT-19667,Indigofera hirsuta,Herbaceous_legumes,92.42,9.96,90.04,26.0,37.56,50.53,30.63,46.87,101.39,44.81,4.44,13.07,14.31,14.51,32.52,-324.21
F24-3505,CIAT-19673,Alysicarpus rugosus,Herbaceous_legumes,92.51,11.98,88.02,25.41,27.8,53.08,42.48,65.45,141.49,51.27,3.64,14.38,15.9,22.51,43.95,-505.48
F24-3506,CIAT-19895,Aeschynomene americana,Herbaceous_legumes,93.36,11.41,88.59,25.26,25.71,62.06,37.07,75.15,160.96,67.43,4.23,14.14,15.62,25.13,38.27,100.81
F24-3507,CIAT-20093,Canavalia sp.,Herbaceous_legumes,94.36,12.87,87.13,24.07,16.58,50.41,39.24,73.92,156.59,65.75,4.25,14.71,15.94,24.97,37.98,162.04
F24-3508,CIAT-20113,Canavalia sp.,Herbaceous_legumes,94.64,15.79,84.21,18.07,15.92,48.43,38.5,78.2,165.17,65.3,3.97,13.02,15.11,24.95,38.26,203.42
F24-3509,CIAT-20125,Coursetia caribaea,Herbaceous_legumes,93.5,13.24,86.76,20.44,18.08,44.23,32.16,63.55,135.87,57.96,4.35,15.43,17.01,23.1,40.0,-114.46
F24-3510,CIAT-20298,Canavalia sp.,Herbaceous_legumes,93.66,16.19,83.81,22.85,21.72,43.09,34.42,67.24,143.52,56.36,3.98,13.89,15.34,22.05,39.36,-380.08
F24-3511,CIAT-20305,Canavalia sp.,Herbaceous_legumes,93.54,18.34,81.66,23.35,19.38,39.7,40.66,68.91,147.24,62.07,4.56,12.71,14.72,21.85,35.46,523.12
F24-3512,CIAT-20803,Canavalia sp.,Herbaceous_legumes,93.38,15.93,84.06,22.07,15.58,49.53,35.35,68.27,146.13,55.7,3.86,13.8,15.98,23.37,42.61,344.33
F24-3513,CIAT-21031,Christia obcordata,Herbaceous_legumes,94.06,19.67,80.33,20.42,8.94,46.57,34.52,60.94,129.5,55.29,4.34,13.8,15.58,20.23,37.14,282.43
F24-3514,CIAT-21128,Crotalaria pallida,Herbaceous_legumes,93.46,10.34,89.66,29.38,36.54,43.84,33.38,65.81,140.73,53.1,3.83,15.13,17.95,25.14,47.36,521.97
F24-3515,CIAT-21212,Canavalia sp.,Herbaceous_legumes,93.67,15.0,85.0,22.98,20.77,39.82,39.43,77.07,164.44,66.3,4.07,13.34,16.14,26.58,40.3,281.56
F24-3516,CIAT-21263,Sesbania rostrata,Shrub_Trees,92.58,13.36,86.64,25.01,15.32,40.69,38.45,68.47,147.82,60.43,4.16,14.32,15.06,22.31,37.31,899.24
F24-3517,CIAT-21514,Desmanthus virgatus,Shrub_Trees,93.55,9.91,90.08,23.25,15.23,55.95,27.93,48.55,103.75,35.54,3.65,13.74,15.01,15.6,46.93,-218.72
F24-3518,CIAT-21565,Chamaecrista rotundifolia,Herbaceous_legumes,92.64,7.89,92.11,19.59,33.72,58.3,36.78,71.66,154.6,57.7,3.81,12.47,14.73,22.85,39.86,156.23
F24-3519,CIAT-21709,Crotalaria juncea,Herbaceous_legumes,92.16,16.8,83.2,25.97,23.18,43.06,39.28,69.74,151.26,57.17,3.84,14.92,15.88,24.04,42.07,151.59
F24-3520,CIAT-22286,Crotalaria micans,Herbaceous_legumes,93.58,10.4,89.6,25.3,24.48,43.59,36.48,74.76,159.67,59.54,3.76,14.86,15.96,25.49,43.2,1203.16
F24-3521,CIAT-22475,Alysicarpus rugosus,Herbaceous_legumes,94.16,12.42,87.57,17.41,31.68,64.15,31.22,59.17,125.61,43.56,3.56,14.0,15.47,19.51,44.51,97.12
F24-3522,CIAT-22481,Sesbania cochinchinensis,Shrub_Trees,91.97,10.46,89.54,31.18,26.64,61.96,30.63,52.58,114.3,51.99,4.62,13.89,14.44,16.5,31.77,130.73
F24-3523,CIAT-22520,Arachis pusilla,Herbaceous_legumes,93.06,14.93,85.07,20.36,22.79,61.22,32.79,64.53,138.62,51.33,3.77,13.09,14.92,20.77,40.72,107.82
F24-3524,CIAT-22570,Desmanthus bicornutus,Shrub_Trees,92.67,8.46,91.54,32.64,19.87,64.71,20.63,28.26,60.98,36.77,6.51,13.38,14.61,9.06,24.79,-1394.92
F24-3525,CIAT-22594,Desmanthus pernambucanus,Shrub_Trees,94.58,8.87,91.13,27.26,23.96,58.58,27.09,43.49,91.94,38.96,4.29,13.66,14.94,13.77,35.36,-536.91
F24-3526,CIAT-22754,Lablab purpureus,Herbaceous_legumes,91.68,12.14,87.86,30.03,24.88,51.34,42.09,67.48,147.12,51.68,3.53,13.58,15.12,22.29,43.14,287.96
F24-3527,CIAT-22915,Aeschynomene villosa,Herbaceous_legumes,92.06,7.92,92.07,27.06,34.54,64.51,40.76,72.35,157.1,58.09,3.7,13.71,15.35,24.14,41.67,115.98
F24-3528,CIAT-23259,Desmodium gangeticum,Shrub_Trees,92.86,12.96,87.04,23.04,24.96,56.45,27.44,53.1,114.29,51.49,4.56,15.36,16.83,19.24,37.41,-17.74
F24-3529,CIAT-23339,Desmodium gangeticum,Shrub_Trees,93.7,15.0,85.0,22.09,14.57,55.68,27.34,52.34,111.66,53.81,4.9,15.24,16.87,18.86,35.07,236.82
F24-3530,CIAT-23761,Uraria picta,Herbaceous_legumes,95.0,13.68,86.32,18.09,26.64,61.9,32.55,50.91,107.11,44.14,4.23,12.26,13.68,14.71,33.56,443.23
F24-3531,CIAT-24360,Vigna umbellata,Herbaceous_legumes,92.73,17.22,82.78,23.17,28.73,53.68,32.75,57.94,124.94,52.16,4.19,13.99,15.44,19.32,37.12,-1517.27
F24-3532,CIAT-24466,Vigna umbellata,Herbaceous_legumes,92.86,19.77,80.23,22.39,20.0,37.53,37.51,60.16,129.53,61.87,4.85,13.63,14.71,19.08,31.71,321.02
F24-3533,CIAT-32246,Chamaecrista nictitans,Herbaceous_legumes,91.54,8.03,91.97,26.83,26.64,79.4,33.19,55.68,121.6,42.36,3.56,13.48,15.7,19.15,46.27,94.81
F24-3534,CIAT-32365,Desmanthus virgatus,Shrub_Trees,90.93,7.5,92.5,30.19,28.73,75.76,25.61,40.89,89.89,35.6,4.1,12.9,14.73,13.35,37.06,120.66
F24-3535,CIAT-32373,Desmanthus pubescens,Shrub_Trees,92.34,8.66,91.34,28.4,19.99,77.89,28.32,43.44,94.05,42.56,4.62,12.34,14.13,13.35,31.7,69.85
F24-3536,CIAT-32379,Desmanthus pubescens,Shrub_Trees,92.94,8.25,91.76,27.65,18.95,74.62,29.21,58.07,124.89,48.67,3.9,12.51,14.68,18.35,38.16,294.76
F24-3537,CIAT-32380,Desmanthus pubescens,Shrub_Trees,93.3,8.76,91.24,29.33,30.9,78.27,25.84,52.84,113.23,39.27,3.47,12.96,15.24,17.25,44.36,379.47
F24-3538,CIAT-33249,Desmodium velutinum,Shrub_Trees,93.13,9.68,90.32,16.48,42.75,79.24,31.15,61.99,133.06,41.65,3.13,14.49,15.65,20.83,50.33,376.46
F24-3539,CIAT-172,Stylosanthes hamata,Herbaceous_legumes,91.18,10.02,89.98,14.34,35.0,86.21,31.77,74.82,164.07,39.14,2.38,12.82,14.22,23.32,64.24,498.96
F24-3540,CIAT-1467,Stylosanthes hamata,Herbaceous_legumes,92.62,8.54,91.46,13.64,34.78,74.94,43.33,97.52,210.51,58.12,2.76,12.74,14.4,30.31,52.16,241.64
F24-3541,CIAT-1475,Stylosanthes hamata,Herbaceous_legumes,90.79,8.75,91.24,17.29,37.43,72.12,45.1,94.34,206.28,56.26,2.73,13.22,14.72,30.38,54.15,247.53
F24-3542,CIAT-1650,Stylosanthes guianensis,Herbaceous_legumes,91.92,12.67,87.33,15.65,34.65,103.48,32.46,70.56,153.47,41.78,2.72,12.96,14.21,21.77,52.62,230.68
F24-3543,CIAT-1706,Stylosanthes humilis,Herbaceous_legumes,92.7,14.73,85.27,19.4,31.88,99.59,36.01,73.09,157.6,39.5,2.51,12.77,14.31,22.53,58.93,275.23
F24-3544,CIAT-1727,Stylosanthes humilis,Herbaceous_legumes,92.12,13.82,86.18,18.76,34.12,101.34,36.78,73.8,160.16,36.15,2.25,11.83,14.23,22.72,64.29,288.8
F24-3546,CIAT-1964,Stylosanthes guianensis,Herbaceous_legumes,90.29,9.43,90.57,16.9,34.86,79.75,28.74,67.77,150.08,40.86,2.72,13.22,14.24,21.35,52.88,395.68
F24-3547,CIAT-2613,Stylosanthes guianensis,Herbaceous_legumes,91.94,13.26,86.74,12.31,37.2,76.95,28.09,57.51,125.03,38.22,3.04,11.4,12.03,15.02,40.06,414.44
F24-3548,CIAT-2783,Stylosanthes humilis,Herbaceous_legumes,89.75,10.11,89.89,4.07,31.3,49.65,41.15,96.56,215.11,50.74,2.35,12.3,13.71,29.48,61.98,278.2
F24-3549,CIAT-10440,Stylosanthes humilis,Herbaceous_legumes,90.24,11.91,88.09,17.78,31.37,51.77,41.79,91.86,203.9,51.58,2.54,12.27,13.77,28.08,57.24,257.78
F24-3550,CIAT-10613,Stylosanthes scabra,Herbaceous_legumes,92.84,7.89,92.11,19.44,46.21,59.51,34.85,73.47,159.51,45.3,4.59,12.26,13.8,22.13,50.74,234.03
F24-3551,CIAT-10627,Stylosanthes scabra,Herbaceous_legumes,93.39,13.71,86.29,15.96,39.59,57.5,36.13,77.82,166.9,42.54,2.56,12.31,13.63,22.76,56.51,263.33
F24-3552,CIAT-10634,Stylosanthes scabra,Herbaceous_legumes,93.02,10.56,89.44,11.83,33.59,56.99,37.85,83.92,180.11,50.7,2.83,12.52,13.58,24.43,49.55,230.87
F24-3553,CIAT-10639,Stylosanthes scabra,Herbaceous_legumes,93.2,11.08,88.92,15.74,35.04,53.94,40.9,88.97,191.0,51.6,2.7,12.81,14.09,26.9,52.82,246.04
F24-3554,CIAT-10725,Stylosanthes scabra,Herbaceous_legumes,92.39,11.55,88.45,15.72,41.09,58.81,37.24,78.75,169.85,47.39,2.8,12.89,14.22,24.15,52.85,244.98
F24-3555,CIAT-11199,Stylosanthes hamata,Herbaceous_legumes,91.82,8.77,91.23,15.0,36.3,58.28,39.57,85.64,186.47,48.04,2.58,12.9,14.58,27.2,57.28,263.09
F24-3556,CIAT-11215,Stylosanthes hamata,Herbaceous_legumes,92.9,10.52,89.48,14.8,27.87,52.53,37.96,85.25,184.22,51.59,2.81,13.06,14.32,26.38,54.75,253.05
F24-3557,CIAT-11220,Stylosanthes hamata,Herbaceous_legumes,91.88,8.42,91.58,18.31,26.31,56.95,40.07,89.31,193.65,55.83,2.89,12.89,14.22,27.54,50.46,232.65
F24-3558,CIAT-11232,Stylosanthes hamata,Herbaceous_legumes,91.23,7.32,92.68,17.37,34.64,54.2,40.68,91.36,199.74,48.31,2.42,12.58,14.31,28.58,61.27,280.24
F24-3559,CIAT-11313,Stylosanthes guianensis,Herbaceous_legumes,92.19,11.54,88.46,15.09,38.82,55.96,35.07,81.53,177.53,47.02,2.65,12.37,13.81,24.59,53.3,244.88
F24-3560,CIAT-11417,Stylosanthes guianensis,Herbaceous_legumes,91.5,12.06,87.94,14.94,41.48,57.23,31.07,70.64,153.96,41.34,2.68,12.21,12.62,19.46,50.02,229.62
F24-3561,CIAT-11624,Stylosanthes humilis,Herbaceous_legumes,92.04,12.04,87.96,12.26,33.73,54.88,34.9,77.97,169.68,48.45,2.87,12.07,12.87,21.9,47.32,217.47
F24-3562,CIAT-11690,Stylosanthes humilis,Herbaceous_legumes,90.68,12.89,87.11,15.62,33.51,54.33,38.18,81.36,178.5,46.09,2.58,12.26,13.46,24.03,54.81,249.85
F24-3563,CIAT-11762,Stylosanthes hamata,Herbaceous_legumes,90.71,8.06,91.94,16.73,39.8,58.73,39.74,83.75,184.63,40.89,2.22,12.92,14.23,26.28,68.27,309.67
F24-3564,CIAT-11778,Stylosanthes hamata,Herbaceous_legumes,92.06,8.58,91.42,15.95,26.27,54.21,42.63,86.14,188.01,51.18,2.79,12.86,14.31,26.96,55.78,255.33
F24-3565,CIAT-11784,Stylosanthes hamata,Herbaceous_legumes,92.3,8.64,91.36,16.99,35.91,59.39,39.13,84.53,183.26,45.06,2.48,12.97,14.35,26.26,61.02,281.5
F24-3566,CIAT-11820,Stylosanthes scabra,Herbaceous_legumes,91.81,11.13,88.87,16.9,31.38,52.89,39.35,83.03,180.49,43.83,2.42,12.76,14.12,25.48,61.0,280.7
F24-3567,CIAT-12042,Stylosanthes humilis,Herbaceous_legumes,91.35,15.08,84.92,18.06,31.39,53.81,39.13,81.75,178.59,42.08,2.35,12.37,13.56,24.23,62.04,283.92
F24-3568,CIAT-12115,Stylosanthes humilis,Herbaceous_legumes,92.48,8.91,91.09,15.32,34.71,55.55,44.26,92.32,199.53,53.03,2.67,60.02,35.86,71.15,138.08,638.94
F24-3569,CIAT-12140,Stylosanthes humilis,Herbaceous_legumes,91.57,11.22,88.78,19.39,28.23,54.15,45.37,90.67,197.46,62.29,3.16,64.69,39.24,77.61,125.2,575.45
F24-3570,CIAT-12184,Stylosanthes humilis,Herbaceous_legumes,92.54,10.37,89.63,15.38,25.67,48.49,44.69,91.84,199.11,58.15,2.92,60.32,36.34,72.38,121.69,561.21
F24-3571,CIAT-12202,Stylosanthes humilis,Herbaceous_legumes,92.63,10.68,89.32,18.22,24.08,48.06,44.46,93.41,201.65,56.07,2.78,60.93,36.5,73.54,131.51,609.11
F24-3572,CIAT-12311,Stylosanthes guianensis,Herbaceous_legumes,91.76,15.04,84.96,16.63,34.79,53.68,42.22,91.14,197.87,56.11,2.84,58.96,34.85,68.42,120.15,553.28
F24-3573,CIAT-12381,Stylosanthes hamata,Herbaceous_legumes,92.25,13.21,86.79,17.11,33.25,56.81,46.22,93.81,203.63,52.37,2.58,60.36,37.23,74.97,142.12,654.68
F24-3574,CIAT-12374,Stylosanthes hamata,Herbaceous_legumes,91.94,8.79,91.21,17.42,30.52,56.26,48.86,97.11,210.95,55.63,2.64,62.96,39.34,82.36,150.77,694.06
F24-3575,CIAT-12457,Stylosanthes hamata,Herbaceous_legumes,93.7,11.91,88.09,16.96,27.69,55.43,47.06,96.57,207.43,56.09,2.71,62.11,38.04,77.99,143.7,668.99
F24-3576,CIAT-12462,Stylosanthes hamata,Herbaceous_legumes,92.55,9.45,90.55,19.36,26.71,57.45,45.89,94.07,202.38,59.37,2.94,60.81,37.42,74.98,124.74,579.81
F24-3577,CIAT-12485,Stylosanthes scabra,Herbaceous_legumes,93.95,13.35,86.65,14.59,30.78,55.79,38.62,79.31,169.78,52.97,3.12,51.44,32.64,55.39,108.65,507.69
F24-3578,CIAT-12615,Stylosanthes guianensis,Herbaceous_legumes,89.76,10.4,89.6,14.07,35.32,53.46,35.42,79.01,173.57,53.5,3.12,50.65,30.52,51.88,98.51,448.35
F24-3579,CIAT-12686,Stylosanthes hamata,Herbaceous_legumes,90.96,10.25,89.75,16.0,34.52,48.94,38.19,86.67,191.31,53.61,2.8,55.56,32.48,61.14,115.9,525.26
F24-3580,CIAT-12710,Stylosanthes scabra,Herbaceous_legumes,91.72,11.21,88.79,11.5,38.43,58.38,37.66,81.29,177.89,48.79,2.76,67.48,39.02,68.53,138.37,632.76
F24-3581,CIAT-12758,Stylosanthes guianensis,Herbaceous_legumes,91.38,9.52,90.48,14.95,34.11,56.97,36.29,76.67,167.51,45.31,2.7,50.1,30.0,49.73,114.65,524.79
F24-3612,CIAT-398,Desmodium incanum,Herbaceous_legumes,91.78,17.46,82.54,17.92,37.86,50.73,25.59,55.35,120.53,37.94,3.15,13.99,15.66,18.88,49.86,-398.95
F24-3614,CIAT-442,Centrosema molle x acutifolium,Herbaceous_legumes,93.94,17.65,82.35,17.82,30.34,55.32,34.83,66.12,140.7,43.3,3.08,14.57,15.9,22.38,52.27,-10615.89
F24-3615,CIAT-466,Vigna umbellata,Herbaceous_legumes,92.76,18.26,81.74,16.36,18.73,45.1,44.62,84.7,182.53,62.6,3.43,14.22,15.95,29.12,46.59,1409.84
F24-3616,CIAT-715,Canavalia ensiformis,Herbaceous_legumes,90.62,18.66,81.34,20.82,18.46,41.73,37.49,72.02,158.87,55.83,3.51,13.9,15.42,24.51,44.06,1212.1
F24-3617,CIAT-887,Calopogonium mucunoides,Herbaceous_legumes,92.18,12.7,87.3,21.0,25.91,44.12,32.87,62.18,134.86,52.78,3.91,14.44,16.22,21.88,41.52,-1933.48
F24-3618,CIAT-923,Galactia latisiliqua,Herbaceous_legumes,92.82,15.71,84.3,18.23,16.14,46.7,42.36,90.16,194.09,63.67,3.28,14.04,16.3,31.65,49.82,728.15
F24-3619,CIAT-3813,Desmodium sequax,Herbaceous_legumes,93.1,13.82,86.18,17.62,46.86,54.96,19.89,34.95,75.02,23.81,3.18,13.71,15.03,11.27,47.74,-137.16
F24-3620,CIAT-5512,Centrosema brasilianum,Herbaceous_legumes,92.27,9.81,90.19,22.16,28.68,46.39,45.26,77.92,168.82,59.21,3.51,14.28,16.09,27.16,45.89,1170.89
F24-3621,CIAT-5568,Centrosema acutifolium,Herbaceous_legumes,91.58,11.85,88.15,17.29,39.06,58.44,35.23,67.15,146.58,44.5,3.04,14.09,15.92,23.35,52.67,1886.25
F24-3622,CIAT-5657,Centrosema brasilianum,Herbaceous_legumes,91.84,10.66,89.34,21.64,30.82,54.0,41.23,72.9,158.7,50.66,3.2,12.8,14.93,23.68,47.4,484.04
F24-3623,CIAT-5744,Centrosema macrocarpum,Herbaceous_legumes,93.6,14.86,85.14,17.67,33.74,56.91,33.92,59.04,126.09,39.53,3.14,14.21,16.11,20.32,52.4,640.22
F24-3624,CIAT-7131,Eriosema diffusum,Herbaceous_legumes,92.21,7.09,92.91,16.02,49.78,61.86,19.48,38.41,83.25,23.05,2.76,13.3,14.58,12.13,55.01,-265.17
F24-3625,CIAT-7318,Canavalia sp.,Herbaceous_legumes,92.41,17.32,82.68,17.71,20.9,41.26,40.22,81.53,176.37,55.31,3.16,12.61,14.96,26.4,48.52,-5919.72
F24-3626,CIAT-7395,Galactia striata,Herbaceous_legumes,91.72,16.66,83.34,13.71,20.78,47.98,32.81,69.61,151.69,51.78,3.45,12.74,15.1,22.95,47.01,393.38
F24-3627,CIAT-7648,Canavalia brasiliensis,Herbaceous_legumes,91.98,18.02,81.98,22.05,17.99,40.89,38.11,73.49,159.69,57.02,3.59,12.66,15.17,24.27,43.86,-24.7
F24-3628,CIAT-7746,Crotalaria paulina,Herbaceous_legumes,92.06,22.45,77.55,14.81,21.01,43.06,38.08,72.31,156.99,57.79,3.69,12.88,14.83,23.29,41.13,5746.12
F24-3629,CIAT-7813,Indigofera cryptantha,Herbaceous_legumes,90.14,12.32,87.68,26.44,20.9,30.7,44.9,91.27,202.34,61.75,3.06,14.09,17.11,34.62,57.58,789.63
F24-3630,CIAT-7831,Tephrosia rhodesica,Shrub_Trees,93.6,17.2,82.8,21.67,19.27,51.96,38.42,73.54,157.09,51.58,3.31,14.91,17.57,27.61,54.47,808.04
F24-3631,CIAT-7894,Canavalia brasiliensis,Herbaceous_legumes,93.35,21.76,78.24,21.16,19.12,40.92,37.79,73.06,156.45,52.77,3.39,12.3,15.04,23.54,45.89,-134.01
F24-3632,CIAT-7991,Indigofera suffruticosa,Herbaceous_legumes,92.96,23.02,76.97,24.54,23.24,39.11,30.66,64.0,137.63,39.55,2.9,14.83,16.72,23.12,63.57,-221.88
F24-3633,CIAT-8202,Chamaecrista rotundifolia,Herbaceous_legumes,92.66,17.52,82.48,24.37,22.99,45.97,46.14,74.23,160.13,51.8,3.24,13.61,15.52,24.86,48.87,1005.71
F24-3634,CIAT-9189,Indigofera suffruticosa,Herbaceous_legumes,92.22,24.08,75.91,29.1,20.19,39.4,36.85,68.25,147.93,57.89,3.92,15.22,17.47,25.84,45.56,962.5
F24-3635,CIAT-9434,Clitoria ternatea,Herbaceous_legumes,90.76,16.82,83.18,25.12,17.44,47.68,41.23,81.72,179.93,54.0,3.03,14.98,16.4,29.55,56.61,-224307.05
F24-3636,CIAT-11162,Stylosanthes scabra,Herbaceous_legumes,91.46,22.3,77.69,17.11,23.0,51.4,44.2,84.99,185.75,56.82,3.07,12.46,14.92,27.72,50.47,-1411.29
F24-3637,CIAT-13301,Desmodium sequax,Herbaceous_legumes,92.57,20.83,79.17,19.83,51.0,58.71,21.65,36.71,79.25,26.72,3.42,14.0,15.79,12.51,48.61,-287.68
F24-3638,CIAT-15401,Centrosema brasilianum,Herbaceous_legumes,93.22,17.65,82.35,17.11,28.58,49.64,42.28,70.33,150.83,52.1,3.47,13.84,15.7,23.67,45.47,-30307.6
F24-3639,CIAT-17360,Alysicarpus vaginalis,Herbaceous_legumes,92.85,21.71,78.29,24.55,20.16,37.06,37.19,68.51,147.48,62.8,4.26,15.72,16.94,24.99,39.91,-1689.12
F24-3640,CIAT-17768,Clitoria ternatea,Herbaceous_legumes,93.48,6.89,93.11,15.45,12.14,48.08,48.48,96.71,206.79,62.31,3.02,14.83,16.26,33.63,54.62,1076.52
F24-3641,CIAT-18004,Chamaecrista rotundifolia,Herbaceous_legumes,92.94,6.78,93.22,15.74,14.9,45.46,43.61,92.53,199.03,58.72,2.95,13.81,15.73,31.32,53.53,1161.41
F24-3642,CIAT-18430,Alysicarpus vaginalis,Herbaceous_legumes,92.65,12.1,87.9,24.28,21.54,40.06,42.43,78.86,170.13,62.24,3.66,15.38,16.74,28.48,46.1,297.36
F24-3644,CIAT-18708,Crotalaria pallida,Herbaceous_legumes,92.86,10.77,89.22,23.89,18.17,42.86,44.0,80.49,173.23,59.88,3.47,15.06,17.16,29.73,49.94,-62035.89
F24-3645,CIAT-18850,Alysicarpus rugosus,Herbaceous_legumes,93.94,14.28,85.72,23.09,20.43,40.56,37.07,71.34,151.79,58.68,3.87,15.3,15.95,24.2,41.53,207.48
F24-3646,CIAT-18865,Alysicarpus rugosus,Herbaceous_legumes,93.43,13.54,86.46,18.24,23.38,41.27,36.04,71.98,154.0,51.17,3.32,14.34,15.09,23.25,45.67,-941.73
F24-3647,CIAT-19032,Canavalia sp.,Herbaceous_legumes,92.42,14.73,85.28,23.96,17.66,39.85,37.81,80.83,174.84,59.15,3.39,13.27,15.33,26.81,45.7,-1866.4
F24-3648,CIAT-19119,Alysicarpus rugosus,Herbaceous_legumes,92.5,23.76,76.24,20.28,22.2,41.36,38.55,66.18,143.02,56.58,3.95,14.11,15.47,22.13,40.18,-661.24
F24-3650,CIAT-20303,Canavalia brasiliensis,Herbaceous_legumes,88.98,16.2,83.8,21.53,12.76,33.06,39.58,84.67,190.21,58.61,3.09,13.51,15.82,30.08,52.89,-292.82
F24-3651,CIAT-20589,Uraria lagopodioides,Herbaceous_legumes,92.04,21.08,78.93,20.68,21.06,38.55,34.42,63.62,138.18,55.03,3.99,14.99,16.47,22.78,41.75,124.42
F24-3652,CIAT-21687,Desmanthus virgatus,Shrub_Trees,91.86,8.54,91.46,28.43,32.71,47.95,30.24,58.13,126.5,45.4,3.58,12.63,14.66,18.59,42.42,-2025.92
F24-3653,CIAT-22048,Aeschynomene americana,Herbaceous_legumes,89.4,10.14,89.85,21.74,16.05,41.36,51.18,86.56,193.58,63.48,3.28,13.2,14.47,28.01,44.16,1378.74
F24-3654,CIAT-22156,Arachis pintoi,Herbaceous_legumes,89.7,10.45,89.55,20.83,24.72,41.79,43.04,91.27,203.44,56.59,2.78,12.54,14.41,29.31,53.44,58.01
F24-3655,CIAT-22507,Desmanthus subulatus,Shrub_Trees,89.94,9.48,90.52,29.9,32.22,43.71,30.8,54.98,122.18,42.78,3.51,12.19,13.98,17.07,40.95,-313.27
F24-3656,CIAT-22510,Desmanthus bicornutus,Shrub_Trees,87.95,10.54,89.46,25.93,36.07,42.87,26.07,48.27,109.68,32.63,3.02,12.46,14.39,15.78,51.7,-129.72
F24-3657,CIAT-22598,Lablab purpureus,Herbaceous_legumes,88.94,12.58,87.42,31.13,28.04,45.42,34.61,64.75,145.54,52.73,3.63,15.1,15.84,23.06,45.23,389.46
F24-3658,CIAT-22784,Desmanthus bicornutus,Shrub_Trees,92.62,10.43,89.57,30.03,30.63,41.66,28.66,53.14,114.68,39.85,3.46,12.88,14.99,17.19,44.64,-217.67
F24-3659,CIAT-25113,Centrosema brasilianum,Herbaceous_legumes,91.8,11.89,88.11,22.96,29.7,53.7,40.45,66.74,145.32,46.38,3.2,14.56,15.63,22.7,50.97,743.17
F24-3660,CIAT-33114,Dendrolobium sp.,Shrub_Trees,91.53,13.54,86.46,18.81,40.5,55.0,25.02,44.28,96.72,26.15,2.7,13.69,15.27,14.74,58.31,-213.51
F24-3662,CIAT-43477,Desmodium cinereum,Shrub_Trees,91.15,13.83,86.17,24.66,17.46,38.35,33.17,57.35,125.78,36.81,2.92,15.09,15.83,19.9,57.22,-158.14
F25-0929,CIAT-15474,Centrosema molle,Herbaceous_legumes,92.3,9.16,90.84,30.58,34.16,56.03,29.24,54.85,118.8,47.0,3.98,13.15,13.56,16.13,35.27,1242.16
F25-0930,CIAT-15470,Centrosema molle,Herbaceous_legumes,94.26,9.21,90.79,24.65,32.1,58.39,30.78,57.8,122.56,45.55,3.73,13.77,14.6,17.91,40.38,717.4
F25-0931,CIAT-13268,Tadehagi triquetrum,Herbaceous_legumes,94.21,7.54,92.46,14.85,42.8,50.67,21.73,42.65,90.5,38.94,4.31,11.21,12.93,11.71,30.9,-670.09
F25-0932,CIAT-22768,Lablab purpureus,Herbaceous_legumes,94.18,8.72,91.28,23.69,23.94,49.53,54.92,93.93,199.4,64.18,3.22,14.17,15.71,31.33,49.54,937.42
F25-0933,CIAT-22770,Lablab purpureus,Herbaceous_legumes,93.29,7.62,92.38,21.39,21.71,40.34,50.39,95.71,205.06,68.75,3.36,14.1,15.65,32.08,47.68,515.45
F25-0934,CIAT-18701,Cajanus cajan,Shrub_Trees,94.79,7.06,92.94,23.9,48.14,60.12,23.55,47.08,99.27,31.19,3.18,13.36,15.11,14.99,54.17,3921.96
F25-0935,CIAT-20891,Cajanus cajan,Shrub_Trees,95.25,8.19,91.81,20.08,43.44,53.83,26.16,45.26,94.97,29.51,3.11,12.92,14.44,13.72,47.98,-250.72
F25-0936,CIAT-5172,Centrosema molle,Herbaceous_legumes,93.66,10.84,89.16,26.38,37.64,61.88,30.43,54.95,117.3,35.41,3.03,13.16,14.26,16.73,50.12,-103.62
F25-0937,CIAT-5452,Centrosema macrocarpum,Herbaceous_legumes,94.72,16.57,83.43,15.2,33.25,50.51,40.82,62.13,131.12,32.09,2.45,12.71,14.26,18.7,58.64,-263.83
F25-0938,CIAT-5733,Centrosema macrocarpum,Herbaceous_legumes,95.24,12.32,87.68,15.96,30.02,47.8,40.26,66.64,139.87,43.99,3.17,13.21,14.72,20.58,48.62,-672.07
F25-0939,CIAT-5735,Centrosema macrocarpum,Herbaceous_legumes,94.0,8.92,91.08,26.53,30.74,50.72,45.14,73.33,155.99,51.89,3.33,13.9,15.3,23.86,47.18,406.03
F25-0940,CIAT-5749,Centrosema plumieri,Herbaceous_legumes,93.08,8.7,91.3,21.84,26.07,61.28,43.24,77.5,166.45,52.88,3.21,12.87,15.15,25.27,49.14,779.35
F25-0941,CIAT-5911,Centrosema macrocarpum,Herbaceous_legumes,95.34,11.54,88.46,15.5,30.38,53.06,46.19,76.4,160.22,43.41,2.71,13.08,14.91,23.9,57.79,-252.48
F25-0942,CIAT-13692,Desmodium velutinum,Shrub_Trees,94.92,10.58,89.42,18.55,32.17,55.22,35.79,60.55,127.54,40.73,3.26,15.48,16.96,21.64,56.63,-706.56
F25-0943,CIAT-15121,Centrosema macrocarpum,Herbaceous_legumes,93.92,11.18,88.82,19.77,30.28,50.42,39.47,69.08,147.06,53.13,3.62,13.62,15.27,22.45,43.07,-866.37
F25-0944,CIAT-15150,Centrosema molle,Herbaceous_legumes,93.1,8.72,91.28,20.03,28.83,62.44,33.48,66.25,142.28,43.89,3.09,13.48,14.24,20.27,48.67,773.0
F25-0945,CIAT-15154,Centrosema molle,Herbaceous_legumes,94.36,7.93,92.07,26.23,33.34,65.84,26.8,53.03,112.33,34.19,3.04,13.42,14.17,15.94,50.54,12656.79
F25-0946,CIAT-15561,Centrosema molle,Herbaceous_legumes,92.51,9.54,90.46,25.06,39.02,70.84,33.47,59.49,128.56,47.01,3.66,13.34,14.8,19.08,41.13,394.94
F25-0947,CIAT-15799,Centrosema macrocarpum,Herbaceous_legumes,92.82,19.53,80.47,17.46,31.86,59.55,36.0,57.61,124.07,47.56,3.83,13.26,14.06,17.45,37.78,-509.2
F25-0948,CIAT-15816,Centrosema acutifolium,Herbaceous_legumes,95.74,10.18,89.82,20.6,27.52,51.4,40.01,68.46,142.98,46.2,3.23,13.39,14.86,21.26,47.5,-37.69
F25-0949,CIAT-20304,Canavalia brasiliensis,Herbaceous_legumes,94.54,12.08,87.92,22.84,20.76,47.58,46.35,85.14,180.0,65.02,3.61,13.52,16.93,30.49,47.76,334.29
F25-0950,CIAT-21603,Lablab purpureus,Herbaceous_legumes,94.28,8.46,91.54,18.15,20.07,52.44,47.51,89.84,190.52,53.45,2.82,13.82,15.45,29.46,56.99,-5460.16
F25-0951,CIAT-23248,Desmodium velutinum,Shrub_Trees,94.94,10.48,89.52,18.85,22.8,42.05,43.81,75.85,159.69,53.11,3.32,14.16,16.2,25.88,49.94,105.02
F25-0952,CIAT-23271,Desmodium velutinum,Shrub_Trees,95.06,13.78,86.22,17.34,21.92,45.84,43.22,69.01,145.11,53.06,3.66,13.81,16.05,23.3,45.15,-84.07
F25-0953,CIAT-23279,Desmodium velutinum,Shrub_Trees,93.49,10.63,89.37,19.89,22.24,45.64,44.25,75.84,162.17,46.68,2.88,14.41,16.41,26.61,59.41,405.58
F25-0954,CIAT-23326,Desmodium velutinum,Shrub_Trees,95.84,15.05,84.95,18.11,23.0,40.0,41.98,81.19,172.6,59.89,3.53,14.14,15.89,27.36,46.38,217.91
F25-0955,CIAT-33255,Desmodium velutinum,Shrub_Trees,94.96,13.77,86.23,18.56,25.18,45.4,40.9,62.63,131.85,44.57,3.38,15.11,16.67,21.97,51.85,116.47
F25-0956,CIAT-33428,Desmodium velutinum,Shrub_Trees,96.18,9.49,90.5,17.04,34.06,50.62,31.75,55.66,115.68,52.17,4.54,14.39,15.82,18.3,35.5,-387.46
F25-0957,CIAT-33451,Desmodium velutinum,Shrub_Trees,96.0,7.8,92.2,14.71,34.35,45.9,28.22,51.28,106.79,47.19,4.41,13.02,13.92,14.89,31.73,-185932.36
F25-0958,CIAT-33463,Desmodium velutinum,Shrub_Trees,96.22,15.16,84.84,16.13,23.84,39.72,35.02,57.76,119.98,61.64,5.15,14.44,16.29,19.55,31.74,1783.58
F25-0959,CIAT-350,Desmodium heterocarpon,Herbaceous_legumes,94.34,8.73,91.27,14.87,40.83,51.36,23.72,47.5,100.69,41.39,4.11,12.3,13.37,13.46,32.84,-737.07
F25-0960,CIAT-3187,Desmodium cajanifolium,Shrub_Trees,94.04,11.9,88.1,20.67,22.2,35.94,42.6,79.96,169.94,70.3,4.14,12.83,14.49,24.62,35.08,855.03
F25-0961,CIAT-4028,Galactia glaucescens,Herbaceous_legumes,94.52,11.85,88.15,12.55,46.68,65.42,19.69,41.07,86.86,30.52,3.52,11.34,13.36,11.61,40.58,497.51
F25-0962,CIAT-5277,Centrosema acutifolium,Herbaceous_legumes,91.43,7.55,92.45,19.78,31.58,61.88,41.52,79.91,174.71,57.08,3.26,13.27,14.97,26.16,46.87,1988.85
F25-0963,CIAT-7227,Galactia texana,Herbaceous_legumes,93.04,16.05,83.96,12.52,26.88,41.77,32.47,62.26,133.75,51.21,3.8,10.43,11.52,15.4,31.16,38491.0
F25-0964,CIAT-8013,Crotalaria paulina,Herbaceous_legumes,93.74,10.6,89.4,22.95,17.85,61.05,45.15,88.15,188.0,68.31,3.63,13.18,14.46,27.18,40.57,330.68
F25-0965,CIAT-8156,Chamaecrista rotundifolia,Herbaceous_legumes,94.11,9.97,90.03,24.22,33.74,58.74,41.84,60.21,127.92,50.26,3.92,14.38,16.11,20.62,42.34,-4182.55
F25-0966,CIAT-9323,Crotalaria vitellina,Herbaceous_legumes,92.4,6.06,93.94,25.36,17.48,45.44,55.63,96.53,208.83,64.57,3.1,14.66,15.74,32.86,51.69,844.04
F25-0967,CIAT-9537,Crotalaria sagittalis,Herbaceous_legumes,91.78,13.02,86.98,22.86,19.84,50.48,38.23,84.97,185.1,63.64,3.44,13.62,14.68,27.16,43.17,812.79
F25-0968,CIAT-9690,Aeschynomene histrix,Herbaceous_legumes,93.78,11.43,88.56,20.22,17.6,49.99,44.88,81.56,173.86,60.47,3.48,14.29,15.56,27.05,45.88,-186.15
F25-0969,CIAT-9900,Pueraria phaseoloides,Herbaceous_legumes,92.79,10.57,89.43,18.92,32.74,55.46,25.52,60.43,130.19,45.12,3.47,14.05,14.64,19.05,43.37,352.88
F25-0970,CIAT-11998,Stylosanthes guianensis,Herbaceous_legumes,94.6,12.78,87.22,14.22,33.38,63.5,30.5,65.3,138.0,44.05,3.18,11.15,11.91,16.43,38.27,-545.97
F25-0971,CIAT-13149,Desmodium strigillosum,Herbaceous_legumes,93.78,8.18,91.82,13.45,35.33,49.68,38.15,70.39,148.87,52.81,3.53,13.58,14.95,22.36,42.43,200.5
F25-0972,CIAT-13389,Desmodium sequax,Herbaceous_legumes,93.82,8.25,91.76,14.94,48.34,57.13,23.64,33.61,71.62,21.43,2.98,12.72,13.54,9.7,48.91,-137.82
F25-0973,CIAT-13651,Desmodium heterocarpon,Herbaceous_legumes,95.04,9.16,90.84,16.15,38.99,55.6,25.55,50.22,105.62,26.5,2.51,13.16,14.0,14.78,60.65,-274.1
F25-0974,CIAT-13946,Desmodium sequax,Herbaceous_legumes,93.82,6.8,93.2,14.37,53.08,60.83,24.47,42.2,89.95,32.25,3.89,12.26,13.16,12.18,35.66,167.31
F25-0975,CIAT-15160,Centrosema molle,Herbaceous_legumes,94.54,10.0,90.0,21.46,35.17,61.86,28.67,56.67,119.87,33.15,2.78,13.45,14.19,17.01,57.4,-633.03
F25-0976,CIAT-17000,Chamaecrista rotundifolia,Herbaceous_legumes,94.58,7.84,92.16,17.38,24.2,48.8,38.68,71.33,150.8,42.81,2.84,4.96,9.02,13.6,31.98,-599.89
F25-0977,CIAT-17009,Canavalia brasiliensis,Herbaceous_legumes,94.78,11.77,88.23,22.97,15.64,39.88,44.27,85.3,179.93,47.23,2.63,13.86,16.38,29.47,64.87,-1490.33
F25-0978,CIAT-18700,Cajanus cajan,Shrub_Trees,93.9,7.36,92.64,22.88,42.28,54.12,28.2,53.11,113.06,32.23,2.84,13.9,15.46,17.47,59.27,-872.46
F25-0979,CIAT-18873,Alysicarpus ferrugineus,Herbaceous_legumes,95.02,9.34,90.66,15.36,34.52,51.78,31.85,58.97,124.07,34.7,2.8,15.74,16.3,20.23,62.93,-1255.13
F25-0980,CIAT-19867,Uraria lagopodioides,Herbaceous_legumes,95.9,15.46,84.54,19.32,25.83,44.28,40.35,72.59,151.33,52.36,3.46,15.53,16.05,24.29,47.81,229.34
F25-0981,CIAT-20207,Aeschynomene sensitiva,Herbaceous_legumes,90.74,5.98,94.02,21.92,25.34,52.9,33.41,61.78,136.11,44.19,3.25,12.4,13.02,17.72,42.6,-1084.49
F25-0982,CIAT-20709,Calopogonium mucunoides,Herbaceous_legumes,93.94,9.01,90.99,16.64,33.13,48.82,29.92,62.77,133.61,37.16,2.78,14.98,15.95,21.31,61.02,171.88
F25-0983,CIAT-18437,Flemingia macrophylla,Shrub_Trees,95.67,4.88,95.12,17.19,47.66,65.07,21.99,33.9,70.84,22.61,3.2,12.28,13.05,9.25,41.87,-248.83
F25-0984,CIAT-25522,Centrosema macrocarpum,Herbaceous_legumes,95.3,9.9,90.1,20.98,28.86,50.65,43.73,72.63,152.35,52.0,3.41,13.87,15.27,23.27,45.94,231.59
F25-0985,CIAT-25704,Centrosema molle x acutifolium,Herbaceous_legumes,95.74,7.2,92.8,24.11,32.58,58.64,31.55,64.25,134.2,38.46,2.87,13.13,14.05,18.85,52.85,-191.37
F25-0986,CIAT-33729,Desmodium cinereum,Shrub_Trees,94.15,15.73,84.27,19.2,22.88,40.07,33.37,56.56,120.1,43.74,3.64,14.24,14.84,17.82,42.98,-449.72
F25-0987,CIAT-33827,Desmodium incanum,Herbaceous_legumes,93.88,15.54,84.46,16.09,40.08,49.1,25.37,44.71,95.2,22.28,2.35,12.48,14.67,13.97,68.58,-124.29
F25-0988,CIAT-8512,Calopogonium caeruleum,Herbaceous_legumes,92.94,10.36,89.64,22.41,30.93,50.42,28.42,60.92,131.05,42.35,3.24,14.64,15.93,20.9,51.26,-552.62
F25-0989,CIAT-11833,Stylosanthes guianensis,Herbaceous_legumes,94.97,9.91,90.08,13.53,41.13,65.0,33.95,63.44,133.53,30.51,2.29,11.63,13.19,17.6,63.62,-1610.91
F25-1651,CIAT-798,Galactia striata,Herbaceous_legumes,92.61,11.1,88.9,17.15,24.95,56.89,39.46,84.43,175.53,56.06,3.24,13.27,15.03,26.25,47.46,119.06
F25-1652,CIAT-822,Calopogonium mucunoides,Herbaceous_legumes,94.05,6.64,93.36,17.01,26.72,46.8,39.7,76.91,157.25,52.37,3.39,13.64,14.93,23.39,45.92,981.1
F25-1653,CIAT-852,Dioclea sericea,Herbaceous_legumes,93.77,9.56,90.44,14.73,45.62,63.41,23.52,44.02,90.79,29.57,3.37,12.12,13.35,12.36,45.01,-34.39
F25-1654,CIAT-907,Dioclea virgata,Herbaceous_legumes,92.97,9.28,90.72,16.71,33.35,61.77,26.79,62.21,127.78,41.03,3.27,13.16,14.84,19.11,47.76,446.04
F25-1655,CIAT-1992,Stylosanthes guianensis,Herbaceous_legumes,92.47,8.32,91.68,19.95,38.55,60.22,32.29,73.6,152.09,46.27,3.05,12.03,13.33,20.26,45.36,160.71
F25-1656,CIAT-3001,Codariocalyx gyroides,Shrub_Trees,94.5,6.97,93.03,15.82,40.09,57.84,28.3,59.44,122.62,37.81,3.13,12.29,13.72,16.69,45.03,-191.69
F25-1657,CIAT-3304,Desmodium cajanifolium,Shrub_Trees,94.91,8.2,91.8,20.82,24.97,46.61,45.09,84.23,177.58,53.08,3.02,12.93,14.08,25.07,47.33,224.46
F25-1658,CIAT-5713,Centrosema macrocarpum,Herbaceous_legumes,94.64,9.34,90.66,15.88,24.61,45.9,42.63,81.38,165.82,46.41,2.8,13.59,15.01,24.77,56.1,-463.96
F25-1659,CIAT-7381,Galactia glaucescens,Herbaceous_legumes,94.47,12.77,87.23,13.58,46.86,68.34,31.67,61.72,130.51,29.21,2.25,12.66,14.39,18.85,57.97,274.14
F25-1660,CIAT-7799,Dioclea guianensis,Herbaceous_legumes,93.46,7.77,92.23,20.38,52.92,65.25,24.16,48.82,103.82,26.81,2.6,12.13,13.6,14.15,43.95,206.37
F25-1661,CIAT-7803,Dioclea holtiana,Herbaceous_legumes,94.24,11.45,88.55,20.31,41.02,58.24,24.68,49.17,104.29,28.81,2.75,11.52,12.55,13.09,60.55,285.52
F25-1662,CIAT-8182,Eriosema diffusum,Herbaceous_legumes,93.32,7.32,92.68,13.83,46.99,63.36,27.25,47.79,102.09,22.84,2.28,12.51,13.76,14.05,55.64,260.38
F25-1663,CIAT-8434,Dioclea sericea,Herbaceous_legumes,93.52,8.37,91.63,18.05,46.47,62.41,34.82,63.08,134.89,35.13,2.55,13.53,14.84,20.06,63.72,297.93
F25-1664,CIAT-8702,Calopogonium caeruleum,Herbaceous_legumes,93.01,8.68,91.32,23.92,31.39,50.99,33.15,63.77,132.26,40.32,3.09,14.18,15.65,20.65,55.47,1471.83
F25-1665,CIAT-8816,Crotalaria micans,Herbaceous_legumes,93.45,9.29,90.71,25.38,21.11,41.72,49.37,88.54,181.86,63.24,3.51,13.97,15.22,27.61,44.2,1037.04
F25-1666,CIAT-8826,Zapoteca formosa,Shrub_Trees,93.71,9.52,90.48,17.79,11.19,38.62,48.1,97.95,209.13,67.03,3.2,11.7,12.72,26.62,40.33,188.85
F25-1668,CIAT-9740,Chamaecrista desvauxii,Herbaceous_legumes,95.38,8.27,91.73,17.12,37.57,53.43,38.78,75.93,159.16,44.55,2.85,10.47,13.39,21.33,48.33,230.54
F25-1669,CIAT-9934,Aeschynomene americana,Herbaceous_legumes,93.8,7.86,92.14,18.35,23.99,61.14,50.65,87.34,185.18,49.69,2.77,11.9,13.9,25.85,53.64,252.95
F25-1670,CIAT-13158,Desmodium strigillosum,Herbaceous_legumes,93.52,7.32,92.68,16.53,38.17,50.29,,,,,,,,,,
F25-1671,CIAT-13329,Desmodium cajanifolium,Shrub_Trees,94.17,11.52,88.48,20.28,25.93,52.31,,,,,,,,,,
F25-1672,CIAT-13387,Desmodium sequax,Shrub_Trees,92.58,5.23,94.77,18.43,57.23,63.92,,,,,,,,,,
F25-1673,CIAT-13547,Codariocalyx gyroides,Shrub_Trees,94.81,7.61,92.39,17.24,42.42,58.27,,,,,,,,,,
F25-1674,CIAT-13953,Desmodium velutinum,Shrub_Trees,92.94,10.14,89.86,22.14,28.43,44.47,,,,,,,,,,
F25-1675,CIAT-15086,Centrosema acutifolium,Herbaceous_legumes,95.1,6.67,93.33,25.43,27.19,56.25,,,,,,,,,,
F25-1676,CIAT-17403,Flemingia macrophylla,Shrub_Trees,93.95,6.1,93.9,18.39,51.91,64.19,,,,,,,,,,
F25-1677,CIAT-17519,Mimosa somnians,Herbaceous_legumes,94.5,8.75,91.25,17.65,25.56,46.21,,,,,,,,,,
F25-1678,CIAT-17896,Chamaecrista desvauxii,Herbaceous_legumes,94.71,6.33,93.67,15.64,40.33,51.74,,,,,,,,,,
F25-1679,CIAT-18123,Dioclea virgata,Herbaceous_legumes,94.61,8.31,91.69,15.0,40.99,62.79,,,,,,,,,,
F25-1680,CIAT-18126,Dioclea virgata,Herbaceous_legumes,92.8,10.3,89.7,18.02,40.49,56.41,,,,,,,,,,
F25-1681,CIAT-18127,Dioclea virgata,Herbaceous_legumes,94.19,9.2,90.8,17.34,37.77,54.54,,,,,,,,,,
F25-1682,CIAT-18668,Cratylia argentea,Shrub_Trees,94.11,12.82,87.18,21.26,28.0,50.11,,,,,,,,,,
F25-1683,CIAT-19228,Eriosema psoraleoides,Herbaceous_legumes,93.69,9.42,90.58,17.93,47.97,62.31,,,,,,,,,,
F25-1684,CIAT-19537,Crotalaria verrucosa,Herbaceous_legumes,93.5,9.04,90.96,28.32,24.02,44.46,,,,,,,,,,
F25-1685,CIAT-20208,Aeschynomene sensitiva,Herbaceous_legumes,95.46,7.87,92.13,19.0,25.38,59.64,,,,,,,,,,
F25-1686,CIAT-20345,Pachyrhizus erosus,Herbaceous_legumes,93.72,10.63,89.37,17.94,22.48,38.5,,,,,,,,,,
F25-1687,CIAT-20927,Mimosa albida,Herbaceous_legumes,93.68,8.62,91.38,13.93,41.22,59.01,,,,,,,,,,
F25-1688,CIAT-21849,Chamaecrista desvauxii,Herbaceous_legumes,94.9,5.92,94.08,17.51,43.79,58.23,,,,,,,,,,
F25-1689,CIAT-22072,Bauhinia sp.,Shrub_Trees,93.61,7.78,92.22,26.74,29.97,45.1,,,,,,,,,,
F25-1690,CIAT-22409,Cratylia argentea,Shrub_Trees,92.93,11.38,88.62,19.09,30.48,55.9,,,,,,,,,,
F25-1691,CIAT-22692,Lablab purpureus,Herbaceous_legumes,92.27,7.39,92.61,25.3,24.26,42.74,,,,,,,,,,
F25-1693,CIAT-23746,Codariocalyx gyroides,Shrub_Trees,93.84,6.88,93.12,18.88,40.5,56.6,,,,,,,,,,
F25-1694,CIAT-23985,Desmodium velutinum,Shrub_Trees,95.17,12.04,87.96,18.34,24.87,39.7,,,,,,,,,,
F25-1695,CIAT-32265,Chamaecrista diphylla,Herbaceous_legumes,95.81,8.04,91.96,17.04,37.98,53.26,,,,,,,,,,
F25-1696,CIAT-33070,Desmodium oblongum,Shrub_Trees,96.0,10.02,89.98,16.09,39.34,54.18,,,,,,,,,,
F25-1697,CIAT-33079,Desmodium oblongum,Shrub_Trees,95.66,10.51,89.49,18.27,28.9,45.96,,,,,,,,,,
F25-1698,CIAT-33131,Codariocalyx gyroides,Shrub_Trees,94.84,6.9,93.1,17.67,41.11,56.05,,,,,,,,,,
F25-1699,CIAT-33195,Dalea carthagenensis,Herbaceous_legumes,95.71,6.44,93.56,16.47,23.48,43.58,,,,,,,,,,
F25-1700,CIAT-43055,Desmodium discolor,Herbaceous_legumes,94.82,9.02,90.98,28.02,22.45,43.07,,,,,,,,,,
F25-1728,CIAT-13262,Dendrolobium triangulare,Shrub_Trees,94.93,8.7,91.3,18.98,47.52,60.4,27.5,46.96,98.84,31.33,3.22,13.5,15.05,14.85,48.87,-0.82
F25-1729,CIAT-13528,Dendrolobium lanceolatum,Shrub_Trees,95.05,7.58,92.42,16.9,48.36,56.88,24.18,38.17,80.27,25.89,3.22,12.78,14.42,11.58,46.62,-0.2
F25-1730,CIAT-13529,Dendrolobium triangulare,Shrub_Trees,94.36,6.69,93.31,18.17,45.33,59.94,26.52,51.6,109.28,31.83,2.94,13.73,15.62,17.08,55.06,2.81
F25-1731,CIAT-13710,Dendrolobium lanceolatum,Shrub_Trees,94.13,7.49,92.51,19.14,55.17,64.36,21.44,34.24,72.71,18.1,2.5,13.91,15.26,11.09,63.86,-0.2
F25-1732,CIAT-22004,Dendrolobium triangulare,Shrub_Trees,94.3,6.81,93.19,17.58,49.2,63.61,23.69,44.49,94.31,23.51,2.5,13.47,15.14,14.27,61.95,-0.36
F25-1733,CIAT-23104,Dendrolobium triangulare,Shrub_Trees,92.63,7.0,93.0,19.39,57.01,67.22,21.8,41.81,90.22,18.16,2.02,14.43,15.96,14.39,80.77,-0.32
F25-1734,CIAT-23106,Dendrolobium triangulare,Shrub_Trees,94.65,6.85,93.15,21.89,55.75,67.76,20.49,36.12,76.28,18.83,2.51,14.54,16.08,12.25,69.06,-0.33
F25-1735,CIAT-23107,Dendrolobium triangulare,Shrub_Trees,94.99,6.92,93.08,21.24,51.07,67.22,18.19,33.64,70.82,18.22,2.57,14.26,16.04,11.34,62.47,-0.25
F25-1736,CIAT-23108,Dendrolobium triangulare,Shrub_Trees,94.54,6.93,93.07,21.59,58.17,69.37,19.94,36.6,77.37,17.48,2.26,13.61,15.79,12.22,71.58,-0.32
F25-1737,CIAT-23412,Dendrolobium triangulare,Shrub_Trees,94.19,7.27,92.73,21.15,50.98,62.14,21.48,34.13,72.44,19.64,2.72,13.51,14.92,10.8,58.16,-0.18
F25-1738,CIAT-23413,Dendrolobium triangulare,Shrub_Trees,93.53,7.5,92.5,21.32,54.59,66.23,23.18,41.48,88.66,22.62,2.57,14.12,15.3,13.53,62.63,-0.23
F25-1739,CIAT-23419,Dendrolobium triangulare,Shrub_Trees,93.96,7.2,92.8,20.19,56.43,67.78,22.37,39.67,84.39,17.59,2.1,14.04,15.79,13.31,80.56,-0.17
F25-1740,CIAT-23422,Dendrolobium triangulare,Shrub_Trees,91.86,7.06,92.94,21.67,54.63,66.57,21.28,39.76,86.53,21.77,2.93,14.63,16.19,14.06,69.29,-0.23
F25-1741,CIAT-23734,Dendrolobium triangulare,Shrub_Trees,94.71,7.86,92.14,21.44,47.22,62.02,25.69,49.18,103.8,30.16,2.91,15.12,16.26,16.88,60.39,-0.5
F25-1742,CIAT-23932,Dendrolobium triangulare,Shrub_Trees,95.12,7.29,92.71,18.84,49.89,63.09,24.31,46.54,97.8,22.76,2.35,14.7,16.24,15.87,73.46,-0.28
F25-1743,CIAT-23933,Dendrolobium triangulare,Shrub_Trees,93.72,7.37,92.63,17.58,49.31,64.37,21.55,47.56,101.41,22.87,2.26,15.03,14.65,14.96,65.72,-0.4
F25-1744,CIAT-23934,Dendrolobium triangulare,Shrub_Trees,94.17,8.2,91.8,22.61,43.74,58.5,27.06,50.73,107.67,29.86,2.8,14.45,15.71,16.87,58.42,-0.16
F25-1745,CIAT-23936,Dendrolobium triangulare,Shrub_Trees,94.06,7.8,92.2,19.27,49.21,61.66,21.56,42.33,89.97,21.51,2.41,14.27,15.87,14.26,69.63,-0.28
F25-1746,CIAT-33119,Dendrolobium triangulare,Shrub_Trees,95.29,7.4,92.6,17.3,40.98,59.48,26.73,51.38,107.78,29.76,2.75,14.65,16.27,17.52,60.37,88.57
F25-1747,CIAT-33383,Dendrolobium sp.,Shrub_Trees,94.67,9.8,90.2,14.66,47.34,59.76,23.56,49.23,103.96,30.62,2.94,14.32,15.94,16.57,56.51,-0.65
F25-1748,CIAT-33402,Dendrolobium triangulare,Shrub_Trees,94.63,6.91,93.09,20.08,45.18,60.09,24.81,51.67,109.13,29.73,2.74,14.39,15.88,17.33,60.27,-0.61
F25-1749,CIAT-33508,Dendrolobium umbellatum,Shrub_Trees,93.75,8.67,91.33,22.61,45.81,58.36,27.8,56.81,121.09,31.78,2.63,14.74,16.94,20.5,67.34,-0.08
F25-1750,CIAT-33515,Dendrolobium triangulare,Shrub_Trees,93.41,11.11,88.89,20.96,51.47,63.32,21.21,41.84,89.54,18.94,2.14,14.2,15.58,13.93,79.12,-0.24
F25-1751,CIAT-7353,Prosopis juliflora,Shrub_Trees,94.63,9.42,90.58,30.49,29.38,46.32,18.68,30.98,65.45,44.37,6.98,11.21,9.59,6.48,15.04,-0.3
F25-1752,CIAT-7976,Cassia sp.,Shrub_Trees,93.42,12.05,87.95,25.59,39.54,50.12,31.56,59.92,128.2,41.56,3.26,12.78,14.12,18.07,44.81,-0.33
F25-1753,CIAT-8018,Acacia aroma,Shrub_Trees,93.8,18.11,81.89,23.54,58.53,70.33,25.82,41.96,89.45,19.41,2.18,14.07,15.7,14.04,74.59,-0.49
F25-1754,CIAT-9990,Prosopis juliflora,Shrub_Trees,92.97,12.38,87.62,31.75,28.64,48.76,15.37,26.54,57.07,52.35,9.25,9.28,6.78,3.88,7.53,-0.12
F25-1755,CIAT-13258,Dendrolobium lanceolatum,Shrub_Trees,94.6,14.87,85.13,15.55,54.96,61.8,18.81,28.98,61.24,19.8,3.22,12.89,13.15,8.06,41.85,-0.14
F25-1756,CIAT-13260,Dendrolobium lanceolatum,Shrub_Trees,94.08,12.08,87.92,15.81,57.39,65.19,21.62,33.98,72.2,18.9,2.66,13.58,14.5,10.46,60.35,-0.25
F25-1757,CIAT-17263,Leucaena leucocephala,Shrub_Trees,94.47,13.81,86.19,13.71,36.27,57.76,31.62,58.77,124.36,48.81,3.93,12.34,13.6,16.93,35.31,-0.12
F25-1758,CIAT-17459,Erythrina berteroana,Shrub_Trees,94.59,11.87,88.13,24.25,38.26,51.98,27.85,66.78,141.12,55.9,3.97,13.12,14.15,19.99,35.84,0.68
F25-1759,CIAT-17482,Leucaena leucocephala,Shrub_Trees,92.66,14.24,85.76,26.54,33.11,51.05,34.08,60.43,130.37,48.79,3.77,10.94,12.1,15.79,32.96,1.33
F25-1760,CIAT-17502,Leucaena leucocephala,Shrub_Trees,94.26,12.96,87.04,28.86,35.48,46.09,31.53,61.9,131.29,48.39,3.68,11.68,13.15,17.27,35.97,-2.0
F25-1761,CIAT-19384,Prosopis juliflora,Shrub_Trees,93.39,10.33,89.67,36.95,31.54,52.46,12.97,25.03,53.58,60.95,11.55,8.28,5.6,3.01,4.92,0.06
F25-1762,CIAT-19571,Senna cobanensis,Shrub_Trees,93.21,6.08,93.92,23.2,42.27,55.7,39.41,77.23,165.62,44.59,2.69,13.84,15.97,26.48,61.87,1.01
F25-1763,CIAT-20126,Acacia angustissima,Shrub_Trees,93.97,5.78,94.22,29.9,47.8,58.29,19.99,34.86,74.17,25.99,3.54,12.2,12.18,9.04,35.13,-0.16
F25-1764,CIAT-20788,Senna pallida,Shrub_Trees,93.92,9.75,90.25,24.3,30.69,53.36,48.88,97.71,207.97,67.1,3.23,12.93,15.23,31.7,47.31,0.39
F25-1765,CIAT-21242,Leucaena diversifolia,Shrub_Trees,93.21,6.88,93.12,23.28,45.76,63.44,23.28,41.97,90.01,32.08,3.59,11.32,12.5,11.27,35.98,0.04
F25-1766,CIAT-21512,Calliandra calothyrsus,Shrub_Trees,92.79,4.78,95.22,24.07,46.72,53.37,13.35,25.47,54.87,25.15,4.88,11.1,12.11,6.65,27.96,-0.08
F25-1767,CIAT-21601,Erythrina fusca,Shrub_Trees,93.24,7.04,92.96,23.41,54.97,68.49,21.28,48.78,104.57,29.92,2.9,13.99,14.78,15.49,52.41,-6.82
F25-1768,CIAT-21809,Acacia farnesiana,Shrub_Trees,94.62,7.46,92.54,31.0,48.09,62.84,33.78,63.72,134.62,38.97,2.9,13.66,15.72,21.17,54.95,0.21
F25-1769,CIAT-21810,Acacia angustissima,Shrub_Trees,94.79,5.39,94.61,31.66,38.92,52.37,17.85,34.97,73.76,33.76,4.62,10.94,11.11,8.21,26.04,-0.18
F25-1770,CIAT-21888,Leucaena leucocephala,Shrub_Trees,93.71,9.14,90.86,29.9,30.16,56.67,32.67,65.85,140.47,46.47,3.33,11.14,12.68,17.83,39.88,0.53
F25-1771,CIAT-22310,Calliandra calothyrsus,Shrub_Trees,94.86,5.71,94.29,21.75,50.77,55.0,17.74,29.71,62.59,22.65,3.69,10.89,11.49,7.21,32.88,-0.09
F25-1772,CIAT-22311,Calliandra calothyrsus,Shrub_Trees,93.88,6.95,93.05,21.51,49.18,54.93,,,,,,,,,,
F25-1773,CIAT-22316,Calliandra calothyrsus,Shrub_Trees,95.52,8.65,91.35,20.82,44.54,54.36,19.95,31.49,65.91,31.08,4.63,12.41,12.6,8.3,28.14,-0.14
F25-1774,CIAT-23239,Dendrolobium triangulare,Shrub_Trees,95.86,7.55,92.45,20.36,52.76,65.19,25.88,49.56,103.36,22.69,2.22,13.71,15.68,16.23,72.83,-0.47
F25-1775,CIAT-33116,Dendrolobium triangulare,Shrub_Trees,95.63,7.88,92.12,18.3,57.42,65.17,24.14,41.39,86.49,26.21,3.08,13.88,15.41,13.36,51.55,-0.58
F25-2574,CIAT-326,Desmodium scorpiurus,Herbaceous_legumes,91.68,13.17,86.83,28.62,38.94,55.66,30.1,62.06,135.33,39.09,3.24,13.77,15.23,20.62,55.45,-1.65
F25-2575,CIAT-415,Vigna radiata,Herbaceous_legumes,91.94,20.27,79.73,26.96,25.27,42.2,27.62,72.74,157.79,51.39,3.28,11.22,13.79,21.74,43.25,-0.03
F25-2576,CIAT-416,Vigna radiata,Herbaceous_legumes,91.43,10.76,89.24,26.84,23.98,45.46,39.51,86.31,188.72,56.45,2.99,12.38,14.79,27.92,50.26,13.58
F25-2577,CIAT-517,Macroptilium atropurpureum,Herbaceous_legumes,91.08,13.69,86.31,23.68,26.53,45.61,33.38,67.5,148.11,37.99,2.57,11.58,13.23,19.59,52.88,-0.29
F25-2578,CIAT-563,Macroptilium bracteatum,Herbaceous_legumes,93.0,12.89,87.11,21.86,30.29,51.44,31.19,72.62,156.13,40.95,2.62,12.19,13.66,21.32,53.49,-0.06
F25-2579,CIAT-789,Zornia latifolia,Herbaceous_legumes,88.85,8.44,91.56,14.79,24.85,51.08,45.63,96.06,216.16,40.55,1.88,13.2,14.71,31.79,84.23,-0.95
F25-2580,CIAT-2085,Stylosanthes seabrana,Herbaceous_legumes,91.97,9.33,90.67,18.71,37.92,57.18,29.76,75.88,164.94,35.99,2.18,10.87,13.13,21.64,60.41,-0.95
F25-2581,CIAT-2690,Stylosanthes angustifolia,Herbaceous_legumes,91.01,9.45,90.55,17.54,38.39,60.09,35.88,79.5,174.66,29.9,1.72,11.0,13.35,23.3,85.57,-1.15
F25-2582,CIAT-4069,Macroptilium atropurpureum,Herbaceous_legumes,92.3,14.76,85.24,20.83,33.57,51.71,28.69,64.12,138.89,33.68,2.43,11.35,12.68,17.61,57.03,-0.5
F25-2583,CIAT-4141,Vigna radiata,Herbaceous_legumes,90.94,11.82,88.18,19.48,27.99,49.14,34.65,81.21,178.49,40.83,2.29,13.4,14.7,26.24,67.86,-0.05
F25-2584,CIAT-4532,Vigna unguiculata,Herbaceous_legumes,92.06,11.97,88.03,18.94,24.33,48.32,40.63,87.06,189.04,37.31,1.98,13.18,14.6,27.6,78.97,-1.65
F25-2585,CIAT-4537,Vigna unguiculata,Herbaceous_legumes,92.22,12.06,87.94,25.08,28.02,49.63,38.7,83.66,181.3,46.92,2.6,11.7,13.68,24.81,55.33,0.59
F25-2586,CIAT-7289,Chamaecrista mimosoides,Herbaceous_legumes,91.41,5.75,94.25,18.56,36.54,57.45,37.0,75.61,165.33,34.88,2.12,14.05,15.85,26.21,78.43,-0.63
F25-2587,CIAT-7826,Tephrosia purpurea,Herbaceous_legumes,90.76,8.32,91.68,21.7,29.57,53.57,32.01,68.25,150.34,34.59,2.31,13.38,14.83,22.28,66.85,-0.7
F25-2588,CIAT-8014,Crotalaria retusa,Herbaceous_legumes,91.31,8.93,91.07,21.18,30.02,54.88,43.39,92.95,203.43,51.76,2.55,12.27,13.35,27.14,53.29,1.78
F25-2589,CIAT-8849,Zornia brasiliensis,Herbaceous_legumes,90.26,9.62,90.38,17.57,26.44,51.96,33.51,71.31,157.93,37.41,2.37,12.7,15.12,23.88,65.41,-0.74
F25-2590,CIAT-9326,Crotalaria retusa,Herbaceous_legumes,92.01,7.75,92.25,18.84,32.62,49.99,38.6,90.52,196.68,44.24,2.26,12.16,13.58,26.7,62.07,-1.66
F25-2591,CIAT-9337,Crotalaria retusa,Herbaceous_legumes,92.17,8.75,91.25,22.46,26.1,47.12,36.96,81.47,176.63,46.3,2.62,12.0,12.72,22.46,50.54,0.08
F25-2592,CIAT-9350,Crotalaria pumila,Herbaceous_legumes,91.19,7.58,92.42,21.99,29.77,49.72,42.76,89.68,196.59,59.88,3.05,12.82,13.98,27.49,46.71,0.55
F25-2593,CIAT-9352,Crotalaria pumila,Herbaceous_legumes,93.41,9.4,90.6,22.82,31.07,56.45,43.38,84.0,179.76,47.09,2.62,12.9,14.7,26.43,57.38,4.99
F25-2594,CIAT-9472,Zornia brasiliensis,Herbaceous_legumes,92.1,10.15,89.85,18.21,25.07,49.47,32.1,62.52,135.71,35.27,2.62,12.33,14.86,20.17,61.18,-0.4
F25-2595,CIAT-9531,Indigofera spicata,Herbaceous_legumes,91.6,16.19,83.81,20.55,25.44,42.67,31.46,76.3,166.56,50.85,3.06,12.43,14.65,24.39,48.49,-1.41
F25-2596,CIAT-10026,Stylosanthes seabrana,Herbaceous_legumes,92.75,9.97,90.03,16.29,34.49,57.25,29.6,73.02,157.39,42.25,2.68,11.29,13.31,20.95,51.61,0.52
F25-2597,CIAT-12411,Stylosanthes sympodialis,Herbaceous_legumes,91.72,11.78,88.22,17.94,34.3,61.11,38.25,82.87,180.65,55.06,3.05,11.17,13.42,24.24,44.51,0.49
F25-2598,CIAT-13494,Desmodium tortuosum,Shrub_Trees,91.67,10.88,89.12,21.08,23.41,50.72,39.63,82.68,180.29,47.79,2.68,12.11,14.31,25.79,56.13,-0.32
F25-2599,CIAT-13562,Desmodium tortuosum,Shrub_Trees,91.81,14.8,85.2,18.56,27.49,50.32,36.81,68.8,149.81,46.73,3.14,14.07,15.36,23.02,49.56,2.13
F25-2600,CIAT-13593,Desmodium scorpiurus,Herbaceous_legumes,90.71,10.48,89.52,16.65,42.65,58.29,32.56,65.46,144.28,34.39,2.4,14.68,15.99,23.07,76.03,-2.55
F25-2601,CIAT-13608,Desmodium incanum,Herbaceous_legumes,92.61,9.98,90.02,17.58,44.72,59.52,28.23,61.13,131.96,31.24,2.39,13.08,14.88,19.63,64.77,-1.1
F25-2602,CIAT-18277,Indigofera jamaicensis,Herbaceous_legumes,89.83,10.33,89.67,21.94,32.43,49.96,22.98,60.88,135.48,39.46,2.93,12.42,14.44,19.57,51.22,-0.69
F25-2603,CIAT-18952,Indigofera atriceps,Herbaceous_legumes,90.34,18.09,81.91,16.66,40.99,48.15,22.98,49.3,109.07,32.47,3.01,12.62,13.8,15.05,51.46,-0.2
F25-2604,CIAT-18953,Indigofera atriceps,Herbaceous_legumes,89.54,11.97,88.03,13.47,44.71,52.72,33.85,63.83,142.5,39.31,2.75,13.88,13.92,19.87,51.33,-0.82
F25-2605,CIAT-18954,Indigofera atriceps,Herbaceous_legumes,92.94,20.28,79.72,17.61,44.83,51.54,28.18,57.14,122.93,33.48,2.7,12.03,13.02,16.05,49.98,-0.5
F25-2606,CIAT-19198,Tephrosia villosa,Herbaceous_legumes,90.54,11.32,88.68,27.0,33.59,51.73,33.28,69.98,154.49,45.87,3.37,13.71,15.7,24.42,53.55,-1.36
F25-2607,CIAT-19460,Sesbania cannabina,Shrub_Trees,91.03,10.43,89.57,21.7,33.7,53.52,36.45,78.19,171.68,25.96,1.5,14.15,15.04,25.87,105.58,-0.41
F25-2608,CIAT-20044,Tephrosia purpurea,Herbaceous_legumes,92.18,11.53,88.47,27.96,24.72,47.1,40.91,78.8,170.87,57.06,3.39,14.34,16.28,27.83,49.36,1.09
F25-2609,CIAT-22423,Vigna unguiculata,Herbaceous_legumes,90.61,12.05,87.95,27.74,27.28,48.09,42.14,83.63,184.49,64.95,3.52,13.5,14.82,27.41,42.49,0.7
F25-2610,CIAT-22480,Sesbania cannabina,Shrub_Trees,92.48,11.68,88.32,26.98,27.5,45.51,45.03,88.67,191.69,56.26,2.94,13.81,15.0,28.81,51.39,-3.65
F25-2611,CIAT-23116,Desmodium tortuosum,Shrub_Trees,92.57,10.87,89.13,18.23,36.92,59.77,40.34,77.61,167.55,38.29,2.31,14.11,15.66,26.29,69.81,-3.53
F25-2612,CIAT-23416,Codariocalyx motorius,Shrub_Trees,92.81,12.27,87.73,18.14,41.12,56.8,28.03,61.86,133.23,36.61,2.75,13.0,14.48,19.34,56.65,-1.19
F25-2613,CIAT-23806,Desmodium angustifolium,Herbaceous_legumes,92.77,9.93,90.07,13.5,36.09,58.82,39.47,81.61,175.81,44.04,2.52,13.49,15.07,26.57,60.64,2.19
F25-2614,CIAT-24104,Macroptilium atropurpureum,Herbaceous_legumes,92.3,13.07,86.93,26.64,25.99,45.24,39.47,73.73,159.68,56.78,3.58,12.88,14.35,22.98,40.93,0.62
F25-2615,CIAT-24565,Vigna unguiculata,Herbaceous_legumes,90.07,11.42,88.58,23.16,31.0,49.61,30.86,73.75,163.65,50.41,3.08,12.92,14.38,23.63,46.92,0.07
F25-2616,CIAT-33561,Desmodium wigginsii,Herbaceous_legumes,91.88,9.91,90.09,16.29,36.11,54.68,40.78,79.73,173.51,43.12,2.49,13.89,15.32,26.64,62.43,-1.68
F25-2617,CIAT-34038,Vigna unguiculata,Herbaceous_legumes,91.79,12.24,87.76,20.57,24.32,46.96,37.78,82.42,179.52,55.34,3.09,12.9,14.44,25.96,47.68,0.38
F25-2618,CIAT-34040,Vigna aconitifolia,Herbaceous_legumes,90.66,12.81,87.19,25.56,22.65,41.97,44.97,88.98,196.21,54.28,2.77,13.5,15.4,30.27,56.11,5.86
F25-2619,CIAT-34042,Vigna aconitifolia,Herbaceous_legumes,91.07,12.37,87.63,24.71,23.37,48.96,38.78,83.58,183.48,49.93,2.73,13.48,15.2,27.98,56.27,1.79
F25-2620,CIAT-34044,Vigna aconitifolia,Herbaceous_legumes,91.57,10.44,89.56,22.36,20.67,54.27,44.47,90.61,197.76,49.46,2.48,13.74,15.67,31.07,64.72,-1.39
F25-2621,CIAT-34148,Vigna radiata,Herbaceous_legumes,89.54,10.26,89.74,23.29,27.82,44.75,33.78,76.98,171.85,46.55,2.72,13.89,15.41,26.49,58.17,13.1
F25-2622,CIAT-34159,Vigna unguiculata,Herbaceous_legumes,90.48,11.99,88.01,22.86,22.34,48.64,44.97,89.11,196.9,54.02,2.76,14.09,15.22,30.03,56.72,1.45
F25-2623,CIAT-34347,Vigna unguiculata,Herbaceous_legumes,89.49,12.0,88.0,32.46,25.27,42.68,36.16,78.18,174.57,53.14,3.03,12.32,13.84,24.26,45.74,0.93
F25-2629,CIAT-20692,Clitoria ternatea ,Herbaceous_legumes,95.52,8.7,91.3,27.05,30.2,52.99,47.66,88.77,185.06,55.79,3.02,58.42,38.68,71.14,130.1,623.58
F25-2630,CIAT-20692,Clitoria ternatea ,Herbaceous_legumes,93.89,7.34,92.66,23.76,29.03,49.64,56.09,96.14,203.65,54.98,2.74,60.88,43.57,86.44,154.47,729.06
F25-2631,CIAT-17768,Clitoria ternatea ,Herbaceous_legumes,92.81,7.68,92.32,24.62,32.85,55.01,50.95,86.23,184.94,47.45,2.58,57.94,41.0,77.54,157.16,733.16
F25-2632,CIAT-17768,Clitoria ternatea ,Herbaceous_legumes,93.47,7.77,92.23,26.04,28.53,47.71,55.12,91.88,196.8,57.89,2.94,66.87,46.13,90.57,156.14,728.73
F25-2633,CIAT-712,Clitoria ternatea ,Herbaceous_legumes,95.11,8.42,91.58,26.15,32.33,52.46,50.29,88.16,186.23,54.3,2.92,75.27,50.08,94.18,171.69,811.72
F25-2634,CIAT-712,Clitoria ternatea ,Herbaceous_legumes,91.26,7.15,92.85,20.06,33.7,50.39,50.89,87.57,189.34,52.78,2.8,58.19,40.56,76.79,142.03,656.38
F25-2635,CIAT-9432,Clitoria ternatea ,Herbaceous_legumes,96.33,8.44,91.56,24.28,35.28,58.05,47.99,84.91,179.59,47.5,2.66,55.9,38.5,68.49,142.49,674.31
F25-2636,CIAT-9432,Clitoria ternatea ,Herbaceous_legumes,94.47,7.01,92.99,19.5,34.98,50.18,50.86,85.34,179.45,50.11,2.8,56.98,40.7,72.92,147.01,698.64
F25-2637,CIAT-17462,Leucaena leucocephala ,Shrub_Trees,92.63,6.88,93.12,29.87,39.13,57.51,34.76,68.17,145.94,40.81,2.81,46.04,31.61,47.55,111.92,523.13
F25-2638,,Tithonia diversifolia,Shrub_Trees,92.21,17.71,82.29,16.53,28.36,42.24,21.09,50.44,109.17,46.68,4.36,35.48,23.03,25.37,54.78,253.19
F25-2639,,Gliricidia sepium ,Shrub_Trees,88.95,10.81,89.19,22.53,19.57,40.76,42.56,84.66,190.3,62.2,3.28,55.68,34.61,65.71,105.78,470.59
F25-2641,,Gliricidia sepium ,Shrub_Trees,93.5,9.41,90.59,22.38,21.94,47.2,37.63,78.54,167.9,55.91,3.33,13.69,14.98,25.16,45.48,-3.09
F26-0013,CIAT-590,Macroptilium bracteatum,Herbaceous_legumes,92.6,10.54,89.46,18.47,36.08,55.46,37.66,75.54,163.1,44.66,2.75,13.09,14.56,23.77,55.65,-12.94
F26-0014,CIAT-778,Macroptilium atropurpureum,Herbaceous_legumes,92.58,12.36,87.64,22.84,35.74,52.82,31.66,62.32,134.57,38.62,2.92,11.24,13.13,17.69,48.69,-1.09
F26-0015,CIAT-827,Indigofera jamaicensis,Herbaceous_legumes,94.76,11.79,88.21,21.62,27.76,47.6,29.09,71.61,151.06,45.19,3.01,13.93,15.38,23.25,52.87,-0.21
F26-0016,CIAT-997,Macroptilium atropurpureum,Herbaceous_legumes,93.56,12.3,87.7,21.44,32.78,50.82,33.87,64.25,137.29,42.42,3.1,12.11,13.85,19.02,46.31,-2.0
F26-0017,CIAT-1405,Stylosanthes capitata,Herbaceous_legumes,94.63,14.28,85.72,16.07,43.38,60.85,35.06,68.39,144.45,38.77,2.71,13.26,15.08,21.79,58.91,2.05
F26-0018,CIAT-1812,Stylosanthes viscosa,Herbaceous_legumes,95.46,10.54,89.46,11.39,44.1,56.28,23.56,33.86,70.92,19.42,2.75,12.6,13.22,9.36,51.65,-0.11
F26-0019,CIAT-3694,Desmodium sandwicense,Herbaceous_legumes,94.45,12.93,87.07,17.42,46.56,61.01,27.59,57.18,121.01,21.4,1.77,14.04,15.41,18.64,96.04,-0.36
F26-0020,CIAT-4080,Macroptilium bracteatum,Herbaceous_legumes,94.69,16.19,83.81,21.55,30.67,51.26,36.09,72.4,152.87,38.61,2.53,13.34,14.91,22.79,60.76,-0.21
F26-0021,CIAT-7162,Indigofera jamaicensis,Herbaceous_legumes,94.02,15.84,84.16,23.42,32.33,45.22,27.37,70.47,149.84,41.56,2.77,12.81,14.44,21.63,53.04,-0.49
F26-0022,CIAT-8820,Tephrosia cinerea,Herbaceous_legumes,95.08,9.53,90.47,24.27,33.64,51.89,46.37,84.82,178.35,45.42,2.56,15.06,16.61,29.61,66.38,1.14
F26-0023,CIAT-14080,Zornia brasiliensis,Herbaceous_legumes,94.73,18.46,81.54,17.23,27.72,46.65,41.3,76.97,162.45,44.37,2.75,12.21,14.63,23.76,54.79,0.23
F26-0024,CIAT-18950,Indigofera spicata,Herbaceous_legumes,93.52,15.89,84.11,21.86,32.78,41.87,40.8,83.82,179.21,47.3,2.66,13.91,15.55,27.83,59.59,-0.67
F26-0025,CIAT-19193,Tephrosia villosa,Herbaceous_legumes,94.33,7.16,92.84,21.66,35.28,58.06,40.59,73.32,155.39,39.26,2.56,14.99,16.7,25.98,68.15,3.59
F26-0026,CIAT-19641,Tephrosia purpurea,Herbaceous_legumes,96.05,8.34,91.66,20.32,40.91,61.49,39.59,73.11,152.16,36.64,2.43,14.43,16.25,24.73,71.68,2.58
F26-0027,CIAT-23503,Desmodium macrodesmum,Herbaceous_legumes,93.33,13.22,86.78,20.34,40.31,55.64,34.73,64.4,137.95,32.87,2.4,12.94,14.37,19.82,64.16,-0.7
F26-0028,CIAT-24333,Macroptilium bracteatum,Herbaceous_legumes,94.41,9.69,90.31,15.85,35.23,55.05,44.01,84.9,179.77,35.63,1.98,14.54,15.59,28.01,84.68,-0.5
F26-0029,CIAT-33235,Desmodium scorpiurus,Herbaceous_legumes,93.33,15.45,84.55,20.05,43.51,56.61,30.51,58.11,124.49,33.78,2.74,14.79,15.42,19.18,58.31,-1.84
F26-0030,CIAT-33605,Desmodium sandwicense x intortum,Herbaceous_legumes,95.55,10.57,89.43,19.32,46.46,59.61,29.87,59.75,125.01,31.27,2.51,13.69,14.84,18.55,60.55,-0.89
F26-0031,CIAT-34144,Vigna radiata,Herbaceous_legumes,90.9,11.68,88.32,24.93,21.59,48.93,40.06,86.44,190.12,54.61,2.74,14.05,15.67,29.78,59.13,-0.31
F26-0032,CIAT-7934,Sesbania sesban,Shrub_Trees,96.47,12.96,87.04,26.82,19.26,48.67,42.38,87.36,181.01,40.75,2.25,14.54,14.7,26.61,66.79,-1.14
F26-0033,CIAT-7937,Mimosa nuda,Shrub_Trees,96.2,8.19,91.81,14.65,42.43,62.26,27.01,55.97,116.32,28.95,2.49,12.96,13.76,16.01,61.51,-0.61
F26-0034,CIAT-8056,Mimosa diplotricha,Shrub_Trees,95.29,9.92,90.08,18.62,39.26,54.43,32.66,67.39,141.41,35.26,2.5,12.74,14.22,20.12,58.67,0.97
F26-0035,CIAT-17514,Mimosa pudica,Shrub_Trees,96.44,10.03,89.97,19.83,41.15,59.39,31.73,62.04,128.62,30.36,2.36,13.73,15.13,19.46,69.97,1.86
F26-0036,CIAT-17725,Mimosa polycarpa,Shrub_Trees,95.67,8.0,92.0,21.38,35.15,61.08,30.44,65.55,137.0,30.02,2.19,13.0,14.85,20.34,71.03,-1.08
F26-0037,CIAT-18947,Sesbania sesban,Shrub_Trees,95.48,9.73,90.27,28.79,20.47,46.0,35.23,73.9,154.75,51.99,3.36,13.67,13.76,21.3,41.93,-0.47
F26-0038,CIAT-19165,Sesbania keniensis,Shrub_Trees,96.44,10.4,89.6,25.52,30.4,50.4,36.44,76.11,157.76,44.03,2.79,14.66,15.21,24.0,56.24,-8.23
F26-0039,CIAT-21899,Sesbania sesban,Shrub_Trees,95.84,7.99,92.01,18.32,41.37,63.03,36.09,68.9,143.71,36.07,2.51,14.06,14.81,21.29,61.07,0.43
F26-0040,CIAT-23414,Codariocalyx motorius,Shrub_Trees,96.31,9.34,90.66,16.19,43.82,62.85,29.68,59.26,122.99,26.23,2.13,14.6,15.26,18.76,73.03,-0.58
F26-0041,CIAT-23767,Desmodium nicaraguense,Shrub_Trees,95.0,10.1,89.9,19.05,26.9,54.72,39.44,74.68,157.14,46.73,2.97,16.24,16.82,26.44,56.97,1.72
F26-0042,CIAT-33127,Codariocalyx motorius,Shrub_Trees,95.6,9.53,90.47,13.66,45.27,64.59,,,,,,,,,,
