40_sample_serial_no,40_dat,40_requisitioner,40_set_ciat,40_ciat_lab_id,40_gene_bank_breeding_program_id,40_genus,40_species,40_tax_name,40_family,40_order,40_functional_group,40_dm_percentage,40_av_dm_105,40_ash_dm,40_av_ash_percentage,40_om_percentage,40_av_om_percentage,40_pc_percentage_dm,40_av_pc_percentage,40_adf_percentage_dm,40_av_adf_percentage_dm,40_ndf_percentage_dm,40_av_ndf_percentage_dm
Sample serial No,"Date (M,D.Y)",Requisitioner,Set CIAT,CIAT Lab-ID,Gene bank /Breeding program ID,Genus,Species,Tax Name,Family,Order,Functional Group,"DM, %",Av DM 105,Ash/DM,"Av Ash, %","OM, %","OM, %","PC (%), DM","Av PC, %","ADF, % (DM)"," Av ADF, % (DM)","NDF, % (DM)"," Av NDF, % (DM)"
1,46041,Genbank,27,F251728,CIAT-13262,Dendrolobium,triangulare,Dendrolobium triangulare,Fabaceae,Fabales,Tree,94.90254873,94.93228196,8.675533642,8.697026471,91.32446636,91.30297353,18.98095108,18.98095108,47.87499326,47.52317706,61.50467768,60.40435877
2,46041,Genbank,27,F251728,CIAT-13262,Dendrolobium,triangulare,Dendrolobium triangulare,Fabaceae,Fabales,Tree,94.96201519,,8.7185193,,91.2814807,,18.98095108,,47.17136086,,59.30403987,
3,46041,Genbank,27,F251729,CIAT-13528,Dendrolobium,lanceolatum,Dendrolobium lanceolatum,Fabaceae,Fabales,Tree,95.00049995,95.04574088,7.585062735,7.584683557,92.41493727,92.41531644,16.89700161,16.89700161,48.31275422,48.36218724,57.21705512,56.87954787
4,46041,Genbank,27,F251729,CIAT-13528,Dendrolobium,lanceolatum,Dendrolobium lanceolatum,Fabaceae,Fabales,Tree,95.0909818,,7.58430438,,92.41569562,,16.89700161,,48.41162026,,56.54204062,
5,46041,Genbank,27,F251730,CIAT-13529,Dendrolobium,triangulare,Dendrolobium triangulare,Fabaceae,Fabales,Tree,94.30284858,94.35698318,6.715805626,6.690322969,93.28419437,93.30967703,18.17097604,18.17097604,44.49306584,45.32812119,61.91582388,59.94398484
6,46041,Genbank,27,F251730,CIAT-13529,Dendrolobium,triangulare,Dendrolobium triangulare,Fabaceae,Fabales,Tree,94.41111778,,6.664840312,,93.33515969,,18.17097604,,46.16317653,,57.97214579,
7,46041,Genbank,27,F251731,CIAT-13710,Dendrolobium,lanceolatum,Dendrolobium lanceolatum,Fabaceae,Fabales,Tree,94.09295352,94.1326423,7.549396897,7.491369387,92.4506031,92.50863061,19.13818782,19.13818782,53.58756689,55.17177684,63.79573738,64.35700251
8,46041,Genbank,27,F251731,CIAT-13710,Dendrolobium,lanceolatum,Dendrolobium lanceolatum,Fabaceae,Fabales,Tree,94.17233107,,7.433341877,,92.56665812,,19.13818782,,56.75598679,,64.91826764,
9,46041,Genbank,27,F251732,CIAT-22004,Dendrolobium,triangulare,Dendrolobium triangulare,Fabaceae,Fabales,Tree,94.18058194,94.29584986,6.786470532,6.812638277,93.21352947,93.18736172,17.58227963,17.58227963,49.28870337,49.20313501,62.6581936,63.60852582
10,46041,Genbank,27,F251732,CIAT-22004,Dendrolobium,triangulare,Dendrolobium triangulare,Fabaceae,Fabales,Tree,94.41111778,,6.838806021,,93.16119398,,17.58227963,,49.11756665,,64.55885804,
11,46041,Genbank,27,F251733,CIAT-23104,Dendrolobium,triangulare,Dendrolobium triangulare,Fabaceae,Fabales,Tree,92.62295082,92.63257908,7.035746071,6.998325401,92.96425393,93.0016746,19.39471605,19.39471605,55.82959129,57.00503903,66.32656095,67.21953003
12,46041,Genbank,27,F251733,CIAT-23104,Dendrolobium,triangulare,Dendrolobium triangulare,Fabaceae,Fabales,Tree,92.64220734,,6.960904732,,93.03909527,,19.39471605,,58.18048678,,68.11249911,
13,46041,Genbank,27,F251734,CIAT-23106,Dendrolobium,triangulare,Dendrolobium triangulare,Fabaceae,Fabales,Tree,94.50274863,94.65267366,6.800422386,6.853220697,93.19957761,93.1467793,21.88530889,21.88530889,56.17069553,55.75098488,68.63441637,67.76100615
14,46041,Genbank,27,F251734,CIAT-23106,Dendrolobium,triangulare,Dendrolobium triangulare,Fabaceae,Fabales,Tree,94.8025987,,6.906019007,,93.09398099,,21.88530889,,55.33127423,,66.88759593,
15,46041,Genbank,27,F251735,CIAT-23107,Dendrolobium,triangulare,Dendrolobium triangulare,Fabaceae,Fabales,Tree,94.96251874,94.98700765,6.839621318,6.919239561,93.16037868,93.08076044,21.24081713,21.24081713,51.06696558,51.07086181,67.34624903,67.2167779
16,46041,Genbank,27,F251735,CIAT-23107,Dendrolobium,triangulare,Dendrolobium triangulare,Fabaceae,Fabales,Tree,95.01149655,,6.998857805,,93.0011422,,21.24081713,,51.07475804,,67.08730677,
17,46041,Genbank,27,F251736,CIAT-23108,Dendrolobium,triangulare,Dendrolobium triangulare,Fabaceae,Fabales,Tree,94.47331601,94.54327404,6.871035941,6.929175476,93.12896406,93.07082452,21.58733126,21.58733126,58.3132482,58.16741146,69.58716574,69.36610063
18,46041,Genbank,27,F251736,CIAT-23108,Dendrolobium,triangulare,Dendrolobium triangulare,Fabaceae,Fabales,Tree,94.61323206,,6.987315011,,93.01268499,,21.58733126,,58.02157471,,69.14503552,
19,46041,Genbank,27,F251737,CIAT-23412,Dendrolobium,triangulare,Dendrolobium triangulare,Fabaceae,Fabales,Tree,94.38168549,94.18764467,7.238693183,7.274745611,92.76130682,92.72525439,21.25980993,21.14714305,49.55988298,50.97707007,62.08548365,62.1361665
20,46041,Genbank,27,F251737,CIAT-23412,Dendrolobium,triangulare,Dendrolobium triangulare,Fabaceae,Fabales,Tree,93.99360384,,7.310798039,,92.68920196,,21.03447618,,52.39425717,,62.18684935,
21,46041,Genbank,27,F251738,CIAT-23413,Dendrolobium,triangulare,Dendrolobium triangulare,Fabaceae,Fabales,Tree,93.17273091,93.52667142,7.502879142,7.498658928,92.49712086,92.50134107,21.31752628,21.31752628,53.27133251,54.59114653,65.337062,66.22603541
22,46041,Genbank,27,F251738,CIAT-23413,Dendrolobium,triangulare,Dendrolobium triangulare,Fabaceae,Fabales,Tree,93.88061194,,7.494438713,,92.50556129,,21.31752628,,55.91096055,,67.11500881,
23,46041,Genbank,27,F251739,CIAT-23419,Dendrolobium,triangulare,Dendrolobium triangulare,Fabaceae,Fabales,Tree,93.81309345,93.95743146,7.223065372,7.202507611,92.77693463,92.79749239,20.19491829,20.19491829,56.13635627,56.43442414,67.803578,67.78394011
24,46041,Genbank,27,F251739,CIAT-23419,Dendrolobium,triangulare,Dendrolobium triangulare,Fabaceae,Fabales,Tree,94.10176947,,7.181949849,,92.81805015,,20.19491829,,56.73249201,,67.76430223,
25,46041,Genbank,27,F251740,CIAT-23422,Dendrolobium,triangulare,Dendrolobium triangulare,Fabaceae,Fabales,Tree,91.79328269,91.85744918,7.08423443,7.063174198,92.91576557,92.9368258,21.67495417,21.67495417,52.99601533,54.62975611,66.23846684,66.57310598
26,46041,Genbank,27,F251740,CIAT-23422,Dendrolobium,triangulare,Dendrolobium triangulare,Fabaceae,Fabales,Tree,91.92161568,,7.042113967,,92.95788603,,21.67495417,,56.26349688,,66.90774512,
27,46041,Genbank,27,F251741,CIAT-23734,Dendrolobium,triangulare,Dendrolobium triangulare,Fabaceae,Fabales,Tree,94.63053695,94.71104974,7.844129164,7.859177882,92.15587084,92.14082212,21.43501368,21.43501368,46.54285785,47.21960114,61.49707875,62.02315039
28,46041,Genbank,27,F251741,CIAT-23734,Dendrolobium,triangulare,Dendrolobium triangulare,Fabaceae,Fabales,Tree,94.79156253,,7.8742266,,92.1257734,,21.43501368,,47.89634444,,62.54922202,
29,46041,Genbank,27,F251742,CIAT-23932,Dendrolobium,triangulare,Dendrolobium triangulare,Fabaceae,Fabales,Tree,95.12195122,95.12195122,7.292980244,7.292980244,92.70701976,92.70701976,18.84082731,18.84082731,48.77625445,49.89224893,63.45312053,63.09107017
30,46041,Genbank,27,F251742,CIAT-23932,Dendrolobium,triangulare,Dendrolobium triangulare,Fabaceae,Fabales,Tree,95.12195122,,7.292980244,,92.70701976,,18.84082731,,51.00824342,,62.72901982,
31,46041,Genbank,27,F251743,CIAT-23933,Dendrolobium,triangulare,Dendrolobium triangulare,Fabaceae,Fabales,Tree,93.64063594,93.72124769,7.329515172,7.371449396,92.67048483,92.6285506,17.58420593,17.58420593,47.91811618,49.30848354,63.09477967,64.36924866
32,46041,Genbank,27,F251743,CIAT-23933,Dendrolobium,triangulare,Dendrolobium triangulare,Fabaceae,Fabales,Tree,93.80185944,,7.413383621,,92.58661638,,17.58420593,,50.69885089,,65.64371764,
33,46041,Genbank,27,F251744,CIAT-23934,Dendrolobium,triangulare,Dendrolobium triangulare,Fabaceae,Fabales,Tree,94.13351989,94.17175994,8.161033383,8.195338377,91.83896662,91.80466162,22.61279649,22.61279649,42.44053698,43.73700737,58.9098312,58.49671401
34,46041,Genbank,27,F251744,CIAT-23934,Dendrolobium,triangulare,Dendrolobium triangulare,Fabaceae,Fabales,Tree,94.21,,8.229643371,,91.77035663,,22.61279649,,45.03347776,,58.08359683,
35,46041,Genbank,27,F251745,CIAT-23936,Dendrolobium,triangulare,Dendrolobium triangulare,Fabaceae,Fabales,Tree,94.06356186,94.05856486,7.745842852,7.798969346,92.25415715,92.20103065,19.26631303,19.26631303,48.06815266,49.20967469,61.64912252,61.65556371
36,46041,Genbank,27,F251745,CIAT-23936,Dendrolobium,triangulare,Dendrolobium triangulare,Fabaceae,Fabales,Tree,94.05356786,,7.85209584,,92.14790416,,19.26631303,,50.35119672,,61.6620049,
37,46041,Genbank,27,F251746,CIAT-33119,Dendrolobium,triangulare,Dendrolobium triangulare,Fabaceae,Fabales,Tree,95.21143657,95.28710945,7.427947681,7.395369239,92.57205232,92.60463076,17.30043112,17.30043112,41.53419899,40.97747309,60.2515628,59.47836238
38,46041,Genbank,27,F251746,CIAT-33119,Dendrolobium,triangulare,Dendrolobium triangulare,Fabaceae,Fabales,Tree,95.36278233,,7.362790797,,92.6372092,,17.30043112,,40.4207472,,58.70516196,
39,46041,Genbank,27,F251747,CIAT-33383,Dendrolobium,sp.,Dendrolobium sp.,Fabaceae,Fabales,Tree,94.55,94.67156206,9.569927656,9.804579653,90.43007234,90.19542035,14.84210098,14.66394754,46.50900028,47.33808634,60.21848759,59.75799108
40,46041,Genbank,27,F251747,CIAT-33383,Dendrolobium,sp.,Dendrolobium sp.,Fabaceae,Fabales,Tree,94.79312413,,10.03923165,,89.96076835,,14.48579409,,48.1671724,,59.29749457,
41,46041,Genbank,27,F251748,CIAT-33402,Dendrolobium,triangulare,Dendrolobium triangulare,Fabaceae,Fabales,Tree,94.58325005,94.631891,6.906845339,6.908571878,93.09315466,93.09142812,20.08407391,20.08407391,45.1747339,45.18159981,59.82504626,60.09139911
42,46041,Genbank,27,F251748,CIAT-33402,Dendrolobium,triangulare,Dendrolobium triangulare,Fabaceae,Fabales,Tree,94.68053195,,6.910298417,,93.08970158,,20.08407391,,45.18846573,,60.35775197,
43,46041,Genbank,27,F251749,CIAT-33508,Dendrolobium,umbellatum,Dendrolobium umbellatum,Fabaceae,Fabales,Tree,93.71062894,93.74624719,8.660813979,8.665280104,91.33918602,91.3347199,22.60556623,22.60556623,44.31520343,45.81166384,57.85094085,58.36144016
44,46041,Genbank,27,F251749,CIAT-33508,Dendrolobium,umbellatum,Dendrolobium umbellatum,Fabaceae,Fabales,Tree,93.78186544,,8.66974623,,91.33025377,,22.60556623,,47.30812425,,58.87193946,
45,46041,Genbank,27,F251750,CIAT-33515,Dendrolobium,triangulare,Dendrolobium triangulare,Fabaceae,Fabales,Tree,93.40197941,93.4109897,8.22996707,11.11094838,91.77003293,88.88905162,20.96312701,20.96312701,50.95605371,51.4709948,63.08412086,63.31758966
46,46041,Genbank,27,F251750,CIAT-33515,Dendrolobium,triangulare,Dendrolobium triangulare,Fabaceae,Fabales,Tree,93.42,,13.99192969,,86.00807031,,20.96312701,,51.98593588,,63.55105846,
47,46041,Genbank,27,F251751,CIAT-7353,Prosopis,juliflora,Prosopis juliflora,Fabaceae,Fabales,Tree,94.57217113,94.62661746,9.845299072,9.418371019,90.15470093,90.58162898,30.48645396,30.48645396,28.99543989,29.37746941,47.11828276,46.32447246
48,46041,Genbank,27,F251751,CIAT-7353,Prosopis,juliflora,Prosopis juliflora,Fabaceae,Fabales,Tree,94.68106379,,8.991442967,,91.00855703,,30.48645396,,29.75949892,,45.53066216,
49,46041,Genbank,27,F251752,CIAT-7976,Cassia,sp.,Cassia sp.,Fabaceae,Fabales,Tree,93.40197941,93.41763138,8.058159435,12.05353052,91.94184056,87.94646948,25.58851827,25.58851827,38.50830267,39.53895727,49.5760496,50.11579047
50,46041,Genbank,27,F251752,CIAT-7976,Cassia,sp.,Cassia sp.,Fabaceae,Fabales,Tree,93.43328336,,16.04890161,,83.95109839,,25.58851827,,40.56961188,,50.65553134,
51,46041,Genbank,27,F251753,CIAT-8018,Acacia,aroma,Acacia aroma,Fabaceae,Fabales,Tree,93.76,93.79561688,17.69805515,18.11200023,82.30194485,81.88799977,23.53692406,23.53692406,57.85384616,58.52671131,71.12141109,70.33432005
52,46041,Genbank,27,F251753,CIAT-8018,Acacia,aroma,Acacia aroma,Fabaceae,Fabales,Tree,93.83123375,,18.52594532,,81.47405468,,23.53692406,,59.19957645,,69.54722901,
53,46041,Genbank,27,F251754,CIAT-9990,Prosopis,juliflora,Prosopis juliflora,Fabaceae,Fabales,Tree,92.96422147,92.97421547,10.14726432,12.38310223,89.85273568,87.61689777,31.75200833,31.75200833,28.74080466,28.64229725,49.16636527,48.76403521
54,46041,Genbank,27,F251754,CIAT-9990,Prosopis,juliflora,Prosopis juliflora,Fabaceae,Fabales,Tree,92.98420947,,14.61894013,,85.38105987,,31.75200833,,28.54378984,,48.36170515,
55,46041,Genbank,27,F251755,CIAT-13258,Dendrolobium,lanceolatum,Dendrolobium lanceolatum,Fabaceae,Fabales,Tree,94.55217913,94.59742889,14.88874108,14.86686535,85.11125892,85.13313465,15.55026437,15.55026437,53.99040149,54.95714405,60.14888741,61.80264203
56,46041,Genbank,27,F251755,CIAT-13258,Dendrolobium,lanceolatum,Dendrolobium lanceolatum,Fabaceae,Fabales,Tree,94.64267866,,14.84498963,,85.15501037,,15.55026437,,55.92388662,,63.45639665,
57,46041,Genbank,27,F251756,CIAT-13260,Dendrolobium,lanceolatum,Dendrolobium lanceolatum,Fabaceae,Fabales,Tree,94.04119176,94.07647912,9.352221123,12.08275428,90.64777888,87.91724572,15.81342541,15.81342541,57.3984177,57.39257655,63.65754994,65.19358019
58,46041,Genbank,27,F251756,CIAT-13260,Dendrolobium,lanceolatum,Dendrolobium lanceolatum,Fabaceae,Fabales,Tree,94.11176647,,14.81328743,,85.18671257,,15.81342541,,57.38673539,,66.72961043,
59,46041,Genbank,27,F251757,CIAT-17263,Leucaena,leucocephala,Leucaena leucocephala,Fabaceae,Fabales,Tree,94.41335199,94.47167599,15.42394278,13.81432952,84.57605722,86.18567048,27.42940648,13.71470324,36.70931262,36.26730838,58.98462636,57.7622396
60,46041,Genbank,27,F251757,CIAT-17263,Leucaena,leucocephala,Leucaena leucocephala,Fabaceae,Fabales,Tree,94.53,,12.20471626,,87.79528374,,0,,35.82530414,,56.53985285,
61,46041,Isabel Molina,27,F252640, Cayman Br02_1752,Urochloa,interespecifico,Urochloa interespecifico,Poaceae,Poales,grasses,97.01089673,97.00105012,9.625873976,9.651155486,90.37412602,90.34884451,8.04101047,8.054385693,26.26702185,26.24181561,62.42092434,62.13365081
62,46041,Isabel Molina,27,F252640, Cayman Br02_1752,Urochloa,interespecifico,Urochloa interespecifico,Poaceae,Poales,grasses,96.99120352,,9.676436997,,90.323563,,8.067760916,,26.21660937,,61.84637727,
63,46041,Mauricio Sotelo,27,F252641,N/A,Gliricidia  ,sepium,Gliricidia sepium ,Fabaceae,Fabales,Arbustiva ,93.53258697,93.49727419,9.42965823,9.408744989,90.57034177,90.59125501,22.32,22.375,22.47,21.94,47.82,47.205
64,46041,Mauricio Sotelo,27,F252641,N/A,Gliricidia  ,sepium,Gliricidia sepium ,Fabaceae,Fabales,Arbustiva ,93.46196141,,9.387831748,,90.61216825,,22.43,,21.41,,46.59,
65,46041,Jacobo Arango/Alejandro Montoya,27,F250008,Sample 8,Cynodon, nlemfuensis ,Cynodon nlemfuensis ,Poaceae,Poales,grasses,93.3,93.55,11.3,11.4,88.7,88.6,0,0,0,0,76.1,76.1
66,46041,Jacobo Arango/Alejandro Montoya,27,F250008,Sample 8,Cynodon, nlemfuensis ,Cynodon nlemfuensis ,Poaceae,Poales,grasses,93.8,,11.5,,88.5,,0,,0,,76.1,
67,46048,Genbank,28,F251758,CIAT-17459,Erythrina,berteroana,Erythrina berteroana,Fabaceae,Fabales,Tree,94.51219512,94.58716513,10.82166446,11.8678996,89.17833554,88.1321004,24.25144619,24.25144619,37.93629902,38.2553787,50.64633656,51.97675719
68,46048,Genbank,28,F251758,CIAT-17459,Erythrina,berteroana,Erythrina berteroana,Fabaceae,Fabales,Tree,94.66213515,,12.91413474,,87.08586526,,24.25144619,,38.57445837,,53.30717782,
69,46048,Genbank,28,F251759,CIAT-17482,Leucaena,leucocephala,Leucaena leucocephala,Fabaceae,Fabales,Tree,92.6214757,92.66183252,14.78198755,14.23641966,85.21801245,85.76358034,26.54232304,26.54232304,32.66674732,33.11227347,49.50527116,51.04728157
70,46048,Genbank,28,F251759,CIAT-17482,Leucaena,leucocephala,Leucaena leucocephala,Fabaceae,Fabales,Tree,92.70218934,,13.69085177,,86.30914823,,26.54232304,,33.55779961,,52.58929198,
71,46048,Genbank,28,F251760,CIAT-17502,Leucaena,leucocephala,Leucaena leucocephala,Fabaceae,Fabales,Tree,94.22115577,94.26086286,11.15828574,12.95686503,88.84171426,87.04313497,28.85997135,28.85997135,36.63350994,35.48454206,46.33599486,46.08725603
72,46048,Genbank,28,F251760,CIAT-17502,Leucaena,leucocephala,Leucaena leucocephala,Fabaceae,Fabales,Tree,94.30056994,,14.75544433,,85.24455567,,28.85997135,,34.33557418,,45.8385172,
73,46048,Genbank,28,F251761,CIAT-19384,Prosopis,juliflora,Prosopis juliflora,Fabaceae,Fabales,Tree,93.31334333,93.38765237,11.91210776,10.33433437,88.08789224,89.66566563,36.9549258,36.9549258,30.7280142,31.53690347,50.9933827,52.4552947
74,46048,Genbank,28,F251761,CIAT-19384,Prosopis,juliflora,Prosopis juliflora,Fabaceae,Fabales,Tree,93.46196141,,8.756560989,,91.24343901,,36.9549258,,32.34579273,,53.91720671,
75,46048,Genbank,28,F251762,CIAT-19571,Senna,cobanensis,Senna cobanensis,Fabaceae,Fabales,Tree,93.15410754,93.20739073,6.111727843,6.081072551,93.88827216,93.91892745,23.20097285,23.20097285,42.54798474,42.26941462,54.1642212,55.70472427
76,46048,Genbank,28,F251762,CIAT-19571,Senna,cobanensis,Senna cobanensis,Fabaceae,Fabales,Tree,93.26067393,,6.05041726,,93.94958274,,23.20097285,,41.99084451,,57.24522735,
77,46048,Genbank,28,F251763,CIAT-20126,Acacia,angustissima,Acacia angustissima,Fabaceae,Fabales,Tree,93.92303848,93.97211712,5.796694305,5.776284983,94.20330569,94.22371502,29.90215547,29.90215547,48.09788855,47.80217801,56.32151399,58.28687767
78,46048,Genbank,28,F251763,CIAT-20126,Acacia,angustissima,Acacia angustissima,Fabaceae,Fabales,Tree,94.02119576,,5.75587566,,94.24412434,,29.90215547,,47.50646746,,60.25224135,
79,46048,Genbank,28,F251764,CIAT-20788,Senna,pallida,Senna pallida,Fabaceae,Fabales,Tree,93.87183845,93.91682495,9.729096812,9.745063601,90.27090319,90.2549364,24.3024932,24.3024932,30.23235074,30.6851654,51.62772455,53.35979886
80,46048,Genbank,28,F251764,CIAT-20788,Senna,pallida,Senna pallida,Fabaceae,Fabales,Tree,93.96181146,,9.76103039,,90.23896961,,24.3024932,,31.13798006,,55.09187316,
81,46048,Genbank,28,F251765,CIAT-21242,Leucaena,diversifolia,Leucaena diversifolia,Fabaceae,Fabales,Tree,93.13206038,93.21136566,6.84260608,6.875471971,93.15739392,93.12452803,23.2758353,23.2758353,45.04834391,45.75577483,62.13108195,63.44228662
82,46048,Genbank,28,F251765,CIAT-21242,Leucaena,diversifolia,Leucaena diversifolia,Fabaceae,Fabales,Tree,93.29067093,,6.908337861,,93.09166214,,23.2758353,,46.46320574,,64.75349129,
83,46048,Genbank,28,F251766,CIAT-21512,Calliandra,calothyrsus,Calliandra calothyrsus,Fabaceae,Fabales,Tree,92.39304278,92.78788485,4.793967142,4.783194183,95.20603286,95.21680582,24.06932164,24.06932164,46.57195406,46.72379852,53.94479295,53.36598593
84,46048,Genbank,28,F251766,CIAT-21512,Calliandra,calothyrsus,Calliandra calothyrsus,Fabaceae,Fabales,Tree,93.18272691,,4.772421223,,95.22757878,,24.06932164,,46.87564298,,52.78717892,
85,46048,Genbank,28,F251767,CIAT-21601,Erythrina,fusca,Erythrina fusca,Fabaceae,Fabales,Tree,93.87061294,93.23678588,7.174562061,7.044833203,92.82543794,92.9551668,23.75160561,23.41084859,56.10895442,54.96760817,66.49491261,68.4912054
86,46048,Genbank,28,F251767,CIAT-21601,Erythrina,fusca,Erythrina fusca,Fabaceae,Fabales,Tree,92.60295882,,6.915104345,,93.08489565,,23.07009157,,53.82626191,,70.48749818,
87,46048,Genbank,28,F251768,CIAT-21809,Acacia,farnesiana,Acacia farnesiana,Fabaceae,Fabales,Tree,94.57162851,94.61581426,7.427819216,7.460640562,92.57218078,92.53935944,31.00065629,31.00065629,49.04035979,48.0901506,60.94700222,62.84366025
88,46048,Genbank,28,F251768,CIAT-21809,Acacia,farnesiana,Acacia farnesiana,Fabaceae,Fabales,Tree,94.66,,7.493461908,,92.50653809,,31.00065629,,47.1399414,,64.74031829,
89,46048,Genbank,28,F251769,CIAT-21810,Acacia,angustissima,Acacia angustissima,Fabaceae,Fabales,Tree,94.74052595,94.78681304,5.390506218,5.3891594,94.60949378,94.6108406,31.66393985,31.66393985,40.17316966,38.91628757,51.00059153,52.36756439
90,46048,Genbank,28,F251769,CIAT-21810,Acacia,angustissima,Acacia angustissima,Fabaceae,Fabales,Tree,94.83310014,,5.387812581,,94.61218742,,31.66393985,,37.65940547,,53.73453725,
91,46048,Genbank,28,F251770,CIAT-21888,Leucaena,leucocephala,Leucaena leucocephala,Fabaceae,Fabales,Tree,93.67189843,93.70720071,9.057418959,9.136970806,90.94258104,90.86302919,29.90458835,29.90458835,31.16669959,30.16310697,55.7508662,56.66599971
92,46048,Genbank,28,F251770,CIAT-21888,Leucaena,leucocephala,Leucaena leucocephala,Fabaceae,Fabales,Tree,93.742503,,9.216522654,,90.78347735,,29.90458835,,29.15951436,,57.58113322,
93,46048,Genbank,28,F251771,CIAT-22310,Calliandra,calothyrsus,Calliandra calothyrsus,Fabaceae,Fabales,Tree,94.82,94.8605099,5.650401843,5.713075036,94.34959816,94.28692496,21.75470624,21.75470624,52.18036474,50.76841218,55.49850701,55.00206234
94,46048,Genbank,28,F251771,CIAT-22310,Calliandra,calothyrsus,Calliandra calothyrsus,Fabaceae,Fabales,Tree,94.9010198,,5.775748228,,94.22425177,,21.75470624,,49.35645961,,54.50561768,
95,46048,Genbank,28,F251772,CIAT-22311,Calliandra,calothyrsus,Calliandra calothyrsus,Fabaceae,Fabales,Tree,93.80371777,93.87716135,6.877206587,6.953483788,93.12279341,93.04651621,21.51362159,21.51362159,48.23549136,49.18254638,53.94942876,54.92959614
96,46048,Genbank,28,F251772,CIAT-22311,Calliandra,calothyrsus,Calliandra calothyrsus,Fabaceae,Fabales,Tree,93.95060494,,7.029760988,,92.97023901,,21.51362159,,50.1296014,,55.90976352,
97,46048,Genbank,28,F251773,CIAT-22316,Calliandra,calothyrsus,Calliandra calothyrsus,Fabaceae,Fabales,Tree,95.54044596,95.51589927,8.667847076,8.646047909,91.33215292,91.35395209,20.81595568,20.81595568,43.60548667,44.54158614,55.27365589,54.35653644
98,46048,Genbank,28,F251773,CIAT-22316,Calliandra,calothyrsus,Calliandra calothyrsus,Fabaceae,Fabales,Tree,95.49135259,,8.624248742,,91.37575126,,20.81595568,,45.47768561,,53.439417,
99,46048,Genbank,28,F251774,CIAT-23239,Dendrolobium,triangulare,Dendrolobium triangulare,Fabaceae,Fabales,Tree,95.85041496,95.85582829,7.573117047,7.551501552,92.42688295,92.44849845,20.35537133,20.35537133,53.21545699,52.75794079,63.33418795,65.19334123
100,46048,Genbank,28,F251774,CIAT-23239,Dendrolobium,triangulare,Dendrolobium triangulare,Fabaceae,Fabales,Tree,95.86124163,,7.529886057,,92.47011394,,20.35537133,,52.3004246,,67.05249452,
101,46048,Genbank,28,F251775,CIAT-33116,Dendrolobium,triangulare,Dendrolobium triangulare,Fabaceae,Fabales,Tree,95.64087183,95.63109272,7.757431277,7.882488089,92.24256872,92.11751191,18.29933939,18.29933939,56.56341222,57.41967224,63.80212726,65.17291286
102,46048,Genbank,28,F251775,CIAT-33116,Dendrolobium,triangulare,Dendrolobium triangulare,Fabaceae,Fabales,Tree,95.62131361,,8.007544902,,91.9924551,,18.29933939,,58.27593225,,66.54369845,
103,46048,Genbank,28,F252184,CIAT-BH22_0303,Urochloa,humidicola,Urochloa humidicola,Poaceae,Poales,grasses,94.83155053,94.84129016,9.497232477,9.508249066,90.50276752,90.49175093,8.022996186,8.024372736,32.56160596,33.13401586,67.4948194,68.07606427
104,46048,Genbank,28,F252184,CIAT-BH22_0303,Urochloa,humidicola,Urochloa humidicola,Poaceae,Poales,grasses,94.85102979,,9.519265655,,90.48073435,,8.025749287,,33.70642576,,68.65730913,
105,46048,Genbank,28,F252185,CIAT-BH22_1594,Urochloa,humidicola,Urochloa humidicola,Poaceae,Poales,grasses,94.95,95.07595962,11.72746512,11.58844246,88.27253488,88.41155754,8.047466056,7.956214447,34.1244778,34.07855719,68.45832672,68.31550169
106,46048,Genbank,28,F252185,CIAT-BH22_1594,Urochloa,humidicola,Urochloa humidicola,Poaceae,Poales,grasses,95.20191923,,11.4494198,,88.5505802,,7.864962838,,34.03263659,,68.17267667,
107,46048,Genbank,28,F252186,CIAT-BH22_0468,Urochloa,humidicola,Urochloa humidicola,Poaceae,Poales,grasses,95.97080584,96.0205994,10.69348293,10.67319077,89.30651707,89.32680923,9.576828422,9.593884304,33.95959876,33.18171553,68.80818738,67.84324289
108,46048,Genbank,28,F252186,CIAT-BH22_0468,Urochloa,humidicola,Urochloa humidicola,Poaceae,Poales,grasses,96.07039296,,10.65289861,,89.34710139,,9.610940186,,32.4038323,,66.8782984,
109,46048,Genbank,28,F252187,CIAT-BH22_3830,Urochloa,humidicola,Urochloa humidicola,Poaceae,Poales,grasses,95.84041596,95.96040396,10.25320413,10.19068459,89.74679587,89.80931541,8.108780345,8.039567546,32.61768508,32.62424549,67.68596463,67.42838282
110,46048,Genbank,28,F252187,CIAT-BH22_3830,Urochloa,humidicola,Urochloa humidicola,Poaceae,Poales,grasses,96.08039196,,10.12816505,,89.87183495,,7.970354747,,32.6308059,,67.17080101,
111,46048,Genbank,28,F252188,CIAT-BH22_1710,Urochloa,humidicola,Urochloa humidicola,Poaceae,Poales,grasses,97.23027697,97.27027297,9.765625,9.940378289,90.234375,90.05962171,7.600387216,7.558349181,34.96825588,35.29717036,68.88783688,69.39148718
112,46048,Genbank,28,F252188,CIAT-BH22_1710,Urochloa,humidicola,Urochloa humidicola,Poaceae,Poales,grasses,97.31026897,,10.11513158,,89.88486842,,7.516311147,,35.62608484,,69.89513748,
113,46048,Genbank,28,F252189,CIAT-BH22_2365,Urochloa,humidicola,Urochloa humidicola,Poaceae,Poales,grasses,97.06,97.1,12.6261586,12.34294542,87.3738414,87.65705458,10.01719507,9.983782792,31.84574309,31.98273659,63.48334918,64.13836256
114,46048,Genbank,28,F252189,CIAT-BH22_2365,Urochloa,humidicola,Urochloa humidicola,Poaceae,Poales,grasses,97.14,,12.05973223,,87.94026777,,9.950370516,,32.11973009,,64.79337593,
115,46048,Genbank,28,F252190,CIAT-BH22_3572,Urochloa,humidicola,Urochloa humidicola,Poaceae,Poales,grasses,96.44035596,96.50034997,9.85390115,10.04041032,90.14609885,89.95958968,7.970471762,7.975931836,33.06491166,32.76733643,68.80747171,68.19252088
116,46048,Genbank,28,F252190,CIAT-BH22_3572,Urochloa,humidicola,Urochloa humidicola,Poaceae,Poales,grasses,96.56034397,,10.22691949,,89.77308051,,7.98139191,,32.46976119,,67.57757006,
117,46048,Genbank,28,F252191,CIAT-BH22_0517,Urochloa,humidicola,Urochloa humidicola,Poaceae,Poales,grasses,96.84126349,96.86671949,10.2264613,10.26103525,89.7735387,89.73896475,8.167349854,8.209939033,34.34940314,34.30560713,69.42682396,69.455898
118,46048,Genbank,28,F252191,CIAT-BH22_0517,Urochloa,humidicola,Urochloa humidicola,Poaceae,Poales,grasses,96.89217548,,10.2956092,,89.7043908,,8.252528213,,34.26181111,,69.48497204,
119,46048,Genbank,28,F252192,CIAT-BH22_0519,Urochloa,humidicola,Urochloa humidicola,Poaceae,Poales,grasses,97.68,97.65535539,11.14122206,11.14466989,88.85877794,88.85533011,9.38325511,9.360586683,31.76728685,31.6848152,64.61466811,64.57727447
120,46048,Genbank,28,F252192,CIAT-BH22_0519,Urochloa,humidicola,Urochloa humidicola,Poaceae,Poales,grasses,97.63071079,,11.14811772,,88.85188228,,9.337918256,,31.60234356,,64.53988082,
121,46048,Genbank,28,F252193,CIAT-BH22_0521,Urochloa,humidicola,Urochloa humidicola,Poaceae,Poales,grasses,96.43107068,96.52654873,11.04028177,10.99203537,88.95971823,89.00796463,9.00281067,9.028947487,31.57838055,31.72034801,67.17952559,66.87631034
122,46048,Genbank,28,F252193,CIAT-BH22_0521,Urochloa,humidicola,Urochloa humidicola,Poaceae,Poales,grasses,96.62202678,,10.94378898,,89.05621102,,9.055084304,,31.86231547,,66.5730951,
123,46048,Genbank,28,F252574,CIAT326,Desmodium,scorpiurus,Desmodium scorpiurus,Fabaceae,Fabales,Herbaceous,91.67249825,93.55,13.39088534,11.4,86.60911466,88.6,28.60156825,28.62372253,39.48848273,0,56.2323033,76.1
124,46048,Genbank,28,F252574,CIAT326,Desmodium,scorpiurus,Desmodium scorpiurus,Fabaceae,Fabales,Herbaceous,91.68083192,,12.95729083,,87.04270917,,28.6458768,,38.38394148,,55.07818776,
125,46048,Jacobo Arango/Alejandro Montoya,28,F250008,Sample 8,Cynodon, nlemfuensis ,Cynodon nlemfuensis ,Poaceae,Poales,grasses,93.3,93.55,11.3,11.4,88.7,88.6,0,0,0,0,76.1,76.1
126,46048,Jacobo Arango/Alejandro Montoya,28,F250008,Sample 8,Cynodon, nlemfuensis ,Cynodon nlemfuensis ,Poaceae,Poales,grasses,93.8,,11.5,,88.5,,0,,0,,76.1,
127,46048,Genbank,28,F252575,CIAT415,Vigna,radiata,Vigna radiata,Fabaceae,Fabales,Herbaceous,92,91.42885574,21.24289414,10.75762617,78.75710586,89.24237383,26.95773609,26.95773609,25.37871278,23.98045976,41.71108525,45.45969219
128,46048,Genbank,28,F252575,CIAT415,Vigna,radiata,Vigna radiata,Fabaceae,Fabales,Herbaceous,91.8732507,,19.2881855,,80.7118145,,26.95773609,,25.17044227,,42.68538652,
129,46048,Genbank,28,F252576,CIAT416,Vigna,radiata,Vigna radiata,Fabaceae,Fabales,Herbaceous,91.40343862,91.0831282,10.76909636,13.68599877,89.23090364,86.31400123,26.83737782,26.83737782,24.61392416,26.52504004,46.38298015,45.60801435
130,46048,Genbank,28,F252576,CIAT416,Vigna,radiata,Vigna radiata,Fabaceae,Fabales,Herbaceous,91.45427286,,10.74615599,,89.25384401,,26.83737782,,23.34699537,,44.53640422,
131,46048,Genbank,28,F252577,CIAT517,Macroptilium,atropurpureum,Macroptilium atropurpureum,Fabaceae,Fabales,Herbaceous,91.03448276,92.99781159,13.69492173,12.88760478,86.30507827,87.11239522,23.68402656,23.68402656,26.72725226,30.28518761,45.87051567,51.4379895
132,46048,Genbank,28,F252577,CIAT517,Macroptilium,atropurpureum,Macroptilium atropurpureum,Fabaceae,Fabales,Herbaceous,91.13177365,,13.67707581,,86.32292419,,23.68402656,,26.32282782,,45.34551304,
133,46048,Genbank,28,F252578,CIAT563,Macroptilium,bracteatum,Macroptilium bracteatum,Fabaceae,Fabales,Herbaceous,92.94423346,88.84780354,12.97101742,8.444929231,87.02898258,91.55507077,21.85730465,21.85730465,29.99083879,24.85387739,51.01815447,51.081849
134,46048,Genbank,28,F252578,CIAT563,Macroptilium,bracteatum,Macroptilium bracteatum,Fabaceae,Fabales,Herbaceous,93.05138972,,12.80419213,,87.19580787,,21.85730465,,30.57953644,,51.85782454,
135,46048,Genbank,28,F252579,CIAT789,Zornia,latifolia,Zornia latifolia,Fabaceae,Fabales,Herbaceous,88.95110489,91.97281233,8.519336184,9.331025136,91.48066382,90.66897486,14.78857004,14.78857004,24.83226537,37.91537767,49.4407795,57.18138145
136,46048,Genbank,28,F252579,CIAT789,Zornia,latifolia,Zornia latifolia,Fabaceae,Fabales,Herbaceous,88.7445022,,8.370522279,,91.62947772,,14.78857004,,24.87548941,,52.7229185,
137,46048,Genbank,28,F252580,CIAT2085,Stylosanthes,seabrana,Stylosanthes seabrana,Fabaceae,Fabales,Herbaceous,91.95402299,91.01315869,9.25897764,9.451343506,90.74102236,90.54865649,18.70996375,18.70996375,37.03959724,38.39249836,56.49795979,60.09027386
138,46048,Genbank,28,F252580,CIAT2085,Stylosanthes,seabrana,Stylosanthes seabrana,Fabaceae,Fabales,Herbaceous,91.99160168,,9.403072633,,90.59692737,,18.70996375,,38.79115809,,57.8648031,
139,46048,Genbank,28,F252581,CIAT2690,Stylosanthes,angustifolia,Stylosanthes angustifolia,Fabaceae,Fabales,Herbaceous,90.92453773,92.30309045,9.620171759,14.76074376,90.37982824,85.23925624,17.54314001,17.54314001,38.19609992,33.57161599,60.48539202,51.70747699
140,46048,Genbank,28,F252581,CIAT2690,Stylosanthes,angustifolia,Stylosanthes angustifolia,Fabaceae,Fabales,Herbaceous,91.10177964,,9.282515254,,90.71748475,,17.54314001,,38.5888968,,59.69515569,
141,46048,Genbank,28,F252582,CIAT4069,Macroptilium,atropurpureum,Macroptilium atropurpureum,Fabaceae,Fabales,Herbaceous,92.24465321,90.94089982,14.3679293,11.81969195,85.6320707,88.18030805,20.83137982,20.83137982,32.4010087,27.98665999,50.50997569,49.14474341
142,46048,Genbank,28,F252582,CIAT4069,Macroptilium,atropurpureum,Macroptilium atropurpureum,Fabaceae,Fabales,Herbaceous,92.36152769,,15.15355823,,84.84644177,,20.83137982,,34.74222328,,52.90497829,
143,46048,Genbank,28,F252583,CIAT4141,Vigna,radiata,Vigna radiata,Fabaceae,Fabales,Herbaceous,90.88,92.05698448,11.91982928,11.96785912,88.08017072,88.03214088,19.79583376,19.48200475,28.07370229,24.33126693,48.46037716,48.31644356
144,46048,Genbank,28,F252583,CIAT4141,Vigna,radiata,Vigna radiata,Fabaceae,Fabales,Herbaceous,91.00179964,,11.71955462,,88.28044538,,19.16817574,,27.89961768,,49.82910966,
145,46048,Genbank,28,F252584,CIAT4532,Vigna,unguiculata,Vigna unguiculata,Fabaceae,Fabales,Herbaceous,92.03159368,92.22311644,12.06619846,12.06373267,87.93380154,87.93626733,18.9362818,18.9362818,24.10088015,28.02044589,48.02170794,49.62995675
146,46048,Genbank,28,F252584,CIAT4532,Vigna,unguiculata,Vigna unguiculata,Fabaceae,Fabales,Herbaceous,92.08237529,,11.86951978,,88.13048022,,18.9362818,,24.5616537,,48.61117918,
147,46048,Genbank,28,F252585,CIAT4537,Vigna,unguiculata,Vigna unguiculata,Fabaceae,Fabales,Herbaceous,92.25154969,91.40629561,12.06614445,5.748212086,87.93385555,94.25178791,25.08438089,25.08438089,28.16909679,36.53673911,51.30312744,57.4537689
148,46048,Genbank,28,F252585,CIAT4537,Vigna,unguiculata,Vigna unguiculata,Fabaceae,Fabales,Herbaceous,92.19468319,,12.06132089,,87.93867911,,25.08438089,,27.87179498,,47.95678606,
149,46048,Genbank,28,F252586,CIAT7289,Chamaecrista,mimosoides,Chamaecrista mimosoides,Fabaceae,Fabales,Herbaceous,91.45,90.75685004,5.863928698,8.322782107,94.1360713,91.67721789,18.55944373,18.55944373,37.05595298,29.5735168,58.07161357,53.5689522
150,46048,Genbank,28,F252586,CIAT7289,Chamaecrista,mimosoides,Chamaecrista mimosoides,Fabaceae,Fabales,Herbaceous,91.36259122,,5.632495474,,94.36750453,,18.55944373,,36.01752524,,56.83592424,
151,46048,Genbank,28,F252587,CIAT7826,Tephrosia,purpurea,Tephrosia purpurea,Fabaceae,Fabales,Herbaceous,90.74277717,91.31391004,8.261360626,8.932184411,91.73863937,91.06781559,21.70179375,21.70179375,29.58125848,30.0153279,53.01180437,54.87836737
152,46048,Genbank,28,F252587,CIAT7826,Tephrosia,purpurea,Tephrosia purpurea,Fabaceae,Fabales,Herbaceous,90.77092291,,8.384203587,,91.61579641,,21.70179375,,29.56577513,,54.12610002,
153,46048,Genbank,28,F252588,CIAT8014,Crotalaria,retusa,Crotalaria retusa,Fabaceae,Fabales,Herbaceous,91.32260322,91.31391004,8.911631019,8.932184411,91.08836898,91.06781559,21.18340649,21.18340649,31.01340151,30.0153279,56.56295091,54.87836737
154,46048,Genbank,28,F252588,CIAT8014,Crotalaria,retusa,Crotalaria retusa,Fabaceae,Fabales,Herbaceous,91.30521687,,8.952737802,,91.0472622,,21.18340649,,29.0172543,,53.19378383,
155,46048,Genbank,28,F252589,CIAT8849,Zornia,brasiliensis,Zornia brasiliensis,Fabaceae,Fabales,Herbaceous,90.24,90.25548645,9.594984572,9.616661972,90.40501543,90.38333803,17.57023385,17.57023385,27.22743192,26.44138743,52.25595779,51.95522499
156,46048,Genbank,28,F252589,CIAT8849,Zornia,brasiliensis,Zornia brasiliensis,Fabaceae,Fabales,Herbaceous,90.2709729,,9.638339373,,90.36166063,,17.57023385,,25.65534294,,51.6544922,
157,46048,Genbank,28,F252590,CIAT9326,Crotalaria,retusa,Crotalaria retusa,Fabaceae,Fabales,Herbaceous,91.94080592,92.00579942,7.727001032,7.754170516,92.27299897,92.24582948,18.83906509,18.83906509,32.05167123,32.6183955,49.51312019,49.99219678
158,46048,Genbank,28,F252590,CIAT9326,Crotalaria,retusa,Crotalaria retusa,Fabaceae,Fabales,Herbaceous,92.07079292,,7.781339999,,92.21866,,18.83906509,,33.18511977,,50.47127337,
159,46048,Genbank,28,F252591,CIAT9337,Crotalaria,retusa,Crotalaria retusa,Fabaceae,Fabales,Herbaceous,92.13157369,92.16734622,8.786604645,8.753189862,91.21339536,91.24681014,22.45780061,22.45780061,26.15941458,26.10286621,46.74297958,47.12307465
160,46048,Genbank,28,F252591,CIAT9337,Crotalaria,retusa,Crotalaria retusa,Fabaceae,Fabales,Herbaceous,92.20311875,,8.719775078,,91.28022492,,22.45780061,,26.04631785,,47.50316973,
161,46048,Genbank,28,F252592,CIAT9350,Crotalaria,pumila,Crotalaria pumila,Fabaceae,Fabales,Herbaceous,91.0726782,91.19264221,7.58605569,7.575093181,92.41394431,92.42490682,21.99387384,21.99387384,29.62497073,29.77176208,49.65055275,49.72480329
162,46048,Genbank,28,F252592,CIAT9350,Crotalaria,pumila,Crotalaria pumila,Fabaceae,Fabales,Herbaceous,91.31260622,,7.564130673,,92.43586933,,21.99387384,,29.91855344,,49.79905383,
163,46048,Genbank,28,F252593,CIAT9352,Crotalaria,pumila,Crotalaria pumila,Fabaceae,Fabales,Herbaceous,93.3220034,93.40632717,9.332756194,9.403270852,90.66724381,90.59672915,22.91297307,22.81967121,30.92834653,31.06555591,55.45730519,56.4475563
164,46048,Genbank,28,F252593,CIAT9352,Crotalaria,pumila,Crotalaria pumila,Fabaceae,Fabales,Herbaceous,93.49065093,,9.47378551,,90.52621449,,22.72636934,,31.20276528,,57.43780741,
165,46048,Genbank,28,F252594,CIAT9472,Zornia,brasiliensis,Zornia brasiliensis,Fabaceae,Fabales,Herbaceous,92.05079492,92.0961833,10.07541438,10.150903,89.92458562,89.849097,18.2131397,18.2131397,24.22314912,25.07278118,51.00615057,49.46694066
166,46048,Genbank,28,F252594,CIAT9472,Zornia,brasiliensis,Zornia brasiliensis,Fabaceae,Fabales,Herbaceous,92.14157169,,10.22639163,,89.77360837,,18.2131397,,25.92241325,,47.92773074,
167,46048,Genbank,28,F252595,CIAT9531,Indigofera,spicata,Indigofera spicata,Fabaceae,Fabales,Herbaceous,91.72165567,91.5983853,16.40530513,16.18926784,83.59469487,83.81073216,20.55277496,20.55277496,25.71391134,25.43976491,43.30245075,42.67117825
168,46048,Genbank,28,F252595,CIAT9531,Indigofera,spicata,Indigofera spicata,Fabaceae,Fabales,Herbaceous,91.47511493,,15.97323055,,84.02676945,,20.55277496,,25.16561848,,42.03990575,
169,46048,Genbank,28,F252596,CIAT10026,Stylosanthes,seabrana,Stylosanthes seabrana,Fabaceae,Fabales,Herbaceous,92.75144971,92.74681353,9.90671487,9.970892531,90.09328513,90.02910747,16.29399375,16.29399375,35.01632533,34.49438926,56.31724449,57.2475561
170,46048,Genbank,28,F252596,CIAT10026,Stylosanthes,seabrana,Stylosanthes seabrana,Fabaceae,Fabales,Herbaceous,92.74217735,,10.03507019,,89.96492981,,16.29399375,,33.97245319,,58.17786772,
171,46048,Genbank,28,F252597,CIAT12411,Stylosanthes,sympodialis,Stylosanthes sympodialis,Fabaceae,Fabales,Herbaceous,91.69166167,91.72124329,11.95776032,11.77848324,88.04223968,88.22151676,17.93763784,17.93763784,33.35711653,34.2978129,59.84167667,61.11490658
172,46048,Genbank,28,F252597,CIAT12411,Stylosanthes,sympodialis,Stylosanthes sympodialis,Fabaceae,Fabales,Herbaceous,91.75082492,,11.59920616,,88.40079384,,17.93763784,,35.23850927,,62.3881365,
173,46048,Genbank,28,F252598,CIAT13494,Desmodium,tortuosum,Desmodium tortuosum,Fabaceae,Fabales,Shurb_Tree,91.71082892,91.66625229,10.89714137,10.88023618,89.10285863,89.11976382,21.07617968,21.07617968,23.51985913,23.40640677,51.17510205,50.71948924
174,46048,Genbank,28,F252598,CIAT13494,Desmodium,tortuosum,Desmodium tortuosum,Fabaceae,Fabales,Shurb_Tree,91.62167566,,10.863331,,89.136669,,21.07617968,,23.2929544,,50.26387644,
175,46048,Genbank,28,F252599,CIAT13562,Desmodium,tortuosum,Desmodium tortuosum,Fabaceae,Fabales,Shurb_Tree,91.76164767,91.81204447,14.59211655,14.8037139,85.40788345,85.1962861,18.55661144,18.55661144,27.30491827,27.48505137,48.93826659,50.31546122
176,46048,Genbank,28,F252599,CIAT13562,Desmodium,tortuosum,Desmodium tortuosum,Fabaceae,Fabales,Shurb_Tree,91.86244127,,15.01531125,,84.98468875,,18.55661144,,27.66518447,,51.69265585,
177,46048,Genbank,28,F252600,CIAT13593,Desmodium,scorpiurus,Desmodium scorpiurus,Fabaceae,Fabales,Herbaceous,90.70185963,90.70871514,10.37179103,10.4798948,89.62820897,89.5201052,16.64819845,16.64819845,42.86543156,42.64686777,58.87300675,58.29471345
178,46048,Genbank,28,F252600,CIAT13593,Desmodium,scorpiurus,Desmodium scorpiurus,Fabaceae,Fabales,Herbaceous,90.71557066,,10.58799856,,89.41200144,,16.64819845,,42.42830399,,57.71642016,
179,46048,Genbank,28,F252601,CIAT13608,Desmodium,incanum,Desmodium incanum,Fabaceae,Fabales,Herbaceous,92.33459924,92.60907873,9.766400206,9.977345563,90.23359979,90.02265444,17.5775175,17.5775175,44.62612732,44.72252364,58.51360874,59.51631388
180,46048,Genbank,28,F252601,CIAT13608,Desmodium,incanum,Desmodium incanum,Fabaceae,Fabales,Herbaceous,92.88355822,,10.18829092,,89.81170908,,17.5775175,,44.81891995,,60.51901901,
181,46048,Genbank,28,F252602,CIAT18277,Indigofera,jamaicensis,Indigofera jamaicensis,Fabaceae,Fabales,Herbaceous,89.66413435,89.82756762,10.88317298,10.32823895,89.11682702,89.67176105,21.9401464,21.9401464,32.66799286,32.42758485,51.31534157,49.95690317
182,46048,Genbank,28,F252602,CIAT18277,Indigofera,jamaicensis,Indigofera jamaicensis,Fabaceae,Fabales,Herbaceous,89.9910009,,9.773304922,,90.22669508,,21.9401464,,32.18717684,,48.59846477,
183,46048,Genbank,28,F252603,CIAT18952,Indigofera,atriceps,Indigofera atriceps,Fabaceae,Fabales,Herbaceous,90.28485757,90.34290874,17.74570271,18.09235425,82.25429729,81.90764575,16.68180624,16.65817348,41.73947776,40.99093379,48.97461106,48.14587528
184,46048,Genbank,28,F252603,CIAT18952,Indigofera,atriceps,Indigofera atriceps,Fabaceae,Fabales,Herbaceous,90.4009599,,18.43900578,,81.56099422,,16.63454072,,40.24238981,,47.3171395,
185,46048,Jacobo Arango/ Alejandro Montoya,28,F250008,Sample 8,Cynodon, nlemfuensis ,Cynodon nlemfuensis ,Poaceae,Poales,grasses,93.3,93.55,11.3,11.4,88.7,88.6,0,0,0,0,76.1,76.1
186,46048,Jacobo Arango/ Alejandro Montoya,28,F250008,Sample 8,Cynodon, nlemfuensis ,Cynodon nlemfuensis ,Poaceae,Poales,grasses,93.8,,11.5,,88.5,,0,,0,,76.1,
187,46055,Genbank,29,F252604,CIAT18953,Indigofera,atriceps,Indigofera atriceps,Fabaceae,Fabales,Herbaceous,89.52,89.53656703,13.61454923,11.97121274,86.38545077,88.02878726,13.46691821,13.46691821,44.85763775,44.71108459,52.56458331,52.71607252
188,46055,Genbank,29,F252604,CIAT18953,Indigofera,atriceps,Indigofera atriceps,Fabaceae,Fabales,Herbaceous,89.55313406,,10.32787624,,89.67212376,,13.46691821,,44.56453144,,52.86756172,
189,46055,Genbank,29,F252605,CIAT18954,Indigofera,atriceps,Indigofera atriceps,Fabaceae,Fabales,Herbaceous,92.92141572,92.94105982,18.88991662,20.28407787,81.11008338,79.71592213,17.60529835,17.60529835,45.5644788,44.8303139,53.16702551,51.54142924
190,46055,Genbank,29,F252605,CIAT18954,Indigofera,atriceps,Indigofera atriceps,Fabaceae,Fabales,Herbaceous,92.96070393,,21.67823913,,78.32176087,,17.60529835,,44.09614901,,49.91583297,
191,46055,Genbank,29,F252606,CIAT19198,Tephrosia,villosa,Tephrosia villosa,Fabaceae,Fabales,Herbaceous,90.54472764,90.54283677,12.19806906,11.32255879,87.80193094,88.67744121,26.99802394,26.99802394,33.60240728,33.58715913,51.80362673,51.72595541
192,46055,Genbank,29,F252606,CIAT19198,Tephrosia,villosa,Tephrosia villosa,Fabaceae,Fabales,Herbaceous,90.54094591,,10.44704853,,89.55295147,,26.99802394,,33.57191099,,51.64828408,
193,46055,Genbank,29,F252607,CIAT19460,Sesbania,cannabina,Sesbania cannabina,Fabaceae,Fabales,Shurb_Tree,91.01449275,91.03358847,8.004031197,10.42628781,91.9959688,89.57371219,21.69628458,21.69628458,33.90170078,33.70085178,53.94964439,53.52216236
194,46055,Genbank,29,F252607,CIAT19460,Sesbania,cannabina,Sesbania cannabina,Fabaceae,Fabales,Shurb_Tree,91.05268419,,12.84854442,,87.15145558,,21.69628458,,33.50000278,,53.09468033,
195,46055,Genbank,29,F252608,CIAT20044,Tephrosia,purpurea,Tephrosia purpurea,Fabaceae,Fabales,Herbaceous,92.12157568,92.1761763,11.94212961,11.53051385,88.05787039,88.46948615,27.96478552,27.96478552,25.26758731,24.72183544,44.20562716,47.09847003
196,46055,Genbank,29,F252608,CIAT20044,Tephrosia,purpurea,Tephrosia purpurea,Fabaceae,Fabales,Herbaceous,92.23077692,,11.11889809,,88.88110191,,27.96478552,,24.17608357,,49.99131291,
197,46055,Genbank,29,F252609,CIAT22423,Vigna,unguiculata,Vigna unguiculata,Fabaceae,Fabales,Herbaceous,90.5,90.60592881,11.40101993,12.05092136,88.59898007,87.94907864,27.74472182,27.74472182,27.76521099,27.28263988,49.2720946,48.09171036
198,46055,Genbank,29,F252609,CIAT22423,Vigna,unguiculata,Vigna unguiculata,Fabaceae,Fabales,Herbaceous,90.71185763,,12.70082279,,87.29917721,,27.74472182,,26.80006876,,46.91132612,
199,46055,Genbank,29,F252610,CIAT22480,Sesbania,cannabina,Sesbania cannabina,Fabaceae,Fabales,Shurb_Tree,92.55446732,92.47913271,15.38883498,11.67710884,84.61116502,88.32289116,26.98075692,26.98075692,27.25312308,27.50050499,45.0150221,45.50718605
200,46055,Genbank,29,F252610,CIAT22480,Sesbania,cannabina,Sesbania cannabina,Fabaceae,Fabales,Shurb_Tree,92.4037981,,7.965382704,,92.0346173,,26.98075692,,27.7478869,,45.99934999,
201,46055,Genbank,29,F252611,CIAT23116,Desmodium,tortuosum,Desmodium tortuosum,Fabaceae,Fabales,Shurb_Tree,92.5814837,92.56574185,10.76856967,10.86687472,89.23143033,89.13312528,18.22528988,18.22528988,36.93640957,36.91649753,58.82616843,59.76976267
202,46055,Genbank,29,F252611,CIAT23116,Desmodium,tortuosum,Desmodium tortuosum,Fabaceae,Fabales,Shurb_Tree,92.55,,10.96517977,,89.03482023,,18.22528988,,36.89658549,,60.71335691,
203,46055,Genbank,29,F252612,CIAT23416,Codariocalyx,motorius,Codariocalyx motorius,Fabaceae,Fabales,Shurb_Tree,92.78144371,92.80751346,12.35644188,12.2738173,87.64355812,87.7261827,18.14271529,18.14271529,40.90614806,41.1197091,56.80832741,56.80210099
204,46055,Genbank,29,F252612,CIAT23416,Codariocalyx,motorius,Codariocalyx motorius,Fabaceae,Fabales,Shurb_Tree,92.83358321,,12.19119272,,87.80880728,,18.14271529,,41.33327014,,56.79587457,
205,46055,Genbank,29,F252613,CIAT23806,Desmodium,angustifolium,Desmodium angustifolium,Fabaceae,Fabales,Herbaceous,92.75072493,92.76608432,9.819417471,9.926703061,90.18058253,90.07329694,13.60322728,13.4971577,35.46605763,36.09464141,58.98550734,58.8249955
206,46055,Genbank,29,F252613,CIAT23806,Desmodium,angustifolium,Desmodium angustifolium,Fabaceae,Fabales,Herbaceous,92.78144371,,10.03398865,,89.96601135,,13.39108811,,36.7232252,,58.66448366,
207,46055,Genbank,29,F252614,CIAT24104,Macroptilium,atropurpureum,Macroptilium atropurpureum,Fabaceae,Fabales,Herbaceous,92.24387806,92.29770388,13.03822577,13.07267813,86.96177423,86.92732187,26.64170878,26.64170878,26.43820876,25.98719715,45.16684591,45.24206845
208,46055,Genbank,29,F252614,CIAT24104,Macroptilium,atropurpureum,Macroptilium atropurpureum,Fabaceae,Fabales,Herbaceous,92.35152969,,13.10713049,,86.89286951,,26.64170878,,25.53618553,,45.31729099,
209,46055,Genbank,29,F252615,CIAT24565,Vigna,unguiculata,Vigna unguiculata,Fabaceae,Fabales,Herbaceous,90.04,90.07247376,11.43523606,11.42128206,88.56476394,88.57871794,23.16338663,23.16222903,30.78779607,30.9994008,49.24363864,49.60982929
210,46055,Genbank,29,F252615,CIAT24565,Vigna,unguiculata,Vigna unguiculata,Fabaceae,Fabales,Herbaceous,90.10494753,,11.40732805,,88.59267195,,23.16107144,,31.21100553,,49.97601993,
211,46055,Genbank,29,F252616,CIAT33561,Desmodium,wigginsii,Desmodium wigginsii,Fabaceae,Fabales,Herbaceous,91.83081692,91.87581242,9.838384938,9.909125537,90.16161506,90.09087446,16.2936559,16.2936559,35.8552484,36.11334801,53.77150408,54.68491243
212,46055,Genbank,29,F252616,CIAT33561,Desmodium,wigginsii,Desmodium wigginsii,Fabaceae,Fabales,Herbaceous,91.92080792,,9.979866137,,90.02013386,,16.2936559,,36.37144762,,55.59832078,
213,46055,Genbank,29,F252617,CIAT34038,Vigna,unguiculata,Vigna unguiculata,Fabaceae,Fabales,Herbaceous,91.75494703,91.78910886,12.28167067,12.2447827,87.71832933,87.7552173,20.56824412,20.56824412,24.04917497,24.32362121,46.16750937,46.95850581
214,46055,Genbank,29,F252617,CIAT34038,Vigna,unguiculata,Vigna unguiculata,Fabaceae,Fabales,Herbaceous,91.82327069,,12.20789474,,87.79210526,,20.56824412,,24.59806746,,47.74950224,
215,46055,Genbank,29,F252618,CIAT34040,Vigna,aconitifolia,Vigna aconitifolia,Fabaceae,Fabales,Herbaceous,90.72185563,90.65592781,12.74896054,12.81090438,87.25103946,87.18909562,25.5636915,25.5636915,22.85370059,22.65067953,41.94484888,41.97499569
216,46055,Genbank,29,F252618,CIAT34040,Vigna,aconitifolia,Vigna aconitifolia,Fabaceae,Fabales,Herbaceous,90.59,,12.87284823,,87.12715177,,25.5636915,,22.44765848,,42.0051425,
217,46055,Genbank,29,F252619,CIAT34042,Vigna,aconitifolia,Vigna aconitifolia,Fabaceae,Fabales,Herbaceous,91.06089391,91.07089291,12.35177866,12.36824769,87.64822134,87.63175231,24.70704998,24.70704998,23.32593852,23.37035241,49.68867385,48.96011878
218,46055,Genbank,29,F252619,CIAT34042,Vigna,aconitifolia,Vigna aconitifolia,Fabaceae,Fabales,Herbaceous,91.08089191,,12.38471673,,87.61528327,,24.70704998,,23.4147663,,48.23156371,
219,46055,Genbank,29,F252620,CIAT34044,Vigna,aconitifolia,Vigna aconitifolia,Fabaceae,Fabales,Herbaceous,91.60503698,91.57463243,10.3460043,10.43929542,89.6539957,89.56070458,22.3628054,22.3628054,21.10603306,20.6723314,55.23353182,54.26696547
220,46055,Genbank,29,F252620,CIAT34044,Vigna,aconitifolia,Vigna aconitifolia,Fabaceae,Fabales,Herbaceous,91.54422789,,10.53258654,,89.46741346,,22.3628054,,20.23862974,,53.30039912,
221,46055,Genbank,29,F252621,CIAT34148,Vigna,radiata,Vigna radiata,Fabaceae,Fabales,Herbaceous,89.59312206,89.54261182,10.26019192,10.26070483,89.73980808,89.73929517,23.28788448,23.28788448,27.18308226,27.82137805,44.08476708,44.74617815
222,46055,Genbank,29,F252621,CIAT34148,Vigna,radiata,Vigna radiata,Fabaceae,Fabales,Herbaceous,89.49210158,,10.26121774,,89.73878226,,23.28788448,,28.45967384,,45.40758921,
223,46055,Genbank,29,F252622,CIAT34159,Vigna,unguiculata,Vigna unguiculata,Fabaceae,Fabales,Herbaceous,90.56188762,90.48238338,12.16568135,11.99382056,87.83431865,88.00617944,22.86358872,22.86358872,22.21471082,22.34221298,48.13623771,48.63590186
224,46055,Genbank,29,F252622,CIAT34159,Vigna,unguiculata,Vigna unguiculata,Fabaceae,Fabales,Herbaceous,90.40287914,,11.82195977,,88.17804023,,22.86358872,,22.46971514,,49.135566,
225,46055,Genbank,29,F252623,CIAT34347,Vigna,unguiculata,Vigna unguiculata,Fabaceae,Fabales,Herbaceous,89.46210758,89.49262532,11.92038605,11.99798549,88.07961395,88.00201451,32.50938499,32.4648997,23.31284213,25.26923463,43.22372754,42.67650731
226,46055,Genbank,29,F252623,CIAT34347,Vigna,unguiculata,Vigna unguiculata,Fabaceae,Fabales,Herbaceous,89.52314306,,12.07558493,,87.92441507,,32.42041442,,27.22562713,,42.12928707,
227,46055,Genbank,29,F251692,CIAT-23715,Desmodium,sequax,Desmodium sequax,Fabaceae,Fabales,Shrub,93.76374175,93.79248875,5.199855362,5.216884679,94.80014464,94.78311532,16.813217,16.813217,58.10429458,59.1384802,64.69971686,65.41813429
228,46055,Genbank,29,F251692,CIAT-23715,Desmodium,sequax,Desmodium sequax,Fabaceae,Fabales,Shrub,93.82123575,,5.233913996,,94.766086,,16.813217,,60.17266582,,66.13655172,
229,46055,Jacobo Arango/ Alejandro Montoya,29,F250008,Sample 8,Cynodon, nlemfuensis ,Cynodon nlemfuensis ,Poaceae,Poales,grasses,93.3,93.55,11.3,11.4,88.7,88.6,0,0,0,0,76.1,76.1
230,46055,Jacobo Arango/ Alejandro Montoya,29,F250008,Sample 8,Cynodon, nlemfuensis ,Cynodon nlemfuensis ,Poaceae,Poales,grasses,93.8,,11.5,,88.5,,0,,0,,76.1,
,46062,Genbank,30,F260013,CIAT590,Macroptilium,bracteatum,Macroptilium bracteatum,Fabaceae,Fabales,Herbaceous,92.73435938,92.60293254,10.67360319,10.54077955,89.32639681,89.45922045,18.34283136,18.46960616,35.83839106,36.08173821,55.8271184,55.46053751
,46062,Genbank,30,F260013,CIAT590,Macroptilium,bracteatum,Macroptilium bracteatum,Fabaceae,Fabales,Herbaceous,92.4715057,,10.4079559,,89.5920441,,18.59638097,,36.32508537,,55.09395663,
,46062,Genbank,30,F260014,CIAT778,Macroptilium,atropurpureum,Macroptilium atropurpureum,Fabaceae,Fabales,Herbaceous,92.57371314,92.58296774,12.37190073,12.35694073,87.62809927,87.64305927,22.84205672,22.84205672,35.23702913,35.74291616,52.30029735,52.82335268
,46062,Genbank,30,F260014,CIAT778,Macroptilium,atropurpureum,Macroptilium atropurpureum,Fabaceae,Fabales,Herbaceous,92.59222233,,12.34198072,,87.65801928,,22.84205672,,36.2488032,,53.34640801,
,46062,Genbank,30,F260015,CIAT827,Indigofera,jamaicensis,Indigofera jamaicensis,Fabaceae,Fabales,Herbaceous,94.79,94.765,11.63931831,11.78705218,88.36068169,88.21294782,21.61626081,21.61626081,28.32269691,27.75657698,47.08554151,47.59931685
,46062,Genbank,30,F260015,CIAT827,Indigofera,jamaicensis,Indigofera jamaicensis,Fabaceae,Fabales,Herbaceous,94.74,,11.93478605,,88.06521395,,21.61626081,,27.19045705,,48.11309219,
,46062,Genbank,30,F260016,CIAT997,Macroptilium,atropurpureum,Macroptilium atropurpureum,Fabaceae,Fabales,Herbaceous,93.58192542,93.56128568,12.29840735,12.30498063,87.70159265,87.69501937,21.4350367,21.4350367,32.7530679,32.77675966,50.53571142,50.82440462
,46062,Genbank,30,F260016,CIAT997,Macroptilium,atropurpureum,Macroptilium atropurpureum,Fabaceae,Fabales,Herbaceous,93.54064594,,12.3115539,,87.6884461,,21.4350367,,32.80045143,,51.11309781,
,46062,Genbank,30,F260017,CIAT1405,Stylosanthes,capitata,Stylosanthes capitata,Fabaceae,Fabales,Herbaceous,94.55108978,94.62686923,13.39732003,14.27728367,86.60267997,85.72271633,16.06877613,16.06877613,44.13245587,43.37542346,61.52843714,60.85475545
,46062,Genbank,30,F260017,CIAT1405,Stylosanthes,capitata,Stylosanthes capitata,Fabaceae,Fabales,Herbaceous,94.70264868,,15.1572473,,84.8427527,,16.06877613,,42.61839104,,60.18107376,
,46062,Genbank,30,F260018,CIAT1812,Stylosanthes,viscosa,Stylosanthes viscosa,Fabaceae,Fabales,Herbaceous,95.42183127,95.45704257,11.34088113,10.53930727,88.65911887,89.46069273,11.38570084,11.38570084,43.60282667,44.09818061,55.43478458,56.27749872
,46062,Genbank,30,F260018,CIAT1812,Stylosanthes,viscosa,Stylosanthes viscosa,Fabaceae,Fabales,Herbaceous,95.49225387,,9.737733407,,90.26226659,,11.38570084,,44.59353456,,57.12021285,
,46062,Genbank,30,F260019,CIAT3694,Desmodium,sandwicense,Desmodium sandwicense,Fabaceae,Fabales,Herbaceous,94.38112378,94.45110978,10.92410289,12.9300307,89.07589711,87.0699693,17.41588153,17.41588153,45.96543024,46.55894028,59.80370585,61.01002163
,46062,Genbank,30,F260019,CIAT3694,Desmodium,sandwicense,Desmodium sandwicense,Fabaceae,Fabales,Herbaceous,94.52109578,,14.93595851,,85.06404149,,17.41588153,,47.15245031,,62.21633741,
,46062,Genbank,30,F260020,CIAT4080,Macroptilium,bracteatum,Macroptilium bracteatum,Fabaceae,Fabales,Herbaceous,94.67213115,94.68738991,17.64048907,16.1881863,82.35951093,83.8118137,21.55350622,21.55350622,30.31303992,30.66930525,51.09512052,51.2582552
,46062,Genbank,30,F260020,CIAT4080,Macroptilium,bracteatum,Macroptilium bracteatum,Fabaceae,Fabales,Herbaceous,94.70264868,,14.73588352,,85.26411648,,21.55350622,,31.02557059,,51.42138988,
,46062,Genbank,30,F260021,CIAT7162,Indigofera,jamaicensis,Indigofera jamaicensis,Fabaceae,Fabales,Herbaceous,93.93242703,94.01709825,14.48093425,15.83738766,85.51906575,84.16261234,23.42333436,23.42333436,32.7547816,32.32618108,44.92651898,45.22297582
,46062,Genbank,30,F260021,CIAT7162,Indigofera,jamaicensis,Indigofera jamaicensis,Fabaceae,Fabales,Herbaceous,94.10176947,,17.19384107,,82.80615893,,23.42333436,,31.89758056,,45.51943266,
,46062,Genbank,30,F260022,CIAT8820,Tephrosia,cinerea,Tephrosia cinerea,Fabaceae,Fabales,Herbaceous,95.0409918,95.07574038,10.52634285,9.533024097,89.47365715,90.4669759,24.38627131,24.27463689,33.68961447,33.63986614,51.84466,51.88640213
,46062,Genbank,30,F260022,CIAT8820,Tephrosia,cinerea,Tephrosia cinerea,Fabaceae,Fabales,Herbaceous,95.11048895,,8.539705343,,91.46029466,,24.16300248,,33.59011781,,51.92814426,
,46062,Genbank,30,F260023,CIAT14080,Zornia,brasiliensis,Zornia brasiliensis,Fabaceae,Fabales,Herbaceous,94.68053195,94.72578887,18.53586482,18.45577814,81.46413518,81.54422186,17.22808905,17.22808905,28.67079411,27.71755267,47.66846964,46.64743066
,46062,Genbank,30,F260023,CIAT14080,Zornia,brasiliensis,Zornia brasiliensis,Fabaceae,Fabales,Herbaceous,94.77104579,,18.37569146,,81.62430854,,17.22808905,,26.76431122,,45.62639169,
,46062,Genbank,30,F260024,CIAT18950,Indigofera,spicata,Indigofera spicata,Fabaceae,Fabales,Herbaceous,93.52323838,93.51824088,16.64083792,15.89269492,83.35916208,84.10730508,21.86273111,21.86273111,31.96986787,32.77642575,41.18982428,41.87243206
,46062,Genbank,30,F260024,CIAT18950,Indigofera,spicata,Indigofera spicata,Fabaceae,Fabales,Herbaceous,93.51324338,,15.14455192,,84.85544808,,21.86273111,,33.58298363,,42.55503985,
,46062,Genbank,30,F260025,CIAT19193,Tephrosia,villosa,Tephrosia villosa,Fabaceae,Fabales,Herbaceous,94.32113577,94.33169943,7.122373825,7.158750153,92.87762618,92.84124985,21.65767298,21.65767298,35.02232084,35.28139765,57.97107762,58.06170212
,46062,Genbank,30,F260025,CIAT19193,Tephrosia,villosa,Tephrosia villosa,Fabaceae,Fabales,Herbaceous,94.34226309,,7.195126481,,92.80487352,,21.65767298,,35.54047447,,58.15232662,
,46062,Genbank,30,F260026,CIAT19641,Tephrosia,purpurea,Tephrosia purpurea,Fabaceae,Fabales,Herbaceous,96.06157537,96.04658137,8.398813551,8.33636884,91.60118645,91.66363116,20.31614144,20.31614144,40.37681224,40.9136997,61.3245639,61.48689666
,46062,Genbank,30,F260026,CIAT19641,Tephrosia,purpurea,Tephrosia purpurea,Fabaceae,Fabales,Herbaceous,96.03158737,,8.27392413,,91.72607587,,20.31614144,,41.45058715,,61.64922941,
,46062,Genbank,30,F260027,CIAT23503,Desmodium,macrodesmum,Desmodium macrodesmum,Fabaceae,Fabales,Herbaceous,93.35332334,93.32733154,12.27322444,13.2231507,87.72677556,86.7768493,20.34431216,20.34431216,40.54684301,40.30746321,56.17776724,55.64138337
,46062,Genbank,30,F260027,CIAT23503,Desmodium,macrodesmum,Desmodium macrodesmum,Fabaceae,Fabales,Herbaceous,93.30133973,,14.17307697,,85.82692303,,20.34431216,,40.06808341,,55.1049995,
,46062,Genbank,30,F260028,CIAT24333,Macroptilium,bracteatum,Macroptilium bracteatum,Fabaceae,Fabales,Herbaceous,94.36169149,94.41223005,9.794521141,9.692969907,90.20547886,90.30703009,15.85300644,15.85300644,35.60478419,35.22678654,55.38347234,55.05017813
,46062,Genbank,30,F260028,CIAT24333,Macroptilium,bracteatum,Macroptilium bracteatum,Fabaceae,Fabales,Herbaceous,94.46276862,,9.591418674,,90.40858133,,15.85300644,,34.84878888,,54.71688391,
,46062,Genbank,30,F260029,CIAT33235,Desmodium,scorpiurus,Desmodium scorpiurus,Fabaceae,Fabales,Herbaceous,93.25337331,93.33168666,15.72098844,15.45169958,84.27901156,84.54830042,20.05227466,20.05227466,42.48758016,43.50623775,55.28578059,56.61392534
,46062,Genbank,30,F260029,CIAT33235,Desmodium,scorpiurus,Desmodium scorpiurus,Fabaceae,Fabales,Herbaceous,93.41,,15.18241072,,84.81758928,,20.05227466,,44.52489534,,57.9420701,
,46062,Genbank,30,F260030,CIAT33605,Desmodium,sandwicense x intortum,Desmodium sandwicense x intortum,Fabaceae,Fabales,Herbaceous,95.5922039,95.55244814,11.08784009,10.57478615,88.91215991,89.42521385,19.32230436,19.32230436,46.64076047,46.45560853,60.38181453,59.61207668
,46062,Genbank,30,F260030,CIAT33605,Desmodium,sandwicense x intortum,Desmodium sandwicense x intortum,Fabaceae,Fabales,Herbaceous,95.51269238,,10.06173222,,89.93826778,,19.32230436,,46.27045659,,58.84233884,
,46062,Genbank,30,F260031,CIAT34144,Vigna,radiata,Vigna radiata,Fabaceae,Fabales,Herbaceous,90.84274718,90.89863496,11.40489067,11.67864493,88.59510933,88.32135507,24.93033588,24.93033588,21.64260736,21.59042769,49.03854788,48.92808471
,46062,Genbank,30,F260031,CIAT34144,Vigna,radiata,Vigna radiata,Fabaceae,Fabales,Herbaceous,90.95452274,,11.9523992,,88.0476008,,24.93033588,,21.53824801,,48.81762153,
,46062,Genbank,30,F260032,CIAT7934,Sesbania,sesban,Sesbania sesban,Fabaceae,Fabales,Shurb_Tree,96.33220068,96.46644027,15.02212083,12.95746146,84.97787917,87.04253854,26.7015145,26.817681,19.53361176,19.2567034,48.26924806,48.67231746
,46062,Genbank,30,F260032,CIAT7934,Sesbania,sesban,Sesbania sesban,Fabaceae,Fabales,Shurb_Tree,96.60067986,,10.89280209,,89.10719791,,26.9338475,,18.97979504,,49.07538686,
,46062,Genbank,30,F260033,CIAT7937,Mimosa,nuda,Mimosa nuda,Fabaceae,Fabales,Shurb_Tree,96.18038196,96.20113551,6.693638313,8.193610872,93.30636169,91.80638913,14.64673735,14.64673735,42.24165306,42.43263596,61.9745792,62.25922773
,46062,Genbank,30,F260033,CIAT7937,Mimosa,nuda,Mimosa nuda,Fabaceae,Fabales,Shurb_Tree,96.22188906,,9.69358343,,90.30641657,,14.64673735,,42.62361886,,62.54387625,
,46062,Genbank,30,F260034,CIAT8056,Mimosa,diplotricha,Mimosa diplotricha,Fabaceae,Fabales,Shurb_Tree,95.31140658,95.2918852,11.99112811,9.918385946,88.00887189,90.08161405,18.61665369,18.61665369,36.51060581,39.25609615,53.93183451,54.43280223
,46062,Genbank,30,F260034,CIAT8056,Mimosa,diplotricha,Mimosa diplotricha,Fabaceae,Fabales,Shurb_Tree,95.27236382,,7.845643785,,92.15435621,,18.61665369,,42.0015865,,54.93376996,
,46062,Genbank,30,F260035,CIAT17514,Mimosa,pudica,Mimosa pudica,Fabaceae,Fabales,Shurb_Tree,96.38,96.43587706,8.803777452,10.03494151,91.19622255,89.96505849,19.83297352,19.83297352,41.7560847,41.15272519,59.10010519,59.39065915
,46062,Genbank,30,F260035,CIAT17514,Mimosa,pudica,Mimosa pudica,Fabaceae,Fabales,Shurb_Tree,96.49175412,,11.26610557,,88.73389443,,19.83297352,,40.54936567,,59.6812131,
,46062,Genbank,30,F260036,CIAT17725,Mimosa,polycarpa,Mimosa polycarpa,Fabaceae,Fabales,Shurb_Tree,95.73170732,95.66717287,9.780008353,7.997879094,90.21999165,92.00212091,21.37591113,21.37591113,35.5817939,35.15439028,60.31573107,61.08402371
,46062,Genbank,30,F260036,CIAT17725,Mimosa,polycarpa,Mimosa polycarpa,Fabaceae,Fabales,Shurb_Tree,95.60263842,,6.215749836,,93.78425016,,21.37591113,,34.72698666,,61.85231634,
,46062,Genbank,30,F260037,CIAT18947,Sesbania,sesban,Sesbania sesban,Fabaceae,Fabales,Shurb_Tree,95.52,95.48091164,9.247921756,9.727651968,90.75207824,90.27234803,28.7937842,28.7937842,20.43736611,20.46950827,44.9274122,46.00442211
,46062,Genbank,30,F260037,CIAT18947,Sesbania,sesban,Sesbania sesban,Fabaceae,Fabales,Shurb_Tree,95.44182327,,10.20738218,,89.79261782,,28.7937842,,20.50165043,,47.08143203,
,46062,Genbank,30,F260038,CIAT19165,Sesbania,keniensis,Sesbania keniensis,Fabaceae,Fabales,Shurb_Tree,96.40143942,96.44159927,12.29268074,10.39549328,87.70731926,89.60450672,25.52109302,25.52109302,30.66274946,30.39548954,50.45526667,50.40359431
,46062,Genbank,30,F260038,CIAT19165,Sesbania,keniensis,Sesbania keniensis,Fabaceae,Fabales,Shurb_Tree,96.48175912,,8.498305825,,91.50169417,,25.52109302,,30.12822962,,50.35192195,
,46062,Genbank,30,F260039,CIAT21899,Sesbania,sesban,Sesbania sesban,Fabaceae,Fabales,Shurb_Tree,95.88164734,95.83687564,7.958261545,7.989151378,92.04173846,92.01084862,18.3249602,18.3249602,41.75912475,41.36942105,63.16837771,63.02658913
,46062,Genbank,30,F260039,CIAT21899,Sesbania,sesban,Sesbania sesban,Fabaceae,Fabales,Shurb_Tree,95.79210395,,8.02004121,,91.97995879,,18.3249602,,40.97971735,,62.88480054,
,46062,Genbank,30,F260040,CIAT23414,Codariocalyx,motorius,Codariocalyx motorius,Fabaceae,Fabales,Shurb_Tree,96.47211673,96.30663719,9.432942044,9.335742891,90.56705796,90.66425711,15.86640488,16.19449371,42.72209983,43.81515927,61.39164182,62.85339032
,46062,Genbank,30,F260040,CIAT23414,Codariocalyx,motorius,Codariocalyx motorius,Fabaceae,Fabales,Shurb_Tree,96.14115765,,9.238543739,,90.76145626,,16.52258254,,44.9082187,,64.31513883,
,46062,Genbank,30,F260041,CIAT23767,Desmodium,nicaraguense,Desmodium nicaraguense,Fabaceae,Fabales,Shurb_Tree,94.95201919,94.9960096,10.04903424,10.09841445,89.95096576,89.90158555,19.05313828,19.05313828,27.53672068,26.89918452,55.90629074,54.7173096
,46062,Genbank,30,F260041,CIAT23767,Desmodium,nicaraguense,Desmodium nicaraguense,Fabaceae,Fabales,Shurb_Tree,95.04,,10.14779467,,89.85220533,,19.05313828,,26.26164836,,53.52832846,
,46062,Genbank,30,F260042,CIAT33127,Codariocalyx,motorius,Codariocalyx motorius,Fabaceae,Fabales,Shurb_Tree,95.53223388,95.60154985,9.304820097,9.531062323,90.6951799,90.46893768,13.66830468,13.66206871,43.8186202,45.26605268,62.43368834,64.59261822
,46062,Genbank,30,F260042,CIAT33127,Codariocalyx,motorius,Codariocalyx motorius,Fabaceae,Fabales,Shurb_Tree,95.67086583,,9.757304549,,90.24269545,,13.65583273,,46.71348515,,66.75154809,
,46062,Breeding,30,F252104,CIAT-BR06_1348,Urochloa,interespecifico,Brachiaria interespecifico,Poaceae,Poales,grasses,93.02,93.09,14.27,14.475,85.73,85.525,12.27,12.225,25.43,25.64,59.24,59.76
,46062,Breeding,30,F252104,CIAT-BR06_1348,Urochloa,interespecifico,Brachiaria interespecifico,Poaceae,Poales,grasses,93.16,,14.68,,85.32,,12.18,,25.85,,60.28,
,46062,Breeding,30,F252166,CIAT-BH22_0528,Urochloa,humidicola,Urochloa humidicola,Poaceae,Poales,grasses,98.22,98.21,15.08,13.78,84.92,86.22,8.73,8.765,36.96,36.795,73.74,73.555
,46062,Breeding,30,F252166,CIAT-BH22_0528,Urochloa,humidicola,Urochloa humidicola,Poaceae,Poales,grasses,98.2,,12.48,,87.52,,8.8,,36.63,,73.37,
,46062,Jacobo Arango/ Alejandro Montoya,30,F250008,Sample 8,Cynodon, nlemfuensis ,Cynodon nlemfuensis ,Poaceae,Poales,grasses,93.6,93.7,11.3,11.4,88.7,88.6,13.1,13.1,37.8,37.8,76.1,76.1
,46062,Jacobo Arango/ Alejandro Montoya,30,F250008,Sample 8,Cynodon, nlemfuensis ,Cynodon nlemfuensis ,Poaceae,Poales,grasses,93.8,,11.5,,88.5,,13.1,,37.8,,76.1,
