id_lab,id,subset,no,requisitioner,tax_name,functional_group,dm_percentage,ash_dm,om_percentage,pc_percentage_dm,adf_percentage_dm,ndf_percentage_dm,n_replicates_nutrition
Dieta-1_Exp1,Dieta-1-Exp-1,3,193.0,LMF-invivo,Dieta 1_Exp1,,89.0,9.5,89.53,17.68,35.48,71.52,2
Dieta-1_Exp2,Dieta-1-Exp-2,3,235.0,LMF-invivo,Dieta 1_Exp2,,89.0,9.5,89.53,0.0,0.0,0.0,2
Dieta-2_Exp1,Dieta-2-Exp-1,3,195.0,LMF-invivo,Dieta 2_Exp1,,89.0,9.1,89.58,13.79,33.91,67.86,2
Dieta-2_Exp2,Dieta-2-Exp-2,3,237.0,LMF-invivo,Dieta 2_Exp2,,89.0,9.1,89.58,0.0,0.0,0.0,2
F24-3416,CIAT-705,1,1.0,Genetic_bank,Indigofera suffruticosa,Herbaceous_legumes,91.97,12.68,87.32,33.01,28.05,45.22,2
F24-3417,CIAT-707,1,3.0,Genetic_bank,Alysicarpus ovalifolius,Herbaceous_legumes,90.09,12.07,87.93,25.4,25.44,54.11,2
F24-3418,CIAT-712,1,5.0,Genetic_bank,Clitoria ternatea,Herbaceous_legumes,91.3,7.76,92.24,31.19,25.82,54.88,2
F24-3419,CIAT-749,1,7.0,Genetic_bank,Crotalaria juncea,Herbaceous_legumes,91.75,11.55,88.45,27.95,28.75,51.0,2
F24-3420,CIAT-768,1,9.0,Genetic_bank,Clitoria ternatea,Herbaceous_legumes,92.17,8.7,91.3,29.46,25.73,54.21,2
F24-3421,CIAT-772,1,11.0,Genetic_bank,Clitoria ternatea,Herbaceous_legumes,91.49,6.18,93.82,18.97,16.74,67.42,2
F24-3422,CIAT-819,1,13.0,Genetic_bank,Indigofera suffruticosa,Herbaceous_legumes,90.76,17.06,82.94,26.78,26.09,53.05,2
F24-3423,CIAT-905,1,15.0,Genetic_bank,Canavalia brasiliensis,Herbaceous_legumes,91.88,14.53,85.47,24.61,17.08,36.56,2
F24-3424,CIAT-913,1,17.0,Genetic_bank,Cajanus cajan,Shrub_Trees,94.77,9.21,90.79,25.18,40.42,60.86,2
F24-3425,CIAT-955,1,19.0,Genetic_bank,Clitoria ternatea,Herbaceous_legumes,91.82,5.7,94.3,22.01,21.55,61.67,2
F24-3426,CIAT-989,1,111.0,Genetic_bank,Indigofera hirsuta,Herbaceous_legumes,92.37,13.66,86.34,25.35,47.63,53.1,2
F24-3427,CIAT-1257,1,113.0,Genetic_bank,Stylosanthes scabra,Herbaceous_legumes,92.72,9.52,90.48,17.96,35.9,69.91,2
F24-3428,CIAT-3240,1,115.0,Genetic_bank,Desmodium cinereum,Herbaceous_legumes,92.86,12.01,87.99,22.63,24.91,56.34,4
F24-3429,CIAT-3522,1,117.0,Genetic_bank,Desmodium incanum,Herbaceous_legumes,93.28,11.05,88.95,17.94,47.97,64.48,2
F24-3430,CIAT-4134,1,119.0,Genetic_bank,Macroptilium lathyroides,Herbaceous_legumes,91.91,14.36,85.64,22.09,24.29,43.65,2
F24-3431,CIAT-4279,1,121.0,Genetic_bank,Vigna umbellata,Herbaceous_legumes,91.04,11.02,88.98,25.72,13.14,52.82,2
F24-3432,CIAT-5124,1,123.0,Genetic_bank,Centrosema molle x acutifolium,Herbaceous_legumes,91.54,10.36,89.64,25.78,37.61,65.51,2
F24-3433,CIAT-5234,1,125.0,Genetic_bank,Centrosema brasilianum,Herbaceous_legumes,92.53,11.22,88.78,17.22,33.38,60.63,2
F24-3434,CIAT-7292,1,127.0,Genetic_bank,Chamaecrista desvauxii,Herbaceous_legumes,92.0,9.42,90.58,31.83,44.14,59.53,2
F24-3435,CIAT-7317,1,129.0,Genetic_bank,Canavalia sp.,Herbaceous_legumes,92.45,19.06,80.94,23.88,24.73,52.26,2
F24-3436,CIAT-7322,1,131.0,Genetic_bank,Canavalia sp.,Herbaceous_legumes,89.37,15.19,84.81,21.52,18.16,47.54,2
F24-3437,CIAT-7339,1,133.0,Genetic_bank,Indigofera lespedezioides,Herbaceous_legumes,91.99,16.46,83.54,24.97,42.71,57.94,2
F24-3438,CIAT-7469,1,135.0,Genetic_bank,Clitoria ternatea,Herbaceous_legumes,92.16,8.09,91.91,26.37,22.54,60.53,2
F24-3439,CIAT-7643,1,137.0,Genetic_bank,Desmanthus pernambucanus,Shrub_Trees,93.82,7.35,92.65,22.49,37.8,66.98,4
F24-3440,CIAT-7703,1,139.0,Genetic_bank,Aeschynomene indica,Herbaceous_legumes,91.95,8.85,91.15,22.08,32.1,67.29,2
F24-3441,CIAT-7714,1,21.0,Genetic_bank,Alysicarpus glumaceus,Herbaceous_legumes,93.05,17.46,82.54,20.67,27.79,67.31,4
F24-3442,CIAT-7757,1,23.0,Genetic_bank,Clitoria ternatea,Herbaceous_legumes,92.11,8.25,91.75,23.68,21.95,57.24,4
F24-3443,CIAT-7759,1,25.0,Genetic_bank,Clitoria ternatea,Herbaceous_legumes,93.55,5.87,94.13,18.44,14.68,60.81,4
F24-3444,CIAT-7790,1,27.0,Genetic_bank,Crotalaria pallida,Herbaceous_legumes,92.13,5.86,94.14,24.76,20.08,67.6,4
F24-3445,CIAT-7792,1,29.0,Genetic_bank,Chamaecrista rotundifolia,Herbaceous_legumes,92.91,8.06,91.94,21.83,23.49,63.97,4
F24-3446,CIAT-7816,1,31.0,Genetic_bank,Indigofera spicata,Herbaceous_legumes,92.5,17.6,82.4,26.04,23.11,54.74,4
F24-3447,CIAT-7858,1,33.0,Genetic_bank,Crotalaria incana,Herbaceous_legumes,93.18,9.16,90.84,30.23,23.57,60.74,4
F24-3448,CIAT-7972,1,35.0,Genetic_bank,Canavalia brasiliensis,Herbaceous_legumes,91.92,17.83,82.17,27.77,23.86,56.09,4
F24-3449,CIAT-8205,1,37.0,Genetic_bank,Indigofera suffruticosa,Herbaceous_legumes,92.21,14.65,85.35,24.78,26.76,51.2,4
F24-3450,CIAT-8402,1,39.0,Genetic_bank,Indigofera suffruticosa,Herbaceous_legumes,92.0,17.72,82.28,26.24,18.99,47.9,4
F24-3451,CIAT-8408,1,41.0,Genetic_bank,Chamaecrista nictitans,Herbaceous_legumes,94.03,6.87,93.13,24.12,38.38,58.64,4
F24-3452,CIAT-8409,1,43.0,Genetic_bank,Chamaecrista nictitans,Herbaceous_legumes,91.94,7.66,92.34,26.82,38.02,61.85,4
F24-3453,CIAT-8719,1,45.0,Genetic_bank,Canavalia sp. ,Herbaceous_legumes,93.52,17.12,82.88,22.04,15.95,40.19,8
F24-3454,CIAT-8797,1,47.0,Genetic_bank,Desmanthus virgatus,Shrub_Trees,92.9,7.05,92.95,24.5,30.23,59.98,4
F24-3455,CIAT-8819,1,49.0,Genetic_bank,Coursetia caribaea,Herbaceous_legumes,91.77,13.95,86.05,22.92,19.59,43.99,4
F24-3456,CIAT-9170,1,171.0,Genetic_bank,Indigofera lespedezioides,Herbaceous_legumes,93.09,15.38,84.62,20.75,41.99,54.57,2
F24-3457,CIAT-9254,1,173.0,Genetic_bank,Crotalaria pallida,Herbaceous_legumes,90.83,6.64,93.36,24.65,20.58,55.34,2
F24-3458,CIAT-9283,1,175.0,Genetic_bank,Crotalaria pallida,Herbaceous_legumes,92.8,8.19,91.81,25.56,15.01,54.16,2
F24-3459,CIAT-9288,1,177.0,Genetic_bank,Indigofera suffruticosa,Herbaceous_legumes,93.76,11.91,88.09,27.58,16.46,52.41,2
F24-3460,CIAT-9336,1,179.0,Genetic_bank,Clitoria ternatea,Herbaceous_legumes,90.39,8.11,91.89,31.66,19.15,48.61,2
F24-3461,CIAT-9349,1,181.0,Genetic_bank,Mucuna pruriens,Herbaceous_legumes,91.42,8.63,91.37,30.38,27.8,55.56,2
F24-3462,CIAT-9356,1,183.0,Genetic_bank,Tephrosia noctiflora,Shrub_Trees,93.03,8.36,91.64,30.62,20.6,55.98,2
F24-3463,CIAT-9432,1,185.0,Genetic_bank,Clitoria ternatea,Herbaceous_legumes,91.28,8.03,91.97,31.25,17.92,44.95,2
F24-3464,CIAT-9433,1,187.0,Genetic_bank,Clitoria ternatea,Herbaceous_legumes,94.27,9.44,90.56,31.68,21.94,43.14,2
F24-3465,CIAT-9435,1,189.0,Genetic_bank,Desmanthus pubescens,Shrub_Trees,94.59,8.48,91.52,26.78,36.06,53.83,2
F24-3466,CIAT-9530,1,191.0,Genetic_bank,Crotalaria maypurensis,Herbaceous_legumes,93.26,8.79,91.21,32.65,10.84,32.2,2
F24-3467,CIAT-9562,1,193.0,Genetic_bank,Eriosema diffusum,Herbaceous_legumes,93.93,8.4,91.6,18.11,51.96,64.55,2
F24-3468,CIAT-9982,1,195.0,Genetic_bank,Crotalaria incana,Herbaceous_legumes,93.82,8.65,91.35,26.86,14.33,46.83,2
F24-3469,CIAT-10647,1,197.0,Genetic_bank,Stylosanthes scabra,Herbaceous_legumes,92.93,9.36,90.64,20.02,32.44,56.19,2
F24-3470,CIAT-11194,1,199.0,Genetic_bank,Stylosanthes hamata,Herbaceous_legumes,92.89,9.61,90.39,21.18,30.18,55.94,2
F24-3471,CIAT-11999,1,201.0,Genetic_bank,Stylosanthes guianensis,Herbaceous_legumes,93.5,10.46,89.54,20.09,33.9,61.32,2
F24-3472,CIAT-12318,1,203.0,Genetic_bank,Stylosanthes hamata,Herbaceous_legumes,94.1,11.08,88.92,22.05,29.34,55.26,2
F24-3473,CIAT-13575,1,205.0,Genetic_bank,Desmodium incanum,Herbaceous_legumes,94.14,11.52,88.48,23.17,44.09,57.61,2
F24-3474,CIAT-13609,1,207.0,Genetic_bank,Desmodium incanum,Herbaceous_legumes,93.4,11.58,88.42,20.01,40.85,58.78,2
F24-3475,CIAT-15551,1,209.0,Genetic_bank,Centrosema molle,Herbaceous_legumes,93.75,10.48,89.52,22.31,23.67,61.59,2
F24-3476,CIAT-17024,1,211.0,Genetic_bank,Desmanthus pernambucanus,Shrub_Trees,92.53,8.23,91.77,24.63,32.03,58.24,2
F24-3477,CIAT-17091,1,213.0,Genetic_bank,Crotalaria micans,Herbaceous_legumes,94.56,8.37,91.63,24.38,17.15,49.73,2
F24-3478,CIAT-17365,1,215.0,Genetic_bank,Clitoria ternatea,Herbaceous_legumes,93.39,7.63,92.37,32.12,23.37,51.72,2
F24-3479,CIAT-17451,1,217.0,Genetic_bank,Canavalia sp.,Herbaceous_legumes,91.64,19.48,80.53,22.34,20.08,49.14,2
F24-3480,CIAT-17775,1,219.0,Genetic_bank,Christia obcordata,Herbaceous_legumes,94.3,10.72,89.28,16.05,26.04,54.97,2
F24-3481,CIAT-18016,1,221.0,Genetic_bank,Sesbania emerus,Shrub_Trees,93.22,7.68,92.32,24.16,28.12,56.38,2
F24-3482,CIAT-18044,1,223.0,Genetic_bank,Christia sp.,Herbaceous_legumes,93.67,14.44,85.56,21.0,22.69,54.68,2
F24-3483,CIAT-18288,1,225.0,Genetic_bank,Sesbania exasperata,Shrub_Trees,92.91,8.89,91.11,23.18,27.95,51.1,2
F24-3484,CIAT-18447,1,227.0,Genetic_bank,Clitoria ternatea,Herbaceous_legumes,92.93,7.5,92.5,29.41,26.2,54.05,2
F24-3485,CIAT-18455,1,229.0,Genetic_bank,Christia obcordata,Herbaceous_legumes,93.2,14.45,85.55,21.77,22.27,52.43,2
F24-3486,CIAT-18707,1,231.0,Genetic_bank,Crotalaria pallida,Herbaceous_legumes,92.83,7.44,92.56,37.5,22.03,51.93,2
F24-3487,CIAT-18749,1,233.0,Genetic_bank,Arachis pintoi,Herbaceous_legumes,92.7,14.32,85.68,21.13,27.42,51.53,2
F24-3488,CIAT-18813,1,235.0,Genetic_bank,Crotalaria nitens,Herbaceous_legumes,91.8,16.91,83.09,17.16,28.69,52.37,2
F24-3489,CIAT-18848,1,237.0,Genetic_bank,Alysicarpus rugosus,Herbaceous_legumes,94.43,24.5,75.5,19.99,28.13,48.33,2
F24-3490,CIAT-18862,1,239.0,Genetic_bank,Alysicarpus rugosus,Herbaceous_legumes,93.07,16.36,83.65,24.58,21.72,49.43,2
F24-3491,CIAT-18931,1,241.0,Genetic_bank,Tephrosia linearis,Shrub_Trees,93.54,10.78,89.22,28.56,19.07,61.09,2
F24-3492,CIAT-19038,1,243.0,Genetic_bank,Canavalia sp.,Shrub_Trees,90.17,16.04,83.96,23.78,17.61,47.65,2
F24-3493,CIAT-19118,1,245.0,Genetic_bank,Alysicarpus rugosus,Herbaceous_legumes,92.92,11.39,88.61,22.8,24.18,44.31,2
F24-3494,CIAT-19127,1,247.0,Genetic_bank,Alysicarpus rugosus,Herbaceous_legumes,92.25,10.39,89.62,19.5,34.91,57.93,2
F24-3495,CIAT-19128,1,249.0,Genetic_bank,Alysicarpus rugosus,Herbaceous_legumes,92.69,9.45,90.55,17.09,40.01,61.97,2
F24-3496,CIAT-19129,1,251.0,Genetic_bank,Alysicarpus rugosus,Herbaceous_legumes,93.46,11.98,88.02,17.81,36.71,62.08,2
F24-3497,CIAT-19133,1,253.0,Genetic_bank,Alysicarpus rugosus,Herbaceous_legumes,93.13,11.81,88.19,17.49,35.06,55.15,2
F24-3498,CIAT-19137,1,255.0,Genetic_bank,Alysicarpus rugosus,Herbaceous_legumes,93.77,10.96,89.04,18.13,33.34,57.07,2
F24-3499,CIAT-19138,1,257.0,Genetic_bank,Alysicarpus rugosus,Herbaceous_legumes,92.69,11.37,88.63,21.32,32.54,54.03,2
F24-3500,CIAT-19139,1,259.0,Genetic_bank,Alysicarpus ovalifolius,Herbaceous_legumes,94.61,12.04,87.96,18.54,35.03,58.31,2
F24-3501,CIAT-19213,1,311.0,Genetic_bank,Clitoria ternatea,Herbaceous_legumes,93.84,11.79,88.21,31.12,37.56,51.31,2
F24-3502,CIAT-19421,1,313.0,Genetic_bank,Uraria lagopodioides,Herbaceous_legumes,94.09,18.68,81.32,20.04,27.8,46.04,2
F24-3503,CIAT-19566,1,315.0,Genetic_bank,Tephrosia noctiflora,Shrub_Trees,93.74,12.42,87.58,25.36,19.49,42.6,2
F24-3504,CIAT-19667,1,317.0,Genetic_bank,Indigofera hirsuta,Herbaceous_legumes,92.42,9.96,90.04,26.0,37.56,50.53,2
F24-3505,CIAT-19673,1,319.0,Genetic_bank,Alysicarpus rugosus,Herbaceous_legumes,92.51,11.98,88.02,25.41,27.8,53.08,2
F24-3506,CIAT-19895,1,321.0,Genetic_bank,Aeschynomene americana,Herbaceous_legumes,93.36,11.41,88.59,25.26,25.71,62.06,2
F24-3507,CIAT-20093,1,323.0,Genetic_bank,Canavalia sp.,Herbaceous_legumes,94.36,12.87,87.13,24.07,16.58,50.41,2
F24-3508,CIAT-20113,1,325.0,Genetic_bank,Canavalia sp.,Herbaceous_legumes,94.64,15.79,84.21,18.07,15.92,48.43,2
F24-3509,CIAT-20125,1,327.0,Genetic_bank,Coursetia caribaea,Herbaceous_legumes,93.5,13.24,86.76,20.44,18.08,44.23,2
F24-3510,CIAT-20298,1,329.0,Genetic_bank,Canavalia sp.,Herbaceous_legumes,93.66,16.19,83.81,22.85,21.72,43.09,2
F24-3511,CIAT-20305,1,331.0,Genetic_bank,Canavalia sp.,Herbaceous_legumes,93.54,18.34,81.66,23.35,19.38,39.7,2
F24-3512,CIAT-20803,1,333.0,Genetic_bank,Canavalia sp.,Herbaceous_legumes,93.38,15.93,84.06,22.07,15.58,49.53,2
F24-3513,CIAT-21031,1,335.0,Genetic_bank,Christia obcordata,Herbaceous_legumes,94.06,19.67,80.33,20.42,8.94,46.57,2
F24-3514,CIAT-21128,1,337.0,Genetic_bank,Crotalaria pallida,Herbaceous_legumes,93.46,10.34,89.66,29.38,36.54,43.84,2
F24-3515,CIAT-21212,1,339.0,Genetic_bank,Canavalia sp.,Herbaceous_legumes,93.67,15.0,85.0,22.98,20.77,39.82,2
F24-3516,CIAT-21263,1,341.0,Genetic_bank,Sesbania rostrata,Shrub_Trees,92.58,13.36,86.64,25.01,15.32,40.69,2
F24-3517,CIAT-21514,1,343.0,Genetic_bank,Desmanthus virgatus,Shrub_Trees,93.55,9.91,90.08,23.25,15.23,55.95,2
F24-3518,CIAT-21565,1,345.0,Genetic_bank,Chamaecrista rotundifolia,Herbaceous_legumes,92.64,7.89,92.11,19.59,33.72,58.3,2
F24-3519,CIAT-21709,1,347.0,Genetic_bank,Crotalaria juncea,Herbaceous_legumes,92.16,16.8,83.2,25.97,23.18,43.06,2
F24-3520,CIAT-22286,1,349.0,Genetic_bank,Crotalaria micans,Herbaceous_legumes,93.58,10.4,89.6,25.3,24.48,43.59,2
F24-3521,CIAT-22475,1,351.0,Genetic_bank,Alysicarpus rugosus,Herbaceous_legumes,94.16,12.42,87.57,17.41,31.68,64.15,2
F24-3522,CIAT-22481,1,353.0,Genetic_bank,Sesbania cochinchinensis,Shrub_Trees,91.97,10.46,89.54,31.18,26.64,61.96,2
F24-3523,CIAT-22520,1,355.0,Genetic_bank,Arachis pusilla,Herbaceous_legumes,93.06,14.93,85.07,20.36,22.79,61.22,2
F24-3524,CIAT-22570,1,357.0,Genetic_bank,Desmanthus bicornutus,Shrub_Trees,92.67,8.46,91.54,32.64,19.87,64.71,2
F24-3525,CIAT-22594,1,359.0,Genetic_bank,Desmanthus pernambucanus,Shrub_Trees,94.58,8.87,91.13,27.26,23.96,58.58,2
F24-3526,CIAT-22754,1,361.0,Genetic_bank,Lablab purpureus,Herbaceous_legumes,91.68,12.14,87.86,30.03,24.88,51.34,2
F24-3527,CIAT-22915,1,363.0,Genetic_bank,Aeschynomene villosa,Herbaceous_legumes,92.06,7.92,92.07,27.06,34.54,64.51,2
F24-3528,CIAT-23259,1,365.0,Genetic_bank,Desmodium gangeticum,Shrub_Trees,92.86,12.96,87.04,23.04,24.96,56.45,2
F24-3529,CIAT-23339,1,367.0,Genetic_bank,Desmodium gangeticum,Shrub_Trees,93.7,15.0,85.0,22.09,14.57,55.68,2
F24-3530,CIAT-23761,1,369.0,Genetic_bank,Uraria picta,Herbaceous_legumes,95.0,13.68,86.32,18.09,26.64,61.9,2
F24-3531,CIAT-24360,1,371.0,Genetic_bank,Vigna umbellata,Herbaceous_legumes,92.73,17.22,82.78,23.17,28.73,53.68,2
F24-3532,CIAT-24466,1,373.0,Genetic_bank,Vigna umbellata,Herbaceous_legumes,92.86,19.77,80.23,22.39,20.0,37.53,2
F24-3533,CIAT-32246,1,375.0,Genetic_bank,Chamaecrista nictitans,Herbaceous_legumes,91.54,8.03,91.97,26.83,26.64,79.4,2
F24-3534,CIAT-32365,1,377.0,Genetic_bank,Desmanthus virgatus,Shrub_Trees,90.93,7.5,92.5,30.19,28.73,75.76,2
F24-3535,CIAT-32373,1,379.0,Genetic_bank,Desmanthus pubescens,Shrub_Trees,92.34,8.66,91.34,28.4,19.99,77.89,2
F24-3536,CIAT-32379,2,1.0,Genetic_bank,Desmanthus pubescens,Shrub_Trees,92.94,8.25,91.76,27.65,18.95,74.62,2
F24-3537,CIAT-32380,2,3.0,Genetic_bank,Desmanthus pubescens,Shrub_Trees,93.3,8.76,91.24,29.33,30.9,78.27,2
F24-3538,CIAT-33249,2,5.0,Genetic_bank,Desmodium velutinum,Shrub_Trees,93.13,9.68,90.32,16.48,42.75,79.24,2
F24-3539,CIAT-172,2,109.0,Genetic_bank,Stylosanthes hamata,Herbaceous_legumes,91.18,10.02,89.98,14.34,35.0,86.21,2
F24-3540,CIAT-1467,2,111.0,Genetic_bank,Stylosanthes hamata,Herbaceous_legumes,92.62,8.54,91.46,13.64,34.78,74.94,4
F24-3541,CIAT-1475,2,113.0,Genetic_bank,Stylosanthes hamata,Herbaceous_legumes,90.79,8.75,91.24,17.29,37.43,72.12,4
F24-3542,CIAT-1650,2,115.0,Genetic_bank,Stylosanthes guianensis,Herbaceous_legumes,91.92,12.67,87.33,15.65,34.65,103.48,2
F24-3543,CIAT-1706,2,117.0,Genetic_bank,Stylosanthes humilis,Herbaceous_legumes,92.7,14.73,85.27,19.4,31.88,99.59,2
F24-3544,CIAT-1727,2,119.0,Genetic_bank,Stylosanthes humilis,Herbaceous_legumes,92.12,13.82,86.18,18.76,34.12,101.34,2
F24-3545,CIAT-1803,2,121.0,Genetic_bank,Stylosanthes humilis,Herbaceous_legumes,91.86,8.67,91.33,17.76,34.2,77.62,2
F24-3546,CIAT-1964,2,123.0,Genetic_bank,Stylosanthes guianensis,Herbaceous_legumes,90.29,9.43,90.57,16.9,34.86,79.75,2
F24-3547,CIAT-2613,2,125.0,Genetic_bank,Stylosanthes guianensis,Herbaceous_legumes,91.94,13.26,86.74,12.31,37.2,76.95,2
F24-3548,CIAT-2783,3,153.0,Genetic_bank,Stylosanthes humilis,Herbaceous_legumes,89.75,10.11,89.89,4.07,31.3,49.65,2
F24-3549,CIAT-10440,3,155.0,Genetic_bank,Stylosanthes humilis,Herbaceous_legumes,90.24,11.91,88.09,17.78,31.37,51.77,2
F24-3550,CIAT-10613,3,157.0,Genetic_bank,Stylosanthes scabra,Herbaceous_legumes,92.84,7.89,92.11,19.44,46.21,59.51,2
F24-3551,CIAT-10627,3,159.0,Genetic_bank,Stylosanthes scabra,Herbaceous_legumes,93.39,13.71,86.29,15.96,39.59,57.5,2
F24-3552,CIAT-10634,3,161.0,Genetic_bank,Stylosanthes scabra,Herbaceous_legumes,93.02,10.56,89.44,11.83,33.59,56.99,2
F24-3553,CIAT-10639,3,163.0,Genetic_bank,Stylosanthes scabra,Herbaceous_legumes,93.2,11.08,88.92,15.74,35.04,53.94,2
F24-3554,CIAT-10725,3,165.0,Genetic_bank,Stylosanthes scabra,Herbaceous_legumes,92.39,11.55,88.45,15.72,41.09,58.81,2
F24-3555,CIAT-11199,3,167.0,Genetic_bank,Stylosanthes hamata,Herbaceous_legumes,91.82,8.77,91.23,15.0,36.3,58.28,2
F24-3556,CIAT-11215,3,169.0,Genetic_bank,Stylosanthes hamata,Herbaceous_legumes,92.9,10.52,89.48,14.8,27.87,52.53,2
F24-3557,CIAT-11220,3,171.0,Genetic_bank,Stylosanthes hamata,Herbaceous_legumes,91.88,8.42,91.58,18.31,26.31,56.95,2
F24-3558,CIAT-11232,3,173.0,Genetic_bank,Stylosanthes hamata,Herbaceous_legumes,91.23,7.32,92.68,17.37,34.64,54.2,2
F24-3559,CIAT-11313,3,175.0,Genetic_bank,Stylosanthes guianensis,Herbaceous_legumes,92.19,11.54,88.46,15.09,38.82,55.96,2
F24-3560,CIAT-11417,3,177.0,Genetic_bank,Stylosanthes guianensis,Herbaceous_legumes,91.5,12.06,87.94,14.94,41.48,57.23,2
F24-3561,CIAT-11624,3,179.0,Genetic_bank,Stylosanthes humilis,Herbaceous_legumes,92.04,12.04,87.96,12.26,33.73,54.88,2
F24-3562,CIAT-11690,3,181.0,Genetic_bank,Stylosanthes humilis,Herbaceous_legumes,90.68,12.89,87.11,15.62,33.51,54.33,2
F24-3563,CIAT-11762,3,183.0,Genetic_bank,Stylosanthes hamata,Herbaceous_legumes,90.71,8.06,91.94,16.73,39.8,58.73,2
F24-3564,CIAT-11778,3,185.0,Genetic_bank,Stylosanthes hamata,Herbaceous_legumes,92.06,8.58,91.42,15.95,26.27,54.21,2
F24-3565,CIAT-11784,3,187.0,Genetic_bank,Stylosanthes hamata,Herbaceous_legumes,92.3,8.64,91.36,16.99,35.91,59.39,2
F24-3566,CIAT-11820,3,189.0,Genetic_bank,Stylosanthes scabra,Herbaceous_legumes,91.81,11.13,88.87,16.9,31.38,52.89,2
F24-3567,CIAT-12042,3,191.0,Genetic_bank,Stylosanthes humilis,Herbaceous_legumes,91.35,15.08,84.92,18.06,31.39,53.81,2
F24-3568,CIAT-12115,3,239.0,Genetic_bank,Stylosanthes humilis,Herbaceous_legumes,92.48,8.91,91.09,15.32,34.71,55.55,2
F24-3569,CIAT-12140,3,241.0,Genetic_bank,Stylosanthes humilis,Herbaceous_legumes,91.57,11.22,88.78,19.39,28.23,54.15,2
F24-3570,CIAT-12184,3,243.0,Genetic_bank,Stylosanthes humilis,Herbaceous_legumes,92.54,10.37,89.63,15.38,25.67,48.49,2
F24-3571,CIAT-12202,3,245.0,Genetic_bank,Stylosanthes humilis,Herbaceous_legumes,92.63,10.68,89.32,18.22,24.08,48.06,2
F24-3572,CIAT-12311,3,247.0,Genetic_bank,Stylosanthes guianensis,Herbaceous_legumes,91.76,15.04,84.96,16.63,34.79,53.68,2
F24-3573,CIAT-12381,3,249.0,Genetic_bank,Stylosanthes hamata,Herbaceous_legumes,92.25,13.21,86.79,17.11,33.25,56.81,2
F24-3574,CIAT-12374,3,251.0,Genetic_bank,Stylosanthes hamata,Herbaceous_legumes,91.94,8.79,91.21,17.42,30.52,56.26,2
F24-3575,CIAT-12457,3,253.0,Genetic_bank,Stylosanthes hamata,Herbaceous_legumes,93.7,11.91,88.09,16.96,27.69,55.43,2
F24-3576,CIAT-12462,3,255.0,Genetic_bank,Stylosanthes hamata,Herbaceous_legumes,92.55,9.45,90.55,19.36,26.71,57.45,2
F24-3577,CIAT-12485,3,257.0,Genetic_bank,Stylosanthes scabra,Herbaceous_legumes,93.95,13.35,86.65,14.59,30.78,55.79,2
F24-3578,CIAT-12615,3,259.0,Genetic_bank,Stylosanthes guianensis,Herbaceous_legumes,89.76,10.4,89.6,14.07,35.32,53.46,2
F24-3579,CIAT-12686,3,261.0,Genetic_bank,Stylosanthes hamata,Herbaceous_legumes,90.96,10.25,89.75,16.0,34.52,48.94,2
F24-3580,CIAT-12710,3,263.0,Genetic_bank,Stylosanthes scabra,Herbaceous_legumes,91.72,11.21,88.79,11.5,38.43,58.38,2
F24-3581,CIAT-12758,3,265.0,Genetic_bank,Stylosanthes guianensis,Herbaceous_legumes,91.38,9.52,90.48,14.95,34.11,56.97,2
F24-3582,CIAT-BR-02-1752,1,51.0,Breeding,Urochloa interespecific,Grass,96.03,15.7,84.3,10.92,21.14,55.41,2
F24-3583,CIAT-BR-02-1794,1,53.0,Breeding,Urochloa interespecific,Grass,97.05,15.02,84.98,9.39,21.84,55.76,2
F24-3584,CIAT-BR-06-0423,1,55.0,Breeding,Urochloa interespecific,Grass,96.77,15.97,84.03,11.01,22.02,57.36,2
F24-3585,CIAT-BR-09-1232,1,57.0,Breeding,Urochloa interespecific,Grass,97.24,13.8,86.2,10.08,21.03,55.66,2
F24-3586,CIAT-BR-12-4951,1,59.0,Breeding,Urochloa interespecific,Grass,95.75,15.48,84.52,11.1,23.29,56.86,2
F24-3587,CIAT-BR-15-0722,1,61.0,Breeding,Urochloa interespecific,Grass,95.22,14.06,85.94,10.31,26.18,60.21,2
F24-3588,CIAT-BR-15-6487,1,63.0,Breeding,Urochloa interespecific,Grass,95.07,13.57,86.43,9.61,24.55,59.73,2
F24-3589,CIAT-BR-19-0029,1,65.0,Breeding,Urochloa interespecific,Grass,96.07,14.13,85.87,10.08,23.98,58.41,2
F24-3590,CIAT-BR-19-0423,1,67.0,Breeding,Urochloa interespecific,Grass,95.35,13.9,86.1,10.11,24.49,59.22,2
F24-3591,CIAT-CIAT-6962,1,69.0,Breeding,Megathyrsus maximus,Grass,95.73,14.25,85.75,8.59,32.14,67.62,2
F24-3592,CIAT-Mulato-II,1,71.0,Breeding,Urochloa interespecific,Grass,96.66,14.97,85.03,11.85,24.36,59.42,2
F24-3593,CIAT-PM-21-0215,1,73.0,Breeding,Megathyrsus maximus,Grass,96.02,15.05,84.95,9.73,29.91,65.24,2
F24-3594,CIAT-PM-21-0631,1,75.0,Breeding,Megathyrsus maximus,Grass,96.8,13.99,86.01,9.06,28.78,62.86,2
F24-3595,CIAT-PM-21-2195,1,77.0,Breeding,Megathyrsus maximus,Grass,96.76,14.14,85.86,8.72,30.92,68.05,2
F24-3596,CIAT-PM-21-3522,1,79.0,Breeding,Megathyrsus maximus,Grass,96.42,15.65,84.35,8.71,29.82,64.72,2
F24-3597,CIAT-PM-21-3534,1,81.0,Breeding,Megathyrsus maximus,Grass,96.5,15.56,84.44,9.0,30.92,67.23,2
F24-3598,CIAT-PM-21-3537,1,83.0,Breeding,Megathyrsus maximus,Grass,97.29,14.48,85.52,10.87,26.81,61.94,2
F24-3599,CIAT-PM-21-3545,1,85.0,Breeding,Megathyrsus maximus,Grass,97.12,14.78,85.22,8.41,30.0,65.74,2
F24-3600,CIAT-PM-21-3670,1,87.0,Breeding,Megathyrsus maximus,Grass,97.13,14.6,85.4,8.83,29.26,64.38,2
F24-3601,CIAT-PM-21-6628,1,89.0,Breeding,Megathyrsus maximus,Grass,95.22,14.1,85.9,9.98,29.83,64.96,2
F24-3602,CIAT-BH-08-1149,1,91.0,Breeding,Urochloa humidicola,Grass,94.43,13.32,86.68,7.53,28.61,68.73,2
F24-3603,CIAT-BH-16-0550,1,93.0,Breeding,Urochloa humidicola,Grass,94.11,11.52,88.48,6.43,30.15,69.16,2
F24-3604,CIAT-BH-16-0562,1,95.0,Breeding,Urochloa humidicola,Grass,95.17,11.17,88.83,5.94,30.47,69.59,2
F24-3605,CIAT-BH-16-3249,1,97.0,Breeding,Urochloa humidicola,Grass,95.82,12.04,87.96,6.65,28.86,69.65,2
F24-3606,CIAT-BH-16-B-0733,1,99.0,Breeding,Urochloa humidicola,Grass,96.31,12.64,87.36,8.1,29.36,68.83,2
F24-3607,CIAT-BH-16-B-0741,1,101.0,Breeding,Urochloa humidicola,Grass,96.67,14.23,85.77,7.5,28.14,65.68,2
F24-3608,CIAT-BH-16-B-1194,1,103.0,Breeding,Urochloa humidicola,Grass,96.74,11.91,88.09,5.47,29.54,67.77,2
F24-3609,CIAT-BH-16-B-1618,1,105.0,Breeding,Urochloa humidicola,Grass,97.16,13.98,86.02,8.13,28.05,66.39,2
F24-3610,CIAT-BH-16-B-1707,1,107.0,Breeding,Urochloa humidicola,Grass,96.95,10.52,89.48,5.97,26.74,68.59,2
F24-3611,CIAT-CIAT-16888,1,109.0,Breeding,Urochloa humidicola,Grass,96.78,11.69,88.31,6.11,30.81,70.0,2
F24-3612,CIAT-398,2,7.0,Genetic_bank,Desmodium incanum,Herbaceous_legumes,91.78,17.46,82.54,17.92,37.86,50.73,2
F24-3613,CIAT-438,2,9.0,Genetic_bank,Centrosema molle x acutifolium,Herbaceous_legumes,93.68,14.48,85.52,21.03,38.17,60.2,2
F24-3614,CIAT-442,2,11.0,Genetic_bank,Centrosema molle x acutifolium,Herbaceous_legumes,93.94,17.65,82.35,17.82,30.34,55.32,2
F24-3615,CIAT-466,2,13.0,Genetic_bank,Vigna umbellata,Herbaceous_legumes,92.76,18.26,81.74,16.36,18.73,45.1,2
F24-3616,CIAT-715,2,15.0,Genetic_bank,Canavalia ensiformis,Herbaceous_legumes,90.62,18.66,81.34,20.82,18.46,41.73,2
F24-3617,CIAT-887,2,17.0,Genetic_bank,Calopogonium mucunoides,Herbaceous_legumes,92.18,12.7,87.3,21.0,25.91,44.12,2
F24-3618,CIAT-923,2,19.0,Genetic_bank,Galactia latisiliqua,Herbaceous_legumes,92.82,15.71,84.3,18.23,16.14,46.7,2
F24-3619,CIAT-3813,2,21.0,Genetic_bank,Desmodium sequax,Herbaceous_legumes,93.1,13.82,86.18,17.62,46.86,54.96,2
F24-3620,CIAT-5512,2,23.0,Genetic_bank,Centrosema brasilianum,Herbaceous_legumes,92.27,9.81,90.19,22.16,28.68,46.39,2
F24-3621,CIAT-5568,2,25.0,Genetic_bank,Centrosema acutifolium,Herbaceous_legumes,91.58,11.85,88.15,17.29,39.06,58.44,2
F24-3622,CIAT-5657,2,27.0,Genetic_bank,Centrosema brasilianum,Herbaceous_legumes,91.84,10.66,89.34,21.64,30.82,54.0,2
F24-3623,CIAT-5744,2,29.0,Genetic_bank,Centrosema macrocarpum,Herbaceous_legumes,93.6,14.86,85.14,17.67,33.74,56.91,2
F24-3624,CIAT-7131,2,31.0,Genetic_bank,Eriosema diffusum,Herbaceous_legumes,92.21,7.09,92.91,16.02,49.78,61.86,2
F24-3625,CIAT-7318,2,33.0,Genetic_bank,Canavalia sp.,Herbaceous_legumes,92.41,17.32,82.68,17.71,20.9,41.26,2
F24-3626,CIAT-7395,2,35.0,Genetic_bank,Galactia striata,Herbaceous_legumes,91.72,16.66,83.34,13.71,20.78,47.98,2
F24-3627,CIAT-7648,2,37.0,Genetic_bank,Canavalia brasiliensis,Herbaceous_legumes,91.98,18.02,81.98,22.05,17.99,40.89,2
F24-3628,CIAT-7746,2,39.0,Genetic_bank,Crotalaria paulina,Herbaceous_legumes,92.06,22.45,77.55,14.81,21.01,43.06,2
F24-3629,CIAT-7813,2,41.0,Genetic_bank,Indigofera cryptantha,Herbaceous_legumes,90.14,12.32,87.68,26.44,20.9,30.7,2
F24-3630,CIAT-7831,2,43.0,Genetic_bank,Tephrosia rhodesica,Shrub_Trees,93.6,17.2,82.8,21.67,19.27,51.96,2
F24-3631,CIAT-7894,2,45.0,Genetic_bank,Canavalia brasiliensis,Herbaceous_legumes,93.35,21.76,78.24,21.16,19.12,40.92,2
F24-3632,CIAT-7991,2,47.0,Genetic_bank,Indigofera suffruticosa,Herbaceous_legumes,92.96,23.02,76.97,24.54,23.24,39.11,2
F24-3633,CIAT-8202,2,49.0,Genetic_bank,Chamaecrista rotundifolia,Herbaceous_legumes,92.66,17.52,82.48,24.37,22.99,45.97,2
F24-3634,CIAT-9189,2,51.0,Genetic_bank,Indigofera suffruticosa,Herbaceous_legumes,92.22,24.08,75.91,29.1,20.19,39.4,2
F24-3635,CIAT-9434,2,53.0,Genetic_bank,Clitoria ternatea,Herbaceous_legumes,90.76,16.82,83.18,25.12,17.44,47.68,2
F24-3636,CIAT-11162,2,55.0,Genetic_bank,Stylosanthes scabra,Herbaceous_legumes,91.46,22.3,77.69,17.11,23.0,51.4,2
F24-3637,CIAT-13301,2,57.0,Genetic_bank,Desmodium sequax,Herbaceous_legumes,92.57,20.83,79.17,19.83,51.0,58.71,2
F24-3638,CIAT-15401,2,59.0,Genetic_bank,Centrosema brasilianum,Herbaceous_legumes,93.22,17.65,82.35,17.11,28.58,49.64,2
F24-3639,CIAT-17360,2,67.0,Genetic_bank,Alysicarpus vaginalis,Herbaceous_legumes,92.85,21.71,78.29,24.55,20.16,37.06,2
F24-3640,CIAT-17768,2,69.0,Genetic_bank,Clitoria ternatea,Herbaceous_legumes,93.48,6.89,93.11,15.45,12.14,48.08,2
F24-3641,CIAT-18004,2,71.0,Genetic_bank,Chamaecrista rotundifolia,Herbaceous_legumes,92.94,6.78,93.22,15.74,14.9,45.46,2
F24-3642,CIAT-18430,2,73.0,Genetic_bank,Alysicarpus vaginalis,Herbaceous_legumes,92.65,12.1,87.9,24.28,21.54,40.06,2
F24-3644,CIAT-18708,2,75.0,Genetic_bank,Crotalaria pallida,Herbaceous_legumes,92.86,10.77,89.22,23.89,18.17,42.86,2
F24-3645,CIAT-18850,2,77.0,Genetic_bank,Alysicarpus rugosus,Herbaceous_legumes,93.94,14.28,85.72,23.09,20.43,40.56,2
F24-3646,CIAT-18865,2,79.0,Genetic_bank,Alysicarpus rugosus,Herbaceous_legumes,93.43,13.54,86.46,18.24,23.38,41.27,2
F24-3647,CIAT-19032,2,81.0,Genetic_bank,Canavalia sp.,Herbaceous_legumes,92.42,14.73,85.28,23.96,17.66,39.85,2
F24-3648,CIAT-19119,2,83.0,Genetic_bank,Alysicarpus rugosus,Herbaceous_legumes,92.5,23.76,76.24,20.28,22.2,41.36,2
F24-3650,CIAT-20303,2,85.0,Genetic_bank,Canavalia brasiliensis,Herbaceous_legumes,88.98,16.2,83.8,21.53,12.76,33.06,2
F24-3651,CIAT-20589,2,87.0,Genetic_bank,Uraria lagopodioides,Herbaceous_legumes,92.04,21.08,78.93,20.68,21.06,38.55,2
F24-3652,CIAT-21687,2,89.0,Genetic_bank,Desmanthus virgatus,Shrub_Trees,91.86,8.54,91.46,28.43,32.71,47.95,2
F24-3653,CIAT-22048,2,91.0,Genetic_bank,Aeschynomene americana,Herbaceous_legumes,89.4,10.14,89.85,21.74,16.05,41.36,2
F24-3654,CIAT-22156,2,93.0,Genetic_bank,Arachis pintoi,Herbaceous_legumes,89.7,10.45,89.55,20.83,24.72,41.79,2
F24-3655,CIAT-22507,2,95.0,Genetic_bank,Desmanthus subulatus,Shrub_Trees,89.94,9.48,90.52,29.9,32.22,43.71,2
F24-3656,CIAT-22510,2,97.0,Genetic_bank,Desmanthus bicornutus,Shrub_Trees,87.95,10.54,89.46,25.93,36.07,42.87,2
F24-3657,CIAT-22598,2,99.0,Genetic_bank,Lablab purpureus,Herbaceous_legumes,88.94,12.58,87.42,31.13,28.04,45.42,2
F24-3658,CIAT-22784,2,101.0,Genetic_bank,Desmanthus bicornutus,Shrub_Trees,92.62,10.43,89.57,30.03,30.63,41.66,2
F24-3659,CIAT-25113,2,103.0,Genetic_bank,Centrosema brasilianum,Herbaceous_legumes,91.8,11.89,88.11,22.96,29.7,53.7,2
F24-3660,CIAT-33114,2,105.0,Genetic_bank,Dendrolobium sp.,Shrub_Trees,91.53,13.54,86.46,18.81,40.5,55.0,2
F24-3662,CIAT-43477,2,107.0,Genetic_bank,Desmodium cinereum,Shrub_Trees,91.15,13.83,86.17,24.66,17.46,38.35,2
F25-0008,Sample-8,2,331.0,LMF,Cynodon nlemfuensis ,Grass,93.69,11.41,88.59,0.76,2.2,22.12,172
F25-0017,Hohenheimer-Heustandard,2,61.0,LMF,Hohenheimer Heustandard,Forage,91.33,10.06,89.94,0.55,0.0,0.0,146
F25-0018,Homenheim-Concentrate,2,63.0,LMF,Homenheim Concentrate,Concentrate,89.69,6.04,93.96,0.0,0.0,0.0,162
F25-0929,CIAT-15474,2,197.0,Genetic_bank,Centrosema molle,Herbaceous_legumes,92.3,9.16,90.84,30.58,34.16,56.03,2
F25-0930,CIAT-15470,2,199.0,Genetic_bank,Centrosema molle,Herbaceous_legumes,94.26,9.21,90.79,24.65,32.1,58.39,2
F25-0931,CIAT-13268,2,201.0,Genetic_bank,Tadehagi triquetrum,Herbaceous_legumes,94.21,7.54,92.46,14.85,42.8,50.67,2
F25-0932,CIAT-22768,2,203.0,Genetic_bank,Lablab purpureus,Herbaceous_legumes,94.18,8.72,91.28,23.69,23.94,49.53,2
F25-0933,CIAT-22770,2,205.0,Genetic_bank,Lablab purpureus,Herbaceous_legumes,93.29,7.62,92.38,21.39,21.71,40.34,2
F25-0934,CIAT-18701,2,207.0,Genetic_bank,Cajanus cajan,Shrub_Trees,94.79,7.06,92.94,23.9,48.14,60.12,2
F25-0935,CIAT-20891,2,209.0,Genetic_bank,Cajanus cajan,Shrub_Trees,95.25,8.19,91.81,20.08,43.44,53.83,2
F25-0936,CIAT-5172,2,211.0,Genetic_bank,Centrosema molle,Herbaceous_legumes,93.66,10.84,89.16,26.38,37.64,61.88,2
F25-0937,CIAT-5452,2,213.0,Genetic_bank,Centrosema macrocarpum,Herbaceous_legumes,94.72,16.57,83.43,15.2,33.25,50.51,2
F25-0938,CIAT-5733,2,215.0,Genetic_bank,Centrosema macrocarpum,Herbaceous_legumes,95.24,12.32,87.68,15.96,30.02,47.8,2
F25-0939,CIAT-5735,2,217.0,Genetic_bank,Centrosema macrocarpum,Herbaceous_legumes,94.0,8.92,91.08,26.53,30.74,50.72,2
F25-0940,CIAT-5749,2,219.0,Genetic_bank,Centrosema plumieri,Herbaceous_legumes,93.08,8.7,91.3,21.84,26.07,61.28,2
F25-0941,CIAT-5911,2,221.0,Genetic_bank,Centrosema macrocarpum,Herbaceous_legumes,95.34,11.54,88.46,15.5,30.38,53.06,2
F25-0942,CIAT-13692,2,223.0,Genetic_bank,Desmodium velutinum,Shrub_Trees,94.92,10.58,89.42,18.55,32.17,55.22,2
F25-0943,CIAT-15121,2,225.0,Genetic_bank,Centrosema macrocarpum,Herbaceous_legumes,93.92,11.18,88.82,19.77,30.28,50.42,2
F25-0944,CIAT-15150,2,227.0,Genetic_bank,Centrosema molle,Herbaceous_legumes,93.1,8.72,91.28,20.03,28.83,62.44,2
F25-0945,CIAT-15154,2,229.0,Genetic_bank,Centrosema molle,Herbaceous_legumes,94.36,7.93,92.07,26.23,33.34,65.84,2
F25-0946,CIAT-15561,2,231.0,Genetic_bank,Centrosema molle,Herbaceous_legumes,92.51,9.54,90.46,25.06,39.02,70.84,2
F25-0947,CIAT-15799,2,233.0,Genetic_bank,Centrosema macrocarpum,Herbaceous_legumes,92.82,19.53,80.47,17.46,31.86,59.55,2
F25-0948,CIAT-15816,2,235.0,Genetic_bank,Centrosema acutifolium,Herbaceous_legumes,95.74,10.18,89.82,20.6,27.52,51.4,2
F25-0949,CIAT-20304,2,237.0,Genetic_bank,Canavalia brasiliensis,Herbaceous_legumes,94.54,12.08,87.92,22.84,20.76,47.58,2
F25-0950,CIAT-21603,2,239.0,Genetic_bank,Lablab purpureus,Herbaceous_legumes,94.28,8.46,91.54,18.15,20.07,52.44,2
F25-0951,CIAT-23248,2,241.0,Genetic_bank,Desmodium velutinum,Shrub_Trees,94.94,10.48,89.52,18.85,22.8,42.05,2
F25-0952,CIAT-23271,2,243.0,Genetic_bank,Desmodium velutinum,Shrub_Trees,95.06,13.78,86.22,17.34,21.92,45.84,2
F25-0953,CIAT-23279,2,245.0,Genetic_bank,Desmodium velutinum,Shrub_Trees,93.49,10.63,89.37,19.89,22.24,45.64,2
F25-0954,CIAT-23326,2,247.0,Genetic_bank,Desmodium velutinum,Shrub_Trees,95.84,15.05,84.95,18.11,23.0,40.0,4
F25-0955,CIAT-33255,2,249.0,Genetic_bank,Desmodium velutinum,Shrub_Trees,94.96,13.77,86.23,18.56,25.18,45.4,2
F25-0956,CIAT-33428,2,251.0,Genetic_bank,Desmodium velutinum,Shrub_Trees,96.18,9.49,90.5,17.04,34.06,50.62,2
F25-0957,CIAT-33451,2,253.0,Genetic_bank,Desmodium velutinum,Shrub_Trees,96.0,7.8,92.2,14.71,34.35,45.9,2
F25-0958,CIAT-33463,2,255.0,Genetic_bank,Desmodium velutinum,Shrub_Trees,96.22,15.16,84.84,16.13,23.84,39.72,2
F25-0959,CIAT-350,2,263.0,Genetic_bank,Desmodium heterocarpon,Herbaceous_legumes,94.34,8.73,91.27,14.87,40.83,51.36,2
F25-0960,CIAT-3187,2,265.0,Genetic_bank,Desmodium cajanifolium,Shrub_Trees,94.04,11.9,88.1,20.67,22.2,35.94,2
F25-0961,CIAT-4028,2,267.0,Genetic_bank,Galactia glaucescens,Herbaceous_legumes,94.52,11.85,88.15,12.55,46.68,65.42,2
F25-0962,CIAT-5277,2,269.0,Genetic_bank,Centrosema acutifolium,Herbaceous_legumes,91.43,7.55,92.45,19.78,31.58,61.88,2
F25-0963,CIAT-7227,2,271.0,Genetic_bank,Galactia texana,Herbaceous_legumes,93.04,16.05,83.96,12.52,26.88,41.77,2
F25-0964,CIAT-8013,2,273.0,Genetic_bank,Crotalaria paulina,Herbaceous_legumes,93.74,10.6,89.4,22.95,17.85,61.05,2
F25-0965,CIAT-8156,2,275.0,Genetic_bank,Chamaecrista rotundifolia,Herbaceous_legumes,94.11,9.97,90.03,24.22,33.74,58.74,2
F25-0966,CIAT-9323,2,277.0,Genetic_bank,Crotalaria vitellina,Herbaceous_legumes,92.4,6.06,93.94,25.36,17.48,45.44,2
F25-0967,CIAT-9537,2,279.0,Genetic_bank,Crotalaria sagittalis,Herbaceous_legumes,91.78,13.02,86.98,22.86,19.84,50.48,2
F25-0968,CIAT-9690,2,281.0,Genetic_bank,Aeschynomene histrix,Herbaceous_legumes,93.78,11.43,88.56,20.22,17.6,49.99,2
F25-0969,CIAT-9900,2,283.0,Genetic_bank,Pueraria phaseoloides,Herbaceous_legumes,92.79,10.57,89.43,18.92,32.74,55.46,2
F25-0970,CIAT-11998,2,285.0,Genetic_bank,Stylosanthes guianensis,Herbaceous_legumes,94.6,12.78,87.22,14.22,33.38,63.5,2
F25-0971,CIAT-13149,2,287.0,Genetic_bank,Desmodium strigillosum,Herbaceous_legumes,93.78,8.18,91.82,13.45,35.33,49.68,4
F25-0972,CIAT-13389,2,289.0,Genetic_bank,Desmodium sequax,Herbaceous_legumes,93.82,8.25,91.76,14.94,48.34,57.13,2
F25-0973,CIAT-13651,2,291.0,Genetic_bank,Desmodium heterocarpon,Herbaceous_legumes,95.04,9.16,90.84,16.15,38.99,55.6,2
F25-0974,CIAT-13946,2,293.0,Genetic_bank,Desmodium sequax,Herbaceous_legumes,93.82,6.8,93.2,14.37,53.08,60.83,4
F25-0975,CIAT-15160,2,295.0,Genetic_bank,Centrosema molle,Herbaceous_legumes,94.54,10.0,90.0,21.46,35.17,61.86,2
F25-0976,CIAT-17000,2,297.0,Genetic_bank,Chamaecrista rotundifolia,Herbaceous_legumes,94.58,7.84,92.16,17.38,24.2,48.8,2
F25-0977,CIAT-17009,2,299.0,Genetic_bank,Canavalia brasiliensis,Herbaceous_legumes,94.78,11.77,88.23,22.97,15.64,39.88,2
F25-0978,CIAT-18700,2,301.0,Genetic_bank,Cajanus cajan,Shrub_Trees,93.9,7.36,92.64,22.88,42.28,54.12,2
F25-0979,CIAT-18873,2,303.0,Genetic_bank,Alysicarpus ferrugineus,Herbaceous_legumes,95.02,9.34,90.66,15.36,34.52,51.78,2
F25-0980,CIAT-19867,2,305.0,Genetic_bank,Uraria lagopodioides,Herbaceous_legumes,95.9,15.46,84.54,19.32,25.83,44.28,4
F25-0981,CIAT-20207,2,307.0,Genetic_bank,Aeschynomene sensitiva,Herbaceous_legumes,90.74,5.98,94.02,21.92,25.34,52.9,2
F25-0982,CIAT-20709,2,309.0,Genetic_bank,Calopogonium mucunoides,Herbaceous_legumes,93.94,9.01,90.99,16.64,33.13,48.82,2
F25-0983,CIAT-18437,2,311.0,Genetic_bank,Flemingia macrophylla,Shrub_Trees,95.67,4.88,95.12,17.19,47.66,65.07,2
F25-0984,CIAT-25522,2,313.0,Genetic_bank,Centrosema macrocarpum,Herbaceous_legumes,95.3,9.9,90.1,20.98,28.86,50.65,2
F25-0985,CIAT-25704,2,315.0,Genetic_bank,Centrosema molle x acutifolium,Herbaceous_legumes,95.74,7.2,92.8,24.11,32.58,58.64,2
F25-0986,CIAT-33729,2,317.0,Genetic_bank,Desmodium cinereum,Shrub_Trees,94.15,15.73,84.27,19.2,22.88,40.07,2
F25-0987,CIAT-33827,2,319.0,Genetic_bank,Desmodium incanum,Herbaceous_legumes,93.88,15.54,84.46,16.09,40.08,49.1,2
F25-0988,CIAT-8512,2,321.0,Genetic_bank,Calopogonium caeruleum,Herbaceous_legumes,92.94,10.36,89.64,22.41,30.93,50.42,2
F25-0989,CIAT-11833,2,323.0,Genetic_bank,Stylosanthes guianensis,Herbaceous_legumes,94.97,9.91,90.08,13.53,41.13,65.0,2
F25-0990,CIAT-PM-21-0053,1,261.0,Breeding,Megathyrsus maximus,Grass,95.8,11.41,88.59,14.92,32.66,67.93,2
F25-0991,CIAT-PM-21-3550,1,263.0,Breeding,Megathyrsus maximus,Grass,96.68,14.27,85.73,14.64,30.14,69.18,2
F25-0992,CIAT-PM-21-3595,1,265.0,Breeding,Megathyrsus maximus,Grass,95.88,16.61,83.39,14.26,30.86,68.73,2
F25-0993,CIAT-PM-21-0086,1,267.0,Breeding,Megathyrsus maximus,Grass,97.47,15.36,84.64,14.81,31.02,67.38,2
F25-0994,CIAT-CIAT-16048,1,269.0,Breeding,Megathyrsus maximus,Grass,97.56,15.28,84.72,17.34,32.0,67.1,2
F25-0995,CIAT-PM-21-0185,1,271.0,Breeding,Megathyrsus maximus,Grass,96.49,13.88,86.12,16.73,27.9,66.83,2
F25-0996,CIAT-PM-21-0215,1,273.0,Breeding,Megathyrsus maximus,Grass,95.59,13.71,86.29,15.16,30.25,67.23,2
F25-0997,CIAT-CIAT-16051,1,275.0,Breeding,Megathyrsus maximus,Grass,96.15,13.98,86.02,14.91,31.61,68.22,2
F25-0998,CIAT-PM-21-6080,1,277.0,Breeding,Megathyrsus maximus,Grass,96.35,15.44,84.56,18.29,31.99,67.47,2
F25-0999,CIAT-PM-21-3684,1,279.0,Breeding,Megathyrsus maximus,Grass,97.38,13.46,86.54,14.78,30.39,70.03,2
F25-1000,CIAT-PM-21-0076,1,281.0,Breeding,Megathyrsus maximus,Grass,94.91,15.42,84.58,16.15,32.19,67.6,2
F25-1001,CIAT-CIAT-6890,1,283.0,Breeding,Megathyrsus maximus,Grass,96.17,12.32,87.68,15.87,34.27,71.39,2
F25-1002,CIAT-PM-21-6638,1,285.0,Breeding,Megathyrsus maximus,Grass,95.67,16.65,83.35,14.24,34.54,67.34,2
F25-1003,CIAT-PM-21-0052,1,287.0,Breeding,Megathyrsus maximus,Grass,95.44,14.13,85.87,15.41,31.81,65.13,2
F25-1004,CIAT-PM-21-4449,1,289.0,Breeding,Megathyrsus maximus,Grass,96.14,12.8,87.2,14.54,32.67,70.18,2
F25-1005,CIAT-CIAT-6799,1,291.0,Breeding,Megathyrsus maximus,Grass,96.01,12.66,87.34,13.54,33.7,71.55,2
F25-1006,CIAT-PM-21-0055,1,293.0,Breeding,Megathyrsus maximus,Grass,96.3,13.33,86.67,16.48,31.62,65.68,2
F25-1007,CIAT-PM-21-6529,1,295.0,Breeding,Megathyrsus maximus,Grass,96.56,14.92,85.08,12.68,30.15,68.18,2
F25-1008,CIAT-PM-21-0047,1,297.0,Breeding,Megathyrsus maximus,Grass,96.13,14.93,85.07,14.15,32.29,65.85,2
F25-1009,CIAT-PM-21-2195,1,299.0,Breeding,Megathyrsus maximus,Grass,97.0,14.0,86.0,15.49,30.71,67.21,2
F25-1010,CIAT-PM-21-2627,1,301.0,Breeding,Megathyrsus maximus,Grass,97.37,14.9,85.1,17.29,33.54,65.79,2
F25-1011,CIAT-PM-21-0059,1,303.0,Breeding,Megathyrsus maximus,Grass,97.53,14.03,85.97,16.71,31.7,65.46,2
F25-1012,CIAT-PM-21-3522,1,305.0,Breeding,Megathyrsus maximus,Grass,97.18,14.6,85.4,13.12,24.9,66.47,2
F25-1013,CIAT-PM-21-0062,1,307.0,Breeding,Megathyrsus maximus,Grass,98.12,15.74,84.26,13.47,24.42,67.94,2
F25-1014,CIAT-PM-21-0906,1,309.0,Breeding,Megathyrsus maximus,Grass,97.41,15.32,84.68,14.67,19.5,67.2,2
F25-1651,CIAT-798,2,429.0,Genetic_bank,Galactia striata,Herbaceous_legumes,92.61,11.1,88.9,17.15,24.95,56.89,4
F25-1652,CIAT-822,2,431.0,Genetic_bank,Calopogonium mucunoides,Herbaceous_legumes,94.05,6.64,93.36,17.01,26.72,46.8,4
F25-1653,CIAT-852,2,433.0,Genetic_bank,Dioclea sericea,Herbaceous_legumes,93.77,9.56,90.44,14.73,45.62,63.41,4
F25-1654,CIAT-907,2,435.0,Genetic_bank,Dioclea virgata,Herbaceous_legumes,92.97,9.28,90.72,16.71,33.35,61.77,4
F25-1655,CIAT-1992,2,437.0,Genetic_bank,Stylosanthes guianensis,Herbaceous_legumes,92.47,8.32,91.68,19.95,38.55,60.22,4
F25-1656,CIAT-3001,2,439.0,Genetic_bank,Codariocalyx gyroides,Shrub_Trees,94.5,6.97,93.03,15.82,40.09,57.84,4
F25-1657,CIAT-3304,2,441.0,Genetic_bank,Desmodium cajanifolium,Shrub_Trees,94.91,8.2,91.8,20.82,24.97,46.61,4
F25-1658,CIAT-5713,2,443.0,Genetic_bank,Centrosema macrocarpum,Herbaceous_legumes,94.64,9.34,90.66,15.88,24.61,45.9,4
F25-1659,CIAT-7381,2,445.0,Genetic_bank,Galactia glaucescens,Herbaceous_legumes,94.47,12.77,87.23,13.58,46.86,68.34,4
F25-1660,CIAT-7799,2,447.0,Genetic_bank,Dioclea guianensis,Herbaceous_legumes,93.46,7.77,92.23,20.38,52.92,65.25,4
F25-1661,CIAT-7803,2,449.0,Genetic_bank,Dioclea holtiana,Herbaceous_legumes,94.24,11.45,88.55,20.31,41.02,58.24,4
F25-1662,CIAT-8182,2,451.0,Genetic_bank,Eriosema diffusum,Herbaceous_legumes,93.32,7.32,92.68,13.83,46.99,63.36,4
F25-1663,CIAT-8434,2,453.0,Genetic_bank,Dioclea sericea,Herbaceous_legumes,93.52,8.37,91.63,18.05,46.47,62.41,4
F25-1664,CIAT-8702,2,455.0,Genetic_bank,Calopogonium caeruleum,Herbaceous_legumes,93.01,8.68,91.32,23.92,31.39,50.99,4
F25-1665,CIAT-8816,2,457.0,Genetic_bank,Crotalaria micans,Herbaceous_legumes,93.45,9.29,90.71,25.38,21.11,41.72,4
F25-1666,CIAT-8826,3,43.0,Genetic_bank,Zapoteca formosa,Shrub_Trees,93.71,9.52,90.48,17.79,11.19,38.62,2
F25-1667,CIAT-9578,3,45.0,Genetic_bank,Dioclea sericea,Herbaceous_legumes,95.08,7.25,92.75,14.7,50.08,63.43,8
F25-1668,CIAT-9740,3,47.0,Genetic_bank,Chamaecrista desvauxii,Herbaceous_legumes,95.38,8.27,91.73,17.12,37.57,53.43,2
F25-1669,CIAT-9934,3,49.0,Genetic_bank,Aeschynomene americana,Herbaceous_legumes,93.8,7.86,92.14,18.35,23.99,61.14,2
F25-1670,CIAT-13158,3,69.0,Genetic_bank,Desmodium strigillosum,Herbaceous_legumes,93.52,7.32,92.68,16.53,38.17,50.29,2
F25-1671,CIAT-13329,3,71.0,Genetic_bank,Desmodium cajanifolium,Shrub_Trees,94.17,11.52,88.48,20.28,25.93,52.31,2
F25-1672,CIAT-13387,3,73.0,Genetic_bank,Desmodium sequax,Shrub_Trees,92.58,5.23,94.77,18.43,57.23,63.92,2
F25-1673,CIAT-13547,3,75.0,Genetic_bank,Codariocalyx gyroides,Shrub_Trees,94.81,7.61,92.39,17.24,42.42,58.27,2
F25-1674,CIAT-13953,3,77.0,Genetic_bank,Desmodium velutinum,Shrub_Trees,92.94,10.14,89.86,22.14,28.43,44.47,2
F25-1675,CIAT-15086,3,79.0,Genetic_bank,Centrosema acutifolium,Herbaceous_legumes,95.1,6.67,93.33,25.43,27.19,56.25,2
F25-1676,CIAT-17403,3,81.0,Genetic_bank,Flemingia macrophylla,Shrub_Trees,93.95,6.1,93.9,18.39,51.91,64.19,2
F25-1677,CIAT-17519,3,83.0,Genetic_bank,Mimosa somnians,Herbaceous_legumes,94.5,8.75,91.25,17.65,25.56,46.21,2
F25-1678,CIAT-17896,3,85.0,Genetic_bank,Chamaecrista desvauxii,Herbaceous_legumes,94.71,6.33,93.67,15.64,40.33,51.74,2
F25-1679,CIAT-18123,3,87.0,Genetic_bank,Dioclea virgata,Herbaceous_legumes,94.61,8.31,91.69,15.0,40.99,62.79,2
F25-1680,CIAT-18126,3,89.0,Genetic_bank,Dioclea virgata,Herbaceous_legumes,92.8,10.3,89.7,18.02,40.49,56.41,2
F25-1681,CIAT-18127,3,91.0,Genetic_bank,Dioclea virgata,Herbaceous_legumes,94.19,9.2,90.8,17.34,37.77,54.54,2
F25-1682,CIAT-18668,3,93.0,Genetic_bank,Cratylia argentea,Shrub_Trees,94.11,12.82,87.18,21.26,28.0,50.11,2
F25-1683,CIAT-19228,3,95.0,Genetic_bank,Eriosema psoraleoides,Herbaceous_legumes,93.69,9.42,90.58,17.93,47.97,62.31,2
F25-1684,CIAT-19537,3,97.0,Genetic_bank,Crotalaria verrucosa,Herbaceous_legumes,93.5,9.04,90.96,28.32,24.02,44.46,2
F25-1685,CIAT-20208,3,99.0,Genetic_bank,Aeschynomene sensitiva,Herbaceous_legumes,95.46,7.87,92.13,19.0,25.38,59.64,2
F25-1686,CIAT-20345,3,101.0,Genetic_bank,Pachyrhizus erosus,Herbaceous_legumes,93.72,10.63,89.37,17.94,22.48,38.5,2
F25-1687,CIAT-20927,3,103.0,Genetic_bank,Mimosa albida,Herbaceous_legumes,93.68,8.62,91.38,13.93,41.22,59.01,2
F25-1688,CIAT-21849,3,105.0,Genetic_bank,Chamaecrista desvauxii,Herbaceous_legumes,94.9,5.92,94.08,17.51,43.79,58.23,2
F25-1689,CIAT-22072,3,107.0,Genetic_bank,Bauhinia sp.,Shrub_Trees,93.61,7.78,92.22,26.74,29.97,45.1,2
F25-1690,CIAT-22409,3,109.0,Genetic_bank,Cratylia argentea,Shrub_Trees,92.93,11.38,88.62,19.09,30.48,55.9,2
F25-1691,CIAT-22692,3,111.0,Genetic_bank,Lablab purpureus,Herbaceous_legumes,92.27,7.39,92.61,25.3,24.26,42.74,2
F25-1692,CIAT-23715,3,113.0,Genetic_bank,Desmodium sequax,Shrub_Trees,93.79,5.22,94.78,16.81,59.14,65.42,4
F25-1693,CIAT-23746,3,115.0,Genetic_bank,Codariocalyx gyroides,Shrub_Trees,93.84,6.88,93.12,18.88,40.5,56.6,2
F25-1694,CIAT-23985,3,117.0,Genetic_bank,Desmodium velutinum,Shrub_Trees,95.17,12.04,87.96,18.34,24.87,39.7,2
F25-1695,CIAT-32265,3,119.0,Genetic_bank,Chamaecrista diphylla,Herbaceous_legumes,95.81,8.04,91.96,17.04,37.98,53.26,2
F25-1696,CIAT-33070,3,121.0,Genetic_bank,Desmodium oblongum,Shrub_Trees,96.0,10.02,89.98,16.09,39.34,54.18,2
F25-1697,CIAT-33079,3,123.0,Genetic_bank,Desmodium oblongum,Shrub_Trees,95.66,10.51,89.49,18.27,28.9,45.96,2
F25-1698,CIAT-33131,3,125.0,Genetic_bank,Codariocalyx gyroides,Shrub_Trees,94.84,6.9,93.1,17.67,41.11,56.05,2
F25-1699,CIAT-33195,3,127.0,Genetic_bank,Dalea carthagenensis,Herbaceous_legumes,95.71,6.44,93.56,16.47,23.48,43.58,2
F25-1700,CIAT-43055,3,129.0,Genetic_bank,Desmodium discolor,Herbaceous_legumes,94.82,9.02,90.98,28.02,22.45,43.07,2
F25-1701,CIAT-BR-12-1362,2,133.0,Breeding,Urochloa interespecific,Grass,92.46,14.02,85.98,16.89,28.12,57.62,2
F25-1702,CIAT-BR-12-2462,2,135.0,Breeding,Urochloa interespecific,Grass,95.72,15.58,84.42,12.21,34.75,58.72,2
F25-1703,CIAT-BR-12-3868,2,137.0,Breeding,Urochloa interespecific,Grass,94.15,19.08,80.92,16.3,28.24,54.33,2
F25-1704,CIAT-BR-15-2558,2,139.0,Breeding,Urochloa interespecific,Grass,93.24,14.12,85.88,15.0,26.56,57.46,2
F25-1705,CIAT-BR-15-2811,2,141.0,Breeding,Urochloa interespecific,Grass,93.62,16.26,83.74,15.86,29.12,55.78,2
F25-1706,CIAT-BR-15-2891,2,143.0,Breeding,Urochloa interespecific,Grass,93.76,14.84,85.16,15.5,29.38,58.9,2
F25-1707,CIAT-BR-19-1343,2,145.0,Breeding,Urochloa interespecific,Grass,94.1,14.51,85.49,16.19,29.84,58.92,2
F25-1708,CIAT-CIAT-26110,2,147.0,Breeding,Urochloa interespecific,Grass,93.89,11.93,88.07,12.76,33.24,65.67,2
F25-1709,CIAT-CIAT-26646,2,149.0,Breeding,Urochloa interespecific,Grass,93.56,13.18,86.82,14.14,29.08,60.64,2
F25-1710,CIAT-CIAT-6297,2,151.0,Breeding,Urochloa interespecific,Grass,95.1,13.01,86.99,14.86,29.88,61.91,2
F25-1711,CIAT-BR-12-4400,2,153.0,Breeding,Urochloa interespecific,Grass,93.93,15.3,84.7,14.38,28.07,57.48,2
F25-1712,CIAT-BR-15-3434,2,155.0,Breeding,Urochloa interespecific,Grass,94.62,14.2,85.8,15.08,28.26,56.12,2
F25-1713,CIAT-BR-15-3811,2,157.0,Breeding,Urochloa interespecific,Grass,96.3,14.72,85.28,15.49,26.74,58.32,2
F25-1714,CIAT-BR-15-6547,2,159.0,Breeding,Urochloa interespecific,Grass,94.74,15.54,84.46,15.81,27.02,58.24,2
F25-1715,CIAT-BR-15-7121,2,161.0,Breeding,Urochloa interespecific,Grass,94.82,15.2,84.8,17.04,26.45,56.48,2
F25-1716,CIAT-BR-15-8887,2,163.0,Breeding,Urochloa interespecific,Grass,94.77,12.99,87.01,14.76,27.6,59.44,2
F25-1717,CIAT-BR-19-4678,2,165.0,Breeding,Urochloa interespecific,Grass,92.76,15.1,84.9,15.2,27.94,53.89,2
F25-1718,CIAT-BR-19-5029,2,167.0,Breeding,Urochloa interespecific,Grass,95.62,15.34,84.66,15.06,27.74,59.08,2
F25-1719,CIAT-BR-19-5357,2,169.0,Breeding,Urochloa interespecific,Grass,94.56,15.44,84.56,15.75,28.56,58.4,2
F25-1720,CIAT-BR-19-5381,2,171.0,Breeding,Urochloa interespecific,Grass,94.58,14.1,85.9,14.96,30.84,62.0,2
F25-1721,CIAT-BR-02-0465,2,173.0,Breeding,Urochloa interespecific,Grass,96.88,13.78,86.22,13.86,32.8,65.62,2
F25-1722,CIAT-BR-04-3025,2,175.0,Breeding,Urochloa interespecific,Grass,95.84,11.31,88.69,12.25,32.72,67.42,2
F25-1723,CIAT-BR-05-1435,2,177.0,Breeding,Urochloa interespecific,Grass,96.06,14.7,85.29,16.1,30.82,63.96,2
F25-1724,CIAT-BR-09-3660,2,179.0,Breeding,Urochloa interespecific,Grass,96.24,13.64,86.36,12.77,29.05,61.25,2
F25-1725,CIAT-BR-19-1264,2,181.0,Breeding,Urochloa interespecific,Grass,96.3,15.61,84.39,18.56,25.08,56.3,2
F25-1726,CIAT-BR-19-5217,2,183.0,Breeding,Urochloa interespecific,Grass,96.2,14.22,85.78,13.46,28.8,60.7,2
F25-1727,CIAT-CIAT-26124,2,185.0,Breeding,Urochloa interespecific,Grass,96.03,12.82,87.18,14.6,31.6,64.88,2
F25-1728,CIAT-13262,4,1.0,Genetic_bank,Dendrolobium triangulare,Shrub_Trees,94.93,8.7,91.3,18.98,47.52,60.4,2
F25-1729,CIAT-13528,4,3.0,Genetic_bank,Dendrolobium lanceolatum,Shrub_Trees,95.05,7.58,92.42,16.9,48.36,56.88,2
F25-1730,CIAT-13529,4,5.0,Genetic_bank,Dendrolobium triangulare,Shrub_Trees,94.36,6.69,93.31,18.17,45.33,59.94,2
F25-1731,CIAT-13710,4,7.0,Genetic_bank,Dendrolobium lanceolatum,Shrub_Trees,94.13,7.49,92.51,19.14,55.17,64.36,2
F25-1732,CIAT-22004,4,9.0,Genetic_bank,Dendrolobium triangulare,Shrub_Trees,94.3,6.81,93.19,17.58,49.2,63.61,2
F25-1733,CIAT-23104,4,11.0,Genetic_bank,Dendrolobium triangulare,Shrub_Trees,92.63,7.0,93.0,19.39,57.01,67.22,2
F25-1734,CIAT-23106,4,13.0,Genetic_bank,Dendrolobium triangulare,Shrub_Trees,94.65,6.85,93.15,21.89,55.75,67.76,2
F25-1735,CIAT-23107,4,15.0,Genetic_bank,Dendrolobium triangulare,Shrub_Trees,94.99,6.92,93.08,21.24,51.07,67.22,2
F25-1736,CIAT-23108,4,17.0,Genetic_bank,Dendrolobium triangulare,Shrub_Trees,94.54,6.93,93.07,21.59,58.17,69.37,2
F25-1737,CIAT-23412,4,19.0,Genetic_bank,Dendrolobium triangulare,Shrub_Trees,94.19,7.27,92.73,21.15,50.98,62.14,2
F25-1738,CIAT-23413,4,21.0,Genetic_bank,Dendrolobium triangulare,Shrub_Trees,93.53,7.5,92.5,21.32,54.59,66.23,2
F25-1739,CIAT-23419,4,23.0,Genetic_bank,Dendrolobium triangulare,Shrub_Trees,93.96,7.2,92.8,20.19,56.43,67.78,2
F25-1740,CIAT-23422,4,25.0,Genetic_bank,Dendrolobium triangulare,Shrub_Trees,91.86,7.06,92.94,21.67,54.63,66.57,2
F25-1741,CIAT-23734,4,27.0,Genetic_bank,Dendrolobium triangulare,Shrub_Trees,94.71,7.86,92.14,21.44,47.22,62.02,2
F25-1742,CIAT-23932,4,29.0,Genetic_bank,Dendrolobium triangulare,Shrub_Trees,95.12,7.29,92.71,18.84,49.89,63.09,2
F25-1743,CIAT-23933,4,31.0,Genetic_bank,Dendrolobium triangulare,Shrub_Trees,93.72,7.37,92.63,17.58,49.31,64.37,2
F25-1744,CIAT-23934,4,33.0,Genetic_bank,Dendrolobium triangulare,Shrub_Trees,94.17,8.2,91.8,22.61,43.74,58.5,2
F25-1745,CIAT-23936,4,35.0,Genetic_bank,Dendrolobium triangulare,Shrub_Trees,94.06,7.8,92.2,19.27,49.21,61.66,2
F25-1746,CIAT-33119,4,37.0,Genetic_bank,Dendrolobium triangulare,Shrub_Trees,95.29,7.4,92.6,17.3,40.98,59.48,2
F25-1747,CIAT-33383,4,39.0,Genetic_bank,Dendrolobium sp.,Shrub_Trees,94.67,9.8,90.2,14.66,47.34,59.76,2
F25-1748,CIAT-33402,4,41.0,Genetic_bank,Dendrolobium triangulare,Shrub_Trees,94.63,6.91,93.09,20.08,45.18,60.09,2
F25-1749,CIAT-33508,4,43.0,Genetic_bank,Dendrolobium umbellatum,Shrub_Trees,93.75,8.67,91.33,22.61,45.81,58.36,2
F25-1750,CIAT-33515,4,45.0,Genetic_bank,Dendrolobium triangulare,Shrub_Trees,93.41,11.11,88.89,20.96,51.47,63.32,2
F25-1751,CIAT-7353,4,47.0,Genetic_bank,Prosopis juliflora,Shrub_Trees,94.63,9.42,90.58,30.49,29.38,46.32,2
F25-1752,CIAT-7976,4,49.0,Genetic_bank,Cassia sp.,Shrub_Trees,93.42,12.05,87.95,25.59,39.54,50.12,2
F25-1753,CIAT-8018,4,51.0,Genetic_bank,Acacia aroma,Shrub_Trees,93.8,18.11,81.89,23.54,58.53,70.33,2
F25-1754,CIAT-9990,4,53.0,Genetic_bank,Prosopis juliflora,Shrub_Trees,92.97,12.38,87.62,31.75,28.64,48.76,2
F25-1755,CIAT-13258,4,55.0,Genetic_bank,Dendrolobium lanceolatum,Shrub_Trees,94.6,14.87,85.13,15.55,54.96,61.8,2
F25-1756,CIAT-13260,4,57.0,Genetic_bank,Dendrolobium lanceolatum,Shrub_Trees,94.08,12.08,87.92,15.81,57.39,65.19,2
F25-1757,CIAT-17263,4,59.0,Genetic_bank,Leucaena leucocephala,Shrub_Trees,94.47,13.81,86.19,13.71,36.27,57.76,2
F25-1758,CIAT-17459,4,67.0,Genetic_bank,Erythrina berteroana,Shrub_Trees,94.59,11.87,88.13,24.25,38.26,51.98,2
F25-1759,CIAT-17482,4,69.0,Genetic_bank,Leucaena leucocephala,Shrub_Trees,92.66,14.24,85.76,26.54,33.11,51.05,2
F25-1760,CIAT-17502,4,71.0,Genetic_bank,Leucaena leucocephala,Shrub_Trees,94.26,12.96,87.04,28.86,35.48,46.09,2
F25-1761,CIAT-19384,4,73.0,Genetic_bank,Prosopis juliflora,Shrub_Trees,93.39,10.33,89.67,36.95,31.54,52.46,2
F25-1762,CIAT-19571,4,75.0,Genetic_bank,Senna cobanensis,Shrub_Trees,93.21,6.08,93.92,23.2,42.27,55.7,2
F25-1763,CIAT-20126,4,77.0,Genetic_bank,Acacia angustissima,Shrub_Trees,93.97,5.78,94.22,29.9,47.8,58.29,2
F25-1764,CIAT-20788,4,79.0,Genetic_bank,Senna pallida,Shrub_Trees,93.92,9.75,90.25,24.3,30.69,53.36,2
F25-1765,CIAT-21242,4,81.0,Genetic_bank,Leucaena diversifolia,Shrub_Trees,93.21,6.88,93.12,23.28,45.76,63.44,2
F25-1766,CIAT-21512,4,83.0,Genetic_bank,Calliandra calothyrsus,Shrub_Trees,92.79,4.78,95.22,24.07,46.72,53.37,2
F25-1767,CIAT-21601,4,85.0,Genetic_bank,Erythrina fusca,Shrub_Trees,93.24,7.04,92.96,23.41,54.97,68.49,2
F25-1768,CIAT-21809,4,87.0,Genetic_bank,Acacia farnesiana,Shrub_Trees,94.62,7.46,92.54,31.0,48.09,62.84,2
F25-1769,CIAT-21810,4,89.0,Genetic_bank,Acacia angustissima,Shrub_Trees,94.79,5.39,94.61,31.66,38.92,52.37,2
F25-1770,CIAT-21888,4,91.0,Genetic_bank,Leucaena leucocephala,Shrub_Trees,93.71,9.14,90.86,29.9,30.16,56.67,2
F25-1771,CIAT-22310,4,93.0,Genetic_bank,Calliandra calothyrsus,Shrub_Trees,94.86,5.71,94.29,21.75,50.77,55.0,2
F25-1772,CIAT-22311,4,95.0,Genetic_bank,Calliandra calothyrsus,Shrub_Trees,93.88,6.95,93.05,21.51,49.18,54.93,2
F25-1773,CIAT-22316,4,97.0,Genetic_bank,Calliandra calothyrsus,Shrub_Trees,95.52,8.65,91.35,20.82,44.54,54.36,2
F25-1774,CIAT-23239,4,99.0,Genetic_bank,Dendrolobium triangulare,Shrub_Trees,95.86,7.55,92.45,20.36,52.76,65.19,2
F25-1775,CIAT-33116,4,101.0,Genetic_bank,Dendrolobium triangulare,Shrub_Trees,95.63,7.88,92.12,18.3,57.42,65.17,2
F25-2076,ILRI-15551,2,187.0,LMF,Leucaena diversifolia,Shrub_Trees,96.34,7.99,92.0,26.32,33.12,60.56,2
F25-2077,CIAT-PM-21-3535,2,333.0,Breeding,Megathyrsus maximus,Grass,95.24,13.79,86.21,11.95,34.88,68.35,2
F25-2078,CIAT-PM-21-6106,2,335.0,Breeding,Megathyrsus maximus,Grass,93.92,12.99,87.01,15.69,30.99,66.48,2
F25-2079,CIAT-PM-21-2580,2,337.0,Breeding,Megathyrsus maximus,Grass,93.76,12.79,87.21,16.17,31.2,65.05,2
F25-2080,CIAT-CIAT-16031,2,339.0,Breeding,Megathyrsus maximus,Grass,93.77,13.21,86.79,13.82,32.37,65.74,2
F25-2081,CIAT-CIAT-26936,2,341.0,Breeding,Megathyrsus maximus,Grass,95.09,10.32,89.68,13.55,36.62,66.89,2
F25-2082,CIAT-PM-21-0074,2,343.0,Breeding,Megathyrsus maximus,Grass,94.59,13.6,86.4,13.1,30.94,64.42,2
F25-2083,CIAT-PM-21-0072,2,345.0,Breeding,Megathyrsus maximus,Grass,93.4,14.4,85.6,14.7,29.08,66.23,2
F25-2084,CIAT-PM-21-6598,2,347.0,Breeding,Megathyrsus maximus,Grass,94.64,14.45,85.55,12.94,28.83,65.49,2
F25-2085,CIAT-PM-21-6647,2,349.0,Breeding,Megathyrsus maximus,Grass,93.16,13.01,86.99,12.43,29.49,66.17,2
F25-2086,CIAT-PM-21-0819,2,351.0,Breeding,Megathyrsus maximus,Grass,92.5,14.13,85.87,15.22,28.57,64.82,2
F25-2087,CIAT-CIAT-16021,2,353.0,Breeding,Megathyrsus maximus,Grass,94.48,11.82,88.18,12.61,32.73,70.7,2
F25-2088,CIAT-PM-21-6640,2,355.0,Breeding,Megathyrsus maximus,Grass,93.05,15.15,84.85,15.78,26.65,65.68,2
F25-2089,CIAT-PM-21-0065,2,357.0,Breeding,Megathyrsus maximus,Grass,94.04,13.69,86.31,14.18,30.72,64.87,2
F25-2090,CIAT-PM-21-6629,2,359.0,Breeding,Megathyrsus maximus,Grass,93.86,11.33,88.67,11.28,37.88,73.0,2
F25-2091,CIAT-PM-21-6641,2,361.0,Breeding,Megathyrsus maximus,Grass,94.15,15.35,84.65,15.59,28.73,63.07,2
F25-2092,CIAT-CIAT-16025,2,363.0,Breeding,Megathyrsus maximus,Grass,92.4,14.73,85.27,14.43,32.3,68.73,2
F25-2093,CIAT-PM-21-0070,2,365.0,Breeding,Megathyrsus maximus,Grass,94.4,13.52,86.48,14.89,29.67,66.68,2
F25-2094,CIAT-PM-21-4926,2,367.0,Breeding,Megathyrsus maximus,Grass,93.67,11.76,88.24,14.67,30.03,71.37,2
F25-2095,CIAT-PM-21-3662,2,369.0,Breeding,Megathyrsus maximus,Grass,93.28,14.51,85.49,11.58,32.05,68.09,2
F25-2096,CIAT-PM-21-4448,2,371.0,Breeding,Megathyrsus maximus,Grass,95.49,11.27,88.73,12.03,31.22,72.07,4
F25-2097,CIAT-PM-21-0079,2,373.0,Breeding,Megathyrsus maximus,Grass,93.91,12.49,87.51,13.48,31.24,68.55,2
F25-2098,CIAT-CIAT-6986,2,375.0,Breeding,Megathyrsus maximus,Grass,92.58,11.85,88.15,12.26,33.48,71.82,2
F25-2099,CIAT-PM-21-4852,2,377.0,Breeding,Megathyrsus maximus,Grass,92.72,11.02,88.98,10.66,34.89,72.86,2
F25-2100,CIAT-PM-21-0078,2,379.0,Breeding,Megathyrsus maximus,Grass,92.6,13.65,86.35,13.84,31.98,66.45,2
F25-2101,CIAT-CIAT-16071,2,381.0,Breeding,Megathyrsus maximus,Grass,93.03,13.63,86.37,16.96,28.87,66.51,4
F25-2102,CIAT-PM-21-0876,2,383.0,Breeding,Megathyrsus maximus,Grass,92.49,13.21,86.79,13.1,31.07,66.68,2
F25-2103,CIAT-PM-21-3641,2,385.0,Breeding,Megathyrsus maximus,Grass,93.72,12.53,87.47,12.37,32.19,69.06,2
F25-2104,CIAT-BR-06-1348,2,387.0,Breeding,Urochloa interespecific,Grass,93.09,14.48,85.52,12.23,25.64,59.76,4
F25-2105,CIAT-BR-09-4467,2,389.0,Breeding,Urochloa interespecific,Grass,92.31,14.63,85.37,13.66,24.32,58.96,4
F25-2106,CIAT-BR-09-4777,2,391.0,Breeding,Urochloa interespecific,Grass,93.68,13.68,86.32,12.76,24.43,58.97,2
F25-2107,CIAT-BR-12-0255,2,399.0,Breeding,Urochloa interespecific,Grass,91.85,14.23,85.77,14.96,24.63,57.34,2
F25-2108,CIAT-BR-12-0461,2,401.0,Breeding,Urochloa interespecific,Grass,92.82,14.72,85.28,13.24,25.6,60.79,2
F25-2109,CIAT-BR-12-1620,2,403.0,Breeding,Urochloa interespecific,Grass,93.55,13.79,86.21,13.22,25.38,60.36,2
F25-2110,CIAT-BR-12-1889,2,405.0,Breeding,Urochloa interespecific,Grass,91.35,15.09,84.91,14.82,23.39,57.75,2
F25-2111,CIAT-BR-12-4039,2,407.0,Breeding,Urochloa interespecific,Grass,92.11,13.6,86.4,15.17,27.47,61.84,2
F25-2112,CIAT-BR-12-4856,2,409.0,Breeding,Urochloa interespecific,Grass,92.58,12.91,87.09,13.01,27.75,63.63,2
F25-2113,CIAT-BR-12-5049,2,411.0,Breeding,Urochloa interespecific,Grass,92.25,14.47,85.53,14.56,26.52,60.6,2
F25-2114,CIAT-BR-15-1851,2,413.0,Breeding,Urochloa interespecific,Grass,92.17,14.82,85.18,11.25,26.14,59.44,2
F25-2115,CIAT-BR-15-3025,2,415.0,Breeding,Urochloa interespecific,Grass,92.02,14.14,85.86,12.32,26.72,59.94,2
F25-2116,CIAT-BR-15-3248,2,417.0,Breeding,Urochloa interespecific,Grass,92.16,15.9,84.1,13.91,24.29,58.79,2
F25-2117,CIAT-BR-15-7659,2,419.0,Breeding,Urochloa interespecific,Grass,93.33,13.73,86.27,12.33,26.95,60.12,2
F25-2118,CIAT-BR-15-8919,2,421.0,Breeding,Urochloa interespecific,Grass,93.52,13.49,86.51,11.76,26.98,63.21,2
F25-2119,CIAT-BR-19-5515,2,423.0,Breeding,Urochloa interespecific,Grass,92.43,14.53,85.47,11.19,26.96,60.89,2
F25-2120,CIAT-BR-19-5877,2,425.0,Breeding,Urochloa interespecific,Grass,93.49,13.01,86.99,12.43,26.07,60.59,2
F25-2121,CIAT-BR-19-6136,2,427.0,Breeding,Urochloa interespecific,Grass,92.92,14.79,85.21,13.33,25.87,59.53,2
F25-2122,ILRI-15551,2,189.0,LMF-invivo,Leucaena diversifolia,Shrub_Trees,91.13,7.54,92.46,30.14,23.98,51.86,2
F25-2131,Muestra-#-02,2,325.0,LMF-invivo,Cynodon nlemfuensis,Grass,92.18,9.3,90.7,5.74,40.04,77.78,4
F25-2134,Hohenheimer-Heustandard-IAG-2025/1-S-1,3,267.0,LMF,Hohenheimer Heustandard,,91.33,10.06,89.94,0.0,0.0,0.0,2
F25-2136,CIAT-6962-Mombaza-Ex,3,135.0,Benchmark,Megathyrsus maximus,Grass,96.94,12.03,87.97,0.0,37.83,68.79,2
F25-2137,CIAT-606-Basilisk-Opt,3,137.0,Benchmark,Urochloa interespecific,Grass,96.79,10.59,89.41,5.25,31.27,62.47,2
F25-2138,CIAT-6294-Marandu-Opt,3,139.0,Benchmark,Urochloa interespecific,Grass,96.12,11.3,88.7,8.5,32.37,64.62,2
F25-2139,CIAT-36087-MulatoII-Opt,3,141.0,Benchmark,Urochloa interespecific,Grass,96.95,11.55,88.45,7.59,29.44,59.23,2
F25-2140,CIAT-6133-Llanero-Opt,3,143.0,Benchmark,Urochloa humidicola,Grass,97.39,13.06,86.94,10.33,30.98,64.12,2
F25-2141,CIAT-6962-Mombaza-Opt,3,145.0,Benchmark,Megathyrsus maximus ,Grass,97.52,12.24,87.76,9.46,32.96,65.42,2
F25-2144,CIAT-BH-16-1763,2,465.0,Breeding,Urochloa humidicola,Grass,97.83,11.86,88.14,7.2,30.68,67.87,2
F25-2145,CIAT-BH-16-B-2165,2,467.0,Breeding,Urochloa humidicola,Grass,97.83,10.78,89.22,6.57,31.35,71.26,2
F25-2146,CIAT-BH-16-B-2167,2,469.0,Breeding,Urochloa humidicola,Grass,98.1,11.51,88.49,6.34,34.92,72.45,2
F25-2147,CIAT-CIAT-16886,2,471.0,Breeding,Urochloa humidicola,Grass,98.05,11.56,88.44,7.95,34.95,70.81,2
F25-2148,CIAT-CIAT-16891,2,473.0,Breeding,Urochloa humidicola,Grass,98.4,12.85,87.15,6.7,31.56,67.91,2
F25-2149,CIAT-CIAT-26146,2,475.0,Breeding,Urochloa humidicola,Grass,98.78,12.18,87.82,6.52,34.83,72.54,2
F25-2150,CIAT-CIAT-26149,2,477.0,Breeding,Urochloa humidicola,Grass,98.44,14.71,85.29,6.87,29.44,67.52,2
F25-2151,CIAT-CIAT-26160,2,479.0,Breeding,Urochloa humidicola,Grass,98.1,14.13,85.87,6.85,32.95,68.42,2
F25-2152,CIAT-CIAT-26415,2,481.0,Breeding,Urochloa humidicola,Grass,97.76,13.34,86.66,6.65,31.58,69.04,2
F25-2153,CIAT-BH-22-4092,2,483.0,Breeding,Urochloa humidicola,Grass,98.22,14.52,85.48,7.39,30.64,67.4,2
F25-2154,CIAT-CIAT-26438,2,485.0,Breeding,Urochloa humidicola,Grass,98.01,12.58,87.42,7.38,34.69,72.55,2
F25-2155,CIAT-CIAT-26570,2,487.0,Breeding,Urochloa humidicola,Grass,97.83,13.76,86.24,7.8,29.98,66.42,2
F25-2156,CIAT-BH-22-3115,2,489.0,Breeding,Urochloa humidicola,Grass,97.62,11.25,88.75,5.65,33.37,70.99,2
F25-2157,CIAT-BH-22-1375,2,491.0,Breeding,Urochloa humidicola,Grass,97.27,13.89,86.11,7.61,32.47,67.66,2
F25-2158,CIAT-CIAT-6133,2,493.0,Breeding,Urochloa humidicola,Grass,98.39,11.51,88.49,6.57,33.67,72.89,2
F25-2159,CIAT-CIAT-679,2,495.0,Breeding,Urochloa humidicola,Grass,97.32,12.01,87.99,6.19,31.72,70.77,2
F25-2160,CIAT-BH-22-4865,2,497.0,Breeding,Urochloa humidicola,Grass,97.48,15.16,84.84,8.77,32.48,67.33,2
F25-2161,CIAT-BH-22-1706,2,499.0,Breeding,Urochloa humidicola,Grass,97.71,11.63,88.37,5.66,34.58,72.37,2
F25-2162,CIAT-BH-22-4169,2,501.0,Breeding,Urochloa humidicola,Grass,97.63,12.27,87.73,7.41,35.74,72.26,2
F25-2163,CIAT-BH-22-1258,2,503.0,Breeding,Urochloa humidicola,Grass,97.73,12.53,87.47,7.02,34.18,71.11,2
F25-2164,CIAT-BH-22-1370,2,505.0,Breeding,Urochloa humidicola,Grass,97.72,15.36,84.64,8.67,29.64,66.17,2
F25-2165,CIAT-BH-22-2225,2,507.0,Breeding,Urochloa humidicola,Grass,98.06,10.2,89.8,6.62,36.25,73.12,2
F25-2166,CIAT-BH-22-0528,2,509.0,Breeding,Urochloa humidicola,Grass,98.21,13.78,86.22,8.77,36.8,73.56,4
F25-2167,CIAT-BH-22-3507,2,511.0,Breeding,Urochloa humidicola,Grass,97.94,12.18,87.82,6.61,35.29,71.87,2
F25-2168,CIAT-BH-22-4253,2,513.0,Breeding,Urochloa humidicola,Grass,97.97,13.12,86.88,8.47,32.1,68.01,2
F25-2169,CIAT-BH-22-2189,2,515.0,Breeding,Urochloa humidicola,Grass,96.9,15.59,84.41,8.01,33.24,68.2,2
F25-2170,CIAT-BH-22-0765,2,517.0,Breeding,Urochloa humidicola,Grass,97.49,10.75,89.25,9.79,36.16,72.26,4
F25-2171,CIAT-BH-22-2531,2,519.0,Breeding,Urochloa humidicola,Grass,96.45,12.34,87.66,6.22,33.04,71.22,4
F25-2172,CIAT-BH-22-0132,2,521.0,Breeding,Urochloa humidicola,Grass,96.53,10.96,89.04,6.6,35.42,71.89,2
F25-2173,CIAT-BH-22-3521,2,523.0,Breeding,Urochloa humidicola,Grass,97.41,11.34,88.66,8.41,27.69,67.79,2
F25-2174,CIAT-BH-22-2074,2,531.0,Breeding,Urochloa humidicola,Grass,96.84,13.34,86.66,7.65,31.56,67.8,2
F25-2175,CIAT-BH-22-0456,2,533.0,Breeding,Urochloa humidicola,Grass,96.71,10.99,89.01,6.02,29.8,67.9,2
F25-2176,CIAT-BH-22-1832,2,535.0,Breeding,Urochloa humidicola,Grass,97.35,10.82,89.18,6.64,32.6,72.56,2
F25-2177,CIAT-BH-22-1872,2,537.0,Breeding,Urochloa humidicola,Grass,97.63,11.57,88.43,6.9,33.73,71.31,2
F25-2178,CIAT-BH-22-0071,2,539.0,Breeding,Urochloa humidicola,Grass,97.09,13.53,86.47,7.41,36.88,70.97,2
F25-2179,CIAT-BH-22-4454,2,541.0,Breeding,Urochloa humidicola,Grass,97.61,11.16,88.84,6.53,31.12,68.58,2
F25-2180,CIAT-BH-22-1267,2,543.0,Breeding,Urochloa humidicola,Grass,97.72,10.32,89.68,5.99,32.77,70.79,2
F25-2181,CIAT-BH-22-1303,2,545.0,Breeding,Urochloa humidicola,Grass,96.86,11.54,88.46,7.59,35.25,72.12,2
F25-2182,CIAT-BH-22-2508,2,547.0,Breeding,Urochloa humidicola,Grass,97.89,13.19,86.81,8.68,33.88,70.43,2
F25-2183,CIAT-BH-22-2046,2,549.0,Breeding,Urochloa humidicola,Grass,97.08,10.35,89.65,6.71,32.18,70.29,2
F25-2184,CIAT-BH-22-0303,4,103.0,Genetic_bank,Urochloa humidicola,Grass,94.84,9.51,90.49,8.02,33.13,68.08,2
F25-2185,CIAT-BH-22-1594,4,105.0,Genetic_bank,Urochloa humidicola,Grass,95.08,11.59,88.41,7.96,34.08,68.32,2
F25-2186,CIAT-BH-22-0468,4,107.0,Genetic_bank,Urochloa humidicola,Grass,96.02,10.67,89.33,9.59,33.18,67.84,2
F25-2187,CIAT-BH-22-3830,4,109.0,Genetic_bank,Urochloa humidicola,Grass,95.96,10.19,89.81,8.04,32.62,67.43,2
F25-2188,CIAT-BH-22-1710,4,111.0,Genetic_bank,Urochloa humidicola,Grass,97.27,9.94,90.06,7.56,35.3,69.39,2
F25-2189,CIAT-BH-22-2365,4,113.0,Genetic_bank,Urochloa humidicola,Grass,97.1,12.34,87.66,9.98,31.98,64.14,2
F25-2190,CIAT-BH-22-3572,4,115.0,Genetic_bank,Urochloa humidicola,Grass,96.5,10.04,89.96,7.98,32.77,68.19,2
F25-2191,CIAT-BH-22-0517,4,117.0,Genetic_bank,Urochloa humidicola,Grass,96.87,10.26,89.74,8.21,34.31,69.46,2
F25-2192,CIAT-BH-22-0519,4,119.0,Genetic_bank,Urochloa humidicola,Grass,97.66,11.14,88.86,9.36,31.68,64.58,2
F25-2193,CIAT-BH-22-0521,4,121.0,Genetic_bank,Urochloa humidicola,Grass,96.53,10.99,89.01,9.03,31.72,66.88,2
F25-2566,Paja-Sabana-Madura,3,147.0,Benchmark,,Grass,92.41,7.33,92.67,7.21,46.15,77.96,2
F25-2567,Humidicola-679,3,149.0,Benchmark,Urochloa humidicola,Grass,92.25,6.07,93.93,6.02,43.86,81.88,2
F25-2568,Sabana-Quemada,3,151.0,Benchmark,,Grass,93.62,11.39,88.61,2.29,49.66,77.83,2
F25-2574,CIAT-326,4,123.0,Genetic_bank,Desmodium scorpiurus,Herbaceous_legumes,91.68,13.17,86.83,28.62,38.94,55.66,2
F25-2575,CIAT-415,4,127.0,Genetic_bank,Vigna radiata,Herbaceous_legumes,91.94,20.27,79.73,26.96,25.27,42.2,2
F25-2576,CIAT-416,4,129.0,Genetic_bank,Vigna radiata,Herbaceous_legumes,91.43,10.76,89.24,26.84,23.98,45.46,2
F25-2577,CIAT-517,4,131.0,Genetic_bank,Macroptilium atropurpureum,Herbaceous_legumes,91.08,13.69,86.31,23.68,26.53,45.61,2
F25-2578,CIAT-563,4,133.0,Genetic_bank,Macroptilium bracteatum,Herbaceous_legumes,93.0,12.89,87.11,21.86,30.29,51.44,2
F25-2579,CIAT-789,4,135.0,Genetic_bank,Zornia latifolia,Herbaceous_legumes,88.85,8.44,91.56,14.79,24.85,51.08,2
F25-2580,CIAT-2085,4,137.0,Genetic_bank,Stylosanthes seabrana,Herbaceous_legumes,91.97,9.33,90.67,18.71,37.92,57.18,2
F25-2581,CIAT-2690,4,139.0,Genetic_bank,Stylosanthes angustifolia,Herbaceous_legumes,91.01,9.45,90.55,17.54,38.39,60.09,2
F25-2582,CIAT-4069,4,141.0,Genetic_bank,Macroptilium atropurpureum,Herbaceous_legumes,92.3,14.76,85.24,20.83,33.57,51.71,2
F25-2583,CIAT-4141,4,143.0,Genetic_bank,Vigna radiata,Herbaceous_legumes,90.94,11.82,88.18,19.48,27.99,49.14,2
F25-2584,CIAT-4532,4,145.0,Genetic_bank,Vigna unguiculata,Herbaceous_legumes,92.06,11.97,88.03,18.94,24.33,48.32,2
F25-2585,CIAT-4537,4,147.0,Genetic_bank,Vigna unguiculata,Herbaceous_legumes,92.22,12.06,87.94,25.08,28.02,49.63,2
F25-2586,CIAT-7289,4,149.0,Genetic_bank,Chamaecrista mimosoides,Herbaceous_legumes,91.41,5.75,94.25,18.56,36.54,57.45,2
F25-2587,CIAT-7826,4,151.0,Genetic_bank,Tephrosia purpurea,Herbaceous_legumes,90.76,8.32,91.68,21.7,29.57,53.57,2
F25-2588,CIAT-8014,4,153.0,Genetic_bank,Crotalaria retusa,Herbaceous_legumes,91.31,8.93,91.07,21.18,30.02,54.88,2
F25-2589,CIAT-8849,4,155.0,Genetic_bank,Zornia brasiliensis,Herbaceous_legumes,90.26,9.62,90.38,17.57,26.44,51.96,2
F25-2590,CIAT-9326,4,157.0,Genetic_bank,Crotalaria retusa,Herbaceous_legumes,92.01,7.75,92.25,18.84,32.62,49.99,2
F25-2591,CIAT-9337,4,159.0,Genetic_bank,Crotalaria retusa,Herbaceous_legumes,92.17,8.75,91.25,22.46,26.1,47.12,2
F25-2592,CIAT-9350,4,161.0,Genetic_bank,Crotalaria pumila,Herbaceous_legumes,91.19,7.58,92.42,21.99,29.77,49.72,2
F25-2593,CIAT-9352,4,163.0,Genetic_bank,Crotalaria pumila,Herbaceous_legumes,93.41,9.4,90.6,22.82,31.07,56.45,2
F25-2594,CIAT-9472,4,165.0,Genetic_bank,Zornia brasiliensis,Herbaceous_legumes,92.1,10.15,89.85,18.21,25.07,49.47,2
F25-2595,CIAT-9531,4,167.0,Genetic_bank,Indigofera spicata,Herbaceous_legumes,91.6,16.19,83.81,20.55,25.44,42.67,2
F25-2596,CIAT-10026,4,169.0,Genetic_bank,Stylosanthes seabrana,Herbaceous_legumes,92.75,9.97,90.03,16.29,34.49,57.25,2
F25-2597,CIAT-12411,4,171.0,Genetic_bank,Stylosanthes sympodialis,Herbaceous_legumes,91.72,11.78,88.22,17.94,34.3,61.11,2
F25-2598,CIAT-13494,4,173.0,Genetic_bank,Desmodium tortuosum,Shrub_Trees,91.67,10.88,89.12,21.08,23.41,50.72,2
F25-2599,CIAT-13562,4,175.0,Genetic_bank,Desmodium tortuosum,Shrub_Trees,91.81,14.8,85.2,18.56,27.49,50.32,2
F25-2600,CIAT-13593,4,177.0,Genetic_bank,Desmodium scorpiurus,Herbaceous_legumes,90.71,10.48,89.52,16.65,42.65,58.29,2
F25-2601,CIAT-13608,4,179.0,Genetic_bank,Desmodium incanum,Herbaceous_legumes,92.61,9.98,90.02,17.58,44.72,59.52,2
F25-2602,CIAT-18277,4,181.0,Genetic_bank,Indigofera jamaicensis,Herbaceous_legumes,89.83,10.33,89.67,21.94,32.43,49.96,2
F25-2603,CIAT-18952,4,183.0,Genetic_bank,Indigofera atriceps,Herbaceous_legumes,90.34,18.09,81.91,16.66,40.99,48.15,2
F25-2604,CIAT-18953,4,187.0,Genetic_bank,Indigofera atriceps,Herbaceous_legumes,89.54,11.97,88.03,13.47,44.71,52.72,2
F25-2605,CIAT-18954,4,189.0,Genetic_bank,Indigofera atriceps,Herbaceous_legumes,92.94,20.28,79.72,17.61,44.83,51.54,2
F25-2606,CIAT-19198,4,191.0,Genetic_bank,Tephrosia villosa,Herbaceous_legumes,90.54,11.32,88.68,27.0,33.59,51.73,2
F25-2607,CIAT-19460,4,193.0,Genetic_bank,Sesbania cannabina,Shrub_Trees,91.03,10.43,89.57,21.7,33.7,53.52,2
F25-2608,CIAT-20044,4,195.0,Genetic_bank,Tephrosia purpurea,Herbaceous_legumes,92.18,11.53,88.47,27.96,24.72,47.1,2
F25-2609,CIAT-22423,4,197.0,Genetic_bank,Vigna unguiculata,Herbaceous_legumes,90.61,12.05,87.95,27.74,27.28,48.09,2
F25-2610,CIAT-22480,4,199.0,Genetic_bank,Sesbania cannabina,Shrub_Trees,92.48,11.68,88.32,26.98,27.5,45.51,2
F25-2611,CIAT-23116,4,201.0,Genetic_bank,Desmodium tortuosum,Shrub_Trees,92.57,10.87,89.13,18.23,36.92,59.77,2
F25-2612,CIAT-23416,4,203.0,Genetic_bank,Codariocalyx motorius,Shrub_Trees,92.81,12.27,87.73,18.14,41.12,56.8,2
F25-2613,CIAT-23806,4,205.0,Genetic_bank,Desmodium angustifolium,Herbaceous_legumes,92.77,9.93,90.07,13.5,36.09,58.82,2
F25-2614,CIAT-24104,4,207.0,Genetic_bank,Macroptilium atropurpureum,Herbaceous_legumes,92.3,13.07,86.93,26.64,25.99,45.24,2
F25-2615,CIAT-24565,4,209.0,Genetic_bank,Vigna unguiculata,Herbaceous_legumes,90.07,11.42,88.58,23.16,31.0,49.61,2
F25-2616,CIAT-33561,4,211.0,Genetic_bank,Desmodium wigginsii,Herbaceous_legumes,91.88,9.91,90.09,16.29,36.11,54.68,2
F25-2617,CIAT-34038,4,213.0,Genetic_bank,Vigna unguiculata,Herbaceous_legumes,91.79,12.24,87.76,20.57,24.32,46.96,2
F25-2618,CIAT-34040,4,215.0,Genetic_bank,Vigna aconitifolia,Herbaceous_legumes,90.66,12.81,87.19,25.56,22.65,41.97,2
F25-2619,CIAT-34042,4,217.0,Genetic_bank,Vigna aconitifolia,Herbaceous_legumes,91.07,12.37,87.63,24.71,23.37,48.96,2
F25-2620,CIAT-34044,4,219.0,Genetic_bank,Vigna aconitifolia,Herbaceous_legumes,91.57,10.44,89.56,22.36,20.67,54.27,2
F25-2621,CIAT-34148,4,221.0,Genetic_bank,Vigna radiata,Herbaceous_legumes,89.54,10.26,89.74,23.29,27.82,44.75,2
F25-2622,CIAT-34159,4,223.0,Genetic_bank,Vigna unguiculata,Herbaceous_legumes,90.48,11.99,88.01,22.86,22.34,48.64,2
F25-2623,CIAT-34347,4,225.0,Genetic_bank,Vigna unguiculata,Herbaceous_legumes,89.49,12.0,88.0,32.46,25.27,42.68,2
F25-2624,CIAT-6294-Marandu-Exc,3,203.0,Benchmark,Urochloa interespecifico,Grass,96.18,10.3,89.7,12.8,30.47,63.4,2
F25-2625,CIAT-36087-MulatoII-Exc,3,205.0,Benchmark,Urochloa interespecifico,Grass,97.01,10.33,89.67,12.48,29.37,62.99,2
F25-2626,CIAT-606-Basilisk-Exc,3,207.0,Benchmark,Urochloa interespecifico,Grass,96.88,9.46,90.54,11.82,30.3,65.32,2
F25-2627,BR-02-1752-Cayman-Exc,3,209.0,Benchmark,Urochloa interespecifico,Grass,96.64,17.21,82.79,10.93,29.65,59.76,2
F25-2628,BR-06-423-Cayman-Exc,3,211.0,Benchmark,Urochloa interespecifico,Grass,96.67,10.43,89.57,13.87,29.45,61.6,2
F25-2629,CIAT-20692,3,213.0,Breeding,Clitoria ternatea ,Herbaceous_legumes,95.52,8.7,91.3,27.05,30.2,52.99,2
F25-2630,CIAT-20692,3,215.0,Breeding,Clitoria ternatea ,Herbaceous_legumes,93.89,7.34,92.66,23.76,29.03,49.64,2
F25-2631,CIAT-17768,3,217.0,Breeding,Clitoria ternatea ,Herbaceous_legumes,92.81,7.68,92.32,24.62,32.85,55.01,2
F25-2632,CIAT-17768,3,219.0,Breeding,Clitoria ternatea ,Herbaceous_legumes,93.47,7.77,92.23,26.04,28.53,47.71,2
F25-2633,CIAT-712,3,221.0,Breeding,Clitoria ternatea ,Herbaceous_legumes,95.11,8.42,91.58,26.15,32.33,52.46,2
F25-2634,CIAT-712,3,223.0,Breeding,Clitoria ternatea ,Herbaceous_legumes,91.26,7.15,92.85,20.06,33.7,50.39,2
F25-2635,CIAT-9432,3,225.0,Breeding,Clitoria ternatea ,Herbaceous_legumes,96.33,8.44,91.56,24.28,35.28,58.05,2
F25-2636,CIAT-9432,3,227.0,Breeding,Clitoria ternatea ,Herbaceous_legumes,94.47,7.01,92.99,19.5,34.98,50.18,2
F25-2637,CIAT-17462,3,229.0,Breeding,Leucaena leucocephala ,Shrub_Trees,92.63,6.88,93.12,29.87,39.13,57.51,2
F25-2638,,3,231.0,Breeding,Tithonia diversifolia,Shrub_Trees,92.21,17.71,82.29,16.53,28.36,42.24,2
F25-2639,,3,233.0,Breeding,Gliricidia sepium ,Shrub_Trees,88.95,10.81,89.19,22.53,19.57,40.76,2
F25-2640,Cayman-Br-02-1752,4,61.0,Isabel Molina,Urochloa interespecifico,Grass,97.0,9.65,90.35,8.05,26.24,62.13,2
F25-2641,,4,63.0,Mauricio Sotelo,Gliricidia sepium ,Shrub_Trees,93.5,9.41,90.59,22.38,21.94,47.2,2
F26-0013,CIAT-590,4,,Genetic_bank,Macroptilium bracteatum,Herbaceous_legumes,92.6,10.54,89.46,18.47,36.08,55.46,2
F26-0014,CIAT-778,4,,Genetic_bank,Macroptilium atropurpureum,Herbaceous_legumes,92.58,12.36,87.64,22.84,35.74,52.82,2
F26-0015,CIAT-827,4,,Genetic_bank,Indigofera jamaicensis,Herbaceous_legumes,94.76,11.79,88.21,21.62,27.76,47.6,2
F26-0016,CIAT-997,4,,Genetic_bank,Macroptilium atropurpureum,Herbaceous_legumes,93.56,12.3,87.7,21.44,32.78,50.82,2
F26-0017,CIAT-1405,4,,Genetic_bank,Stylosanthes capitata,Herbaceous_legumes,94.63,14.28,85.72,16.07,43.38,60.85,2
F26-0018,CIAT-1812,4,,Genetic_bank,Stylosanthes viscosa,Herbaceous_legumes,95.46,10.54,89.46,11.39,44.1,56.28,2
F26-0019,CIAT-3694,4,,Genetic_bank,Desmodium sandwicense,Herbaceous_legumes,94.45,12.93,87.07,17.42,46.56,61.01,2
F26-0020,CIAT-4080,4,,Genetic_bank,Macroptilium bracteatum,Herbaceous_legumes,94.69,16.19,83.81,21.55,30.67,51.26,2
F26-0021,CIAT-7162,4,,Genetic_bank,Indigofera jamaicensis,Herbaceous_legumes,94.02,15.84,84.16,23.42,32.33,45.22,2
F26-0022,CIAT-8820,4,,Genetic_bank,Tephrosia cinerea,Herbaceous_legumes,95.08,9.53,90.47,24.27,33.64,51.89,2
F26-0023,CIAT-14080,4,,Genetic_bank,Zornia brasiliensis,Herbaceous_legumes,94.73,18.46,81.54,17.23,27.72,46.65,2
F26-0024,CIAT-18950,4,,Genetic_bank,Indigofera spicata,Herbaceous_legumes,93.52,15.89,84.11,21.86,32.78,41.87,2
F26-0025,CIAT-19193,4,,Genetic_bank,Tephrosia villosa,Herbaceous_legumes,94.33,7.16,92.84,21.66,35.28,58.06,2
F26-0026,CIAT-19641,4,,Genetic_bank,Tephrosia purpurea,Herbaceous_legumes,96.05,8.34,91.66,20.32,40.91,61.49,2
F26-0027,CIAT-23503,4,,Genetic_bank,Desmodium macrodesmum,Herbaceous_legumes,93.33,13.22,86.78,20.34,40.31,55.64,2
F26-0028,CIAT-24333,4,,Genetic_bank,Macroptilium bracteatum,Herbaceous_legumes,94.41,9.69,90.31,15.85,35.23,55.05,2
F26-0029,CIAT-33235,4,,Genetic_bank,Desmodium scorpiurus,Herbaceous_legumes,93.33,15.45,84.55,20.05,43.51,56.61,2
F26-0030,CIAT-33605,4,,Genetic_bank,Desmodium sandwicense x intortum,Herbaceous_legumes,95.55,10.57,89.43,19.32,46.46,59.61,2
F26-0031,CIAT-34144,4,,Genetic_bank,Vigna radiata,Herbaceous_legumes,90.9,11.68,88.32,24.93,21.59,48.93,2
F26-0032,CIAT-7934,4,,Genetic_bank,Sesbania sesban,Shrub_Trees,96.47,12.96,87.04,26.82,19.26,48.67,2
F26-0033,CIAT-7937,4,,Genetic_bank,Mimosa nuda,Shrub_Trees,96.2,8.19,91.81,14.65,42.43,62.26,2
F26-0034,CIAT-8056,4,,Genetic_bank,Mimosa diplotricha,Shrub_Trees,95.29,9.92,90.08,18.62,39.26,54.43,2
F26-0035,CIAT-17514,4,,Genetic_bank,Mimosa pudica,Shrub_Trees,96.44,10.03,89.97,19.83,41.15,59.39,2
F26-0036,CIAT-17725,4,,Genetic_bank,Mimosa polycarpa,Shrub_Trees,95.67,8.0,92.0,21.38,35.15,61.08,2
F26-0037,CIAT-18947,4,,Genetic_bank,Sesbania sesban,Shrub_Trees,95.48,9.73,90.27,28.79,20.47,46.0,2
F26-0038,CIAT-19165,4,,Genetic_bank,Sesbania keniensis,Shrub_Trees,96.44,10.4,89.6,25.52,30.4,50.4,2
F26-0039,CIAT-21899,4,,Genetic_bank,Sesbania sesban,Shrub_Trees,95.84,7.99,92.01,18.32,41.37,63.03,2
F26-0040,CIAT-23414,4,,Genetic_bank,Codariocalyx motorius,Shrub_Trees,96.31,9.34,90.66,16.19,43.82,62.85,2
F26-0041,CIAT-23767,4,,Genetic_bank,Desmodium nicaraguense,Shrub_Trees,95.0,10.1,89.9,19.05,26.9,54.72,2
F26-0042,CIAT-33127,4,,Genetic_bank,Codariocalyx motorius,Shrub_Trees,95.6,9.53,90.47,13.66,45.27,64.59,2
